gen,n_total,n_feasible,feasible_ratio,basis,J1_min,J1_mean,J1_max,J1_span,J2_min,J2_mean,J2_max,J2_span,J3_min,J3_mean,J3_max,J3_span,J4_min,J4_mean,J4_max,J4_span,hypervolume,J1_improve_from_prev,J2_improve_from_prev,J3_improve_from_prev,J4_improve_from_prev,hypervolume_improve_from_prev
1,100,16,0.16,feasible,0.7087563433799036,0.7484440871040674,0.7872173747231089,0.07846103134320537,0.5292759664,0.6296748083999999,0.7826364183999999,0.2533604519999999,0.0005165182857142858,0.04703780220468751,0.10458129048214286,0.10406477219642858,0.2759826243216989,0.6679975587042911,0.9987870406012961,0.7228044162795972,0.16305699322874112,,,,,
2,100,37,0.37,feasible,0.7084607934348456,0.7466067060595732,0.7872173747231089,0.07875658128826335,0.5286398416,0.6256012742270269,0.7826364183999999,0.2539965767999999,0.0,0.04820832553893178,0.16592846886190477,0.16592846886190477,0.2759826243216989,0.6592355420917354,1.0,0.724017375678301,0.17083360306061576,0.0002955499450579824,0.0006361247999999708,0.0005165182857142858,0.0,0.007776609831874642
3,100,80,0.8,feasible,0.7084607934348456,0.7435710462070274,0.7970864549212496,0.08862566148640405,0.5286398416,0.6178427077499998,0.7955245016,0.26688466,0.0,0.04323825386928274,0.16592846886190477,0.16592846886190477,0.2409402067426524,0.6991956181225778,1.0,0.7590597932573476,0.1865984381327801,0.0,0.0,0.0,0.0350424175790465,0.015764835072164335
4,100,100,1.0,feasible,0.7084607934348456,0.7398729178239409,0.8004864563166063,0.09202566288176073,0.5286398416,0.5904265391999999,0.7604652959999999,0.2318254543999999,0.0,0.04283145063579047,0.16592846886190477,0.16592846886190477,0.2409402067426524,0.6877229559517368,1.0,0.7590597932573476,0.18691084314018974,0.0,0.0,0.0,0.0,0.00031240500740964405
5,100,100,1.0,feasible,0.7084607934348456,0.7382193690684247,0.7890980819946627,0.08063728855981711,0.5286398416,0.5799180241519999,0.7199618727999998,0.1913220311999998,0.0,0.04055036090849286,0.12756737929761905,0.12756737929761905,0.2409402067426524,0.6788535853040201,1.0,0.7590597932573476,0.187703916315147,0.0,0.0,0.0,0.0,0.0007930731749572484
6,100,100,1.0,feasible,0.7084607934348456,0.7405359316746027,0.7922047728184466,0.08374397938360101,0.5286398416,0.5847908480159999,0.7199618727999998,0.1913220311999998,0.0,0.0409341378439119,0.12756737929761905,0.12756737929761905,0.23638078122908907,0.6476204044546866,1.0,0.763619218770911,0.19077733938730873,0.0,0.0,0.0,0.004559425513563337,0.0030734230721617406
7,100,100,1.0,feasible,0.7084607934348456,0.7438865459735233,0.7940072016988471,0.0855464082640015,0.5286398416,0.59037422672,0.7276696807999998,0.19902983919999984,0.0,0.04353030592914286,0.12993106298095242,0.12993106298095242,0.23638078122908907,0.6203757535309922,1.0,0.763619218770911,0.19084977565510475,0.0,0.0,0.0,0.0,7.243626779601664e-05
8,100,100,1.0,feasible,0.7084607934348456,0.7458375680533025,0.7922047728184466,0.08374397938360101,0.5286398416,0.5930033287279999,0.7199618727999998,0.1913220311999998,0.0,0.04513612932036666,0.12993106298095242,0.12993106298095242,0.2359903211167052,0.6014766841006404,1.0,0.7640096788832949,0.19243930940195694,0.0,0.0,0.0,0.00039046011238386136,0.0015895337468521953
9,100,100,1.0,feasible,0.7084607934348456,0.7460709841182215,0.7922047728184466,0.08374397938360101,0.5286398416,0.590238567704,0.7199618727999998,0.1913220311999998,0.0,0.049628388616370006,0.12993106298095242,0.12993106298095242,0.2359903211167052,0.5880078445549601,1.0,0.7640096788832949,0.1929842909034327,0.0,0.0,0.0,0.0,0.0005449815014757498
10,100,100,1.0,feasible,0.7084607934348456,0.7469899513604729,0.7931084003104669,0.08464760687562134,0.5286398416,0.5919001237999999,0.7199618727999998,0.1913220311999998,0.0,0.05050807606070333,0.14078733785714284,0.14078733785714284,0.23575852761098898,0.5741274912662884,1.0,0.764241472389011,0.19433908315238108,0.0,0.0,0.0,0.0002317935057162268,0.0013547922489483832
11,100,100,1.0,feasible,0.7084607934348456,0.7477110935133343,0.7931084003104669,0.08464760687562134,0.5286398416,0.5914522518559999,0.7199618727999998,0.1913220311999998,0.0,0.052819180406274764,0.14078733785714284,0.14078733785714284,0.23551190915042636,0.5537820719207601,1.0,0.7644880908495737,0.19495329587783583,0.0,0.0,0.0,0.0002466184605626198,0.0006142127254547547
12,100,100,1.0,feasible,0.7084607934348456,0.7479148256065442,0.7931084003104669,0.08464760687562134,0.5286398416,0.5907294032479999,0.7199618727999998,0.1913220311999998,0.0,0.05667512780522952,0.1638872979161905,0.1638872979161905,0.23551190915042636,0.5384320620163233,1.0,0.7644880908495737,0.1953724486041733,0.0,0.0,0.0,0.0,0.00041915272633746836
13,100,100,1.0,feasible,0.7084607934348456,0.748515960818377,0.7931084003104669,0.08464760687562134,0.5286398416,0.591337654104,0.7199618727999998,0.1913220311999998,0.0,0.05609434190170476,0.16975435083333332,0.16975435083333332,0.23551190915042636,0.5301715988461946,1.0,0.7644880908495737,0.19661041852790687,0.0,0.0,0.0,0.0,0.0012379699237335673
14,100,100,1.0,feasible,0.7084607934348456,0.748129487801092,0.7936019110285525,0.0851411175937069,0.5286398416,0.586540701608,0.7199618727999998,0.1913220311999998,0.0,0.06118529461472619,0.17517299764714286,0.17517299764714286,0.23551190915042636,0.5243451159575339,1.0,0.7644880908495737,0.1968227330496016,0.0,0.0,0.0,0.0,0.0002123145216947342
15,100,100,1.0,feasible,0.7084607934348456,0.75021552252891,0.7968331009191915,0.08837230748434588,0.5286398416,0.5909334927359999,0.7199618727999998,0.1913220311999998,0.0,0.061471402545433325,0.17399376777976192,0.17399376777976192,0.21112188459495368,0.5044600339934988,1.0,0.7888781154050464,0.2005471665118812,0.0,0.0,0.0,0.024390024555472678,0.0037244334622796027
16,100,100,1.0,feasible,0.7084607934348456,0.7512822546360735,0.7968331009191915,0.08837230748434588,0.5286398416,0.594952352352,0.7199618727999998,0.1913220311999998,0.0,0.05669987142790476,0.1690245154047619,0.1690245154047619,0.19501499148559845,0.5044696959881999,1.0,0.8049850085144016,0.20377495864210668,0.0,0.0,0.0,0.01610689310935523,0.0032277921302254764
17,100,100,1.0,feasible,0.7084607934348456,0.7485081117323358,0.7968331009191915,0.08837230748434588,0.5286398416,0.5897083128079998,0.7199618727999998,0.1913220311999998,0.0,0.054614485425147616,0.1690245154047619,0.1690245154047619,0.19501499148559845,0.5197111177781593,1.0,0.8049850085144016,0.20418425067071974,0.0,0.0,0.0,0.0,0.0004092920286130619
18,100,100,1.0,feasible,0.7084607934348456,0.7527265290312735,0.7988140515061134,0.09035325807126782,0.5286398416,0.596249580984,0.7199618727999998,0.1913220311999998,0.0,0.05638789782264762,0.18594661689761907,0.18594661689761907,0.19501499148559845,0.48389881179041433,1.0,0.8049850085144016,0.20421262466995532,0.0,0.0,0.0,0.0,2.837399923558137e-05
19,100,100,1.0,feasible,0.7084607934348456,0.7512087778801042,0.7988140515061134,0.09035325807126782,0.5286398416,0.5928096585439999,0.7199618727999998,0.1913220311999998,0.0,0.05723049337614761,0.18594661689761907,0.18594661689761907,0.19501499148559845,0.4940179271689857,1.0,0.8049850085144016,0.2042401222841883,0.0,0.0,0.0,0.0,2.7497614232985246e-05
20,100,100,1.0,feasible,0.7084607934348456,0.7509323148256675,0.7943728278652783,0.08591203443043272,0.5286398416,0.591703305672,0.714280492,0.1856406504,0.0,0.05968596783625238,0.18594661689761907,0.18594661689761907,0.18905842838989642,0.48738402970528405,1.0,0.8109415716101036,0.20555267323831777,0.0,0.0,0.0,0.005956563095702028,0.0013125509541294655
21,100,100,1.0,feasible,0.7084607934348456,0.7526480521828616,0.8017376950447386,0.09327690160989299,0.5286398416,0.5937372059119999,0.7292733871999999,0.2006335455999999,0.0,0.06241799077893334,0.18594661689761907,0.18594661689761907,0.17867662389176162,0.4706761421648285,1.0,0.8213233761082384,0.20706852584082214,0.0,0.0,0.0,0.010381804498134806,0.001515852602504364
22,100,100,1.0,feasible,0.7084607934348456,0.7540707069828894,0.8020692638619992,0.09360847042715359,0.5286398416,0.5953095951759999,0.7292733871999999,0.2006335455999999,0.0,0.06208558582957619,0.2008340559809524,0.2008340559809524,0.17867662389176162,0.470188734704575,1.0,0.8213233761082384,0.20650917345543468,0.0,0.0,0.0,0.0,-0.0005593523853874571
23,100,100,1.0,feasible,0.7084607934348456,0.7525353636971726,0.8020692638619992,0.09360847042715359,0.5286398416,0.5941761303199999,0.7292733871999999,0.2006335455999999,0.0,0.0658856213016238,0.2008340559809524,0.2008340559809524,0.17867662389176162,0.46978109045213207,1.0,0.8213233761082384,0.2064132774223047,0.0,0.0,0.0,0.0,-9.589603312998296e-05
24,100,100,1.0,feasible,0.7084607934348456,0.7514443341879894,0.8020692638619992,0.09360847042715359,0.5286398416,0.5894820310639999,0.7292733871999999,0.2006335455999999,0.0,0.06696859986194689,0.2008340559809524,0.2008340559809524,0.17867662389176162,0.47481998802083536,1.0,0.8213233761082384,0.2068464514748645,0.0,0.0,0.0,0.0,0.00043317405255979824
25,100,100,1.0,feasible,0.7084607934348456,0.752884982547573,0.8020692638619992,0.09360847042715359,0.5286398416,0.5910420078639999,0.7292733871999999,0.2006335455999999,0.0,0.06972215047451834,0.2008340559809524,0.2008340559809524,0.1707609475969146,0.46239852416566285,1.0,0.8292390524030854,0.20899350098189506,0.0,0.0,0.0,0.007915676294847018,0.0021470495070305684
26,100,100,1.0,feasible,0.7084607934348456,0.7521683769417262,0.8020692638619992,0.09360847042715359,0.5286398416,0.5903055478559999,0.7292733871999999,0.2006335455999999,0.0,0.06951098331763739,0.2008340559809524,0.2008340559809524,0.1707609475969146,0.4693743581951558,1.0,0.8292390524030854,0.20899180149327762,0.0,0.0,0.0,0.0,-1.6994886174459545e-06
27,100,100,1.0,feasible,0.7084607934348456,0.7532607487066785,0.8020692638619992,0.09360847042715359,0.5286398416,0.591357919696,0.7292733871999999,0.2006335455999999,0.0,0.07115387140085166,0.2008340559809524,0.2008340559809524,0.16846789636269757,0.45489411518398754,1.0,0.8315321036373025,0.2091397607902041,0.0,0.0,0.0,0.002293051234217025,0.00014795929692648646
28,100,100,1.0,feasible,0.7084607934348456,0.7527865753832872,0.8020692638619992,0.09360847042715359,0.5286398416,0.5901939522799999,0.7292733871999999,0.2006335455999999,0.0,0.07010779326004216,0.2008340559809524,0.2008340559809524,0.16846789636269757,0.46020555048235784,1.0,0.8315321036373025,0.2092178476802682,0.0,0.0,0.0,0.0,7.808689006408298e-05
29,100,100,1.0,feasible,0.7084607934348456,0.7528014329749011,0.8020692638619992,0.09360847042715359,0.5286398416,0.5899898498399999,0.7292819559999999,0.2006421143999999,0.0,0.07167072030186833,0.2008340559809524,0.2008340559809524,0.16846789636269757,0.4601145775050566,1.0,0.8315321036373025,0.20935900545486652,0.0,0.0,0.0,0.0,0.00014115777459833279
30,100,100,1.0,feasible,0.7084607934348456,0.7532574915232066,0.8020692638619992,0.09360847042715359,0.5286398416,0.5916286130719999,0.7292819559999999,0.2006421143999999,0.0,0.07068076831837308,0.2008340559809524,0.2008340559809524,0.16846789636269757,0.46173764394860745,1.0,0.8315321036373025,0.20945122336843888,0.0,0.0,0.0,0.0,9.22179135723622e-05
31,100,100,1.0,feasible,0.7084607934348456,0.7551054925819338,0.8020692638619992,0.09360847042715359,0.5286398416,0.5950132180959998,0.7292819559999999,0.2006421143999999,0.0,0.06831898114841356,0.19564257103309524,0.19564257103309524,0.16846789636269757,0.45157866792083384,1.0,0.8315321036373025,0.20936245554321883,0.0,0.0,0.0,0.0,-8.876782522004856e-05
32,100,100,1.0,feasible,0.7084607934348456,0.7539857631774024,0.8020692638619992,0.09360847042715359,0.5286398416,0.5947570436639998,0.7292819559999999,0.2006421143999999,0.0,0.06430758122822311,0.19564257103309524,0.19564257103309524,0.16846789636269757,0.46175136302949144,1.0,0.8315321036373025,0.2096773205702566,0.0,0.0,0.0,0.0,0.0003148650270377584
33,100,100,1.0,feasible,0.7084607934348456,0.7540331759335811,0.8020692638619992,0.09360847042715359,0.5286398416,0.5948225233839999,0.7292819559999999,0.2006421143999999,0.0,0.06537844343515166,0.1894914414666667,0.1894914414666667,0.16846789636269757,0.45387144121798934,1.0,0.8315321036373025,0.20991816019962006,0.0,0.0,0.0,0.0,0.0002408396293634707
34,100,100,1.0,feasible,0.7084607934348456,0.7545804358353827,0.8020692638619992,0.09360847042715359,0.5286398416,0.593069913688,0.7280711407999999,0.1994312991999999,0.0,0.06676942300826356,0.2138420305404762,0.2138420305404762,0.16846789636269757,0.4498777487508544,1.0,0.8315321036373025,0.20998812674955242,0.0,0.0,0.0,0.0,6.99665499323543e-05
35,100,100,1.0,feasible,0.7084607934348456,0.7534828585910383,0.8020692638619992,0.09360847042715359,0.5286398416,0.593633135424,0.7280711407999999,0.1994312991999999,0.0,0.0640676791994857,0.2138420305404762,0.2138420305404762,0.16846789636269757,0.45395331195369537,1.0,0.8315321036373025,0.21006985535267614,0.0,0.0,0.0,0.0,8.172860312372077e-05
36,100,100,1.0,feasible,0.7084607934348456,0.7544302498273245,0.8020692638619992,0.09360847042715359,0.5286398416,0.5955469455679998,0.7280711407999999,0.1994312991999999,0.0,0.06407137228458096,0.2138420305404762,0.2138420305404762,0.16846789636269757,0.44982132844863776,1.0,0.8315321036373025,0.2098474601806108,0.0,0.0,0.0,0.0,-0.0002223951720653483
37,100,100,1.0,feasible,0.7084607934348456,0.7549709002938969,0.8020706075907417,0.09360981415589609,0.5286398416,0.5957393368319999,0.7281014151999998,0.19946157359999983,0.0,0.06682040438827143,0.2138420305404762,0.2138420305404762,0.16846789636269757,0.43918083117115125,1.0,0.8315321036373025,0.20978550405941243,0.0,0.0,0.0,0.0,-6.19561211983588e-05
38,100,100,1.0,feasible,0.7084607934348456,0.7553431202326757,0.8020706075907417,0.09360981415589609,0.5286398416,0.5963052930959999,0.7281014151999998,0.19946157359999983,0.0,0.06571325940034285,0.2138420305404762,0.2138420305404762,0.16846789636269757,0.4436311969428091,1.0,0.8315321036373025,0.20924676323223956,0.0,0.0,0.0,0.0,-0.0005387408271728678
39,100,100,1.0,feasible,0.7084607934348456,0.7550270103291298,0.8020706075907417,0.09360981415589609,0.5286398416,0.5961698315999999,0.7281014151999998,0.19946157359999983,0.0,0.06578310432565715,0.2138420305404762,0.2138420305404762,0.16846789636269757,0.4418228159968273,1.0,0.8315321036373025,0.21004992094556785,0.0,0.0,0.0,0.0,0.0008031577133282841
40,100,100,1.0,feasible,0.7084607934348456,0.7514456093349381,0.7980239797324404,0.08956318629759485,0.5286398416,0.5867555091839999,0.7234485783999999,0.19480873679999988,0.0,0.06862208102709524,0.2138420305404762,0.2138420305404762,0.16846789636269757,0.462929215820786,1.0,0.8315321036373025,0.21015963686337835,0.0,0.0,0.0,0.0,0.00010971591781050449
41,100,100,1.0,feasible,0.7084607934348456,0.7529688271667276,0.7980239797324404,0.08956318629759485,0.5286398416,0.5915372063119999,0.7245780767999999,0.19593823519999987,0.0,0.06894786273371428,0.2138420305404762,0.2138420305404762,0.16846789636269757,0.44839764037544627,1.0,0.8315321036373025,0.20997504378012866,0.0,0.0,0.0,0.0,-0.0001845930832496956
42,100,100,1.0,feasible,0.7084607934348456,0.75261117010971,0.7980239797324404,0.08956318629759485,0.5286398416,0.5909990705199999,0.7245780767999999,0.19593823519999987,0.0,0.06959721619204763,0.2138420305404762,0.2138420305404762,0.16846789636269757,0.45333318766728725,1.0,0.8315321036373025,0.20988583633006574,0.0,0.0,0.0,0.0,-8.920745006291142e-05
43,100,100,1.0,feasible,0.7084607934348456,0.753107524936773,0.7980239797324404,0.08956318629759485,0.5286398416,0.59159091036,0.7245780767999999,0.19593823519999987,0.0,0.06998429445499127,0.2138420305404762,0.2138420305404762,0.16846789636269757,0.4483421101001972,1.0,0.8315321036373025,0.2100588253843867,0.0,0.0,0.0,0.0,0.0001729890543209489
44,100,100,1.0,feasible,0.7084607934348456,0.7529798560244535,0.7980239797324404,0.08956318629759485,0.5286398416,0.5887956535999997,0.7245780767999999,0.19593823519999987,0.0,0.07350189319893172,0.2138420305404762,0.2138420305404762,0.16846789636269757,0.44547281980861586,1.0,0.8315321036373025,0.2100395737509615,0.0,0.0,0.0,0.0,-1.925163342519909e-05
45,100,100,1.0,feasible,0.7084607934348456,0.7515375628364118,0.7980239797324404,0.08956318629759485,0.5286398416,0.5894515322559999,0.7245780767999999,0.19593823519999987,0.0,0.06741520136078649,0.2138420305404762,0.2138420305404762,0.16846789636269757,0.46454495900586873,1.0,0.8315321036373025,0.2105389879062573,0.0,0.0,0.0,0.0,0.0004994141552958076
46,100,100,1.0,feasible,0.7084607934348456,0.7519745343048505,0.7980239797324404,0.08956318629759485,0.5286398416,0.589088048056,0.7245780767999999,0.19593823519999987,0.0,0.06879523393595316,0.2138420305404762,0.2138420305404762,0.16846789636269757,0.45956134653154507,1.0,0.8315321036373025,0.21038779287710468,0.0,0.0,0.0,0.0,-0.00015119502915261762
47,100,100,1.0,feasible,0.7084607934348456,0.7524821264350375,0.7980239797324404,0.08956318629759485,0.5286398416,0.591339664344,0.7245780767999999,0.19593823519999987,0.0,0.06649555492810555,0.21334442007380955,0.21334442007380955,0.16846789636269757,0.46609785940297316,1.0,0.8315321036373025,0.21069962637724104,0.0,0.0,0.0,0.0,0.00031183350013636035
48,100,100,1.0,feasible,0.7084607934348456,0.7527704342263616,0.7980239797324404,0.08956318629759485,0.5286398416,0.591482018504,0.7245780767999999,0.19593823519999987,0.0,0.06757173082917793,0.21368372576271427,0.21368372576271427,0.16846789636269757,0.4659575830526912,1.0,0.8315321036373025,0.20981586455496534,0.0,0.0,0.0,0.0,-0.0008837618222757027
49,100,100,1.0,feasible,0.7084607934348456,0.7531390616250675,0.7980239797324404,0.08956318629759485,0.5286398416,0.587558186088,0.7245780767999999,0.19593823519999987,0.0,0.07378788421039698,0.22504228890238093,0.22504228890238093,0.16846789636269757,0.45467733098911295,1.0,0.8315321036373025,0.21010283313912081,0.0,0.0,0.0,0.0,0.00028696858415547255
50,100,100,1.0,feasible,0.7084607934348456,0.7526008678823713,0.7980239797324404,0.08956318629759485,0.5286398416,0.5875846285999999,0.7245780767999999,0.19593823519999987,0.0,0.07309037453417316,0.22504228890238093,0.22504228890238093,0.16846789636269757,0.4606154174645084,1.0,0.8315321036373025,0.20984699341427984,0.0,0.0,0.0,0.0,-0.0002558397248409727
51,100,100,1.0,feasible,0.7084607934348456,0.7530331332574608,0.7989207185216194,0.09045992508677381,0.5286398416,0.5877719091439999,0.7257631007999998,0.19712325919999985,0.0,0.07234892721128175,0.21368372576271427,0.21368372576271427,0.16846789636269757,0.454902035038372,1.0,0.8315321036373025,0.210106109467868,0.0,0.0,0.0,0.0,0.00025911605358816536
52,100,100,1.0,feasible,0.7084607934348456,0.7541150069872501,0.7989207185216194,0.09045992508677381,0.5286398416,0.5917187335519999,0.7257631007999998,0.19712325919999985,0.0,0.06974496053371508,0.21368372576271427,0.21368372576271427,0.16846789636269757,0.446837928624748,1.0,0.8315321036373025,0.20999666115615323,0.0,0.0,0.0,0.0,-0.00010944831171477709
53,100,100,1.0,feasible,0.7084607934348456,0.7530142650236339,0.7989207185216194,0.09045992508677381,0.5286398416,0.589703521208,0.7257631007999998,0.19712325919999985,0.0,0.06741906401453412,0.21368372576271427,0.21368372576271427,0.16846789636269757,0.46150892941487626,1.0,0.8315321036373025,0.21004222922632584,0.0,0.0,0.0,0.0,4.556807017261355e-05
54,100,100,1.0,feasible,0.7084607934348456,0.7538190106797132,0.7989207185216194,0.09045992508677381,0.5286398416,0.5928025281199999,0.7257631007999998,0.19712325919999985,0.0,0.06385995131182857,0.21368372576271427,0.21368372576271427,0.16846789636269757,0.4578381867549888,1.0,0.8315321036373025,0.20979557547601854,0.0,0.0,0.0,0.0,-0.00024665375030730186
55,100,100,1.0,feasible,0.7084607934348456,0.7541359599654648,0.7989207185216194,0.09045992508677381,0.5286398416,0.5919708765519999,0.7257631007999998,0.19712325919999985,0.0,0.06605350610305952,0.21368372576271427,0.21368372576271427,0.16846789636269757,0.4507716108300786,1.0,0.8315321036373025,0.21014893130044268,0.0,0.0,0.0,0.0,0.0003533558244241397
56,100,100,1.0,feasible,0.7084607934348456,0.7553893058282317,0.7989229179530114,0.09046212451816582,0.5286398416,0.599347013424,0.7257631007999998,0.19712325919999985,0.0,0.057741744374510955,0.20172522725,0.20172522725,0.16846789636269757,0.4548419328766471,1.0,0.8315321036373025,0.21018605658560846,0.0,0.0,0.0,0.0,3.712528516577884e-05
57,100,100,1.0,feasible,0.7084607934348456,0.7566450403615719,0.7993666552421815,0.09090586180733595,0.5286398416,0.6027814776559999,0.7257631007999998,0.19712325919999985,0.0,0.05937144853355619,0.20172522725,0.20172522725,0.16846789636269757,0.44192082370936403,1.0,0.8315321036373025,0.20983705567180916,0.0,0.0,0.0,0.0,-0.0003490009137993022
58,100,100,1.0,feasible,0.7084607934348456,0.7542718058421852,0.7993666552421815,0.09090586180733595,0.5286398416,0.598982846024,0.7257631007999998,0.19712325919999985,0.0,0.05951793950268476,0.20172522725,0.20172522725,0.16846789636269757,0.461485299473352,1.0,0.8315321036373025,0.20984148751071063,0.0,0.0,0.0,0.0,4.431838901475249e-06
59,100,100,1.0,feasible,0.7084607934348456,0.7534868421528614,0.7993666552421815,0.09090586180733595,0.5286398416,0.5967849176239999,0.7257631007999998,0.19712325919999985,0.0,0.06050962017435142,0.19613775936428568,0.19613775936428568,0.16846789636269757,0.4597664139924845,1.0,0.8315321036373025,0.2099178796537198,0.0,0.0,0.0,0.0,7.639214300916852e-05
60,100,100,1.0,feasible,0.7084607934348456,0.7527978971124835,0.7989207185216194,0.09045992508677381,0.5286398416,0.59586521424,0.7257631007999998,0.19712325919999985,0.0,0.059867955033501424,0.19613775936428568,0.19613775936428568,0.13855333494267993,0.4730581865411522,1.0,0.86144666505732,0.2140995728427375,0.0,0.0,0.0,0.029914561420017638,0.0041816931890177045
61,100,100,1.0,feasible,0.7084607934348456,0.7535429871505067,0.7989207185216194,0.09045992508677381,0.5286398416,0.596406503176,0.7257631007999998,0.19712325919999985,0.0,0.062316959127526425,0.19613775936428568,0.19613775936428568,0.13855333494267993,0.45520615184390606,1.0,0.86144666505732,0.21381446594650527,0.0,0.0,0.0,0.0,-0.0002851068962322345
62,100,100,1.0,feasible,0.7084607934348456,0.7556105450342736,0.7999487617951268,0.09148796836028117,0.5286398416,0.5989491515119999,0.7257631007999998,0.19712325919999985,0.0,0.062309448100526445,0.19613775936428568,0.19613775936428568,0.13855333494267993,0.4471062348708188,1.0,0.86144666505732,0.21394381084484254,0.0,0.0,0.0,0.0,0.00012934489833726914
63,100,100,1.0,feasible,0.7084607934348456,0.7547721859042785,0.7999487617951268,0.09148796836028117,0.5286398416,0.5944044926559999,0.7257631007999998,0.19712325919999985,0.0,0.06567464042949071,0.19613775936428568,0.19613775936428568,0.13855333494267993,0.44713867282893555,1.0,0.86144666505732,0.21478075303955396,0.0,0.0,0.0,0.0,0.0008369421947114208
64,100,100,1.0,feasible,0.7084607934348456,0.7546411446374688,0.7999487617951268,0.09148796836028117,0.5286398416,0.593316000752,0.7257631007999998,0.19712325919999985,0.0,0.0654527663456074,0.19613775936428568,0.19613775936428568,0.13855333494267993,0.45104653379917425,1.0,0.86144666505732,0.21506194103836546,0.0,0.0,0.0,0.0,0.00028118799881149403
65,100,100,1.0,feasible,0.7084607934348456,0.7538367443889209,0.7999487617951268,0.09148796836028117,0.5286398416,0.5902374596879999,0.7257631007999998,0.19712325919999985,0.0,0.06568088102712977,0.19613775936428568,0.19613775936428568,0.13855333494267993,0.44976245439577495,1.0,0.86144666505732,0.21517078542596688,0.0,0.0,0.0,0.0,0.00010884438760142001
66,100,100,1.0,feasible,0.7084607934348456,0.7554879345708406,0.7999487617951268,0.09148796836028117,0.5286398416,0.5940104627039999,0.7257631007999998,0.19712325919999985,0.0,0.06459955292514881,0.19613775936428568,0.19613775936428568,0.13855333494267993,0.44609539674201637,1.0,0.86144666505732,0.21537747042998096,0.0,0.0,0.0,0.0,0.00020668500401407885
67,100,100,1.0,feasible,0.7084607934348456,0.7538067486848761,0.7999487617951268,0.09148796836028117,0.5286398416,0.5900797251119999,0.7257631007999998,0.19712325919999985,0.0,0.06549520602646786,0.18602920549285717,0.18602920549285717,0.13855333494267993,0.455744081791121,1.0,0.86144666505732,0.21543016445474752,0.0,0.0,0.0,0.0,5.26940247665697e-05
68,100,100,1.0,feasible,0.7084607934348456,0.7526369319109415,0.7999487617951268,0.09148796836028117,0.5286398416,0.5894157256159999,0.7257631007999998,0.19712325919999985,0.0,0.062304330626175,0.18602920549285717,0.18602920549285717,0.13855333494267993,0.46408233605954086,1.0,0.86144666505732,0.21572598424202294,0.0,0.0,0.0,0.0,0.00029581978727541425
69,100,100,1.0,feasible,0.7084607934348456,0.7525324159934069,0.7999487617951268,0.09148796836028117,0.5286398416,0.5916694644639999,0.7257631007999998,0.19712325919999985,0.0,0.059880424648036897,0.18602920549285717,0.18602920549285717,0.13855333494267993,0.45550720229479774,1.0,0.86144666505732,0.21623499504334026,0.0,0.0,0.0,0.0,0.0005090108013173222
70,100,100,1.0,feasible,0.7084607934348456,0.7531238302321525,0.8000520874539969,0.09159129401915134,0.5286398416,0.590810755984,0.7278670375999999,0.19922719599999994,0.0,0.06307281718239642,0.1931845206095238,0.1931845206095238,0.13855333494267993,0.45127596502800815,1.0,0.86144666505732,0.21593431299939975,0.0,0.0,0.0,0.0,-0.00030068204394051445
71,100,100,1.0,feasible,0.7084607934348456,0.7530145067971324,0.8000520874539969,0.09159129401915134,0.5286398416,0.590540181992,0.7278670375999999,0.19922719599999994,0.0,0.06398860750823691,0.1931845206095238,0.1931845206095238,0.13855333494267993,0.44844842338237423,1.0,0.86144666505732,0.21583768660267932,0.0,0.0,0.0,0.0,-9.662639672042284e-05
72,100,100,1.0,feasible,0.7084607934348456,0.7524734441735126,0.8010877789405753,0.09262698550572968,0.5286398416,0.5917569035359999,0.7287416671999998,0.20010182559999978,0.0,0.06150944033378285,0.1931845206095238,0.1931845206095238,0.13855333494267993,0.4581149449327875,1.0,0.86144666505732,0.2160753856748178,0.0,0.0,0.0,0.0,0.00023769907213846975
73,100,100,1.0,feasible,0.7084607934348456,0.7541719666788762,0.8010877789405753,0.09262698550572968,0.5286398416,0.5933913743279998,0.7287416671999998,0.20010182559999978,0.0,0.06201109686623524,0.1931845206095238,0.1931845206095238,0.13855333494267993,0.4460629163175846,1.0,0.86144666505732,0.21604298278889084,0.0,0.0,0.0,0.0,-3.2402885926957614e-05
74,100,100,1.0,feasible,0.7084607934348456,0.7518853776891145,0.8010877789405753,0.09262698550572968,0.5286398416,0.591540570792,0.7287416671999998,0.20010182559999978,0.0,0.05885142466188047,0.1931845206095238,0.1931845206095238,0.13855333494267993,0.4641515421646469,1.0,0.86144666505732,0.21629303415515344,0.0,0.0,0.0,0.0,0.0002500513662626047
75,100,100,1.0,feasible,0.7084607934348456,0.7525008927825163,0.8010877789405753,0.09262698550572968,0.5286398416,0.593543447336,0.7287416671999998,0.20010182559999978,0.0,0.05810756655707809,0.18409919318571427,0.18409919318571427,0.13855333494267993,0.4666199883280751,1.0,0.86144666505732,0.21600961437073996,0.0,0.0,0.0,0.0,-0.0002834197844134856
76,100,100,1.0,feasible,0.7084607934348456,0.7525185055099157,0.8010877789405753,0.09262698550572968,0.5286398416,0.5911466913919999,0.7290964127999999,0.20045657119999993,0.0,0.05999073545020357,0.18409919318571427,0.18409919318571427,0.13855333494267993,0.47033857176770477,1.0,0.86144666505732,0.21628912858745855,0.0,0.0,0.0,0.0,0.000279514216718596
77,100,100,1.0,feasible,0.7084607934348456,0.7531856149024122,0.8010877789405753,0.09262698550572968,0.5286398416,0.5945464216959999,0.7290964127999999,0.20045657119999993,0.0,0.0605851384671,0.19213066113571428,0.19213066113571428,0.13855333494267993,0.45453006364215326,1.0,0.86144666505732,0.2162091141633365,0.0,0.0,0.0,0.0,-8.001442412206017e-05
78,100,100,1.0,feasible,0.7084607934348456,0.7523147097613939,0.8010877789405753,0.09262698550572968,0.5286398416,0.5907197147279999,0.7290964127999999,0.20045657119999993,0.0,0.06262649785687142,0.19213066113571428,0.19213066113571428,0.13855333494267993,0.45381318509213486,1.0,0.86144666505732,0.2159785540708801,0.0,0.0,0.0,0.0,-0.00023056009245639442
79,100,100,1.0,feasible,0.7084607934348456,0.7529592115762301,0.8010877789405753,0.09262698550572968,0.5286398416,0.593593458808,0.7290964127999999,0.20045657119999993,0.0,0.06047137243299048,0.19213066113571428,0.19213066113571428,0.13855333494267993,0.45748107316917697,1.0,0.86144666505732,0.21639337059066052,0.0,0.0,0.0,0.0,0.00041481651978042544
80,100,100,1.0,feasible,0.7084607934348456,0.7556738967191668,0.8010877789405753,0.09262698550572968,0.5286398416,0.5986113239439999,0.7290964127999999,0.20045657119999993,0.0,0.05987112924061667,0.18409919318571427,0.18409919318571427,0.13855333494267993,0.4328150822615753,1.0,0.86144666505732,0.21643748485288405,0.0,0.0,0.0,0.0,4.411426222353243e-05
81,100,100,1.0,feasible,0.7084607934348456,0.7537978784539444,0.8010877789405753,0.09262698550572968,0.5286398416,0.5936459898079999,0.7290964127999999,0.20045657119999993,0.0,0.0636379660924881,0.18409919318571427,0.18409919318571427,0.13855333494267993,0.44591315319968317,1.0,0.86144666505732,0.216715667363924,0.0,0.0,0.0,0.0,0.0002781825110399483
82,100,100,1.0,feasible,0.7084607934348456,0.7518396777998707,0.8011432210943088,0.09268242765946322,0.5286398416,0.5907425087359999,0.7319171767999999,0.2032773351999999,0.0,0.06513058051681016,0.18409919318571427,0.18409919318571427,0.13855333494267993,0.45862349406277003,1.0,0.86144666505732,0.21720356736735325,0.0,0.0,0.0,0.0,0.00048790000342924245
83,100,100,1.0,feasible,0.7084607934348456,0.7513855064325954,0.8011432210943088,0.09268242765946322,0.5286398416,0.5918922420639999,0.7319171767999999,0.2032773351999999,0.0,0.0634997051936435,0.18409919318571427,0.18409919318571427,0.13855333494267993,0.4648596936138788,1.0,0.86144666505732,0.21615648079631555,0.0,0.0,0.0,0.0,-0.001047086571037692
84,100,100,1.0,feasible,0.7084607934348456,0.7525260428644935,0.8011432210943088,0.09268242765946322,0.5286398416,0.59439643136,0.7319171767999999,0.2032773351999999,0.0,0.06204638014657207,0.18409919318571427,0.18409919318571427,0.137975944770166,0.4532470999763232,1.0,0.8620240552298339,0.21636136333110412,0.0,0.0,0.0,0.0005773901725139308,0.0002048825347885641
85,100,100,1.0,feasible,0.7084607934348456,0.751034560286397,0.8011432210943088,0.09268242765946322,0.5286398416,0.590230711208,0.7319747655999999,0.20333492399999986,0.0,0.06388764942893921,0.18409919318571427,0.18409919318571427,0.137975944770166,0.4608058575658371,1.0,0.8620240552298339,0.21674358131345386,0.0,0.0,0.0,0.0,0.00038221798234974735
86,100,100,1.0,feasible,0.7084607934348456,0.7523417182974899,0.8008753808452374,0.09241458741039177,0.5286398416,0.592663051328,0.7319747655999999,0.20333492399999986,0.0,0.06379600421793921,0.18409919318571427,0.18409919318571427,0.137975944770166,0.452754839212798,1.0,0.8620240552298339,0.2164484331734938,0.0,0.0,0.0,0.0,-0.0002951481399600664
87,100,100,1.0,feasible,0.7084607934348456,0.7537284192149375,0.8010576029511799,0.09259680951633431,0.5286398416,0.596460208768,0.7319747655999999,0.20333492399999986,0.0,0.06311424887878685,0.18409919318571427,0.18409919318571427,0.137975944770166,0.44199571547485844,1.0,0.8620240552298339,0.21654858472054214,0.0,0.0,0.0,0.0,0.00010015154704834384
88,100,100,1.0,feasible,0.7084607934348456,0.7540685191844139,0.8011791243263041,0.09271833089145853,0.5286398416,0.5947960015519999,0.7330198575999999,0.2043800159999999,0.0,0.06309966891472618,0.18409919318571427,0.18409919318571427,0.137975944770166,0.44444849906950623,1.0,0.8620240552298339,0.2167783980571374,0.0,0.0,0.0,0.0,0.00022981333659524705
89,100,100,1.0,feasible,0.7084607934348456,0.7520233270943436,0.8011791243263041,0.09271833089145853,0.5286398416,0.5954270684399998,0.7330198575999999,0.2043800159999999,0.0,0.060582172712628564,0.18062646955714287,0.18062646955714287,0.137975944770166,0.45932087682095263,1.0,0.8620240552298339,0.21674482581680832,0.0,0.0,0.0,0.0,-3.357224032907169e-05
90,100,100,1.0,feasible,0.7084607934348456,0.7545954565102124,0.8011791243263041,0.09271833089145853,0.5286398416,0.5990804341279999,0.7330198575999999,0.2043800159999999,0.0,0.06338488431194524,0.18062646955714287,0.18062646955714287,0.137975944770166,0.44022631245315397,1.0,0.8620240552298339,0.21676201813181079,0.0,0.0,0.0,0.0,1.7192315002467762e-05
91,100,100,1.0,feasible,0.7084607934348456,0.7548168033540893,0.8011791243263041,0.09271833089145853,0.5286398416,0.5983905079839998,0.7330198575999999,0.2043800159999999,0.0,0.06564498309065953,0.18062646955714287,0.18062646955714287,0.137975944770166,0.4371214173577751,1.0,0.8620240552298339,0.21643163368207397,0.0,0.0,0.0,0.0,-0.00033038444973682024
92,100,100,1.0,feasible,0.7084607934348456,0.7545883729745521,0.8011791243263041,0.09271833089145853,0.5286398416,0.598576355928,0.7330198575999999,0.2043800159999999,0.0,0.06376228008255237,0.2072803550285714,0.2072803550285714,0.137975944770166,0.43438576873505774,1.0,0.8620240552298339,0.216442873732621,0.0,0.0,0.0,0.0,1.1240050547034475e-05
93,100,100,1.0,feasible,0.7084607934348456,0.7535328536767656,0.8011791243263041,0.09271833089145853,0.5286398416,0.5946341538079999,0.7330198575999999,0.2043800159999999,0.0,0.06478816150130239,0.2072803550285714,0.2072803550285714,0.137975944770166,0.4539691471216949,1.0,0.8620240552298339,0.21668473450620454,0.0,0.0,0.0,0.0,0.00024186077358354097
94,100,100,1.0,feasible,0.7084607934348456,0.7542465778600456,0.8011791243263041,0.09271833089145853,0.5286398416,0.5968987413519998,0.7330198575999999,0.2043800159999999,0.0,0.06378853542629524,0.2072803550285714,0.2072803550285714,0.137975944770166,0.4448695340914849,1.0,0.8620240552298339,0.2173950377990262,0.0,0.0,0.0,0.0,0.0007103032928216513
95,100,100,1.0,feasible,0.7084607934348456,0.7532822477177192,0.8017162168384699,0.09325542340362436,0.5286398416,0.5970061794079998,0.7330198575999999,0.2043800159999999,0.0,0.06294081379509762,0.19503138144761906,0.19503138144761906,0.137975944770166,0.4470956915449571,1.0,0.8620240552298339,0.21738259667535886,0.0,0.0,0.0,0.0,-1.2441123667328302e-05
96,100,100,1.0,feasible,0.7084607934348456,0.7541174715085552,0.8017162168384699,0.09325542340362436,0.5286398416,0.5959470863359999,0.7330198575999999,0.2043800159999999,0.0,0.06260585827440714,0.18062646955714287,0.18062646955714287,0.137975944770166,0.44274255425491016,1.0,0.8620240552298339,0.21759879577772506,0.0,0.0,0.0,0.0,0.0002161991023661991
97,100,100,1.0,feasible,0.7084607934348456,0.7535058101128495,0.8017162168384699,0.09325542340362436,0.5286398416,0.591354979328,0.7330198575999999,0.2043800159999999,0.0,0.06765674908204998,0.18402975002380953,0.18402975002380953,0.137975944770166,0.43635201717764605,1.0,0.8620240552298339,0.2175852294601453,0.0,0.0,0.0,0.0,-1.3566317579760678e-05
98,100,100,1.0,feasible,0.7084607934348456,0.753354378689411,0.8017162168384699,0.09325542340362436,0.5286398416,0.588762801904,0.7330198575999999,0.2043800159999999,0.0,0.06944440575299762,0.18402975002380953,0.18402975002380953,0.137975944770166,0.44470412361411527,1.0,0.8620240552298339,0.21763219346881613,0.0,0.0,0.0,0.0,4.696400867082451e-05
99,100,100,1.0,feasible,0.7084607934348456,0.7526793716620445,0.8017162168384699,0.09325542340362436,0.5286398416,0.5918795796559999,0.7330198575999999,0.2043800159999999,0.0,0.06747638560733309,0.18804026995,0.18804026995,0.137975944770166,0.44871885691078306,1.0,0.8620240552298339,0.21733634707743382,0.0,0.0,0.0,0.0,-0.00029584639138230395
100,100,100,1.0,feasible,0.7084607934348456,0.7541919145657822,0.8017162168384699,0.09325542340362436,0.5286398416,0.5931948989679999,0.7330198575999999,0.2043800159999999,0.0,0.06837330953856906,0.18804026995,0.18804026995,0.137975944770166,0.4390410602688975,1.0,0.8620240552298339,0.2168280533505259,0.0,0.0,0.0,0.0,-0.0005082937269079157
101,100,100,1.0,feasible,0.7084607934348456,0.753970733462404,0.8017162168384699,0.09325542340362436,0.5286398416,0.5915337158239999,0.7330198575999999,0.2043800159999999,0.0,0.06841222858989524,0.18804026995,0.18804026995,0.137975944770166,0.44157561178385557,1.0,0.8620240552298339,0.2169222117983891,0.0,0.0,0.0,0.0,9.415844786320182e-05
102,100,100,1.0,feasible,0.7084607934348456,0.7526889040369421,0.8017162168384699,0.09325542340362436,0.5286398416,0.586975597224,0.7330198575999999,0.2043800159999999,0.0,0.07232444186701667,0.19894411732142855,0.19894411732142855,0.137975944770166,0.45159557201694767,1.0,0.8620240552298339,0.21710024997049998,0.0,0.0,0.0,0.0,0.00017803817211087258
103,100,100,1.0,feasible,0.7084607934348456,0.7547892967209111,0.8017162168384699,0.09325542340362436,0.5286398416,0.592159362392,0.7330198575999999,0.2043800159999999,0.0,0.06923589438095001,0.19981288448999995,0.19981288448999995,0.137975944770166,0.44876269365792576,1.0,0.8620240552298339,0.21658436742439696,0.0,0.0,0.0,0.0,-0.0005158825461030192
104,100,100,1.0,feasible,0.7084607934348456,0.7526729440261282,0.8017162168384699,0.09325542340362436,0.5286398416,0.590549672544,0.7330198575999999,0.2043800159999999,0.0,0.06523254387645977,0.19894411732142855,0.19894411732142855,0.137975944770166,0.47430887122543397,1.0,0.8620240552298339,0.21618398078339046,0.0,0.0,0.0,0.0,-0.00040038664100650045
105,100,100,1.0,feasible,0.7084607934348456,0.7557734976339978,0.8017162168384699,0.09325542340362436,0.5286398416,0.595713182696,0.7330198575999999,0.2043800159999999,0.0,0.06400182347875975,0.18901818329285716,0.18901818329285716,0.137975944770166,0.44214060953317585,1.0,0.8620240552298339,0.21688473898943947,0.0,0.0,0.0,0.0,0.000700758206049007
106,100,100,1.0,feasible,0.7084607934348456,0.7556850719132089,0.8017162168384699,0.09325542340362436,0.5286398416,0.5944722206959999,0.7330198575999999,0.2043800159999999,0.0,0.06478758586408358,0.18901818329285716,0.18901818329285716,0.137975944770166,0.4396209503059445,1.0,0.8620240552298339,0.21689602329159688,0.0,0.0,0.0,0.0,1.1284302157410497e-05
107,100,100,1.0,feasible,0.7084607934348456,0.7538665058857902,0.8017162168384699,0.09325542340362436,0.5286398416,0.5893721980239999,0.7330198575999999,0.2043800159999999,0.0,0.06741388972920738,0.18901818329285716,0.18901818329285716,0.137975944770166,0.44560504978736487,1.0,0.8620240552298339,0.21690927058787207,0.0,0.0,0.0,0.0,1.3247296275192832e-05
108,100,100,1.0,feasible,0.7084607934348456,0.7556364821115238,0.8017162168384699,0.09325542340362436,0.5286398416,0.5910527381439998,0.7330198575999999,0.2043800159999999,0.0,0.0686047089398169,0.22292870918095234,0.22292870918095234,0.137975944770166,0.4336566002341338,1.0,0.8620240552298339,0.21687042952180569,0.0,0.0,0.0,0.0,-3.8841066066386265e-05
109,100,100,1.0,feasible,0.7084607934348456,0.7546690129750755,0.8017162168384699,0.09325542340362436,0.5286398416,0.59196838736,0.7330198575999999,0.2043800159999999,0.0,0.06350005355034546,0.18901818329285716,0.18901818329285716,0.137975944770166,0.4500614431085685,1.0,0.8620240552298339,0.2167622843107724,0.0,0.0,0.0,0.0,-0.00010814521103327812
110,100,100,1.0,feasible,0.7084607934348456,0.7558336836254861,0.8017162168384699,0.09325542340362436,0.5286398416,0.59739696924,0.7330198575999999,0.2043800159999999,0.0,0.060056654474550004,0.1857915610833333,0.1857915610833333,0.137975944770166,0.4467888509379516,1.0,0.8620240552298339,0.21740750229260983,0.0,0.0,0.0,0.0,0.0006452179818374204
111,100,100,1.0,feasible,0.7084607934348456,0.7537775360473025,0.8017162168384699,0.09325542340362436,0.5286398416,0.593977932544,0.7330198575999999,0.2043800159999999,0.0,0.05907748297805238,0.1857915610833333,0.1857915610833333,0.137975944770166,0.45955321748013167,1.0,0.8620240552298339,0.21695998196090074,0.0,0.0,0.0,0.0,-0.0004475203317090837
112,100,100,1.0,feasible,0.7084607934348456,0.7561330216690213,0.8017162168384699,0.09325542340362436,0.5286398416,0.5973335391519998,0.7330198575999999,0.2043800159999999,0.0,0.06057662834099999,0.18062646955714287,0.18062646955714287,0.137975944770166,0.4447042409111266,1.0,0.8620240552298339,0.21672965883029124,0.0,0.0,0.0,0.0,-0.00023032313060949994
113,100,100,1.0,feasible,0.7084607934348456,0.7565855162480595,0.8008972064081767,0.09243641297333116,0.5286398416,0.5955800722719999,0.7375926448,0.20895280319999998,0.0,0.06227649950851429,0.18062646955714287,0.18062646955714287,0.137975944770166,0.44105189658084565,1.0,0.8620240552298339,0.21677705963729638,0.0,0.0,0.0,0.0,4.7400807005132384e-05
114,100,100,1.0,feasible,0.7084607934348456,0.7552611375856837,0.8008972064081767,0.09243641297333116,0.5286398416,0.594703227024,0.7375926448,0.20895280319999998,0.0,0.055094254133176195,0.18062646955714287,0.18062646955714287,0.137975944770166,0.4530189257711084,1.0,0.8620240552298339,0.21758103698962195,0.0,0.0,0.0,0.0,0.0008039773523255689
115,100,100,1.0,feasible,0.7084607934348456,0.7554358968360279,0.8008972064081767,0.09243641297333116,0.5286398416,0.5940796421359998,0.7375926448,0.20895280319999998,0.0,0.059661786260271424,0.18062646955714287,0.18062646955714287,0.137975944770166,0.44496270825965306,1.0,0.8620240552298339,0.21736097929650053,0.0,0.0,0.0,0.0,-0.0002200576931214171
116,100,100,1.0,feasible,0.7084607934348456,0.753422218314932,0.8008972064081767,0.09243641297333116,0.5286398416,0.592258226664,0.7375926448,0.20895280319999998,0.0,0.05847784686541667,0.1752501407952381,0.1752501407952381,0.137975944770166,0.4659511987234092,1.0,0.8620240552298339,0.21641075163414025,0.0,0.0,0.0,0.0,-0.0009502276623602757
117,100,100,1.0,feasible,0.7084607934348456,0.7542749785969686,0.8008972064081767,0.09243641297333116,0.5286398416,0.5937810214239999,0.7302446791999999,0.20160483759999992,0.0,0.05604861296056644,0.17383211026428572,0.17383211026428572,0.137975944770166,0.45361939888540903,1.0,0.8620240552298339,0.21645870978148823,0.0,0.0,0.0,0.0,4.795814734798176e-05
118,100,100,1.0,feasible,0.7084607934348456,0.7523292256763119,0.8008972064081767,0.09243641297333116,0.5286398416,0.5923692204479999,0.7302446791999999,0.20160483759999992,0.0,0.053760505781333325,0.17383211026428572,0.17383211026428572,0.137975944770166,0.4657011070964769,1.0,0.8620240552298339,0.21675963673261175,0.0,0.0,0.0,0.0,0.0003009269511235202
119,100,100,1.0,feasible,0.7084607934348456,0.7529888104704097,0.8008972064081767,0.09243641297333116,0.5286398416,0.5937301373439999,0.7302446791999999,0.20160483759999992,0.0,0.05636165936158335,0.17383211026428572,0.17383211026428572,0.137975944770166,0.45483749532148443,1.0,0.8620240552298339,0.21613763440194034,0.0,0.0,0.0,0.0,-0.0006220023306714173
120,100,100,1.0,feasible,0.7084607934348456,0.7525224711623322,0.8008972064081767,0.09243641297333116,0.5286398416,0.5943617350159999,0.7302446791999999,0.20160483759999992,0.0,0.0541899255004738,0.17383211026428572,0.17383211026428572,0.137975944770166,0.46883118731594836,1.0,0.8620240552298339,0.2164907417859691,0.0,0.0,0.0,0.0,0.0003531073840287724
121,100,100,1.0,feasible,0.7084607934348456,0.7550932090349362,0.8009469459124763,0.0924861524776307,0.5286398416,0.5959948773359999,0.7302446791999999,0.20160483759999992,0.0,0.05781453736356905,0.17383211026428572,0.17383211026428572,0.137975944770166,0.43453659779499954,1.0,0.8620240552298339,0.21609314960558076,0.0,0.0,0.0,0.0,-0.0003975921803883453
122,100,100,1.0,feasible,0.7084607934348456,0.7548018494174384,0.8009469459124763,0.0924861524776307,0.5286398416,0.5961372887599999,0.7302446791999999,0.20160483759999992,0.0,0.05716008269725,0.17383211026428572,0.17383211026428572,0.137975944770166,0.4379527273906038,1.0,0.8620240552298339,0.21640286500126224,0.0,0.0,0.0,0.0,0.00030971539568147577
123,100,100,1.0,feasible,0.7084607934348456,0.7535569179817905,0.8009469459124763,0.0924861524776307,0.5286398416,0.59546675828,0.7302446791999999,0.20160483759999992,0.0,0.05834837585133095,0.17383211026428572,0.17383211026428572,0.137975944770166,0.44184788464642444,1.0,0.8620240552298339,0.2160974072781238,0.0,0.0,0.0,0.0,-0.000305457723138447
124,100,100,1.0,feasible,0.7084607934348456,0.752626970198664,0.8012587482776065,0.09279795484276088,0.5286398416,0.597891061552,0.7302446791999999,0.20160483759999992,0.0,0.055440439881309526,0.18681324228333335,0.18681324228333335,0.137975944770166,0.45767149027135196,1.0,0.8620240552298339,0.2160137995475519,0.0,0.0,0.0,0.0,-8.360773057189408e-05
125,100,100,1.0,feasible,0.7084607934348456,0.7526085057776499,0.8008972064081767,0.09243641297333116,0.5286398416,0.5934053603679998,0.7302446791999999,0.20160483759999992,0.0,0.062189384023761916,0.18681324228333335,0.18681324228333335,0.137975944770166,0.4466714746653212,1.0,0.8620240552298339,0.2161324690159904,0.0,0.0,0.0,0.0,0.00011866946843849813
126,100,100,1.0,feasible,0.7084607934348456,0.7518897666082361,0.8008972064081767,0.09243641297333116,0.5286398416,0.59078198828,0.7302446791999999,0.20160483759999992,0.0,0.061544806355516665,0.18681324228333335,0.18681324228333335,0.137975944770166,0.4445597006446044,1.0,0.8620240552298339,0.21676140196611215,0.0,0.0,0.0,0.0,0.0006289329501217578
127,100,100,1.0,feasible,0.7084607934348456,0.7521981160082325,0.8008972064081767,0.09243641297333116,0.5286398416,0.591241428672,0.7302446791999999,0.20160483759999992,0.0,0.06263924999711906,0.18681324228333335,0.18681324228333335,0.13788782707202046,0.4433050216065567,1.0,0.8621121729279795,0.2168315698489831,0.0,0.0,0.0,8.811769814554005e-05,7.016788287095288e-05
128,100,100,1.0,feasible,0.7084607934348456,0.7516012844574677,0.8008972064081767,0.09243641297333116,0.5286398416,0.5905680174479998,0.7302446791999999,0.20160483759999992,0.0,0.06264242772800953,0.18681324228333335,0.18681324228333335,0.13788782707202046,0.44230869734244577,1.0,0.8621121729279795,0.2167754476933193,0.0,0.0,0.0,0.0,-5.612215566380696e-05
129,100,100,1.0,feasible,0.7084607934348456,0.7511460114044268,0.8008972064081767,0.09243641297333116,0.5286398416,0.588959224784,0.7302446791999999,0.20160483759999992,0.0,0.06489743425227143,0.18681324228333335,0.18681324228333335,0.13788782707202046,0.44560794093839035,1.0,0.8621121729279795,0.21673058195092276,0.0,0.0,0.0,0.0,-4.486574239653818e-05
130,100,100,1.0,feasible,0.7084607934348456,0.7516903268571328,0.8008972064081767,0.09243641297333116,0.5286398416,0.59104348892,0.7302446791999999,0.20160483759999992,0.0,0.06521306442690712,0.18681324228333335,0.18681324228333335,0.13788782707202046,0.4490525302029786,1.0,0.8621121729279795,0.21650111574020287,0.0,0.0,0.0,0.0,-0.00022946621071989748
131,100,100,1.0,feasible,0.7084607934348456,0.7505288721879197,0.8008972064081767,0.09243641297333116,0.5286398416,0.5905218219999999,0.7302446791999999,0.20160483759999992,0.0,0.0624699021331762,0.18681324228333335,0.18681324228333335,0.13788782707202046,0.45894883245308277,1.0,0.8621121729279795,0.21653957937767798,0.0,0.0,0.0,0.0,3.846363747511683e-05
132,100,100,1.0,feasible,0.7084607934348456,0.7510267987223762,0.8008972064081767,0.09243641297333116,0.5286398416,0.589704690656,0.7302446791999999,0.20160483759999992,0.0,0.06027321709450953,0.17704571205238093,0.17704571205238093,0.13788782707202046,0.45192265240619056,1.0,0.8621121729279795,0.21679316768878276,0.0,0.0,0.0,0.0,0.00025358831110477986
133,100,100,1.0,feasible,0.7084607934348456,0.7516950881909197,0.8029091067971326,0.09444831336228698,0.5286398416,0.590732508376,0.7302446791999999,0.20160483759999992,0.0,0.061621434617628576,0.1831474277547619,0.1831474277547619,0.13788782707202046,0.45273871275390976,1.0,0.8621121729279795,0.21656989815041952,0.0,0.0,0.0,0.0,-0.00022326953836324104
134,100,100,1.0,feasible,0.7084607934348456,0.7524324997183122,0.8029091067971326,0.09444831336228698,0.5286398416,0.5907019171439999,0.7302446791999999,0.20160483759999992,0.0,0.06254496542409761,0.1831474277547619,0.1831474277547619,0.13788782707202046,0.4554580756663242,1.0,0.8621121729279795,0.21635654780025942,0.0,0.0,0.0,0.0,-0.0002133503501600964
135,100,100,1.0,feasible,0.7084607934348456,0.7543251681143495,0.8029091067971326,0.09444831336228698,0.5286398416,0.598247416832,0.7302446791999999,0.20160483759999992,0.0,0.05899175108763572,0.1831474277547619,0.1831474277547619,0.13788782707202046,0.4401544491772533,1.0,0.8621121729279795,0.21593554341139815,0.0,0.0,0.0,0.0,-0.0004210043888612791
136,100,100,1.0,feasible,0.7084607934348456,0.753146461530009,0.8029091067971326,0.09444831336228698,0.5286398416,0.59428790364,0.7302446791999999,0.20160483759999992,0.0,0.06575421093233094,0.1831474277547619,0.1831474277547619,0.13788782707202046,0.43422272943569706,1.0,0.8621121729279795,0.21601839121107463,0.0,0.0,0.0,0.0,8.28477996764887e-05
137,100,100,1.0,feasible,0.7084607934348456,0.7541480193422637,0.8029091067971326,0.09444831336228698,0.5286398416,0.599084986576,0.7302446791999999,0.20160483759999992,0.0,0.06220658017195715,0.1831474277547619,0.1831474277547619,0.13788782707202046,0.43734035483058586,1.0,0.8621121729279795,0.21607000884594868,0.0,0.0,0.0,0.0,5.1617634874046026e-05
138,100,100,1.0,feasible,0.7084607934348456,0.7538194848281096,0.8029091067971326,0.09444831336228698,0.5286398416,0.597421536528,0.7302446791999999,0.20160483759999992,0.0,0.06476497403067168,0.19802337380952378,0.19802337380952378,0.13788782707202046,0.43642943528249445,1.0,0.8621121729279795,0.21584357240521795,0.0,0.0,0.0,0.0,-0.00022643644073072622
139,100,100,1.0,feasible,0.7084607934348456,0.7530310843711302,0.8029091067971326,0.09444831336228698,0.5286398416,0.5949202426159999,0.7302446791999999,0.20160483759999992,0.0,0.06383101827869786,0.19802337380952378,0.19802337380952378,0.13788782707202046,0.4480466154852195,1.0,0.8621121729279795,0.21575499887062036,0.0,0.0,0.0,0.0,-8.857353459759687e-05
140,100,100,1.0,feasible,0.7084607934348456,0.7532020226117595,0.8030073621648962,0.09454656873005063,0.5286398416,0.5936138783360001,0.7302446791999999,0.20160483759999992,0.0,0.06673899401931667,0.2112426656476191,0.2112426656476191,0.13788782707202046,0.43615815105316985,1.0,0.8621121729279795,0.21596913495116624,0.0,0.0,0.0,0.0,0.00021413608054587918
141,100,100,1.0,feasible,0.7084607934348456,0.7538970014162873,0.8030073621648962,0.09454656873005063,0.5286398416,0.5971188030719998,0.7302446791999999,0.20160483759999992,0.0,0.0613059541141262,0.19802337380952378,0.19802337380952378,0.13788782707202046,0.4331495648347861,1.0,0.8621121729279795,0.215842452284899,0.0,0.0,0.0,0.0,-0.0001266826662672249
142,100,100,1.0,feasible,0.7084607934348456,0.7518867806211084,0.8030073621648962,0.09454656873005063,0.5286398416,0.5923255894639999,0.7302446791999999,0.20160483759999992,0.0,0.06258086637470714,0.19802337380952378,0.19802337380952378,0.13788782707202046,0.4474228271507051,1.0,0.8621121729279795,0.2159497348022744,0.0,0.0,0.0,0.0,0.00010728251737537886
143,100,100,1.0,feasible,0.7084607934348456,0.754072629453369,0.8030073621648962,0.09454656873005063,0.5286398416,0.594325837872,0.7302446791999999,0.20160483759999992,0.0,0.06485315553492144,0.19802337380952378,0.19802337380952378,0.13788782707202046,0.42832603945248915,1.0,0.8621121729279795,0.2157850890585208,0.0,0.0,0.0,0.0,-0.00016464574375357754
144,100,100,1.0,feasible,0.7084607934348456,0.7518673310013432,0.8030073621648962,0.09454656873005063,0.5286398416,0.5907449958559999,0.7369131895999999,0.20827334799999986,0.0,0.0653804358876119,0.19416617390238097,0.19416617390238097,0.13788782707202046,0.44231693962072266,1.0,0.8621121729279795,0.21636214864653214,0.0,0.0,0.0,0.0,0.000577059588011325
145,100,100,1.0,feasible,0.7084607934348456,0.7526567713166934,0.8033157715451833,0.09485497811033772,0.5286398416,0.5939654749119999,0.7369131895999999,0.20827334799999986,0.0,0.05981840159941191,0.19416617390238097,0.19416617390238097,0.13788782707202046,0.4502134051814699,1.0,0.8621121729279795,0.21647834946615468,0.0,0.0,0.0,0.0,0.00011620081962254725
146,100,100,1.0,feasible,0.7084607934348456,0.7526098819859418,0.8033157715451833,0.09485497811033772,0.5286398416,0.5906825895679999,0.7369131895999999,0.20827334799999986,0.0,0.06693587983287144,0.19416617390238097,0.19416617390238097,0.13788782707202046,0.44134445414111667,1.0,0.8621121729279795,0.21653619365233473,0.0,0.0,0.0,0.0,5.784418618004494e-05
147,100,100,1.0,feasible,0.7084607934348456,0.7536219967915511,0.8033157715451833,0.09485497811033772,0.5286398416,0.5938188420080001,0.7369131895999999,0.20827334799999986,0.0,0.06472283089687143,0.19416617390238097,0.19416617390238097,0.13788782707202046,0.44865242361458113,1.0,0.8621121729279795,0.21611660063899626,0.0,0.0,0.0,0.0,-0.0004195930133384651
148,100,100,1.0,feasible,0.7084607934348456,0.7553158810344827,0.8033157715451833,0.09485497811033772,0.5286398416,0.5969433967199999,0.7397976039999998,0.21115776239999984,0.0,0.0642059838512881,0.19416617390238097,0.19416617390238097,0.13788782707202046,0.4364569937738842,1.0,0.8621121729279795,0.21617229849989608,0.0,0.0,0.0,0.0,5.56978608998171e-05
149,100,100,1.0,feasible,0.7084607934348456,0.7548077315847768,0.8033157715451833,0.09485497811033772,0.5286398416,0.59416212152,0.7397976039999998,0.21115776239999984,0.0,0.06535707666733095,0.19416617390238097,0.19416617390238097,0.13788782707202046,0.43598802042008794,1.0,0.8621121729279795,0.21622390455709312,0.0,0.0,0.0,0.0,5.160605719703448e-05
150,100,100,1.0,feasible,0.7084607934348456,0.7544650631896116,0.8033157715451833,0.09485497811033772,0.5286398416,0.5959110016719998,0.7397976039999998,0.21115776239999984,0.0,0.060472003067557144,0.19416617390238097,0.19416617390238097,0.13788782707202046,0.4371119692313597,1.0,0.8621121729279795,0.21623623064465936,0.0,0.0,0.0,0.0,1.2326087566238986e-05
151,100,100,1.0,feasible,0.7084607934348456,0.7555761059607906,0.8033157715451833,0.09485497811033772,0.5286398416,0.598603835888,0.7397976039999998,0.21115776239999984,0.0,0.06113034612385238,0.19416617390238097,0.19416617390238097,0.13788782707202046,0.43063369739558643,1.0,0.8621121729279795,0.21627612771177787,0.0,0.0,0.0,0.0,3.989706711851615e-05
152,100,100,1.0,feasible,0.7084607934348456,0.7568007853740428,0.8044974494619155,0.0960366560270699,0.5286398416,0.6013492465199999,0.7397976039999998,0.21115776239999984,0.0,0.06161836554322856,0.19416617390238097,0.19416617390238097,0.13788782707202046,0.41490797156458314,1.0,0.8621121729279795,0.21623940443395046,0.0,0.0,0.0,0.0,-3.6723277827416245e-05
153,100,100,1.0,feasible,0.7084607934348456,0.7549773321237333,0.8044974494619155,0.0960366560270699,0.5286398416,0.5982719632719998,0.7397976039999998,0.21115776239999984,0.0,0.05790089799129523,0.19416617390238097,0.19416617390238097,0.13788782707202046,0.44381408656308385,1.0,0.8621121729279795,0.21625085685128942,0.0,0.0,0.0,0.0,1.1452417338964072e-05
154,100,100,1.0,feasible,0.7084607934348456,0.7560134252646816,0.8044974494619155,0.0960366560270699,0.5286398416,0.5981168254239999,0.7397976039999998,0.21115776239999984,0.0,0.06098037889500952,0.19416617390238097,0.19416617390238097,0.13788782707202046,0.43029409818073405,1.0,0.8621121729279795,0.21622959178035597,0.0,0.0,0.0,0.0,-2.1265070933446095e-05
155,100,100,1.0,feasible,0.7084607934348456,0.7528557111270996,0.8044974494619155,0.0960366560270699,0.5286398416,0.5912747250479999,0.7397976039999998,0.21115776239999984,0.0,0.05989160064602857,0.19416617390238097,0.19416617390238097,0.13788782707202046,0.4622700659478734,1.0,0.8621121729279795,0.216816363877175,0.0,0.0,0.0,0.0,0.0005867720968190382
156,100,100,1.0,feasible,0.7084607934348456,0.7558443996938935,0.8044974494619155,0.0960366560270699,0.5286398416,0.593671074824,0.7397976039999998,0.21115776239999984,0.0,0.06508350487464762,0.19416617390238097,0.19416617390238097,0.13788782707202046,0.4247598645373947,1.0,0.8621121729279795,0.2173684547309456,0.0,0.0,0.0,0.0,0.0005520908537705871
157,100,100,1.0,feasible,0.7084607934348456,0.7537029651919488,0.8044974494619155,0.0960366560270699,0.5286398416,0.59309887556,0.7397976039999998,0.21115776239999984,0.0,0.06084038131726666,0.19416617390238097,0.19416617390238097,0.13788782707202046,0.44694926500455545,1.0,0.8621121729279795,0.21694991936489932,0.0,0.0,0.0,0.0,-0.0004185353660462743
158,100,100,1.0,feasible,0.7084607934348456,0.7538160964906772,0.8044974494619155,0.0960366560270699,0.5286398416,0.5928364313759998,0.7397976039999998,0.21115776239999984,0.0,0.06213507214579048,0.20750157155714288,0.20750157155714288,0.13788782707202046,0.4405895313035329,1.0,0.8621121729279795,0.21716094335454128,0.0,0.0,0.0,0.0,0.00021102398964195634
159,100,100,1.0,feasible,0.7084607934348456,0.7544209699614534,0.8044974494619155,0.0960366560270699,0.5286398416,0.594335757392,0.7397976039999998,0.21115776239999984,0.0,0.061989268478492864,0.19416617390238097,0.19416617390238097,0.13788782707202046,0.43834137843238424,1.0,0.8621121729279795,0.2166476203405475,0.0,0.0,0.0,0.0,-0.0005133230139937883
160,100,100,1.0,feasible,0.7084607934348456,0.7532630986604574,0.8044974494619155,0.0960366560270699,0.5286398416,0.592946880408,0.7397976039999998,0.21115776239999984,0.0,0.06286241407880237,0.19416617390238097,0.19416617390238097,0.13788782707202046,0.4500164174341132,1.0,0.8621121729279795,0.2163489561028489,0.0,0.0,0.0,0.0,-0.0002986642376985871
161,100,100,1.0,feasible,0.7084607934348456,0.755445994602585,0.8044974494619155,0.0960366560270699,0.5286398416,0.5963020274079999,0.7397976039999998,0.21115776239999984,0.0,0.05987492827927143,0.19416617390238097,0.19416617390238097,0.13788782707202046,0.43223073898277375,1.0,0.8621121729279795,0.21650348683457393,0.0,0.0,0.0,0.0,0.00015453073172502774
162,100,100,1.0,feasible,0.7084607934348456,0.7545765046552597,0.8044974494619155,0.0960366560270699,0.5286398416,0.597355099832,0.7397976039999998,0.21115776239999984,0.0,0.05798418753772143,0.19416617390238097,0.19416617390238097,0.13788782707202046,0.4441865494311312,1.0,0.8621121729279795,0.21663497220284644,0.0,0.0,0.0,0.0,0.00013148536827251034
163,100,100,1.0,feasible,0.7084607934348456,0.7560566693649383,0.8044974494619155,0.0960366560270699,0.5286398416,0.60219698004,0.7398911495999999,0.21125130799999992,0.0,0.056011729810303106,0.19416617390238097,0.19416617390238097,0.13788782707202046,0.4365570560315997,1.0,0.8621121729279795,0.21676070551976853,0.0,0.0,0.0,0.0,0.00012573331692208867
164,100,100,1.0,feasible,0.7084607934348456,0.758490094123803,0.8049619273367867,0.09650113390194115,0.5286398416,0.605141013584,0.7398911495999999,0.21125130799999992,0.0,0.05988166069932691,0.19416617390238097,0.19416617390238097,0.13788782707202046,0.40725373611311133,1.0,0.8621121729279795,0.2169109702830092,0.0,0.0,0.0,0.0,0.00015026476324067617
165,100,100,1.0,feasible,0.7084607934348456,0.7536748778661506,0.8049619273367867,0.09650113390194115,0.5286398416,0.594079967248,0.7398911495999999,0.21125130799999992,0.0,0.061980143900976906,0.19416617390238097,0.19416617390238097,0.13788782707202046,0.4462444804607233,1.0,0.8621121729279795,0.21703223712130998,0.0,0.0,0.0,0.0,0.0001212668383007709
166,100,100,1.0,feasible,0.7084607934348456,0.7566425600456981,0.8049619273367867,0.09650113390194115,0.5286398416,0.5983655461199998,0.7398911495999999,0.21125130799999992,0.0,0.06351866395321025,0.20322300557761905,0.20322300557761905,0.13788782707202046,0.4264369156351421,1.0,0.8621121729279795,0.21695129827791898,0.0,0.0,0.0,0.0,-8.093884339099855e-05
167,100,100,1.0,feasible,0.7084607934348456,0.7576671649512499,0.8049619273367867,0.09650113390194115,0.5286398416,0.5995667619599999,0.7398911495999999,0.21125130799999992,0.0,0.0610237077262912,0.19416617390238097,0.19416617390238097,0.13788782707202046,0.42867463929810706,1.0,0.8621121729279795,0.2170813194352766,0.0,0.0,0.0,0.0,0.0001300211573576071
168,100,100,1.0,feasible,0.7084607934348456,0.7562570858414874,0.8049619273367867,0.09650113390194115,0.5286398416,0.5942714043279999,0.7398911495999999,0.21125130799999992,0.0,0.06365100932424357,0.19416617390238097,0.19416617390238097,0.13788782707202046,0.4304865032814037,1.0,0.8621121729279795,0.21685664399105176,0.0,0.0,0.0,0.0,-0.0002246754442248311
169,100,100,1.0,feasible,0.7084607934348456,0.7563005592660423,0.8049619273367867,0.09650113390194115,0.5286398416,0.5949132604799999,0.7398911495999999,0.21125130799999992,0.0,0.06498367481509999,0.19416617390238097,0.19416617390238097,0.13788782707202046,0.4323128170755244,1.0,0.8621121729279795,0.21653189136943243,0.0,0.0,0.0,0.0,-0.00032475262161932306
170,100,100,1.0,feasible,0.7084607934348456,0.7564237248914238,0.8049619273367867,0.09650113390194115,0.5286398416,0.5986364008159998,0.7398911495999999,0.21125130799999992,0.0,0.060672939898530946,0.19416617390238097,0.19416617390238097,0.13788782707202046,0.4288116568870446,1.0,0.8621121729279795,0.21685728054864575,0.0,0.0,0.0,0.0,0.0003253891792133201
171,100,100,1.0,feasible,0.7084607934348456,0.7554105789056915,0.8083038945284566,0.09984310109361105,0.5286398416,0.5947956359919999,0.7398332167999999,0.21119337519999992,0.0,0.06359878858884763,0.19416617390238097,0.19416617390238097,0.13788782707202046,0.42428032436338214,1.0,0.8621121729279795,0.21740956366407682,0.0,0.0,0.0,0.0,0.0005522831154310681
172,100,100,1.0,feasible,0.7084607934348456,0.7562071741178729,0.8083038945284566,0.09984310109361105,0.5286398416,0.5981705269519999,0.7398332167999999,0.21119337519999992,0.0,0.06021028963637143,0.19416617390238097,0.19416617390238097,0.13788782707202046,0.4238458978745062,1.0,0.8621121729279795,0.2168476867089739,0.0,0.0,0.0,0.0,-0.0005618769551029301
173,100,100,1.0,feasible,0.7084607934348456,0.7559350804824446,0.8083038945284566,0.09984310109361105,0.5286398416,0.5959559388799999,0.7398332167999999,0.21119337519999992,0.0,0.06050554357672859,0.19416617390238097,0.19416617390238097,0.13788782707202046,0.4303778409542513,1.0,0.8621121729279795,0.2168324222417946,0.0,0.0,0.0,0.0,-1.5264467179282315e-05
174,100,100,1.0,feasible,0.7084607934348456,0.7564632052674725,0.8083038945284566,0.09984310109361105,0.5286398416,0.5979543988959999,0.7398332167999999,0.21119337519999992,0.0,0.057598492835100004,0.20484297427142856,0.20484297427142856,0.13788782707202046,0.42733786176388533,1.0,0.8621121729279795,0.21725103622586267,0.0,0.0,0.0,0.0,0.0004186139840680614
175,100,100,1.0,feasible,0.7084607934348456,0.7574352987947602,0.8083038945284566,0.09984310109361105,0.5286398416,0.6001961570719999,0.7398332167999999,0.21119337519999992,0.0,0.057631484765597624,0.20484297427142856,0.20484297427142856,0.13788782707202046,0.4194331599800173,1.0,0.8621121729279795,0.21733915773208,0.0,0.0,0.0,0.0,8.812150621734238e-05
176,100,100,1.0,feasible,0.7084607934348456,0.758230835062704,0.8083038945284566,0.09984310109361105,0.5286398416,0.5985624908159999,0.7398332167999999,0.21119337519999992,0.0,0.05933682882568096,0.20484297427142856,0.20484297427142856,0.13788782707202046,0.4072309493530686,1.0,0.8621121729279795,0.2178179939640574,0.0,0.0,0.0,0.0,0.000478836231977392
177,100,100,1.0,feasible,0.7084607934348456,0.7570497812141349,0.8083038945284566,0.09984310109361105,0.5286398416,0.5962082012,0.7398332167999999,0.21119337519999992,0.0,0.061318269124716655,0.20484297427142856,0.20484297427142856,0.13788782707202046,0.41695776617623415,1.0,0.8621121729279795,0.21774040334612754,0.0,0.0,0.0,0.0,-7.759061792986244e-05
178,100,100,1.0,feasible,0.7084607934348456,0.7567624661207333,0.8083038945284566,0.09984310109361105,0.5286398416,0.5956669947839999,0.7398356671999998,0.21119582559999983,0.0,0.06102303473581286,0.20484297427142856,0.20484297427142856,0.13788782707202046,0.41928545904346487,1.0,0.8621121729279795,0.21764426397389175,0.0,0.0,0.0,0.0,-9.613937223579283e-05
179,100,100,1.0,feasible,0.7084607934348456,0.7567237106988993,0.8083038945284566,0.09984310109361105,0.5286398416,0.5966692884239999,0.7398356671999998,0.21119582559999983,0.0,0.06258914635188428,0.20484297427142856,0.20484297427142856,0.13788782707202046,0.4266795383384342,1.0,0.8621121729279795,0.21741387683912128,0.0,0.0,0.0,0.0,-0.00023038713477047112
180,100,100,1.0,feasible,0.7084607934348456,0.7576119844845028,0.8083038945284566,0.09984310109361105,0.5286398416,0.597025955408,0.7398356671999998,0.21119582559999983,0.0,0.06246986653177952,0.20484297427142856,0.20484297427142856,0.13788782707202046,0.4167072984032968,1.0,0.8621121729279795,0.21719041718880738,0.0,0.0,0.0,0.0,-0.00022345965031389525
181,100,100,1.0,feasible,0.7084607934348456,0.757409529766452,0.8083038945284566,0.09984310109361105,0.5286398416,0.5966381647679999,0.7398356671999998,0.21119582559999983,0.0,0.06307777176065808,0.20484297427142856,0.20484297427142856,0.13788782707202046,0.42031725996400204,1.0,0.8621121729279795,0.21753937617380326,0.0,0.0,0.0,0.0,0.00034895898499587297
182,100,100,1.0,feasible,0.7084607934348456,0.7573174616303001,0.8083038945284566,0.09984310109361105,0.5286398416,0.5935307328,0.7398356671999998,0.21119582559999983,0.0,0.06380274410872477,0.2008940810928572,0.2008940810928572,0.13788782707202046,0.4319756679549356,1.0,0.8621121729279795,0.2174290465673375,0.0,0.0,0.0,0.0,-0.00011032960646575884
183,100,100,1.0,feasible,0.7084607934348456,0.7575526616398931,0.8083038945284566,0.09984310109361105,0.5286398416,0.5957086454559999,0.7398356671999998,0.21119582559999983,0.0,0.060352722407212865,0.1736972861395238,0.1736972861395238,0.13788782707202046,0.424368908098246,1.0,0.8621121729279795,0.21757355904876222,0.0,0.0,0.0,0.0,0.00014451248142471895
184,100,100,1.0,feasible,0.7084607934348456,0.7593207436598468,0.8083038945284566,0.09984310109361105,0.5286398416,0.59736805712,0.7398356671999998,0.21119582559999983,0.0,0.06242285393009048,0.1736972861395238,0.1736972861395238,0.13788782707202046,0.41099579449364154,1.0,0.8621121729279795,0.21780708665135926,0.0,0.0,0.0,0.0,0.00023352760259703897
185,100,100,1.0,feasible,0.7084607934348456,0.7602645225707707,0.8083038945284566,0.09984310109361105,0.5286398416,0.6002152226719999,0.7398356671999998,0.21119582559999983,0.0,0.059921655584570944,0.1736972861395238,0.1736972861395238,0.13788782707202046,0.40879904888151913,1.0,0.8621121729279795,0.21763789373126685,0.0,0.0,0.0,0.0,-0.0001691929200924036
186,100,100,1.0,feasible,0.7084607934348456,0.7601771663727697,0.8083038945284566,0.09984310109361105,0.5286398416,0.5982650634159998,0.7404988767999999,0.21185903519999993,0.0,0.06167271165829,0.1736972861395238,0.1736972861395238,0.13788782707202046,0.39926472484773584,1.0,0.8621121729279795,0.2176000044700046,0.0,0.0,0.0,0.0,-3.788926126224723e-05
187,100,100,1.0,feasible,0.7084607934348456,0.7604389579526625,0.8083038945284566,0.09984310109361105,0.5286398416,0.601330136456,0.7404988767999999,0.21185903519999993,0.0,0.05826484875595714,0.1736972861395238,0.1736972861395238,0.13788782707202046,0.4022185375572297,1.0,0.8621121729279795,0.21742992939170064,0.0,0.0,0.0,0.0,-0.00017007507830396618
188,100,100,1.0,feasible,0.7084607934348456,0.7596402334571714,0.8083038945284566,0.09984310109361105,0.5286398416,0.5984851486319999,0.7404988767999999,0.21185903519999993,0.0,0.0589753261208738,0.1736972861395238,0.1736972861395238,0.13788782707202046,0.4013949740374268,1.0,0.8621121729279795,0.21741726490820498,0.0,0.0,0.0,0.0,-1.2664483495655743e-05
189,100,100,1.0,feasible,0.7084607934348456,0.7581767761943383,0.8083038945284566,0.09984310109361105,0.5286398416,0.5978161638159999,0.7405733511999998,0.2119335095999998,0.0,0.05646528385858571,0.1824704370095238,0.1824704370095238,0.13788782707202046,0.42087806883648216,1.0,0.8621121729279795,0.2176370113424061,0.0,0.0,0.0,0.0,0.0002197464342011124
190,100,100,1.0,feasible,0.7084607934348456,0.7592007484773166,0.8083038945284566,0.09984310109361105,0.5286398416,0.5992548879519999,0.7405733511999998,0.2119335095999998,0.0,0.05833655684333571,0.1736972861395238,0.1736972861395238,0.13788782707202046,0.4072976186412552,1.0,0.8621121729279795,0.217589527063218,0.0,0.0,0.0,0.0,-4.7484279188103606e-05
191,100,100,1.0,feasible,0.7084607934348456,0.7573924497723824,0.8083038945284566,0.09984310109361105,0.5286398416,0.597755207432,0.7405733511999998,0.2119335095999998,0.0,0.055022075408695234,0.1736972861395238,0.1736972861395238,0.13788782707202046,0.43076788456310083,1.0,0.8621121729279795,0.21765042662991027,0.0,0.0,0.0,0.0,6.089956669227958e-05
192,100,100,1.0,feasible,0.7084607934348456,0.758229093082518,0.8083038945284566,0.09984310109361105,0.5286398416,0.598733480128,0.7405733511999998,0.2119335095999998,0.0,0.05516858597638571,0.1736972861395238,0.1736972861395238,0.13788782707202046,0.418125472039371,1.0,0.8621121729279795,0.2176985065474887,0.0,0.0,0.0,0.0,4.8079917578436326e-05
193,100,100,1.0,feasible,0.7084607934348456,0.7593217640372911,0.8083038945284566,0.09984310109361105,0.5286398416,0.6010711839279999,0.7405733511999998,0.2119335095999998,0.0,0.05610375565871905,0.1736972861395238,0.1736972861395238,0.13788782707202046,0.41577692205792355,1.0,0.8621121729279795,0.21752639218047018,0.0,0.0,0.0,0.0,-0.00017211436701852767
194,100,100,1.0,feasible,0.7084607934348456,0.7594454594988922,0.8083038945284566,0.09984310109361105,0.5286398416,0.5989306235119999,0.7405733511999998,0.2119335095999998,0.0,0.05873589409810953,0.1736972861395238,0.1736972861395238,0.13788782707202046,0.41007616265967983,1.0,0.8621121729279795,0.2176338715538545,0.0,0.0,0.0,0.0,0.00010747937338431712
195,100,100,1.0,feasible,0.7084607934348456,0.7570475985305145,0.8083038945284566,0.09984310109361105,0.5286398416,0.5938992436799999,0.7259307512,0.19729090959999995,0.0,0.05667141661261905,0.17538635851571427,0.17538635851571427,0.13788782707202046,0.42196835815801104,1.0,0.8621121729279795,0.21834175094992656,0.0,0.0,0.0,0.0,0.0007078793960720586
196,100,100,1.0,feasible,0.7084607934348456,0.7590510078663248,0.8083038945284566,0.09984310109361105,0.5286398416,0.5986481123119999,0.7259307512,0.19729090959999995,0.0,0.05757201193487167,0.17538635851571427,0.17538635851571427,0.13788782707202046,0.4049887237874866,1.0,0.8621121729279795,0.21815059239802886,0.0,0.0,0.0,0.0,-0.00019115855189769104
197,100,100,1.0,feasible,0.7084607934348456,0.7574236696291838,0.8083038945284566,0.09984310109361105,0.5286398416,0.594525583192,0.7264874304,0.19784758879999997,0.0,0.058802244700866674,0.17538635851571427,0.17538635851571427,0.13788782707202046,0.41060814024469594,1.0,0.8621121729279795,0.21846668926933882,0.0,0.0,0.0,0.0,0.00031609687130995656
198,100,100,1.0,feasible,0.7084607934348456,0.7586789580991752,0.8083038945284566,0.09984310109361105,0.5286398416,0.5981190218959999,0.7290845663999999,0.20044472479999986,0.0,0.057866838309897604,0.17538635851571427,0.17538635851571427,0.13788782707202046,0.40662651730300914,1.0,0.8621121729279795,0.21839876174161993,0.0,0.0,0.0,0.0,-6.792752771889177e-05
199,100,100,1.0,feasible,0.7084607934348456,0.7544420570849252,0.8083038945284566,0.09984310109361105,0.5286398416,0.5903553202719998,0.7290845663999999,0.20044472479999986,0.0,0.05706704569585714,0.17538635851571427,0.17538635851571427,0.13788782707202046,0.436717621678602,1.0,0.8621121729279795,0.21858363192766117,0.0,0.0,0.0,0.0,0.0001848701860412416
200,100,100,1.0,feasible,0.7084607934348456,0.7558206854054383,0.8083038945284566,0.09984310109361105,0.5286398416,0.5919045193999998,0.7282252063999999,0.1995853647999999,0.0,0.059085948599976186,0.17538635851571427,0.17538635851571427,0.13788782707202046,0.42425839200876353,1.0,0.8621121729279795,0.21884821964748546,0.0,0.0,0.0,0.0,0.0002645877198242941
201,100,100,1.0,feasible,0.7084607934348456,0.7556974580983029,0.8083038945284566,0.09984310109361105,0.5286398416,0.5954062303279999,0.7325963303999998,0.20395648879999984,0.0,0.056082014247647624,0.17538635851571427,0.17538635851571427,0.13788782707202046,0.4288013810309185,1.0,0.8621121729279795,0.2188378548161649,0.0,0.0,0.0,0.0,-1.036483132055288e-05
202,100,100,1.0,feasible,0.7084607934348456,0.7558757737690334,0.8083038945284566,0.09984310109361105,0.5286398416,0.592280368712,0.7325963303999998,0.20395648879999984,0.0,0.05886498612190984,0.17538635851571427,0.17538635851571427,0.13788782707202046,0.41782234050792044,1.0,0.8621121729279795,0.21873736846149594,0.0,0.0,0.0,0.0,-0.0001004863546689716
203,100,100,1.0,feasible,0.7084607934348456,0.7565635444351418,0.8083038945284566,0.09984310109361105,0.5286398416,0.5930456498159998,0.7325963303999998,0.20395648879999984,0.0,0.06058898356085271,0.17538635851571427,0.17538635851571427,0.13788782707202046,0.40366357995912805,1.0,0.8621121729279795,0.2185301877588586,0.0,0.0,0.0,0.0,-0.00020718070263733845
204,100,100,1.0,feasible,0.7084607934348456,0.7563432055430555,0.8083038945284566,0.09984310109361105,0.5286398416,0.59376061704,0.7325963303999998,0.20395648879999984,0.0,0.059003806068123416,0.17538635851571427,0.17538635851571427,0.13788782707202046,0.4162608561714375,1.0,0.8621121729279795,0.21842185276550868,0.0,0.0,0.0,0.0,-0.00010833499334991781
205,100,100,1.0,feasible,0.7084607934348456,0.756320007707603,0.8083038945284566,0.09984310109361105,0.5286398416,0.5938347347919999,0.7325963303999998,0.20395648879999984,0.0,0.05930140898688072,0.17368043762880953,0.17368043762880953,0.13788782707202046,0.4167458579116353,1.0,0.8621121729279795,0.21858266685964275,0.0,0.0,0.0,0.0,0.00016081409413407077
206,100,100,1.0,feasible,0.7084607934348456,0.7581889745635151,0.8083038945284566,0.09984310109361105,0.5286398416,0.5976184618559999,0.7325963303999998,0.20395648879999984,0.0,0.05775737361332073,0.17368043762880953,0.17368043762880953,0.13788782707202046,0.40684405829455833,1.0,0.8621121729279795,0.21843093943364544,0.0,0.0,0.0,0.0,-0.00015172742599731115
207,100,100,1.0,feasible,0.7084607934348456,0.7578856197198821,0.8083038945284566,0.09984310109361105,0.5286398416,0.5960020797199999,0.7325963303999998,0.20395648879999984,0.0,0.06063587958045906,0.17368043762880953,0.17368043762880953,0.13788782707202046,0.40226078999232817,1.0,0.8621121729279795,0.21832677799501127,0.0,0.0,0.0,0.0,-0.00010416143863417604
208,100,100,1.0,feasible,0.7084607934348456,0.7566056263582928,0.8083038945284566,0.09984310109361105,0.5286398416,0.5939108047599998,0.7335127191999998,0.20487287759999984,0.0,0.05951898625668571,0.18219900918785714,0.18219900918785714,0.13788782707202046,0.41855869414994357,1.0,0.8621121729279795,0.21832799860395916,0.0,0.0,0.0,0.0,1.2206089478883353e-06
209,100,100,1.0,feasible,0.7084607934348456,0.7557746539436274,0.8083038945284566,0.09984310109361105,0.5286398416,0.593029725496,0.7335127191999998,0.20487287759999984,0.0,0.05561770391547857,0.18219900918785714,0.18219900918785714,0.13788782707202046,0.43382483896837826,1.0,0.8621121729279795,0.21838711630589422,0.0,0.0,0.0,0.0,5.911770193506305e-05
210,100,100,1.0,feasible,0.7084607934348456,0.7561712994034849,0.8083038945284566,0.09984310109361105,0.5286398416,0.5905565747919999,0.7335127191999998,0.20487287759999984,0.0,0.058369982805809524,0.1974370751452381,0.1974370751452381,0.13788782707202046,0.4291299829249157,1.0,0.8621121729279795,0.2185254874805616,0.0,0.0,0.0,0.0,0.0001383711746673899
211,100,100,1.0,feasible,0.7084607934348456,0.7570761972319606,0.8083038945284566,0.09984310109361105,0.5286398416,0.5942784926160001,0.7335127191999998,0.20487287759999984,0.0,0.05934017009219763,0.1974370751452381,0.1974370751452381,0.13788782707202046,0.4199933122699733,1.0,0.8621121729279795,0.21820696341284945,0.0,0.0,0.0,0.0,-0.0003185240677121559
212,100,100,1.0,feasible,0.7084607934348456,0.75570204825842,0.8083038945284566,0.09984310109361105,0.5286398416,0.5920777147199999,0.7339420711999998,0.20530222959999977,0.0,0.05735751263149286,0.1974370751452381,0.1974370751452381,0.13788782707202046,0.43539851252216055,1.0,0.8621121729279795,0.21842178438214355,0.0,0.0,0.0,0.0,0.0002148209692940939
213,100,100,1.0,feasible,0.7084607934348456,0.7551487200704655,0.8083038945284566,0.09984310109361105,0.5286398416,0.5883804203999999,0.7360364615999998,0.2073966199999998,0.0,0.05926752633327857,0.1974370751452381,0.1974370751452381,0.13788782707202046,0.4317316480662931,1.0,0.8621121729279795,0.21852547181975335,0.0,0.0,0.0,0.0,0.0001036874376098007
214,100,100,1.0,feasible,0.7084607934348456,0.7564698805086075,0.8083038945284566,0.09984310109361105,0.5286398416,0.5892653307439999,0.7360364615999998,0.2073966199999998,0.0,0.06164508401785715,0.1974370751452381,0.1974370751452381,0.13788782707202046,0.4243666397969828,1.0,0.8621121729279795,0.21848069981790252,0.0,0.0,0.0,0.0,-4.477200185082353e-05
215,100,100,1.0,feasible,0.7084607934348456,0.7567672170320757,0.8083038945284566,0.09984310109361105,0.5286398416,0.590620049336,0.7360364615999998,0.2073966199999998,0.0,0.061323551432678564,0.1979490078452381,0.1979490078452381,0.13788782707202046,0.4219876366915953,1.0,0.8621121729279795,0.2186444647364167,0.0,0.0,0.0,0.0,0.0001637649185141643
216,100,100,1.0,feasible,0.7084607934348456,0.7573359905394799,0.8083038945284566,0.09984310109361105,0.5286398416,0.5919290679999998,0.7370637767999998,0.2084239351999998,0.0,0.06023397561155477,0.1979490078452381,0.1979490078452381,0.13788782707202046,0.428527861119193,1.0,0.8621121729279795,0.21843762404741665,0.0,0.0,0.0,0.0,-0.00020684068900003738
217,100,100,1.0,feasible,0.7084607934348456,0.7581931346920621,0.8083038945284566,0.09984310109361105,0.5286398416,0.5928317452399999,0.7370637767999998,0.2084239351999998,0.0,0.0632399304656738,0.1979490078452381,0.1979490078452381,0.13788782707202046,0.408096686922365,1.0,0.8621121729279795,0.21821669959121562,0.0,0.0,0.0,0.0,-0.00022092445620103263
218,100,100,1.0,feasible,0.7084607934348456,0.7561257955435788,0.8083038945284566,0.09984310109361105,0.5286398416,0.5936456293679998,0.7370637767999998,0.2084239351999998,0.0,0.058600459072559515,0.21126010509047619,0.21126010509047619,0.13788782707202046,0.42987614304421207,1.0,0.8621121729279795,0.21825351796427983,0.0,0.0,0.0,0.0,3.681837306421243e-05
219,100,100,1.0,feasible,0.7084607934348456,0.7571242554820086,0.8083038945284566,0.09984310109361105,0.5286398416,0.59603918804,0.7370637767999998,0.2084239351999998,0.0,0.05910413448481904,0.21126010509047619,0.21126010509047619,0.13788782707202046,0.4175090380914781,1.0,0.8621121729279795,0.21805866807888288,0.0,0.0,0.0,0.0,-0.00019484988539694714
220,100,100,1.0,feasible,0.7084607934348456,0.7574932787705161,0.8083038945284566,0.09984310109361105,0.5286398416,0.5937355933599998,0.7370637767999998,0.2084239351999998,0.0,0.06473119398252856,0.21169972918880953,0.21169972918880953,0.13788782707202046,0.4149889607121741,1.0,0.8621121729279795,0.21791059614976185,0.0,0.0,0.0,0.0,-0.00014807192912102973
221,100,100,1.0,feasible,0.7084607934348456,0.7567849970584131,0.8083038945284566,0.09984310109361105,0.5286398416,0.5957443203439999,0.7370637767999998,0.2084239351999998,0.0,0.06322646414963642,0.21190616860888095,0.21190616860888095,0.13788782707202046,0.4291580400923998,1.0,0.8621121729279795,0.21738658366996286,0.0,0.0,0.0,0.0,-0.0005240124797989965
222,100,100,1.0,feasible,0.7084607934348456,0.7558549317103588,0.8083038945284566,0.09984310109361105,0.5286398416,0.5927004244159998,0.7370637767999998,0.2084239351999998,0.0,0.06319271341307928,0.21190616860888095,0.21190616860888095,0.13788782707202046,0.4306016264577013,1.0,0.8621121729279795,0.21757209846432124,0.0,0.0,0.0,0.0,0.00018551479435838236
223,100,100,1.0,feasible,0.7084607934348456,0.7563521446409573,0.8083038945284566,0.09984310109361105,0.5286398416,0.5901619301519999,0.7370637767999998,0.2084239351999998,0.0,0.06889538808646738,0.21190616860888095,0.21190616860888095,0.13788782707202046,0.41781078287554413,1.0,0.8621121729279795,0.21737444449918406,0.0,0.0,0.0,0.0,-0.00019765396513718447
224,100,100,1.0,feasible,0.7084607934348456,0.7570425196876147,0.8083038945284566,0.09984310109361105,0.5286398416,0.5917081471519999,0.7370637767999998,0.2084239351999998,0.0,0.067295722335515,0.21190616860888095,0.21190616860888095,0.13788782707202046,0.41777571927373225,1.0,0.8621121729279795,0.21752343925677134,0.0,0.0,0.0,0.0,0.0001489947575872841
225,100,100,1.0,feasible,0.7084607934348456,0.7556780201943034,0.8083038945284566,0.09984310109361105,0.5286398416,0.5932416460639999,0.7370637767999998,0.2084239351999998,0.0,0.06457007646437214,0.21190616860888095,0.21190616860888095,0.13788782707202046,0.4331253198984599,1.0,0.8621121729279795,0.21767926233904403,0.0,0.0,0.0,0.0,0.00015582308227268804
226,100,100,1.0,feasible,0.7084607934348456,0.7578068184065022,0.8083038945284566,0.09984310109361105,0.5286398416,0.589538124536,0.7286144311999998,0.1999745895999998,0.0,0.07366677229904119,0.22200614995880955,0.22200614995880955,0.13788782707202046,0.40879595618345077,1.0,0.8621121729279795,0.2178800970621571,0.0,0.0,0.0,0.0,0.00020083472311308026
227,100,100,1.0,feasible,0.7084607934348456,0.7577584123925137,0.8087337310100641,0.10027293757521849,0.5286398416,0.5926629306559998,0.7286144311999998,0.1999745895999998,0.0,0.06951103740070548,0.21190616860888095,0.21190616860888095,0.13788782707202046,0.4173299147889891,1.0,0.8621121729279795,0.21805259874008284,0.0,0.0,0.0,0.0,0.0001725016779257349
228,100,100,1.0,feasible,0.7084607934348456,0.7589555569227148,0.8087337310100641,0.10027293757521849,0.5286398416,0.5970100577599999,0.7286144311999998,0.1999745895999998,0.0,0.06628208489634357,0.21190616860888095,0.21190616860888095,0.13788782707202046,0.4156728598349568,1.0,0.8621121729279795,0.21803809276419558,0.0,0.0,0.0,0.0,-1.4505975887257883e-05
229,100,100,1.0,feasible,0.7084607934348456,0.7575237212329725,0.8087337310100641,0.10027293757521849,0.5286398416,0.5927614045599999,0.7286144311999998,0.1999745895999998,0.0,0.06783029038084047,0.19842236032833335,0.19842236032833335,0.13788782707202046,0.4176695498885652,1.0,0.8621121729279795,0.21800000415178777,0.0,0.0,0.0,0.0,-3.8088612407810585e-05
230,100,100,1.0,feasible,0.7084607934348456,0.7570307594186596,0.8087337310100641,0.10027293757521849,0.5286398416,0.5938675102559999,0.7302665088,0.2016266672,0.0,0.06648452961805001,0.19842236032833335,0.19842236032833335,0.13788782707202046,0.42917359204598277,1.0,0.8621121729279795,0.21765279524197703,0.0,0.0,0.0,0.0,-0.00034720890981074226
231,100,100,1.0,feasible,0.7084607934348456,0.7574444803647115,0.8087337310100641,0.10027293757521849,0.5286398416,0.5939093658799999,0.7302665088,0.2016266672,0.0,0.06820800453366097,0.19842236032833335,0.19842236032833335,0.13788782707202046,0.4201901445769119,1.0,0.8621121729279795,0.21712162008201516,0.0,0.0,0.0,0.0,-0.0005311751599618719
232,100,100,1.0,feasible,0.7084607934348456,0.7573979943592694,0.8087337310100641,0.10027293757521849,0.5286398416,0.5924136990639999,0.7302665088,0.2016266672,0.0,0.06647608389300856,0.20235012333333333,0.20235012333333333,0.13788782707202046,0.4241724341420427,1.0,0.8621121729279795,0.21694705428747624,0.0,0.0,0.0,0.0,-0.0001745657945389223
233,100,100,1.0,feasible,0.7084607934348456,0.756193714243978,0.8087337310100641,0.10027293757521849,0.5286398416,0.592492386768,0.7302665088,0.2016266672,0.0,0.06330701614593714,0.20235012333333333,0.20235012333333333,0.13788782707202046,0.4406944569172434,1.0,0.8621121729279795,0.2168556822736405,0.0,0.0,0.0,0.0,-9.137201383574434e-05
234,100,100,1.0,feasible,0.7084607934348456,0.7557416156733469,0.8087337310100641,0.10027293757521849,0.5286398416,0.589144891112,0.7324758495999999,0.2038360079999999,0.0,0.06834462590997047,0.20235012333333333,0.20235012333333333,0.13788782707202046,0.42544366699581704,1.0,0.8621121729279795,0.21730054753457329,0.0,0.0,0.0,0.0,0.0004448652609327919
235,100,100,1.0,feasible,0.7084607934348456,0.7555544891790069,0.8087337310100641,0.10027293757521849,0.5286398416,0.5878776346159998,0.7324931079999999,0.2038532663999999,0.0,0.07413289842164905,0.20235012333333333,0.20235012333333333,0.13788782707202046,0.42781649949180417,1.0,0.8621121729279795,0.21697420181203145,0.0,0.0,0.0,0.0,-0.0003263457225418376
236,100,100,1.0,feasible,0.7084607934348456,0.7564767990651109,0.8087337310100641,0.10027293757521849,0.5286398416,0.589561804192,0.7324931079999999,0.2038532663999999,0.0,0.0728617900286038,0.20235012333333333,0.20235012333333333,0.13788782707202046,0.4212547440364356,1.0,0.8621121729279795,0.21708945936138838,0.0,0.0,0.0,0.0,0.00011525754935692856
237,100,100,1.0,feasible,0.7084607934348456,0.7548063092930772,0.8087337310100641,0.10027293757521849,0.5286398416,0.5868700707439999,0.7324931079999999,0.2038532663999999,0.0,0.06997689162153238,0.20235012333333333,0.20235012333333333,0.13788782707202046,0.441885088794936,1.0,0.8621121729279795,0.2174324493737575,0.0,0.0,0.0,0.0,0.00034299001236912097
238,100,100,1.0,feasible,0.7084607934348456,0.7572487095372646,0.8088283090017966,0.100367515566951,0.5286398416,0.5926284753039998,0.7324931079999999,0.2038532663999999,0.0,0.0693589709432381,0.20235012333333333,0.20235012333333333,0.13788782707202046,0.41755304115629777,1.0,0.8621121729279795,0.21670458961743583,0.0,0.0,0.0,0.0,-0.0007278597563216693
239,100,100,1.0,feasible,0.7084607934348456,0.7553137819493135,0.8088283090017966,0.100367515566951,0.5286398416,0.5886874064719998,0.7324931079999999,0.2038532663999999,0.0,0.0687429615942143,0.20235012333333333,0.20235012333333333,0.13788782707202046,0.4327834199920727,1.0,0.8621121729279795,0.21738099175320613,0.0,0.0,0.0,0.0,0.0006764021357703043
240,100,100,1.0,feasible,0.7084607934348456,0.7566588706495387,0.8088283090017966,0.100367515566951,0.5286398416,0.5906712733279998,0.7324931079999999,0.2038532663999999,0.0,0.06958917695605737,0.19770324272264286,0.19770324272264286,0.13788782707202046,0.41968556612428387,1.0,0.8621121729279795,0.21751426543129354,0.0,0.0,0.0,0.0,0.00013327367808740886
241,100,100,1.0,feasible,0.7084607934348456,0.7574744945554915,0.8088283090017966,0.100367515566951,0.5286398416,0.5943203398319998,0.7324931079999999,0.2038532663999999,0.0,0.06808501515357407,0.19770324272264286,0.19770324272264286,0.13788782707202046,0.4136838563912641,1.0,0.8621121729279795,0.21751360521416852,0.0,0.0,0.0,0.0,-6.602171250258415e-07
242,100,100,1.0,feasible,0.7084607934348456,0.7560505407714581,0.8088283090017966,0.100367515566951,0.5286398416,0.5905199752399999,0.7324931079999999,0.2038532663999999,0.0,0.06836931246497882,0.19770324272264286,0.19770324272264286,0.13788782707202046,0.4159875459736505,1.0,0.8621121729279795,0.2176359187628754,0.0,0.0,0.0,0.0,0.00012231354870689826
243,100,100,1.0,feasible,0.7084607934348456,0.7578410186210385,0.8088283090017966,0.100367515566951,0.5286398416,0.5938532572319999,0.7324931079999999,0.2038532663999999,0.0,0.06866653884235736,0.19770324272264286,0.19770324272264286,0.13788782707202046,0.4117558425846744,1.0,0.8621121729279795,0.21742040190424392,0.0,0.0,0.0,0.0,-0.00021551685863149816
244,100,100,1.0,feasible,0.7084607934348456,0.7561176722742573,0.8088283090017966,0.100367515566951,0.5286398416,0.5950724427359999,0.7324931079999999,0.2038532663999999,0.0,0.06360213205280951,0.1977108492192857,0.1977108492192857,0.13788782707202046,0.43315844791266206,1.0,0.8621121729279795,0.21786485845677006,0.0,0.0,0.0,0.0,0.0004444565525261457
245,100,100,1.0,feasible,0.7084607934348456,0.7549641698899411,0.8088283090017966,0.100367515566951,0.5286398416,0.5903032602319999,0.7324931079999999,0.2038532663999999,0.0,0.06671151890043191,0.1977108492192857,0.1977108492192857,0.13788782707202046,0.4291811230868953,1.0,0.8621121729279795,0.21823607334345507,0.0,0.0,0.0,0.0,0.0003712148866850118
246,100,100,1.0,feasible,0.7084607934348456,0.756814105573579,0.8088283090017966,0.100367515566951,0.5286398416,0.5947433544959998,0.7324931079999999,0.2038532663999999,0.0,0.06731230902701761,0.1977108492192857,0.1977108492192857,0.13788782707202046,0.41427402162560995,1.0,0.8621121729279795,0.217703302503147,0.0,0.0,0.0,0.0,-0.0005327708403080611
247,100,100,1.0,feasible,0.7084607934348456,0.7548516381385939,0.8088283090017966,0.100367515566951,0.5286398416,0.5923707375199999,0.7324931079999999,0.2038532663999999,0.0,0.06598211899552715,0.21975532178571427,0.21975532178571427,0.13788782707202046,0.4379849732645177,1.0,0.8621121729279795,0.2174833207556673,0.0,0.0,0.0,0.0,-0.000219981747479725
248,100,100,1.0,feasible,0.7084607934348456,0.7557691778286504,0.8088283090017966,0.100367515566951,0.5286398416,0.594907643648,0.7324931079999999,0.2038532663999999,0.0,0.06651477210881046,0.21975532178571427,0.21975532178571427,0.13788782707202046,0.42362952831400874,1.0,0.8621121729279795,0.2181566660239412,0.0,0.0,0.0,0.0,0.0006733452682739227
249,100,100,1.0,feasible,0.7084607934348456,0.7552091175631835,0.8088283090017966,0.100367515566951,0.5286398416,0.5969456642479999,0.7324931079999999,0.2038532663999999,0.0,0.06213265381942001,0.2169645282309524,0.2169645282309524,0.13788782707202046,0.42701695021060604,1.0,0.8621121729279795,0.21808482599190135,0.0,0.0,0.0,0.0,-7.184003203986045e-05
250,100,100,1.0,feasible,0.7084607934348456,0.7553144905569218,0.8088283090017966,0.100367515566951,0.5286398416,0.5971812677839998,0.7324931079999999,0.2038532663999999,0.0,0.0652128661128762,0.2169645282309524,0.2169645282309524,0.13788782707202046,0.42637241964122763,1.0,0.8621121729279795,0.21791860594607865,0.0,0.0,0.0,0.0,-0.00016622004582270145
251,100,100,1.0,feasible,0.7084607934348456,0.7526735679390577,0.8088283090017966,0.100367515566951,0.5286398416,0.5915918750159999,0.7324931079999999,0.2038532663999999,0.0,0.06671112810343095,0.2169645282309524,0.2169645282309524,0.13788782707202046,0.45626038068453967,1.0,0.8621121729279795,0.21736908282458994,0.0,0.0,0.0,0.0,-0.0005495231214887042
252,100,100,1.0,feasible,0.7084607934348456,0.755326863361415,0.8088283090017966,0.100367515566951,0.5286398416,0.5971940724399999,0.7325655143999998,0.20392567279999985,0.0,0.06669835448446668,0.2169645282309524,0.2169645282309524,0.13788782707202046,0.4397405350719526,1.0,0.8621121729279795,0.21695416232524817,0.0,0.0,0.0,0.0,-0.00041492049934177544
253,100,100,1.0,feasible,0.7084607934348456,0.754787967177716,0.8088283090017966,0.100367515566951,0.5286398416,0.5986862739919999,0.7325655143999998,0.20392567279999985,0.0,0.06367942526111477,0.20985700479957148,0.20985700479957148,0.13788782707202046,0.44642664847913566,1.0,0.8621121729279795,0.2168591768261519,0.0,0.0,0.0,0.0,-9.49854990962562e-05
254,100,100,1.0,feasible,0.7084607934348456,0.7528866217056495,0.8088283090017966,0.100367515566951,0.5286398416,0.5950328302239999,0.7325655143999998,0.20392567279999985,0.0,0.06385347059755833,0.20985700479957148,0.20985700479957148,0.13788782707202046,0.45831609397532824,1.0,0.8621121729279795,0.21727972040863439,0.0,0.0,0.0,0.0,0.00042054358248247437
255,100,100,1.0,feasible,0.7084607934348456,0.7541190201777336,0.8088283090017966,0.100367515566951,0.5286398416,0.5963517140159998,0.7325655143999998,0.20392567279999985,0.0,0.06276797876534096,0.20985700479957148,0.20985700479957148,0.13788782707202046,0.4419159757351963,1.0,0.8621121729279795,0.21722428123637882,0.0,0.0,0.0,0.0,-5.5439172255561386e-05
256,100,100,1.0,feasible,0.7084607934348456,0.7561591122285596,0.8088283090017966,0.100367515566951,0.5286398416,0.6012143218959999,0.7325655143999998,0.20392567279999985,0.0,0.06319023113532429,0.20985700479957148,0.20985700479957148,0.13788782707202046,0.4346713184300359,1.0,0.8621121729279795,0.21729713657041658,0.0,0.0,0.0,0.0,7.285533403775246e-05
257,100,100,1.0,feasible,0.7084607934348456,0.7553664945537474,0.8088283090017966,0.100367515566951,0.5286398416,0.59742603944,0.7360497895999998,0.2074099479999998,0.0,0.062378258555354754,0.20791715955476192,0.20791715955476192,0.13788782707202046,0.42954097131815167,1.0,0.8621121729279795,0.2174385390877448,0.0,0.0,0.0,0.0,0.00014140251732822073
258,100,100,1.0,feasible,0.7084607934348456,0.7553302216838472,0.8088283090017966,0.100367515566951,0.5286398416,0.5967724661359999,0.7360497895999998,0.2074099479999998,0.0,0.06590095690664048,0.20614581464523807,0.20614581464523807,0.13788782707202046,0.42733783203235903,1.0,0.8621121729279795,0.21742293463990153,0.0,0.0,0.0,0.0,-1.5604447843264868e-05
259,100,100,1.0,feasible,0.7084607934348456,0.7568813180236513,0.8092472093733104,0.10078641593846482,0.5286398416,0.6001193471919999,0.7360497895999998,0.2074099479999998,0.0,0.06430229445269524,0.20614581464523807,0.20614581464523807,0.13788782707202046,0.4304287274096199,1.0,0.8621121729279795,0.21734764789176575,0.0,0.0,0.0,0.0,-7.528674813578329e-05
260,100,100,1.0,feasible,0.7084607934348456,0.7556225936912423,0.8092472093733104,0.10078641593846482,0.5286398416,0.5942777646719999,0.7360497895999998,0.2074099479999998,0.0,0.06625035393604524,0.20614581464523807,0.20614581464523807,0.13788782707202046,0.43894613668389043,1.0,0.8621121729279795,0.2183155734264362,0.0,0.0,0.0,0.0,0.0009679255346704552
261,100,100,1.0,feasible,0.7084607934348456,0.7570986720353027,0.8092472093733104,0.10078641593846482,0.5286398416,0.5973363039199999,0.7360497895999998,0.2074099479999998,0.0,0.06600315655548811,0.20998199213714283,0.20998199213714283,0.13788782707202046,0.42746190516253013,1.0,0.8621121729279795,0.21831877410412182,0.0,0.0,0.0,0.0,3.200677685610831e-06
262,100,100,1.0,feasible,0.7084607934348456,0.7567873847740394,0.8092472093733104,0.10078641593846482,0.5286398416,0.5978328729839998,0.7360497895999998,0.2074099479999998,0.0,0.06512617865732144,0.20998199213714283,0.20998199213714283,0.13788782707202046,0.4258264374858284,1.0,0.8621121729279795,0.21840871798138425,0.0,0.0,0.0,0.0,8.994387726243835e-05
263,100,100,1.0,feasible,0.7084607934348456,0.7568388182660947,0.8092472093733104,0.10078641593846482,0.5286398416,0.5978874703039999,0.7360497895999998,0.2074099479999998,0.0,0.0667721961971381,0.20998199213714283,0.20998199213714283,0.13788782707202046,0.4239286572513651,1.0,0.8621121729279795,0.21821316573681213,0.0,0.0,0.0,0.0,-0.00019555224457212805
264,100,100,1.0,feasible,0.7084607934348456,0.7558999163989327,0.8092472093733104,0.10078641593846482,0.5286398416,0.593809006136,0.7360497895999998,0.2074099479999998,0.0,0.06973787809960952,0.20998199213714283,0.20998199213714283,0.13788782707202046,0.4295477976056856,1.0,0.8621121729279795,0.21759462875741864,0.0,0.0,0.0,0.0,-0.0006185369793934858
265,100,100,1.0,feasible,0.7084607934348456,0.7556235706155269,0.8092472093733104,0.10078641593846482,0.5286398416,0.5913933337279998,0.7360497895999998,0.2074099479999998,0.0,0.06860710988032619,0.1969721706642857,0.1969721706642857,0.13788782707202046,0.4338444264874967,1.0,0.8621121729279795,0.21776490811974472,0.0,0.0,0.0,0.0,0.0001702793623260812
266,100,100,1.0,feasible,0.7084607934348456,0.7554521028936216,0.8092472093733104,0.10078641593846482,0.5286398416,0.58973856744,0.7360497895999998,0.2074099479999998,0.0,0.07136660366384522,0.1969721706642857,0.1969721706642857,0.13788782707202046,0.42923883240603644,1.0,0.8621121729279795,0.21783650146864497,0.0,0.0,0.0,0.0,7.159334890025071e-05
267,100,100,1.0,feasible,0.7084607934348456,0.7538280172082397,0.8092472093733104,0.10078641593846482,0.5286398416,0.5894120381599999,0.7360497895999998,0.2074099479999998,0.0,0.06906104164526286,0.1969721706642857,0.1969721706642857,0.13788782707202046,0.447981631267732,1.0,0.8621121729279795,0.2179842422071994,0.0,0.0,0.0,0.0,0.00014774073855441938
268,100,100,1.0,feasible,0.7084607934348456,0.7554501486831319,0.8092472093733104,0.10078641593846482,0.5286398416,0.5943851695039999,0.7360497895999998,0.2074099479999998,0.0,0.0650995004970557,0.1969721706642857,0.1969721706642857,0.13788782707202046,0.449668306622114,1.0,0.8621121729279795,0.2177625495031018,0.0,0.0,0.0,0.0,-0.00022169270409758135
269,100,100,1.0,feasible,0.7084607934348456,0.7584814252193326,0.8092472093733104,0.10078641593846482,0.5286398416,0.5954877043119999,0.7360497895999998,0.2074099479999998,0.0,0.0726067232470105,0.19951396691666665,0.19951396691666665,0.13788782707202046,0.4171574929519998,1.0,0.8621121729279795,0.21793861470258524,0.0,0.0,0.0,0.0,0.0001760651994834328
270,100,100,1.0,feasible,0.7084607934348456,0.7559927312184953,0.8092472093733104,0.10078641593846482,0.5286398416,0.5963437463199999,0.7360497895999998,0.2074099479999998,0.0,0.06791237632463143,0.19951396691666665,0.19951396691666665,0.13788782707202046,0.4383828025752083,1.0,0.8621121729279795,0.2180162925694888,0.0,0.0,0.0,0.0,7.767786690354717e-05
271,100,100,1.0,feasible,0.7084607934348456,0.7573060996380794,0.8092472093733104,0.10078641593846482,0.5286398416,0.599958123936,0.7360497895999998,0.2074099479999998,0.0,0.06740436555931953,0.2135945817890476,0.2135945817890476,0.13788782707202046,0.43407312021381395,1.0,0.8621121729279795,0.21759652394145887,0.0,0.0,0.0,0.0,-0.00041976862802992065
272,100,100,1.0,feasible,0.7084607934348456,0.7556108986979574,0.8092472093733104,0.10078641593846482,0.5286398416,0.595654693136,0.7360497895999998,0.2074099479999998,0.0,0.06723516069806429,0.2135945817890476,0.2135945817890476,0.13788782707202046,0.4438113089696239,1.0,0.8621121729279795,0.21746110451956135,0.0,0.0,0.0,0.0,-0.00013541942189751466
273,100,100,1.0,feasible,0.7084607934348456,0.7559325965743988,0.8092472093733104,0.10078641593846482,0.5286398416,0.5958993582879999,0.7360497895999998,0.2074099479999998,0.0,0.06708323508933095,0.21489961644190483,0.21489961644190483,0.13788782707202046,0.44020223856776547,1.0,0.8621121729279795,0.2177305302644813,0.0,0.0,0.0,0.0,0.00026942574491994886
274,100,100,1.0,feasible,0.7084607934348456,0.7560463471273089,0.8092472093733104,0.10078641593846482,0.5286398416,0.593803930456,0.7360497895999998,0.2074099479999998,0.0,0.07068936244721429,0.21554874130476195,0.21554874130476195,0.13788782707202046,0.43088863811200057,1.0,0.8621121729279795,0.21751439081356636,0.0,0.0,0.0,0.0,-0.00021613945091494835
275,100,100,1.0,feasible,0.7084607934348456,0.7547083234481016,0.8092472093733104,0.10078641593846482,0.5286398416,0.5938303716479999,0.7360497895999998,0.2074099479999998,0.0,0.07127656898950951,0.21554874130476195,0.21554874130476195,0.13788782707202046,0.44616444963483476,1.0,0.8621121729279795,0.21735288279212675,0.0,0.0,0.0,0.0,-0.00016150802143960474
276,100,100,1.0,feasible,0.7084607934348456,0.7566672602201178,0.8092472093733104,0.10078641593846482,0.5286398416,0.5945945245439997,0.7360576663999998,0.20741782479999982,0.0,0.07647385908446905,0.21554874130476195,0.21554874130476195,0.13788782707202046,0.4305206539937057,1.0,0.8621121729279795,0.21748267182045913,0.0,0.0,0.0,0.0,0.00012978902833238326
277,100,100,1.0,feasible,0.7084607934348456,0.7573988038895574,0.8092472093733104,0.10078641593846482,0.5286398416,0.5953666034799999,0.7360576663999998,0.20741782479999982,0.0,0.07684839656102191,0.2135945817890476,0.2135945817890476,0.13788782707202046,0.4255417553240221,1.0,0.8621121729279795,0.21765279613446523,0.0,0.0,0.0,0.0,0.00017012431400609263
278,100,100,1.0,feasible,0.7084607934348456,0.7576911162646295,0.8092681870824829,0.10080739364763736,0.5286398416,0.5981778618399999,0.7360576663999998,0.20741782479999982,0.0,0.07231269403083573,0.2140889621952381,0.2140889621952381,0.13788782707202046,0.42343620368067275,1.0,0.8621121729279795,0.21788905637567885,0.0,0.0,0.0,0.0,0.00023626024121362055
279,100,100,1.0,feasible,0.7084607934348456,0.7603616450717736,0.8092681870824829,0.10080739364763736,0.5286398416,0.5984294774799999,0.7360576663999998,0.20741782479999982,0.0,0.07942013626098333,0.22778763939523813,0.22778763939523813,0.13788782707202046,0.38740253456215,1.0,0.8621121729279795,0.21773188237850571,0.0,0.0,0.0,0.0,-0.0001571739971731323
280,100,100,1.0,feasible,0.7084607934348456,0.7586391231175763,0.8092681870824829,0.10080739364763736,0.5286398416,0.5982547000479999,0.7360576663999998,0.20741782479999982,0.0,0.07693942599180238,0.22903190704999996,0.22903190704999996,0.136424264290629,0.40915235904547664,1.0,0.863575735709371,0.21768717438877316,0.0,0.0,0.0,0.0014635627813914531,-4.470798973255086e-05
281,100,100,1.0,feasible,0.7084607934348456,0.7568298859478834,0.8092681870824829,0.10080739364763736,0.5286398416,0.6001919126399999,0.7360576663999998,0.20741782479999982,0.0,0.06870380973946905,0.22903190704999996,0.22903190704999996,0.136424264290629,0.43751685628949266,1.0,0.863575735709371,0.2177617253327083,0.0,0.0,0.0,0.0,7.455094393513106e-05
282,100,100,1.0,feasible,0.7084607934348456,0.7578824761271867,0.8092681870824829,0.10080739364763736,0.5286398416,0.60201269132,0.7360576663999998,0.20741782479999982,0.0,0.06932722627354047,0.22903190704999996,0.22903190704999996,0.136424264290629,0.4216768359597341,1.0,0.863575735709371,0.2178571877601192,0.0,0.0,0.0,0.0,9.546242741090283e-05
283,100,100,1.0,feasible,0.7084607934348456,0.7542496266931784,0.8092681870824829,0.10080739364763736,0.5286398416,0.5928602538239999,0.7360576663999998,0.20741782479999982,0.0,0.0735053628847462,0.22903190704999996,0.22903190704999996,0.136424264290629,0.45472712923540426,1.0,0.863575735709371,0.21757320795053003,0.0,0.0,0.0,0.0,-0.00028397980958916325
284,100,100,1.0,feasible,0.7084607934348456,0.7566319350539829,0.8092681870824829,0.10080739364763736,0.5286398416,0.5988462065039999,0.7360576663999998,0.20741782479999982,0.0,0.0687948909327938,0.22903190704999996,0.22903190704999996,0.136424264290629,0.4389498549264582,1.0,0.863575735709371,0.2174244406934671,0.0,0.0,0.0,0.0,-0.0001487672570629206
285,100,100,1.0,feasible,0.7084607934348456,0.75591456351316,0.8092681870824829,0.10080739364763736,0.5286398416,0.5948148167919998,0.7360576663999998,0.20741782479999982,0.0,0.07380713054077953,0.2339236042119048,0.2339236042119048,0.136424264290629,0.43720461251950227,1.0,0.863575735709371,0.21776678295703095,0.0,0.0,0.0,0.0,0.0003423422635638329
286,100,100,1.0,feasible,0.7084607934348456,0.7578822796618004,0.8092681870824829,0.10080739364763736,0.5286398416,0.5975906981679998,0.7360576663999998,0.20741782479999982,0.0,0.07624483580799762,0.2339236042119048,0.2339236042119048,0.136424264290629,0.42038685800547493,1.0,0.863575735709371,0.21777159410544839,0.0,0.0,0.0,0.0,4.81114841743846e-06
287,100,100,1.0,feasible,0.7084607934348456,0.7541159263923045,0.8092681870824829,0.10080739364763736,0.5286398416,0.5903992386239999,0.7360576663999998,0.20741782479999982,0.0,0.07637393923092857,0.2339236042119048,0.2339236042119048,0.136424264290629,0.45067478374898395,1.0,0.863575735709371,0.21761713411766098,0.0,0.0,0.0,0.0,-0.0001544599877874031
288,100,100,1.0,feasible,0.7084607934348456,0.7554206796888355,0.8092681870824829,0.10080739364763736,0.5286398416,0.5921823032319999,0.7360576663999998,0.20741782479999982,0.0,0.08106944199856667,0.2339236042119048,0.2339236042119048,0.136424264290629,0.4388142835187345,1.0,0.863575735709371,0.21742333109201328,0.0,0.0,0.0,0.0,-0.00019380302564769858
289,100,100,1.0,feasible,0.7084607934348456,0.7556692676809166,0.8092681870824829,0.10080739364763736,0.5286398416,0.5928330052079999,0.7360576663999998,0.20741782479999982,0.0,0.08010180416375,0.2339236042119048,0.2339236042119048,0.136424264290629,0.43886070796714166,1.0,0.863575735709371,0.217986285939465,0.0,0.0,0.0,0.0,0.0005629548474517243
290,100,100,1.0,feasible,0.7084607934348456,0.7552974518462316,0.8092681870824829,0.10080739364763736,0.5286398416,0.5939752640319999,0.7360576663999998,0.20741782479999982,0.0,0.07677989431203025,0.2339236042119048,0.2339236042119048,0.136424264290629,0.438591333721222,1.0,0.863575735709371,0.21821732106205644,0.0,0.0,0.0,0.0,0.00023103512259142756
291,100,100,1.0,feasible,0.7084607934348456,0.7567099158250922,0.8092681870824829,0.10080739364763736,0.5286398416,0.59835663892,0.7360576663999998,0.20741782479999982,0.0,0.07383834760960643,0.23324166576214286,0.23324166576214286,0.136424264290629,0.4368666975308914,1.0,0.863575735709371,0.21794968312303392,0.0,0.0,0.0,0.0,-0.00026763793902251365
292,100,100,1.0,feasible,0.7084607934348456,0.755461331453962,0.8092681870824829,0.10080739364763736,0.5286398416,0.5968046900399999,0.7360576663999998,0.20741782479999982,0.0,0.0691993865594588,0.2297604150928572,0.2297604150928572,0.136424264290629,0.45101241756533134,1.0,0.863575735709371,0.21798982736625352,0.0,0.0,0.0,0.0,4.014424321960308e-05
293,100,100,1.0,feasible,0.7084607934348456,0.7553498685878987,0.8092681870824829,0.10080739364763736,0.5286398416,0.59480520836,0.7360576663999998,0.20741782479999982,0.0,0.07207130566226976,0.2297604150928572,0.2297604150928572,0.136424264290629,0.4512079900686763,1.0,0.863575735709371,0.21762310691350392,0.0,0.0,0.0,0.0,-0.00036672045274960263
294,100,100,1.0,feasible,0.7084607934348456,0.7569909772443445,0.8097754212233793,0.10131462778853373,0.5286398416,0.5988297056799999,0.7360576663999998,0.20741782479999982,0.0,0.07460429923606501,0.2297604150928572,0.2297604150928572,0.136424264290629,0.42846774875076393,1.0,0.863575735709371,0.21769373640967127,0.0,0.0,0.0,0.0,7.062949616734593e-05
295,100,100,1.0,feasible,0.7084607934348456,0.7557887584235954,0.8097754212233793,0.10131462778853373,0.5286398416,0.5943805659520001,0.7360576663999998,0.20741782479999982,0.0,0.07482188595743501,0.2297604150928572,0.2297604150928572,0.136424264290629,0.4359679263598791,1.0,0.863575735709371,0.21781479195287398,0.0,0.0,0.0,0.0,0.00012105554320271383
296,100,100,1.0,feasible,0.7084607934348456,0.7565672315830325,0.8097754212233793,0.10131462778853373,0.5286398416,0.5927439519919999,0.7360576663999998,0.20741782479999982,0.0,0.07699274205652619,0.20675650927380954,0.20675650927380954,0.136424264290629,0.421135206625967,1.0,0.863575735709371,0.21796944918784394,0.0,0.0,0.0,0.0,0.00015465723496996264
297,100,100,1.0,feasible,0.7084607934348456,0.7582432305984339,0.8097754212233793,0.10131462778853373,0.5286398416,0.5966346325999998,0.7353193447999998,0.20667950319999984,0.0,0.07757752847885477,0.20675650927380954,0.20675650927380954,0.136424264290629,0.40355900847741494,1.0,0.863575735709371,0.21796991624959133,0.0,0.0,0.0,0.0,4.670617473889749e-07
298,100,100,1.0,feasible,0.7084607934348456,0.7565938750318317,0.8097754212233793,0.10131462778853373,0.5286398416,0.591343852896,0.7353193447999998,0.20667950319999984,0.0,0.07871133752134524,0.20675650927380954,0.20675650927380954,0.136424264290629,0.4144229400057756,1.0,0.863575735709371,0.21801231939368518,0.0,0.0,0.0,0.0,4.240314409384438e-05
299,100,100,1.0,feasible,0.7084607934348456,0.7585754563846301,0.8097754212233793,0.10131462778853373,0.5286398416,0.5963358594319998,0.7353193447999998,0.20667950319999984,0.0,0.0775004062563619,0.20675650927380954,0.20675650927380954,0.136424264290629,0.4014058840484608,1.0,0.863575735709371,0.2178628773902945,0.0,0.0,0.0,0.0,-0.00014944200339067626
300,100,100,1.0,feasible,0.7084607934348456,0.7546827673634731,0.8097754212233793,0.10131462778853373,0.5286398416,0.5907528775279998,0.7353193447999998,0.20667950319999984,0.0,0.07378768313700954,0.20675650927380954,0.20675650927380954,0.136424264290629,0.43859968670041305,1.0,0.863575735709371,0.21777562125735245,0.0,0.0,0.0,0.0,-8.725613294205403e-05
301,100,100,1.0,feasible,0.7084607934348456,0.7569814437967662,0.8097754212233793,0.10131462778853373,0.5286398416,0.5933372372399998,0.7353193447999998,0.20667950319999984,0.0,0.07801927474682595,0.20690932126190478,0.20690932126190478,0.136424264290629,0.4108411147157372,1.0,0.863575735709371,0.21756349674234476,0.0,0.0,0.0,0.0,-0.00021212451500768337
302,100,100,1.0,feasible,0.7084607934348456,0.7546247058831738,0.8097754212233793,0.10131462778853373,0.5286398416,0.592067471712,0.7356277127999998,0.20698787119999984,0.0,0.07527383479901906,0.21052872180476187,0.21052872180476187,0.136424264290629,0.4315374299636524,1.0,0.863575735709371,0.2176113184483527,0.0,0.0,0.0,0.0,4.782170600792224e-05
303,100,100,1.0,feasible,0.7084607934348456,0.7537301331545533,0.8097754212233793,0.10131462778853373,0.5286398416,0.5911441157039998,0.7356277127999998,0.20698787119999984,0.0,0.07251299309147143,0.20135771357142856,0.20135771357142856,0.136424264290629,0.4444353356371559,1.0,0.863575735709371,0.21735526560094665,0.0,0.0,0.0,0.0,-0.00025605284740604084
304,100,100,1.0,feasible,0.7084607934348456,0.754337272964087,0.8097754212233793,0.10131462778853373,0.5286398416,0.59471159424,0.7356277127999998,0.20698787119999984,0.0,0.06824182458901905,0.20135771357142856,0.20135771357142856,0.136424264290629,0.4333017382666562,1.0,0.863575735709371,0.21716811722907675,0.0,0.0,0.0,0.0,-0.00018714837186989408
305,100,100,1.0,feasible,0.7084607934348456,0.756056936123175,0.8097754212233793,0.10131462778853373,0.5286398416,0.5975864543999999,0.7356277127999998,0.20698787119999984,0.0,0.07273136985345478,0.21059666013333334,0.21059666013333334,0.136424264290629,0.42352124986583883,1.0,0.863575735709371,0.21706448755089042,0.0,0.0,0.0,0.0,-0.0001036296781863344
306,100,100,1.0,feasible,0.7084607934348456,0.7582665159951512,0.8097754212233793,0.10131462778853373,0.5286398416,0.6017000296639998,0.7356277127999998,0.20698787119999984,0.0,0.07426537475636667,0.20860254087857144,0.20860254087857144,0.136424264290629,0.4008818323247534,1.0,0.863575735709371,0.21693131245062747,0.0,0.0,0.0,0.0,-0.00013317510026294999
307,100,100,1.0,feasible,0.7084607934348456,0.7554790353513683,0.8097754212233793,0.10131462778853373,0.5286398416,0.5988441839999998,0.7356277127999998,0.20698787119999984,0.0,0.0694601271658962,0.21021708085238094,0.21021708085238094,0.136424264290629,0.4328529194081278,1.0,0.863575735709371,0.21686384011467635,0.0,0.0,0.0,0.0,-6.747233595111313e-05
308,100,100,1.0,feasible,0.7084607934348456,0.7577913451066577,0.8097754212233793,0.10131462778853373,0.5286398416,0.6005123170479999,0.7374183655999998,0.20877852399999985,0.0,0.07273439214283005,0.21928634281952378,0.21928634281952378,0.136424264290629,0.41032518060447826,1.0,0.863575735709371,0.2170773657559914,0.0,0.0,0.0,0.0,0.0002135256413150488
309,100,100,1.0,feasible,0.7084607934348456,0.755045291109832,0.8097754212233793,0.10131462778853373,0.5286398416,0.5960008565759999,0.7374183655999998,0.20877852399999985,0.0,0.0710207306552,0.21928634281952378,0.21928634281952378,0.136424264290629,0.4300592905357896,1.0,0.863575735709371,0.21699611248670392,0.0,0.0,0.0,0.0,-8.125326928748455e-05
310,100,100,1.0,feasible,0.7084607934348456,0.7544165620558841,0.8097754212233793,0.10131462778853373,0.5286398416,0.5943478624799998,0.7374183655999998,0.20877852399999985,0.0,0.07542940789040714,0.22613249925952378,0.22613249925952378,0.136424264290629,0.4398486404557247,1.0,0.863575735709371,0.2168830172055303,0.0,0.0,0.0,0.0,-0.00011309528117361967
311,100,100,1.0,feasible,0.7084607934348456,0.755118763139902,0.8097754212233793,0.10131462778853373,0.5286398416,0.5925746913839999,0.7374183655999998,0.20877852399999985,0.0,0.07895851462068096,0.2323069712238095,0.2323069712238095,0.136424264290629,0.4295534451701137,1.0,0.863575735709371,0.21692463581583873,0.0,0.0,0.0,0.0,4.1618610308435944e-05
312,100,100,1.0,feasible,0.7084607934348456,0.754848297579928,0.8097754212233793,0.10131462778853373,0.5286398416,0.5934095609919999,0.7374183655999998,0.20877852399999985,0.0,0.08083356655106191,0.23773671003809524,0.23773671003809524,0.136424264290629,0.4207011488364475,1.0,0.863575735709371,0.21718544815757126,0.0,0.0,0.0,0.0,0.0002608123417325303
313,100,100,1.0,feasible,0.7084607934348456,0.7534784182381874,0.8097754212233793,0.10131462778853373,0.5286398416,0.5898208739359999,0.7374183655999998,0.20877852399999985,0.0,0.08095165015890717,0.23773671003809524,0.23773671003809524,0.136424264290629,0.42936298572813414,1.0,0.863575735709371,0.21736765034419236,0.0,0.0,0.0,0.0,0.00018220218662109988
314,100,100,1.0,feasible,0.7084607934348456,0.7533607390656342,0.8097754212233793,0.10131462778853373,0.5286398416,0.5901264640480001,0.7374183655999998,0.20877852399999985,0.0,0.07934865299436096,0.23773671003809524,0.23773671003809524,0.136424264290629,0.43310609615091755,1.0,0.863575735709371,0.21714586076999204,0.0,0.0,0.0,0.0,-0.0002217895742003262
315,100,100,1.0,feasible,0.7084607934348456,0.7561555639771161,0.8097754212233793,0.10131462778853373,0.5286398416,0.6009644055279998,0.7374183655999998,0.20877852399999985,0.0,0.07015209503386428,0.2323069712238095,0.2323069712238095,0.136424264290629,0.4311995008180149,1.0,0.863575735709371,0.21677947261620406,0.0,0.0,0.0,0.0,-0.0003663881537879776
316,100,100,1.0,feasible,0.7084607934348456,0.7557633007081437,0.8097754212233793,0.10131462778853373,0.5286398416,0.5980099907599999,0.7374183655999998,0.20877852399999985,0.0,0.07268894492129523,0.2323069712238095,0.2323069712238095,0.136424264290629,0.42553577155142697,1.0,0.863575735709371,0.21655114393236555,0.0,0.0,0.0,0.0,-0.00022832868383851346
317,100,100,1.0,feasible,0.7084607934348456,0.7591249876380095,0.8097754212233793,0.10131462778853373,0.5286398416,0.6031146288319998,0.7374183655999998,0.20877852399999985,0.0,0.0725516643696524,0.21928634281952378,0.21928634281952378,0.136424264290629,0.40341837428015576,1.0,0.863575735709371,0.21649797015312347,0.0,0.0,0.0,0.0,-5.3173779242077224e-05
318,100,100,1.0,feasible,0.7084607934348456,0.7579511838208361,0.8097754212233793,0.10131462778853373,0.5286398416,0.6019062546959999,0.7374183655999998,0.20877852399999985,0.0,0.06989930796225954,0.21928634281952378,0.21928634281952378,0.136424264290629,0.4214121184841966,1.0,0.863575735709371,0.21629785317553268,0.0,0.0,0.0,0.0,-0.00020011697759078628
319,100,100,1.0,feasible,0.7084607934348456,0.7586683962002685,0.8097754212233793,0.10131462778853373,0.5286398416,0.60101746096,0.7374183655999998,0.20877852399999985,0.0,0.07030353560858095,0.21928634281952378,0.21928634281952378,0.136424264290629,0.41079572491519056,1.0,0.863575735709371,0.2163068665868734,0.0,0.0,0.0,0.0,9.01341134071365e-06
320,100,100,1.0,feasible,0.7084607934348456,0.7602264330568782,0.8097754212233793,0.10131462778853373,0.5286398416,0.6056183896159998,0.7374183655999998,0.20877852399999985,0.0,0.0717268405510262,0.22459584130714288,0.22459584130714288,0.136424264290629,0.3990676670490983,1.0,0.863575735709371,0.21656661490126927,0.0,0.0,0.0,0.0,0.00025974831439587454
321,100,100,1.0,feasible,0.7084607934348456,0.7587182007569813,0.8097754212233793,0.10131462778853373,0.5286398416,0.59945707956,0.7374183655999998,0.20877852399999985,0.0,0.07979445413171668,0.22459584130714288,0.22459584130714288,0.136424264290629,0.3979729608956129,1.0,0.863575735709371,0.21669719468196302,0.0,0.0,0.0,0.0,0.00013057978069375142
322,100,100,1.0,feasible,0.7084607934348456,0.7580724680463259,0.8097754212233793,0.10131462778853373,0.5286398416,0.6009268334,0.7374183655999998,0.20877852399999985,0.0,0.07273600951578808,0.21903616283809524,0.21903616283809524,0.136424264290629,0.4145075659911128,1.0,0.863575735709371,0.21663627634003546,0.0,0.0,0.0,0.0,-6.0918341927562736e-05
323,100,100,1.0,feasible,0.7084607934348456,0.7580007201070935,0.8075155938988016,0.09905480046395598,0.5286398416,0.6027002845199999,0.7374183655999998,0.20877852399999985,0.0,0.07097615802716667,0.21994052175000003,0.21994052175000003,0.13357039499665002,0.40608700218678045,1.0,0.86642960500335,0.21748081881612508,0.0,0.0,0.0,0.002853869293978989,0.0008445424760896159
324,100,100,1.0,feasible,0.7084607934348456,0.755435096648527,0.8075155938988016,0.09905480046395598,0.5286398416,0.597478570832,0.7374183655999998,0.20877852399999985,0.0,0.07407630510700237,0.21994052175000003,0.21994052175000003,0.13357039499665002,0.4338412894917037,1.0,0.86642960500335,0.21731052956349695,0.0,0.0,0.0,0.0,-0.00017028925262813077
325,100,100,1.0,feasible,0.7084607934348456,0.7562202564029442,0.8075155938988016,0.09905480046395598,0.5286398416,0.5966233425919999,0.7374183655999998,0.20877852399999985,0.0,0.07419276644150952,0.21994052175000003,0.21994052175000003,0.13357039499665002,0.41707579613324364,1.0,0.86642960500335,0.2173307332449037,0.0,0.0,0.0,0.0,2.0203681406760765e-05
326,100,100,1.0,feasible,0.7084607934348456,0.7536934159698605,0.8075155938988016,0.09905480046395598,0.5286398416,0.5896987399839999,0.7374183655999998,0.20877852399999985,0.0,0.07596871754888572,0.21994052175000003,0.21994052175000003,0.13357039499665002,0.43644888956015626,1.0,0.86642960500335,0.2168356886723862,0.0,0.0,0.0,0.0,-0.0004950445725175057
327,100,100,1.0,feasible,0.7084607934348456,0.7575010794708108,0.8075155938988016,0.09905480046395598,0.5286398416,0.5961063972559999,0.7374183655999998,0.20877852399999985,0.0,0.07906344322999048,0.2225353077380952,0.2225353077380952,0.13357039499665002,0.4038274737192096,1.0,0.86642960500335,0.2169361554465709,0.0,0.0,0.0,0.0,0.00010046677418470984
328,100,100,1.0,feasible,0.7084607934348456,0.7568211094744736,0.8075155938988016,0.09905480046395598,0.5286398416,0.594439841952,0.7374183655999998,0.20877852399999985,0.0,0.08353021035756188,0.2225353077380952,0.2225353077380952,0.13357039499665002,0.4060339310636227,1.0,0.86642960500335,0.21704843198485396,0.0,0.0,0.0,0.0,0.00011227653828305151
329,100,100,1.0,feasible,0.7084607934348456,0.7581311293304032,0.8075155938988016,0.09905480046395598,0.5286398416,0.5979675525359999,0.7374183655999998,0.20877852399999985,0.0,0.07953615364365717,0.2225353077380952,0.2225353077380952,0.13357039499665002,0.4014905403861787,1.0,0.86642960500335,0.21707930468472825,0.0,0.0,0.0,0.0,3.087269987428476e-05
330,100,100,1.0,feasible,0.7084607934348456,0.7565833978188827,0.8075155938988016,0.09905480046395598,0.5286398416,0.593576471504,0.7374183655999998,0.20877852399999985,0.0,0.07873979578274284,0.2225353077380952,0.2225353077380952,0.13357039499665002,0.4078064374127265,1.0,0.86642960500335,0.2173351258307173,0.0,0.0,0.0,0.0,0.0002558211459890436
331,100,100,1.0,feasible,0.7084607934348456,0.7549791459002668,0.8075155938988016,0.09905480046395598,0.5286398416,0.592628141792,0.7374183655999998,0.20877852399999985,0.0,0.07720248279044048,0.2225353077380952,0.2225353077380952,0.13357039499665002,0.42758390237426447,1.0,0.86642960500335,0.21755074583805498,0.0,0.0,0.0,0.0,0.00021562000733768572
332,100,100,1.0,feasible,0.7084607934348456,0.7536443527968185,0.8075155938988016,0.09905480046395598,0.5286398416,0.5895687657759998,0.7374183655999998,0.20877852399999985,0.0,0.0792789341916,0.23174970004452378,0.23174970004452378,0.13357039499665002,0.42727243948981325,1.0,0.86642960500335,0.21769055834735418,0.0,0.0,0.0,0.0,0.00013981250929920308
333,100,100,1.0,feasible,0.7084607934348456,0.7543172959395114,0.8075155938988016,0.09905480046395598,0.5286398416,0.5908434661279999,0.7374183655999998,0.20877852399999985,0.0,0.07946741374630714,0.23426989558190478,0.23426989558190478,0.13357039499665002,0.4186976528605464,1.0,0.86642960500335,0.21779676182579727,0.0,0.0,0.0,0.0,0.00010620347844308986
334,100,100,1.0,feasible,0.7084607934348456,0.7538946839324647,0.8075155938988016,0.09905480046395598,0.5286398416,0.5903357379119999,0.7374183655999998,0.20877852399999985,0.0,0.07920804632804523,0.23426989558190478,0.23426989558190478,0.13357039499665002,0.4277952590499873,1.0,0.86642960500335,0.21772529812345287,0.0,0.0,0.0,0.0,-7.14637023443987e-05
335,100,100,1.0,feasible,0.7084607934348456,0.7548258565468404,0.8075155938988016,0.09905480046395598,0.5286398416,0.5932666799679999,0.7374183655999998,0.20877852399999985,0.0,0.07358473931566667,0.23426989558190478,0.23426989558190478,0.13357039499665002,0.4301453502152782,1.0,0.86642960500335,0.21762583101096472,0.0,0.0,0.0,0.0,-9.946711248814966e-05
336,100,100,1.0,feasible,0.7084607934348456,0.7561575405298868,0.8075155938988016,0.09905480046395598,0.5286398416,0.596849943816,0.7374183655999998,0.20877852399999985,0.0,0.07490739493204762,0.23426989558190478,0.23426989558190478,0.13357039499665002,0.41559481957737604,1.0,0.86642960500335,0.21786074372066916,0.0,0.0,0.0,0.0,0.0002349127097044379
337,100,100,1.0,feasible,0.7084607934348456,0.753310335516195,0.8075155938988016,0.09905480046395598,0.5286398416,0.5892841827199999,0.7374183655999998,0.20877852399999985,0.0,0.07561607528708572,0.23692922729285715,0.23692922729285715,0.13222747246244332,0.44098984487570214,1.0,0.8677725275375567,0.21810728329429835,0.0,0.0,0.0,0.001342922534206703,0.00024653957362918977
338,100,100,1.0,feasible,0.7084607934348456,0.7552473915607066,0.8075155938988016,0.09905480046395598,0.5286398416,0.589235989632,0.7374183655999998,0.20877852399999985,0.0,0.08022375517071904,0.22312957968809524,0.22312957968809524,0.13222747246244332,0.4080817696879659,1.0,0.8677725275375567,0.21867104187903902,0.0,0.0,0.0,0.0,0.0005637585847406701
339,100,100,1.0,feasible,0.7084607934348456,0.7568462528378072,0.8075155938988016,0.09905480046395598,0.5286398416,0.5933763631039999,0.7374183655999998,0.20877852399999985,0.0,0.07912397767098453,0.2257852892154762,0.2257852892154762,0.13222747246244332,0.40801303977296166,1.0,0.8677725275375567,0.21903296532968447,0.0,0.0,0.0,0.0,0.0003619234506454516
340,100,100,1.0,feasible,0.7084607934348456,0.7575297075157414,0.8075155938988016,0.09905480046395598,0.5286398416,0.5944220049999999,0.7374183655999998,0.20877852399999985,0.0,0.08052177088967977,0.2257852892154762,0.2257852892154762,0.13222747246244332,0.39698218277294395,1.0,0.8677725275375567,0.21911065660532336,0.0,0.0,0.0,0.0,7.769127563889144e-05
341,100,100,1.0,feasible,0.7084607934348456,0.7574091659088132,0.8075155938988016,0.09905480046395598,0.5286398416,0.5947782757039999,0.7374183655999998,0.20877852399999985,0.0,0.08001013096102975,0.22312957968809524,0.22312957968809524,0.13222747246244332,0.4076244726185183,1.0,0.8677725275375567,0.2193623856274599,0.0,0.0,0.0,0.0,0.0002517290221365487
342,100,100,1.0,feasible,0.7084607934348456,0.7574858439127554,0.8075155938988016,0.09905480046395598,0.5286398416,0.595226285336,0.7374183655999998,0.20877852399999985,0.0,0.07488677002854764,0.2171327457214286,0.2171327457214286,0.13222747246244332,0.4053578532331477,1.0,0.8677725275375567,0.21958081429577564,0.0,0.0,0.0,0.0,0.00021842866831572882
343,100,100,1.0,feasible,0.7084607934348456,0.7531909909720405,0.8075155938988016,0.09905480046395598,0.5286398416,0.585439316256,0.7374183655999998,0.20877852399999985,0.0,0.07824972536607143,0.2171327457214286,0.2171327457214286,0.13222747246244332,0.43571746838252096,1.0,0.8677725275375567,0.21950662472782248,0.0,0.0,0.0,0.0,-7.418956795315901e-05
344,100,100,1.0,feasible,0.7084607934348456,0.7563848293801125,0.8075155938988016,0.09905480046395598,0.5286398416,0.5914920583279999,0.7374183655999998,0.20877852399999985,0.0,0.08001459244218809,0.22511792380238094,0.22511792380238094,0.13222747246244332,0.40403754323889063,1.0,0.8677725275375567,0.21937323387226323,0.0,0.0,0.0,0.0,-0.00013339085555924557
345,100,100,1.0,feasible,0.7084607934348456,0.7565418454886366,0.8075155938988016,0.09905480046395598,0.5286398416,0.5927580291599999,0.7374183655999998,0.20877852399999985,0.0,0.07815472916199286,0.22511792380238094,0.22511792380238094,0.13222747246244332,0.404865050077486,1.0,0.8677725275375567,0.21976439423281657,0.0,0.0,0.0,0.0,0.0003911603605533387
346,100,100,1.0,feasible,0.7084607934348456,0.7545454039279299,0.8075155938988016,0.09905480046395598,0.5286398416,0.590228040304,0.7379192503999998,0.20927940879999984,0.0,0.07410546353208573,0.21725850591785717,0.21725850591785717,0.13222747246244332,0.42703535664314657,1.0,0.8677725275375567,0.21982526074900394,0.0,0.0,0.0,0.0,6.0866516187363384e-05
347,100,100,1.0,feasible,0.7084607934348456,0.7574033205492473,0.8075155938988016,0.09905480046395598,0.5286398416,0.5977828672799999,0.7379192503999998,0.20927940879999984,0.0,0.07120141543525953,0.21591217718309524,0.21591217718309524,0.13222747246244332,0.40450492685400313,1.0,0.8677725275375567,0.21989955153361554,0.0,0.0,0.0,0.0,7.429078461160254e-05
348,100,100,1.0,feasible,0.7084607934348456,0.7545687527192019,0.8075155938988016,0.09905480046395598,0.5286398416,0.5921765297759998,0.7379192503999998,0.20927940879999984,0.0,0.07130514308875953,0.21591217718309524,0.21591217718309524,0.13222747246244332,0.42776939777543566,1.0,0.8677725275375567,0.2200392032489512,0.0,0.0,0.0,0.0,0.00013965171533567022
349,100,100,1.0,feasible,0.7084607934348456,0.7560950777789405,0.8075155938988016,0.09905480046395598,0.5286398416,0.5958156558639999,0.7379192503999998,0.20927940879999984,0.0,0.07133071573672621,0.21206816264523815,0.21206816264523815,0.13222747246244332,0.4067111399536637,1.0,0.8677725275375567,0.2200320359225056,0.0,0.0,0.0,0.0,-7.167326445622901e-06
350,100,100,1.0,feasible,0.7084607934348456,0.7553560788027837,0.8075155938988016,0.09905480046395598,0.5286398416,0.5906708496719999,0.7379192503999998,0.20927940879999984,0.0,0.0708718631875262,0.21206816264523815,0.21206816264523815,0.13222747246244332,0.4039312453299525,1.0,0.8677725275375567,0.2202145349186317,0.0,0.0,0.0,0.0,0.00018249899612610143
351,100,100,1.0,feasible,0.7084607934348456,0.7554375539785114,0.8075155938988016,0.09905480046395598,0.5286398416,0.5914194232639999,0.7379192503999998,0.20927940879999984,0.0,0.06913360680057382,0.21238426936428573,0.21238426936428573,0.13222747246244332,0.41997444906081094,1.0,0.8677725275375567,0.22016904147708688,0.0,0.0,0.0,0.0,-4.549344154480828e-05
352,100,100,1.0,feasible,0.7084607934348456,0.7561166049744475,0.8075155938988016,0.09905480046395598,0.5286398416,0.5941126008479999,0.7379192503999998,0.20927940879999984,0.0,0.06676752398862143,0.21238426936428573,0.21238426936428573,0.13222747246244332,0.41304706515051726,1.0,0.8677725275375567,0.21979227812104196,0.0,0.0,0.0,0.0,-0.00037676335604491795
353,100,100,1.0,feasible,0.7084607934348456,0.7558434818115223,0.8030752345943871,0.09461444115954154,0.5286398416,0.5947139934719998,0.7379192503999998,0.20927940879999984,0.0,0.06841347642062738,0.23311231106785715,0.23311231106785715,0.13222747246244332,0.420693858170657,1.0,0.8677725275375567,0.21976915477595113,0.0,0.0,0.0,0.0,-2.3123345090830805e-05
354,100,100,1.0,feasible,0.7084607934348456,0.755076434646713,0.8030752345943871,0.09461444115954154,0.5286398416,0.5938714224879998,0.7379192503999998,0.20927940879999984,0.0,0.06849746350064166,0.23311231106785715,0.23311231106785715,0.13222747246244332,0.4263909272397497,1.0,0.8677725275375567,0.22017877788473356,0.0,0.0,0.0,0.0,0.00040962310878242536
355,100,100,1.0,feasible,0.7084607934348456,0.754010707484346,0.8030752345943871,0.09461444115954154,0.5286398416,0.5917390487359999,0.7379192503999998,0.20927940879999984,0.0,0.07000035422590595,0.22438320110714288,0.22438320110714288,0.13222747246244332,0.43091263264697394,1.0,0.8677725275375567,0.2199854012792327,0.0,0.0,0.0,0.0,-0.00019337660550086677
356,100,100,1.0,feasible,0.7084607934348456,0.7552686162218966,0.8030752345943871,0.09461444115954154,0.5286398416,0.5945693403359997,0.7379192503999998,0.20927940879999984,0.0,0.06472597888432738,0.2211985324666667,0.2211985324666667,0.13222747246244332,0.4320762848453624,1.0,0.8677725275375567,0.22009082815691236,0.0,0.0,0.0,0.0,0.00010542687767967074
357,100,100,1.0,feasible,0.7084607934348456,0.7550685948206093,0.8030752345943871,0.09461444115954154,0.5286398416,0.5954040636639999,0.7379192503999998,0.20927940879999984,0.0,0.0636004545986738,0.2211985324666667,0.2211985324666667,0.13222747246244332,0.4344935138166624,1.0,0.8677725275375567,0.22013024332739178,0.0,0.0,0.0,0.0,3.941517047942322e-05
358,100,100,1.0,feasible,0.7084607934348456,0.7536622430301919,0.8030752345943871,0.09461444115954154,0.5286398416,0.5915284176479999,0.7379192503999998,0.20927940879999984,0.0,0.06765950458747144,0.23433178782619046,0.23433178782619046,0.13222747246244332,0.44534207026342704,1.0,0.8677725275375567,0.22023402896278294,0.0,0.0,0.0,0.0,0.00010378563539115149
359,100,100,1.0,feasible,0.7084607934348456,0.7533806678736505,0.8030752345943871,0.09461444115954154,0.5286398416,0.5888360783359999,0.7379586255999999,0.20931878399999992,0.0,0.06687073543408097,0.24303128878095234,0.24303128878095234,0.13222747246244332,0.44633788080868764,1.0,0.8677725275375567,0.22028326126561365,0.0,0.0,0.0,0.0,4.923230283071511e-05
360,100,100,1.0,feasible,0.7084607934348456,0.7564844509915752,0.8030752345943871,0.09461444115954154,0.5286398416,0.5945938289999999,0.7379586255999999,0.20931878399999992,0.0,0.06831410719250476,0.2145216551595238,0.2145216551595238,0.13222747246244332,0.41836076436492875,1.0,0.8677725275375567,0.21999204065916717,0.0,0.0,0.0,0.0,-0.00029122060644648506
361,100,100,1.0,feasible,0.7084607934348456,0.7549554748338653,0.8030752345943871,0.09461444115954154,0.5286398416,0.5950760076159998,0.7379586255999999,0.20931878399999992,0.0,0.06407162991332144,0.2145216551595238,0.2145216551595238,0.13222747246244332,0.44019939109613515,1.0,0.8677725275375567,0.21971812365186996,0.0,0.0,0.0,0.0,-0.00027391700729720303
362,100,100,1.0,feasible,0.7084607934348456,0.7525771989404008,0.8030752345943871,0.09461444115954154,0.5286398416,0.5846745373119998,0.7379586255999999,0.20931878399999992,0.0,0.07128613252334523,0.23134709733571426,0.23134709733571426,0.13222747246244332,0.4445650392960133,1.0,0.8677725275375567,0.21984120687687392,0.0,0.0,0.0,0.0,0.00012308322500395596
363,100,100,1.0,feasible,0.7084607934348456,0.7533456233329843,0.8030752345943871,0.09461444115954154,0.5286398416,0.5886031157439998,0.7379586255999999,0.20931878399999992,0.0,0.06760746005927856,0.23134709733571426,0.23134709733571426,0.13222747246244332,0.4426881802780389,1.0,0.8677725275375567,0.21971131917810388,0.0,0.0,0.0,0.0,-0.00012988769877003703
364,100,100,1.0,feasible,0.7084607934348456,0.7541937582352222,0.802067306961087,0.09360651352624139,0.5286398416,0.5888660503519999,0.7379586255999999,0.20931878399999992,0.0,0.06968086549513572,0.23134709733571426,0.23134709733571426,0.13222747246244332,0.4315387439624302,1.0,0.8677725275375567,0.21956827537974732,0.0,0.0,0.0,0.0,-0.0001430437983565569
365,100,100,1.0,feasible,0.7084607934348456,0.7539223668689934,0.802067306961087,0.09360651352624139,0.5286398416,0.5894267154159999,0.7379586255999999,0.20931878399999992,0.0,0.07354555493551666,0.23134709733571426,0.23134709733571426,0.13222747246244332,0.4289231710283654,1.0,0.8677725275375567,0.2197928373613604,0.0,0.0,0.0,0.0,0.0002245619816130806
366,100,100,1.0,feasible,0.7084607934348456,0.7553247938011267,0.802067306961087,0.09360651352624139,0.5286398416,0.595813355016,0.7379586255999999,0.20931878399999992,0.0,0.06760357867985001,0.23134709733571426,0.23134709733571426,0.13222747246244332,0.4253692791010264,1.0,0.8677725275375567,0.2201760526813748,0.0,0.0,0.0,0.0,0.0003832153200143962
367,100,100,1.0,feasible,0.7084607934348456,0.7526197026747249,0.802067306961087,0.09360651352624139,0.5286398416,0.591735864472,0.7379586255999999,0.20931878399999992,0.0,0.06475909305374283,0.23134709733571426,0.23134709733571426,0.13222747246244332,0.4462021489890148,1.0,0.8677725275375567,0.21969826250221436,0.0,0.0,0.0,0.0,-0.0004777901791604422
368,100,100,1.0,feasible,0.7084607934348456,0.7525939773873688,0.802067306961087,0.09360651352624139,0.5286398416,0.5898117404879999,0.7379586255999999,0.20931878399999992,0.0,0.06887245153218809,0.23199533742380954,0.23199533742380954,0.13222747246244332,0.4366234900202577,1.0,0.8677725275375567,0.21981627581604052,0.0,0.0,0.0,0.0,0.00011801331382615965
369,100,100,1.0,feasible,0.7084607934348456,0.752824797153472,0.802067306961087,0.09360651352624139,0.5286398416,0.593424815552,0.7379586255999999,0.20931878399999992,0.0,0.06675197240845238,0.23199533742380954,0.23199533742380954,0.13222747246244332,0.4403439468196251,1.0,0.8677725275375567,0.21965630581326873,0.0,0.0,0.0,0.0,-0.00015997000277179207
370,100,100,1.0,feasible,0.7084607934348456,0.7525527553023563,0.802067306961087,0.09360651352624139,0.5286398416,0.5951604427919999,0.7379586255999999,0.20931878399999992,0.0,0.06611935450929762,0.23199533742380954,0.23199533742380954,0.13222747246244332,0.43477131953490505,1.0,0.8677725275375567,0.21925752088826,0.0,0.0,0.0,0.0,-0.00039878492500872165
371,100,100,1.0,feasible,0.7084607934348456,0.7499283624884447,0.802067306961087,0.09360651352624139,0.5286398416,0.590097382512,0.7379586255999999,0.20931878399999992,0.0,0.06751512772860475,0.23199533742380954,0.23199533742380954,0.13222747246244332,0.45944745703549617,1.0,0.8677725275375567,0.21874650262986145,0.0,0.0,0.0,0.0,-0.0005110182583985545
372,100,100,1.0,feasible,0.7084607934348456,0.7527632960807913,0.8022723291995884,0.09381153576474277,0.5286398416,0.596173507432,0.7383559263999999,0.20971608479999992,0.0,0.06367589527914762,0.2283824678571429,0.2283824678571429,0.13222747246244332,0.441165557681275,1.0,0.8677725275375567,0.21877300430952634,0.0,0.0,0.0,0.0,2.650167966489203e-05
373,100,100,1.0,feasible,0.7084607934348456,0.7544461248390981,0.8022723291995884,0.09381153576474277,0.5286398416,0.596736469056,0.7383559263999999,0.20971608479999992,0.0,0.06652431099217143,0.23740183522857145,0.23740183522857145,0.13222747246244332,0.4261314762485115,1.0,0.8677725275375567,0.21920013325102888,0.0,0.0,0.0,0.0,0.00042712894150254144
374,100,100,1.0,feasible,0.7084607934348456,0.7535655199073833,0.8022723291995884,0.09381153576474277,0.5286398416,0.59417461284,0.7383559263999999,0.20971608479999992,0.0,0.06853955764148095,0.23740183522857145,0.23740183522857145,0.13222747246244332,0.4352377278229732,1.0,0.8677725275375567,0.21919321495172156,0.0,0.0,0.0,0.0,-6.918299307323572e-06
375,100,100,1.0,feasible,0.7084607934348456,0.7535531396089513,0.8022723291995884,0.09381153576474277,0.5286398416,0.595586723464,0.7383559263999999,0.20971608479999992,0.0,0.06972540928740882,0.19773553966428573,0.19773553966428573,0.13179362819705,0.4342650906050424,1.0,0.86820637180295,0.21975002859692255,0.0,0.0,0.0,0.0004338442653933072,0.0005568136452009931
376,100,100,1.0,feasible,0.7084607934348456,0.7529159336961263,0.8022723291995884,0.09381153576474277,0.5286398416,0.595891053872,0.7383559263999999,0.20971608479999992,0.0,0.06728933668775239,0.20694879850047618,0.20694879850047618,0.13179362819705,0.4355641163092324,1.0,0.86820637180295,0.21982133488449726,0.0,0.0,0.0,0.0,7.130628757470725e-05
377,100,100,1.0,feasible,0.7084607934348456,0.7528415552325886,0.8022723291995884,0.09381153576474277,0.5286398416,0.5907987908719999,0.7383559263999999,0.20971608479999992,0.0,0.0734286118948238,0.2087599961190476,0.2087599961190476,0.13179362819705,0.4204389148171112,1.0,0.86820637180295,0.21951737666663496,0.0,0.0,0.0,0.0,-0.0003039582178623046
378,100,100,1.0,feasible,0.7084607934348456,0.7555474063985838,0.8022723291995884,0.09381153576474277,0.5286398416,0.593726078928,0.7383559263999999,0.20971608479999992,0.0,0.08237677809619048,0.22358602539999997,0.22358602539999997,0.13179362819705,0.39628302052785,1.0,0.86820637180295,0.21942962535335236,0.0,0.0,0.0,0.0,-8.775131328259134e-05
379,100,100,1.0,feasible,0.7084607934348456,0.7540027120680933,0.8022723291995884,0.09381153576474277,0.5286398416,0.5939410003839999,0.7383559263999999,0.20971608479999992,0.0,0.07589479084525,0.22091192469523813,0.22091192469523813,0.13179362819705,0.4120672946952525,1.0,0.86820637180295,0.21952111444988506,0.0,0.0,0.0,0.0,9.148909653269865e-05
380,100,100,1.0,feasible,0.7084607934348456,0.754655913407636,0.8022723291995884,0.09381153576474277,0.5286398416,0.5969215928799999,0.7383559263999999,0.20971608479999992,0.0,0.07669674752936667,0.2087599961190476,0.2087599961190476,0.1269249884344125,0.4152930102759209,1.0,0.8730750115655875,0.2198601548939414,0.0,0.0,0.0,0.004868639762637517,0.00033904044405633216
381,100,100,1.0,feasible,0.7084607934348456,0.7548546512645423,0.8022723291995884,0.09381153576474277,0.5286398416,0.5960131960159999,0.7383559263999999,0.20971608479999992,0.0,0.07559883852143572,0.21205556171904755,0.21205556171904755,0.1269249884344125,0.4111373647252805,1.0,0.8730750115655875,0.22046815546179005,0.0,0.0,0.0,0.0,0.0006080005678486544
382,100,100,1.0,feasible,0.7084607934348456,0.7528152103221529,0.8022723291995884,0.09381153576474277,0.5286398416,0.5946225933920001,0.7383559263999999,0.20971608479999992,0.0,0.07549813378306905,0.21205556171904755,0.21205556171904755,0.1269249884344125,0.4242290749584703,1.0,0.8730750115655875,0.21983488699920806,0.0,0.0,0.0,0.0,-0.0006332684625819929
383,100,100,1.0,feasible,0.7084607934348456,0.7536459098233129,0.8022723291995884,0.09381153576474277,0.5286398416,0.5968518458959999,0.7383559263999999,0.20971608479999992,0.0,0.07361258690629524,0.21205556171904755,0.21205556171904755,0.12431055943121602,0.4212539157714884,1.0,0.875689440568784,0.2190876586814322,0.0,0.0,0.0,0.0026144290031964723,-0.0007472283177758499
384,100,100,1.0,feasible,0.7084607934348456,0.7521920497427312,0.8022723291995884,0.09381153576474277,0.5286398416,0.592344293192,0.7383559263999999,0.20971608479999992,0.0,0.07776550472644761,0.22021681220952385,0.22021681220952385,0.12431055943121602,0.423604593096117,1.0,0.875689440568784,0.21955588190857178,0.0,0.0,0.0,0.0,0.00046822322713957476
385,100,100,1.0,feasible,0.7084607934348456,0.7543242826949574,0.8022723291995884,0.09381153576474277,0.5286398416,0.5964721236639999,0.7383559263999999,0.20971608479999992,0.0,0.07753887352012143,0.21233429804142856,0.21233429804142856,0.12431055943121602,0.41293711659169047,1.0,0.875689440568784,0.21989518846499767,0.0,0.0,0.0,0.0,0.00033930655642588903
386,100,100,1.0,feasible,0.7084607934348456,0.7538919759946278,0.8022723291995884,0.09381153576474277,0.5286398416,0.594802600056,0.7383559263999999,0.20971608479999992,0.0,0.07444528823800238,0.22338215961904764,0.22338215961904764,0.12431055943121602,0.4121147225119715,1.0,0.875689440568784,0.22014739031401925,0.0,0.0,0.0,0.0,0.0002522018490215827
387,100,100,1.0,feasible,0.7084607934348456,0.7527497306603528,0.8022723291995884,0.09381153576474277,0.5286398416,0.5919796794239999,0.7383559263999999,0.20971608479999992,0.0,0.07870086630764286,0.22338215961904764,0.22338215961904764,0.12431055943121602,0.42250670461244205,1.0,0.875689440568784,0.22042764231626452,0.0,0.0,0.0,0.0,0.00028025200224526814
388,100,100,1.0,feasible,0.7084607934348456,0.7522658499040692,0.8022723291995884,0.09381153576474277,0.5286398416,0.5918434126319998,0.7383559263999999,0.20971608479999992,0.0,0.0795222427892381,0.22338215961904764,0.22338215961904764,0.12431055943121602,0.4244199792905977,1.0,0.875689440568784,0.22051141887753273,0.0,0.0,0.0,0.0,8.37765612682062e-05
389,100,100,1.0,feasible,0.7084607934348456,0.7533698789885405,0.8022723291995884,0.09381153576474277,0.5286398416,0.5910952865119998,0.7383559263999999,0.20971608479999992,0.0,0.0784419816886738,0.22338215961904764,0.22338215961904764,0.12431055943121602,0.4188773023728383,1.0,0.875689440568784,0.22080865022001894,0.0,0.0,0.0,0.0,0.00029723134248621497
390,100,100,1.0,feasible,0.7084607934348456,0.7530105726230968,0.8022723291995884,0.09381153576474277,0.5286398416,0.594028173504,0.7383559263999999,0.20971608479999992,0.0,0.07251993837687619,0.22338215961904764,0.22338215961904764,0.12431055943121602,0.4324921924311394,1.0,0.875689440568784,0.22093257866535915,0.0,0.0,0.0,0.0,0.00012392844534020453
391,100,100,1.0,feasible,0.7084607934348456,0.7518991357673593,0.8022723291995884,0.09381153576474277,0.5286398416,0.5910027133839999,0.7383559263999999,0.20971608479999992,0.0,0.06796574825129285,0.2234717858095238,0.2234717858095238,0.12431055943121602,0.4353736978088898,1.0,0.875689440568784,0.22126090729455672,0.0,0.0,0.0,0.0,0.0003283286291975718
392,100,100,1.0,feasible,0.7084607934348456,0.7515752816344863,0.8022723291995884,0.09381153576474277,0.5286398416,0.5939075993439998,0.7383559263999999,0.20971608479999992,0.0,0.06559301621797857,0.2234717858095238,0.2234717858095238,0.12431055943121602,0.4466367666149251,1.0,0.875689440568784,0.2211883740308329,0.0,0.0,0.0,0.0,-7.253326372380631e-05
393,100,100,1.0,feasible,0.7084607934348456,0.7535923354394501,0.8022723291995884,0.09381153576474277,0.5286398416,0.600653505048,0.7383559263999999,0.20971608479999992,0.0,0.06234999145595476,0.2234717858095238,0.2234717858095238,0.12431055943121602,0.4236297888602064,1.0,0.875689440568784,0.22147005886920954,0.0,0.0,0.0,0.0,0.0002816848383766224
394,100,100,1.0,feasible,0.7084607934348456,0.7522288656585212,0.8022723291995884,0.09381153576474277,0.5286398416,0.5976023210559999,0.7383559263999999,0.20971608479999992,0.0,0.05912440214880237,0.1973981757619048,0.1973981757619048,0.12431055943121602,0.4282077955522983,1.0,0.875689440568784,0.22138275297892,0.0,0.0,0.0,0.0,-8.730589028954627e-05
395,100,100,1.0,feasible,0.7084607934348456,0.7532800591395882,0.8022723291995884,0.09381153576474277,0.5286398416,0.5991142543119998,0.7383559263999999,0.20971608479999992,0.0,0.06357325248874286,0.20014540855666668,0.20014540855666668,0.12431055943121602,0.4207333211492859,1.0,0.875689440568784,0.22109318175298037,0.0,0.0,0.0,0.0,-0.0002895712259396166
396,100,100,1.0,feasible,0.7084607934348456,0.7522375032912982,0.8022723291995884,0.09381153576474277,0.5286398416,0.5957145058159998,0.7383559263999999,0.20971608479999992,0.0,0.062315067113485716,0.20014540855666668,0.20014540855666668,0.12431055943121602,0.4284556192676371,1.0,0.875689440568784,0.22108389678536128,0.0,0.0,0.0,0.0,-9.284967619094253e-06
397,100,100,1.0,feasible,0.7084607934348456,0.7553181115500671,0.8022723291995884,0.09381153576474277,0.5286398416,0.6014137580479999,0.7383559263999999,0.20971608479999992,0.0,0.06372414032125474,0.20014540855666668,0.20014540855666668,0.12431055943121602,0.4162698517152959,1.0,0.875689440568784,0.22110095174772554,0.0,0.0,0.0,0.0,1.7054962364260184e-05
398,100,100,1.0,feasible,0.7084607934348456,0.7513480307240159,0.8022723291995884,0.09381153576474277,0.5286398416,0.590556730472,0.7383559263999999,0.20971608479999992,0.0,0.06825550936280951,0.20014540855666668,0.20014540855666668,0.12431055943121602,0.445963944699025,1.0,0.875689440568784,0.22144574996628785,0.0,0.0,0.0,0.0,0.0003447982185623144
399,100,100,1.0,feasible,0.7084607934348456,0.7523858588718539,0.8022723291995884,0.09381153576474277,0.5286398416,0.59351479924,0.7383559263999999,0.20971608479999992,0.0,0.06505373412280951,0.20014540855666668,0.20014540855666668,0.12431055943121602,0.4485955928878561,1.0,0.875689440568784,0.22174093308046444,0.0,0.0,0.0,0.0,0.00029518311417658927
400,100,100,1.0,feasible,0.7084607934348456,0.7525100897720336,0.8022723291995884,0.09381153576474277,0.5286398416,0.5933323540079999,0.7383559263999999,0.20971608479999992,0.0,0.06555994711060238,0.20014540855666668,0.20014540855666668,0.12431055943121602,0.437737775302211,1.0,0.875689440568784,0.22125858624153505,0.0,0.0,0.0,0.0,-0.0004823468389293928
401,100,100,1.0,feasible,0.7084607934348456,0.7534633868662026,0.8022723291995884,0.09381153576474277,0.5286398416,0.5982332077199999,0.7383559263999999,0.20971608479999992,0.0,0.06413091390877143,0.20611414632880953,0.20611414632880953,0.12431055943121602,0.4408107361074687,1.0,0.875689440568784,0.22135682342942226,0.0,0.0,0.0,0.0,9.823718788720681e-05
402,100,100,1.0,feasible,0.7084607934348456,0.7525804807135508,0.8022723291995884,0.09381153576474277,0.5286398416,0.5930619121199999,0.7383559263999999,0.20971608479999992,0.0,0.06889578812772142,0.20014540855666668,0.20014540855666668,0.12431055943121602,0.4348110477209778,1.0,0.875689440568784,0.22133895967825307,0.0,0.0,0.0,0.0,-1.7863751169189257e-05
403,100,100,1.0,feasible,0.7084607934348456,0.7519489296243,0.8022723291995884,0.09381153576474277,0.5286398416,0.5942781308959998,0.7383559263999999,0.20971608479999992,0.0,0.062442319715390465,0.2135304978809524,0.2135304978809524,0.12431055943121602,0.43921713306629934,1.0,0.875689440568784,0.22132294512843953,0.0,0.0,0.0,0.0,-1.601454981353667e-05
404,100,100,1.0,feasible,0.7084607934348456,0.751957569879476,0.8022723291995884,0.09381153576474277,0.5286398416,0.5943689269679999,0.7383559263999999,0.20971608479999992,0.0,0.06598567037543808,0.2135304978809524,0.2135304978809524,0.12431055943121602,0.4379849669688975,1.0,0.875689440568784,0.22117528654873803,0.0,0.0,0.0,0.0,-0.00014765857970150398
405,100,100,1.0,feasible,0.7084607934348456,0.7539517273088795,0.8022858330280991,0.0938250395932535,0.5286398416,0.5983932756639999,0.7383803495999999,0.20974050799999988,0.0,0.06778218799127142,0.22593610208809528,0.22593610208809528,0.12431055943121602,0.42246426089073535,1.0,0.875689440568784,0.2212403353542804,0.0,0.0,0.0,0.0,6.504880554236703e-05
406,100,100,1.0,feasible,0.7084607934348456,0.7535850080581862,0.8022858330280991,0.0938250395932535,0.5286398416,0.5979615192319999,0.7383803495999999,0.20974050799999988,0.0,0.0654136671262238,0.20014540855666668,0.20014540855666668,0.12431055943121602,0.4346256603890876,1.0,0.875689440568784,0.22065628605501583,0.0,0.0,0.0,0.0,-0.0005840492992645607
407,100,100,1.0,feasible,0.7084607934348456,0.7536905241998498,0.8022858330280991,0.0938250395932535,0.5286398416,0.594801876704,0.7383803495999999,0.20974050799999988,0.0,0.07020558129047733,0.20014540855666668,0.20014540855666668,0.12431055943121602,0.4272972011891208,1.0,0.875689440568784,0.22097334193937665,0.0,0.0,0.0,0.0,0.00031705588436081733
408,100,100,1.0,feasible,0.7084607934348456,0.7556304452052046,0.8022858330280991,0.0938250395932535,0.5286398416,0.6021913976159998,0.7383803495999999,0.20974050799999988,0.0,0.06410070926281064,0.20014540855666668,0.20014540855666668,0.12431055943121602,0.42114457956972084,1.0,0.875689440568784,0.22092883859335494,0.0,0.0,0.0,0.0,-4.4503346021712575e-05
409,100,100,1.0,feasible,0.7084607934348456,0.7532788990938901,0.8022858330280991,0.0938250395932535,0.5286398416,0.5930847864879998,0.7383803495999999,0.20974050799999988,0.0,0.0692095316039154,0.20014540855666668,0.20014540855666668,0.12326127218421527,0.43147786295526225,1.0,0.8767387278157848,0.22178246945269542,0.0,0.0,0.0,0.0010492872470007492,0.0008536308593404818
410,100,100,1.0,feasible,0.7084607934348456,0.7547341842499086,0.8022858330280991,0.0938250395932535,0.5286398416,0.5949338900399999,0.7383803495999999,0.20974050799999988,0.0,0.07356723366615112,0.2006614330388095,0.2006614330388095,0.12326127218421527,0.4139386944640537,1.0,0.8767387278157848,0.2213235596455535,0.0,0.0,0.0,0.0,-0.0004589098071419162
411,100,100,1.0,feasible,0.7084607934348456,0.7533496895295901,0.8022858330280991,0.0938250395932535,0.5286398416,0.593048360048,0.7383803495999999,0.20974050799999988,0.0,0.07003002486168684,0.2048624303238095,0.2048624303238095,0.12326127218421527,0.4343171664267409,1.0,0.8767387278157848,0.22153882400491895,0.0,0.0,0.0,0.0,0.00021526435936544686
412,100,100,1.0,feasible,0.7084607934348456,0.7570203561997454,0.8022858330280991,0.0938250395932535,0.5286398416,0.5989283004159999,0.7383803495999999,0.20974050799999988,0.0,0.07168256572692015,0.2048624303238095,0.2048624303238095,0.12326127218421527,0.399127117724185,1.0,0.8767387278157848,0.2216644116875755,0.0,0.0,0.0,0.0,0.00012558768265655273
413,100,100,1.0,feasible,0.7084607934348456,0.7549730282542338,0.8022858330280991,0.0938250395932535,0.5286398416,0.5927198021760001,0.7383803495999999,0.20974050799999988,0.0,0.07104420949446065,0.1999270414166667,0.1999270414166667,0.12326127218421527,0.4171811042359019,1.0,0.8767387278157848,0.22194840993927842,0.0,0.0,0.0,0.0,0.00028399825170291604
414,100,100,1.0,feasible,0.7084607934348456,0.7529505926935621,0.8022858330280991,0.0938250395932535,0.5286398416,0.5884581751519999,0.7383803495999999,0.20974050799999988,0.0,0.07319052226745279,0.2104150998587381,0.2104150998587381,0.12326127218421527,0.426799285912151,1.0,0.8767387278157848,0.22169332162753652,0.0,0.0,0.0,0.0,-0.0002550883117418967
415,100,100,1.0,feasible,0.7084607934348456,0.754217024260897,0.8022858330280991,0.0938250395932535,0.5286398416,0.5958456707119999,0.7383803495999999,0.20974050799999988,0.0,0.06821114594224087,0.2104150998587381,0.2104150998587381,0.12326127218421527,0.4344234901426784,1.0,0.8767387278157848,0.22130991632267333,0.0,0.0,0.0,0.0,-0.0003834053048631936
416,100,100,1.0,feasible,0.7084607934348456,0.7533432818237316,0.8022858330280991,0.0938250395932535,0.5286398416,0.594058716792,0.7383803495999999,0.20974050799999988,0.0,0.07032195345468922,0.20977915511666673,0.20977915511666673,0.12326127218421527,0.43318114054674056,1.0,0.8767387278157848,0.22133459033939462,0.0,0.0,0.0,0.0,2.4674016721293324e-05
417,100,100,1.0,feasible,0.7084607934348456,0.753165122831528,0.8022858330280991,0.0938250395932535,0.5286398416,0.591745682688,0.7383803495999999,0.20974050799999988,0.0,0.0767266051496654,0.2115184941904762,0.2115184941904762,0.12326127218421527,0.42889644388093706,1.0,0.8767387278157848,0.22121654751945785,0.0,0.0,0.0,0.0,-0.00011804281993677002
418,100,100,1.0,feasible,0.7084607934348456,0.7518645510325643,0.8022858330280991,0.0938250395932535,0.5286398416,0.5911760106239998,0.7383803495999999,0.20974050799999988,0.0,0.0718251149214273,0.2115184941904762,0.2115184941904762,0.12326127218421527,0.44155023039074126,1.0,0.8767387278157848,0.22126365985560803,0.0,0.0,0.0,0.0,4.711233615017907e-05
419,100,100,1.0,feasible,0.7084607934348456,0.7541931444961889,0.8022858330280991,0.0938250395932535,0.5286398416,0.6007863732,0.7383803495999999,0.20974050799999988,0.0,0.06468015348748642,0.2115184941904762,0.2115184941904762,0.12326127218421527,0.4352113240731081,1.0,0.8767387278157848,0.2208971688848291,0.0,0.0,0.0,0.0,-0.00036649097077892656
420,100,100,1.0,feasible,0.7084607934348456,0.7532494535006018,0.8022858330280991,0.0938250395932535,0.5286398416,0.5957431523519999,0.7383803495999999,0.20974050799999988,0.0,0.07232129642553403,0.21620550123809526,0.21620550123809526,0.12326127218421527,0.42051059587022394,1.0,0.8767387278157848,0.22113489199341546,0.0,0.0,0.0,0.0,0.00023772310858635737
421,100,100,1.0,feasible,0.7084607934348456,0.7519354128355396,0.8022858330280991,0.0938250395932535,0.5286398416,0.5936792359999999,0.7383803495999999,0.20974050799999988,0.0,0.06787118056945307,0.21645911908238089,0.21645911908238089,0.12326127218421527,0.43184134476913694,1.0,0.8767387278157848,0.22107467716565776,0.0,0.0,0.0,0.0,-6.02148277576986e-05
422,100,100,1.0,feasible,0.7084607934348456,0.751981287738301,0.8022858330280991,0.0938250395932535,0.5286398416,0.5907238573439999,0.7383803495999999,0.20974050799999988,0.0,0.07699642701245306,0.21982623662380957,0.21982623662380957,0.12326127218421527,0.4254574845618144,1.0,0.8767387278157848,0.22125355269285812,0.0,0.0,0.0,0.0,0.0001788755272003617
423,100,100,1.0,feasible,0.7084607934348456,0.7523376060575933,0.8022858330280991,0.0938250395932535,0.5286398416,0.5920504498719998,0.7383803495999999,0.20974050799999988,0.0,0.07305965621143445,0.21982623662380957,0.21982623662380957,0.12326127218421527,0.42470439737370597,1.0,0.8767387278157848,0.22129559775594412,0.0,0.0,0.0,0.0,4.20450630859992e-05
424,100,100,1.0,feasible,0.7084607934348456,0.7521343260949191,0.8022858330280991,0.0938250395932535,0.5286398416,0.5924387568719998,0.7383803495999999,0.20974050799999988,0.0,0.06998338385348207,0.21982623662380957,0.21982623662380957,0.12326127218421527,0.4326513734658672,1.0,0.8767387278157848,0.2203464930435853,0.0,0.0,0.0,0.0,-0.000949104712358817
425,100,100,1.0,feasible,0.7084607934348456,0.7551103933171125,0.8022858330280991,0.0938250395932535,0.5286398416,0.5971356418559999,0.7383803495999999,0.20974050799999988,0.0,0.07128044835504763,0.21504309037142855,0.21504309037142855,0.12326127218421527,0.39991050553858254,1.0,0.8767387278157848,0.2205050135889974,0.0,0.0,0.0,0.0,0.0001585205454120997
426,100,100,1.0,feasible,0.7084607934348456,0.7528203364615493,0.8022858330280991,0.0938250395932535,0.5286398416,0.5920887170479999,0.7383803495999999,0.20974050799999988,0.0,0.06953409770350952,0.21504309037142855,0.21504309037142855,0.12326127218421527,0.4204246894744359,1.0,0.8767387278157848,0.22088080247520436,0.0,0.0,0.0,0.0,0.00037578888620695694
427,100,100,1.0,feasible,0.7084607934348456,0.752542964994855,0.8022858330280991,0.0938250395932535,0.5286398416,0.5923390902639999,0.7383803495999999,0.20974050799999988,0.0,0.06950385061207857,0.21504309037142855,0.21504309037142855,0.12326127218421527,0.42173625518052354,1.0,0.8767387278157848,0.22084022192149588,0.0,0.0,0.0,0.0,-4.058055370848024e-05
428,100,100,1.0,feasible,0.7084607934348456,0.7527597105837824,0.8022858330280991,0.0938250395932535,0.5286398416,0.5903682158639999,0.7383803495999999,0.20974050799999988,0.0,0.0707907473020738,0.21504309037142855,0.21504309037142855,0.12326127218421527,0.40830564066595476,1.0,0.8767387278157848,0.2209235395731123,0.0,0.0,0.0,0.0,8.33176516164269e-05
429,100,100,1.0,feasible,0.7084607934348456,0.7531046280798144,0.8022858330280991,0.0938250395932535,0.5286398416,0.593382362416,0.7383803495999999,0.20974050799999988,0.0,0.06911234200095237,0.21302246296428567,0.21302246296428567,0.12326127218421527,0.416348280659777,1.0,0.8767387278157848,0.22022689082068272,0.0,0.0,0.0,0.0,-0.000696648752429585
430,100,100,1.0,feasible,0.7084607934348456,0.7532497509191913,0.8022858330280991,0.0938250395932535,0.5286398416,0.5927200854239999,0.7383803495999999,0.20974050799999988,0.0,0.07257723604935952,0.21302246296428567,0.21302246296428567,0.12326127218421527,0.4123556051293453,1.0,0.8767387278157848,0.22030726577558968,0.0,0.0,0.0,0.0,8.037495490695323e-05
431,100,100,1.0,feasible,0.7084607934348456,0.7533482487511556,0.8022858330280991,0.0938250395932535,0.5286398416,0.5936209961119999,0.7383803495999999,0.20974050799999988,0.0,0.07284057982057143,0.21166054736333334,0.21166054736333334,0.12326127218421527,0.41440221129449434,1.0,0.8767387278157848,0.22054446718060217,0.0,0.0,0.0,0.0,0.0002372014050124882
432,100,100,1.0,feasible,0.7084607934348456,0.7531066822754786,0.8022657669230634,0.09380497348821781,0.5286398416,0.59720067496,0.7383376743999999,0.20969783279999987,0.0,0.06581244377166667,0.21166054736333334,0.21166054736333334,0.12326127218421527,0.4312129885717003,1.0,0.8767387278157848,0.22074469819392833,0.0,0.0,0.0,0.0,0.00020023101332616866
433,100,100,1.0,feasible,0.7084607934348456,0.7540711460982333,0.8022657669230634,0.09380497348821781,0.5286398416,0.5998902828079998,0.7383376743999999,0.20969783279999987,0.0,0.06140447617772381,0.21166054736333334,0.21166054736333334,0.12326127218421527,0.42463314118222406,1.0,0.8767387278157848,0.22088326143166315,0.0,0.0,0.0,0.0,0.00013856323773481227
434,100,100,1.0,feasible,0.7084607934348456,0.7536209381089425,0.8022657669230634,0.09380497348821781,0.5286398416,0.593746776584,0.7383376743999999,0.20969783279999987,0.0,0.06821744255029213,0.21872491767380944,0.21872491767380944,0.12326127218421527,0.42675810052476515,1.0,0.8767387278157848,0.22064916777410715,0.0,0.0,0.0,0.0,-0.00023409365755600042
435,100,100,1.0,feasible,0.7084607934348456,0.7536760021471055,0.8022657669230634,0.09380497348821781,0.5286398416,0.593675786576,0.7383376743999999,0.20969783279999987,0.0,0.07139817964242141,0.2189036212833333,0.2189036212833333,0.12326127218421527,0.41829284535834566,1.0,0.8767387278157848,0.220882741124738,0.0,0.0,0.0,0.0,0.0002335733506308446
436,100,100,1.0,feasible,0.7084607934348456,0.7549554954703226,0.8022657669230634,0.09380497348821781,0.5286398416,0.5950636711439999,0.7383376743999999,0.20969783279999987,0.0,0.07189524640170239,0.2283071892857143,0.2283071892857143,0.12322190940406677,0.4103917301905642,1.0,0.8767780905959333,0.2210800400671787,0.0,0.0,0.0,3.9362780148502474e-05,0.00019729894244072121
437,100,100,1.0,feasible,0.7084607934348456,0.7550115067962605,0.8022657669230634,0.09380497348821781,0.5286398416,0.5913676980079998,0.7383376743999999,0.20969783279999987,0.0,0.06987597992131428,0.23022086018571428,0.23022086018571428,0.12322190940406677,0.3945224686246446,1.0,0.8767780905959333,0.2216318361553778,0.0,0.0,0.0,0.0,0.0005517960881990802
438,100,100,1.0,feasible,0.7084607934348456,0.7540050097709872,0.8022657669230634,0.09380497348821781,0.5286398416,0.5941186245999999,0.7383376743999999,0.20969783279999987,0.0,0.06811455786003572,0.23022086018571428,0.23022086018571428,0.12322190940406677,0.4212978479741681,1.0,0.8767780905959333,0.22152800018857083,0.0,0.0,0.0,0.0,-0.00010383596680696439
439,100,100,1.0,feasible,0.7084607934348456,0.751576996416549,0.8022657669230634,0.09380497348821781,0.5286398416,0.5865564497679998,0.7383376743999999,0.20969783279999987,0.0,0.07210112735308404,0.23022086018571428,0.23022086018571428,0.12322190940406677,0.42490773099399903,1.0,0.8767780905959333,0.22134788814565937,0.0,0.0,0.0,0.0,-0.0001801120429114622
440,100,100,1.0,feasible,0.7084607934348456,0.7530365129218777,0.8022657669230634,0.09380497348821781,0.5286398416,0.5901680817039999,0.7383376743999999,0.20969783279999987,0.0,0.06982437349339285,0.2063429645230238,0.2063429645230238,0.12322190940406677,0.4155111792831893,1.0,0.8767780905959333,0.2215452094314081,0.0,0.0,0.0,0.0,0.00019732128574873053
441,100,100,1.0,feasible,0.7084607934348456,0.7546357259135228,0.8022657669230634,0.09380497348821781,0.5286398416,0.5925137459759999,0.7383376743999999,0.20969783279999987,0.0,0.06751299892232454,0.2031214588714286,0.2031214588714286,0.12322190940406677,0.3974362001988569,1.0,0.8767780905959333,0.22165094063883353,0.0,0.0,0.0,0.0,0.00010573120742543574
442,100,100,1.0,feasible,0.7084607934348456,0.7543501506087243,0.8022657669230634,0.09380497348821781,0.5286398416,0.5962992100960001,0.7383376743999999,0.20969783279999987,0.0,0.06189552215409096,0.19825576052959523,0.19825576052959523,0.12322190940406677,0.41261156084548295,1.0,0.8767780905959333,0.2213351567463593,0.0,0.0,0.0,0.0,-0.00031578389247421956
443,100,100,1.0,feasible,0.7084607934348456,0.751428534092931,0.8022657669230634,0.09380497348821781,0.5286398416,0.5880969474159999,0.7383376743999999,0.20969783279999987,0.0,0.06688089814528882,0.19825576052959523,0.19825576052959523,0.12322190940406677,0.43395320211000565,1.0,0.8767780905959333,0.22133300996604993,0.0,0.0,0.0,0.0,-2.146780309381091e-06
444,100,100,1.0,feasible,0.7084607934348456,0.7544732723902464,0.8022657669230634,0.09380497348821781,0.5286398416,0.5943536433919999,0.7383376743999999,0.20969783279999987,0.0,0.06603065040071023,0.20913415441904762,0.20913415441904762,0.12322190940406677,0.40935415772084843,1.0,0.8767780905959333,0.2214962517408749,0.0,0.0,0.0,0.0,0.0001632417748249626
445,100,100,1.0,feasible,0.7084607934348456,0.7524614582491759,0.8022657669230634,0.09380497348821781,0.5286398416,0.5943940944799998,0.7383376743999999,0.20969783279999987,0.0,0.06819599262340913,0.20913415441904762,0.20913415441904762,0.12322190940406677,0.4376436696004076,1.0,0.8767780905959333,0.22131357664917967,0.0,0.0,0.0,0.0,-0.000182675091695228
446,100,100,1.0,feasible,0.7084607934348456,0.752320578361502,0.8022657669230634,0.09380497348821781,0.5286398416,0.5930870327039999,0.7383376743999999,0.20969783279999987,0.0,0.06700552525305911,0.21166633359285716,0.21166633359285716,0.12322190940406677,0.4303434450694582,1.0,0.8767780905959333,0.221549474963406,0.0,0.0,0.0,0.0,0.0002358983142263238
447,100,100,1.0,feasible,0.7084607934348456,0.7534878721085589,0.8022657669230634,0.09380497348821781,0.5286398416,0.5953855794799999,0.7383376743999999,0.20969783279999987,0.0,0.06732688506218214,0.21166633359285716,0.21166633359285716,0.12322190940406677,0.4251631280457538,1.0,0.8767780905959333,0.2208704816100131,0.0,0.0,0.0,0.0,-0.0006789933533928871
448,100,100,1.0,feasible,0.7084607934348456,0.7540818669867266,0.8022657669230634,0.09380497348821781,0.5286398416,0.5972312311359999,0.7383376743999999,0.20969783279999987,0.0,0.06640885052459738,0.21166633359285716,0.21166633359285716,0.12322190940406677,0.41819052501657095,1.0,0.8767780905959333,0.22118382070098147,0.0,0.0,0.0,0.0,0.00031333909096836754
449,100,100,1.0,feasible,0.7084607934348456,0.75321867976558,0.8022657669230634,0.09380497348821781,0.5286398416,0.5944883532079999,0.7383376743999999,0.20969783279999987,0.0,0.07036447579686808,0.21166633359285716,0.21166633359285716,0.12322190940406677,0.429623334539485,1.0,0.8767780905959333,0.2213456654525642,0.0,0.0,0.0,0.0,0.00016184475158273481
450,100,100,1.0,feasible,0.7084607934348456,0.7506164940854307,0.8022657669230634,0.09380497348821781,0.5286398416,0.5880689187119998,0.7383376743999999,0.20969783279999987,0.0,0.06953385354990595,0.20632700067440476,0.20632700067440476,0.12322190940406677,0.44568015409095524,1.0,0.8767780905959333,0.22117384572635804,0.0,0.0,0.0,0.0,-0.00017181972620616826
451,100,100,1.0,feasible,0.7084607934348456,0.7532600508136678,0.8022657669230634,0.09380497348821781,0.5286398416,0.5948399464639997,0.7383376743999999,0.20969783279999987,0.0,0.07055715512326309,0.21389991946666664,0.21389991946666664,0.12322190940406677,0.4301694173304824,1.0,0.8767780905959333,0.22093856832370934,0.0,0.0,0.0,0.0,-0.00023527740264869812
452,100,100,1.0,feasible,0.7084607934348456,0.7510662636518236,0.8022657669230634,0.09380497348821781,0.5286398416,0.589712157328,0.7383376743999999,0.20969783279999987,0.0,0.07049093918493095,0.21389991946666664,0.21389991946666664,0.12322190940406677,0.4448487825284774,1.0,0.8767780905959333,0.22099323868863371,0.0,0.0,0.0,0.0,5.467036492437516e-05
453,100,100,1.0,feasible,0.7084607934348456,0.7516683508363421,0.8022657669230634,0.09380497348821781,0.5286398416,0.5896847643679998,0.7383376743999999,0.20969783279999987,0.0,0.0666340691282793,0.21389991946666664,0.21389991946666664,0.12322190940406677,0.4464747541430185,1.0,0.8767780905959333,0.2210190411211941,0.0,0.0,0.0,0.0,2.5802432560395605e-05
454,100,100,1.0,feasible,0.7084607934348456,0.7513321379728951,0.8022657669230634,0.09380497348821781,0.5286398416,0.5872373198239998,0.7383376743999999,0.20969783279999987,0.0,0.06826521688350713,0.2065873213785714,0.2065873213785714,0.12322190940406677,0.4475944232925749,1.0,0.8767780905959333,0.22130700273932918,0.0,0.0,0.0,0.0,0.00028796161813507415
455,100,100,1.0,feasible,0.7084607934348456,0.7513256736233933,0.8022657669230634,0.09380497348821781,0.5286398416,0.5916268009439998,0.7383376743999999,0.20969783279999987,0.0,0.06375819669971905,0.2065873213785714,0.2065873213785714,0.12322190940406677,0.4592664762748114,1.0,0.8767780905959333,0.22112836493385096,0.0,0.0,0.0,0.0,-0.00017863780547822117
456,100,100,1.0,feasible,0.7084607934348456,0.7553944287251672,0.8022657669230634,0.09380497348821781,0.5286398416,0.5967431927199999,0.7383376743999999,0.20969783279999987,0.0,0.06942380175214286,0.204080311202381,0.204080311202381,0.12322190940406677,0.41002284789575105,1.0,0.8767780905959333,0.22120197525156893,0.0,0.0,0.0,0.0,7.361031771796478e-05
457,100,100,1.0,feasible,0.7084607934348456,0.754806941767394,0.8022657669230634,0.09380497348821781,0.5286398416,0.5927266586639999,0.7383376743999999,0.20969783279999987,0.0,0.07096001170151668,0.21079397201666664,0.21079397201666664,0.12322190940406677,0.41625918845310733,1.0,0.8767780905959333,0.22120205644071472,0.0,0.0,0.0,0.0,8.118914579524628e-08
458,100,100,1.0,feasible,0.7084607934348456,0.754174341502276,0.8022657669230634,0.09380497348821781,0.5286398416,0.5928766013839999,0.7383376743999999,0.20969783279999987,0.0,0.06448616351627143,0.2022317957047619,0.2022317957047619,0.12322190940406677,0.42823613026193114,1.0,0.8767780905959333,0.22136326968129014,0.0,0.0,0.0,0.0,0.00016121324057541409
459,100,100,1.0,feasible,0.7084607934348456,0.7541838698916855,0.8022657669230634,0.09380497348821781,0.5286398416,0.5927960693999998,0.7383376743999999,0.20969783279999987,0.0,0.06618349968474763,0.2022317957047619,0.2022317957047619,0.12322190940406677,0.4223369782256418,1.0,0.8767780905959333,0.2215733523382728,0.0,0.0,0.0,0.0,0.00021008265698266304
460,100,100,1.0,feasible,0.7084607934348456,0.7509270543195018,0.8022657669230634,0.09380497348821781,0.5286398416,0.5878285597279999,0.7383376743999999,0.20969783279999987,0.0,0.06439521429088334,0.1916177153809524,0.1916177153809524,0.12322190940406677,0.45223480979624825,1.0,0.8767780905959333,0.22166042864608115,0.0,0.0,0.0,0.0,8.707630780835363e-05
461,100,100,1.0,feasible,0.7084607934348456,0.7516160949121796,0.8022657669230634,0.09380497348821781,0.5286398416,0.5939665036719999,0.7383376743999999,0.20969783279999987,0.0,0.06044427497521667,0.19263546272380946,0.19263546272380946,0.12322190940406677,0.44581929610274423,1.0,0.8767780905959333,0.22143204526770174,0.0,0.0,0.0,0.0,-0.0002283833783794098
462,100,100,1.0,feasible,0.7084607934348456,0.7535792121448381,0.8022657669230634,0.09380497348821781,0.5286398416,0.5962338939439998,0.7383376743999999,0.20969783279999987,0.0,0.06465333664338094,0.19263546272380946,0.19263546272380946,0.12322190940406677,0.4299592869874666,1.0,0.8767780905959333,0.2204764876995809,0.0,0.0,0.0,0.0,-0.0009555575681208517
463,100,100,1.0,feasible,0.7084607934348456,0.7565842729780405,0.8022657669230634,0.09380497348821781,0.5286398416,0.5975863871599999,0.7383376743999999,0.20969783279999987,0.0,0.0724811443661731,0.1929417273699286,0.1929417273699286,0.12322190940406677,0.39463009451162206,1.0,0.8767780905959333,0.22069102185584366,0.0,0.0,0.0,0.0,0.00021453415626276895
464,100,100,1.0,feasible,0.7084607934348456,0.7520804027976906,0.8021412816353586,0.093680488200513,0.5286398416,0.5874437527279999,0.7380442303999999,0.2094043887999999,0.0,0.07335555842141118,0.2008619373809524,0.2008619373809524,0.12322190940406677,0.42776569051849733,1.0,0.8767780905959333,0.22123109344901637,0.0,0.0,0.0,0.0,0.0005400715931727085
465,100,100,1.0,feasible,0.7084607934348456,0.7517591993537753,0.8021412816353586,0.093680488200513,0.5286398416,0.5884189130399999,0.7380442303999999,0.2094043887999999,0.0,0.06954705338189048,0.22300261712380948,0.22300261712380948,0.12322190940406677,0.439189789994804,1.0,0.8767780905959333,0.22087785323959463,0.0,0.0,0.0,0.0,-0.0003532402094217346
466,100,100,1.0,feasible,0.7084607934348456,0.7522792123210016,0.8021412816353586,0.093680488200513,0.5286398416,0.5883717591919999,0.7380442303999999,0.2094043887999999,0.0,0.07172363636329047,0.22300261712380948,0.22300261712380948,0.12322190940406677,0.4287645003920676,1.0,0.8767780905959333,0.22119536920142255,0.0,0.0,0.0,0.0,0.0003175159618279133
467,100,100,1.0,feasible,0.7084607934348456,0.7530911114646014,0.8021412816353586,0.093680488200513,0.5286398416,0.5907860307839999,0.7380442303999999,0.2094043887999999,0.0,0.07107369981509357,0.23491526800476195,0.23491526800476195,0.12322190940406677,0.42873303832740695,1.0,0.8767780905959333,0.22100238419157645,0.0,0.0,0.0,0.0,-0.00019298500984610278
468,100,100,1.0,feasible,0.7084607934348456,0.7506797603090715,0.8021412816353586,0.093680488200513,0.5286398416,0.589581978504,0.7380442303999999,0.2094043887999999,0.0,0.0697679221973269,0.22300261712380948,0.22300261712380948,0.12322190940406677,0.452463069477138,1.0,0.8767780905959333,0.22091878168628729,0.0,0.0,0.0,0.0,-8.36025052891598e-05
469,100,100,1.0,feasible,0.7084607934348456,0.7517123608018069,0.8021412816353586,0.093680488200513,0.5286398416,0.58988126184,0.7380442303999999,0.2094043887999999,0.0,0.07081556777583571,0.21638201380952382,0.21638201380952382,0.12322190940406677,0.438052261356367,1.0,0.8767780905959333,0.22095237460191644,0.0,0.0,0.0,0.0,3.3592915629154785e-05
470,100,100,1.0,feasible,0.7084607934348456,0.7523569813266358,0.8021412816353586,0.093680488200513,0.5286398416,0.5922747628239998,0.7380442303999999,0.2094043887999999,0.0,0.07059135505674048,0.23430466023333332,0.23430466023333332,0.12322190940406677,0.4288660904795672,1.0,0.8767780905959333,0.22128385002252415,0.0,0.0,0.0,0.0,0.00033147542060771307
471,100,100,1.0,feasible,0.7084607934348456,0.7521918881891757,0.8021412816353586,0.093680488200513,0.5286398416,0.593525041504,0.7380442303999999,0.2094043887999999,0.0,0.0716646924013119,0.22738098821904756,0.22738098821904756,0.12322190940406677,0.4303809386333734,1.0,0.8767780905959333,0.22149709366812712,0.0,0.0,0.0,0.0,0.00021324364560296183
472,100,100,1.0,feasible,0.7084607934348456,0.7551088499380809,0.8021412816353586,0.093680488200513,0.5286398416,0.598867969616,0.7380442303999999,0.2094043887999999,0.0,0.07561938628863095,0.22738098821904756,0.22738098821904756,0.12322190940406677,0.40320668894042727,1.0,0.8767780905959333,0.22134288374936312,0.0,0.0,0.0,0.0,-0.0001542099187639978
473,100,100,1.0,feasible,0.7084607934348456,0.7505598890080755,0.8021412816353586,0.093680488200513,0.5286398416,0.5904425749359999,0.7380442303999999,0.2094043887999999,0.0,0.07290033693210238,0.23011799940738098,0.23011799940738098,0.12322190940406677,0.43888140462993147,1.0,0.8767780905959333,0.22167566693041102,0.0,0.0,0.0,0.0,0.00033278318104790205
474,100,100,1.0,feasible,0.7084607934348456,0.7501954439005459,0.8021412816353586,0.093680488200513,0.5286398416,0.5897070162639999,0.7380442303999999,0.2094043887999999,0.0,0.07434198943434524,0.23011799940738098,0.23011799940738098,0.12322190940406677,0.4395008441435696,1.0,0.8767780905959333,0.221655792658946,0.0,0.0,0.0,0.0,-1.9874271465020188e-05
475,100,100,1.0,feasible,0.7084607934348456,0.7519957940139187,0.8021412816353586,0.093680488200513,0.5286398416,0.5937942156399998,0.7380442303999999,0.2094043887999999,0.0,0.0746567166226976,0.23011799940738098,0.23011799940738098,0.12322190940406677,0.4262371682898644,1.0,0.8767780905959333,0.2210430319907734,0.0,0.0,0.0,0.0,-0.0006127606681725906
476,100,100,1.0,feasible,0.7084607934348456,0.7505891267306787,0.8021412816353586,0.093680488200513,0.5286398416,0.5912275779679999,0.7380442303999999,0.2094043887999999,0.0,0.07582639280726905,0.23011799940738098,0.23011799940738098,0.12322190940406677,0.44499233177783465,1.0,0.8767780905959333,0.22109145641109113,0.0,0.0,0.0,0.0,4.842442031771643e-05
477,100,100,1.0,feasible,0.7084607934348456,0.7535082852667749,0.8021412816353586,0.093680488200513,0.5286398416,0.5976753345039999,0.7380442303999999,0.2094043887999999,0.0,0.07634831590852618,0.2308561378714286,0.2308561378714286,0.12322190940406677,0.41654018817411803,1.0,0.8767780905959333,0.2210627338602999,0.0,0.0,0.0,0.0,-2.8722550791226986e-05
478,100,100,1.0,feasible,0.7084607934348456,0.7501315275207995,0.8021412816353586,0.093680488200513,0.5286398416,0.5879620172079999,0.7380442303999999,0.2094043887999999,0.0,0.08001148782276428,0.22491643276666662,0.22491643276666662,0.12322190940406677,0.4431466527287901,1.0,0.8767780905959333,0.22118147165564184,0.0,0.0,0.0,0.0,0.00011873779534193885
479,100,100,1.0,feasible,0.7084607934348456,0.7520643090201107,0.8021412816353586,0.093680488200513,0.5286398416,0.588844058672,0.7380442303999999,0.2094043887999999,0.0,0.07867762190859762,0.22491643276666662,0.22491643276666662,0.12322190940406677,0.4139717792550596,1.0,0.8767780905959333,0.22126508234174022,0.0,0.0,0.0,0.0,8.361068609838429e-05
480,100,100,1.0,feasible,0.7084607934348456,0.7536867383592346,0.8021412816353586,0.093680488200513,0.5286398416,0.591733626464,0.7380442303999999,0.2094043887999999,0.0,0.08042329502176429,0.22491643276666662,0.22491643276666662,0.12322190940406677,0.4057123575381489,1.0,0.8767780905959333,0.2213079587209713,0.0,0.0,0.0,0.0,4.2876379231088224e-05
481,100,100,1.0,feasible,0.7084607934348456,0.7559254988052254,0.8021412816353586,0.093680488200513,0.5286398416,0.5938118531039999,0.7380442303999999,0.2094043887999999,0.0,0.08000489091836904,0.23264306746904762,0.23264306746904762,0.12322190940406677,0.39541843121005377,1.0,0.8767780905959333,0.22151736657218155,0.0,0.0,0.0,0.0,0.00020940785121023597
482,100,100,1.0,feasible,0.7084607934348456,0.7533867189062144,0.8021412816353586,0.093680488200513,0.5286398416,0.5895404657599999,0.7380442303999999,0.2094043887999999,0.0,0.08223963314269285,0.2267699931476191,0.2267699931476191,0.12322190940406677,0.4066288479338642,1.0,0.8767780905959333,0.22125076038682873,0.0,0.0,0.0,0.0,-0.000266606185352819
483,100,100,1.0,feasible,0.7084607934348456,0.7544409255481138,0.8021412816353586,0.093680488200513,0.5286398416,0.5911831674319998,0.7380442303999999,0.2094043887999999,0.0,0.08031501578602619,0.2267699931476191,0.2267699931476191,0.12322190940406677,0.3993488792906556,1.0,0.8767780905959333,0.22154007148259575,0.0,0.0,0.0,0.0,0.00028931109576701974
484,100,100,1.0,feasible,0.7084607934348456,0.7536939906345385,0.8021412816353586,0.093680488200513,0.5286398416,0.5912573550479998,0.7380442303999999,0.2094043887999999,0.0,0.08072859979004525,0.2267699931476191,0.2267699931476191,0.12322190940406677,0.4098903043756528,1.0,0.8767780905959333,0.22150805753656025,0.0,0.0,0.0,0.0,-3.201394603549734e-05
485,100,100,1.0,feasible,0.7084607934348456,0.7549899988401094,0.8021412816353586,0.093680488200513,0.5286398416,0.5950987744319999,0.7380442303999999,0.2094043887999999,0.0,0.07609208159058571,0.2267699931476191,0.2267699931476191,0.12322190940406677,0.39891324623295654,1.0,0.8767780905959333,0.22186177568527174,0.0,0.0,0.0,0.0,0.00035371814871149043
486,100,100,1.0,feasible,0.7084607934348456,0.7536621827952488,0.8021412816353586,0.093680488200513,0.5286398416,0.593173215296,0.7380442303999999,0.2094043887999999,0.0,0.07321364142995952,0.2267699931476191,0.2267699931476191,0.12322190940406677,0.41229134007558715,1.0,0.8767780905959333,0.22212074898640963,0.0,0.0,0.0,0.0,0.0002589733011378881
487,100,100,1.0,feasible,0.7084607934348456,0.7557737430790296,0.8021412816353586,0.093680488200513,0.5286398416,0.600607685464,0.7380442303999999,0.2094043887999999,0.0,0.07053153481005475,0.2188154900380953,0.2188154900380953,0.12322190940406677,0.40562502621010493,1.0,0.8767780905959333,0.22184674619013361,0.0,0.0,0.0,0.0,-0.00027400279627601276
488,100,100,1.0,feasible,0.7084607934348456,0.7536266965822476,0.8021412816353586,0.093680488200513,0.5286398416,0.594368462752,0.7380442303999999,0.2094043887999999,0.0,0.07471424445784049,0.2188154900380953,0.2188154900380953,0.12322190940406677,0.4168870830436163,1.0,0.8767780905959333,0.22204645142961943,0.0,0.0,0.0,0.0,0.00019970523948581453
489,100,100,1.0,feasible,0.7084607934348456,0.751926944470026,0.8021412816353586,0.093680488200513,0.5286398416,0.5906389322319999,0.7380442303999999,0.2094043887999999,0.0,0.07214438891046905,0.2188154900380953,0.2188154900380953,0.12322190940406677,0.4361825020377114,1.0,0.8767780905959333,0.2220303814439668,0.0,0.0,0.0,0.0,-1.606998565262252e-05
490,100,100,1.0,feasible,0.7084607934348456,0.7529404854324734,0.8021412816353586,0.093680488200513,0.5286398416,0.58961698792,0.7380442303999999,0.2094043887999999,0.0,0.07403507227047405,0.22662480093095244,0.22662480093095244,0.12322190940406677,0.4288358354682722,1.0,0.8767780905959333,0.2217356287652761,0.0,0.0,0.0,0.0,-0.0002947526786906962
491,100,100,1.0,feasible,0.7084607934348456,0.7504782290269131,0.8021412816353586,0.093680488200513,0.5286398416,0.5830584590399998,0.7380442303999999,0.2094043887999999,0.0,0.08002170447883834,0.22662480093095244,0.22662480093095244,0.12322190940406677,0.43748284151104244,1.0,0.8767780905959333,0.22145390810108478,0.0,0.0,0.0,0.0,-0.00028172066419132613
492,100,100,1.0,feasible,0.7084607934348456,0.7522819288019116,0.8021412816353586,0.093680488200513,0.5286398416,0.5861085539519998,0.7380442303999999,0.2094043887999999,0.0,0.07382116781604048,0.22662480093095244,0.22662480093095244,0.12322190940406677,0.42882027218135427,1.0,0.8767780905959333,0.22148049139744053,0.0,0.0,0.0,0.0,2.6583296355742192e-05
493,100,100,1.0,feasible,0.7084607934348456,0.7543463797080214,0.8021412816353586,0.093680488200513,0.5286398416,0.59080147892,0.7380442303999999,0.2094043887999999,0.0,0.07458367486852618,0.22662480093095244,0.22662480093095244,0.12322190940406677,0.41253552959597983,1.0,0.8767780905959333,0.22174582898661682,0.0,0.0,0.0,0.0,0.00026533758917629546
494,100,100,1.0,feasible,0.7084607934348456,0.7554602480264418,0.8021412816353586,0.093680488200513,0.5286398416,0.590629117944,0.7380442303999999,0.2094043887999999,0.0,0.07930700741219285,0.22662480093095244,0.22662480093095244,0.12322190940406677,0.4002955322144562,1.0,0.8767780905959333,0.22144306397570748,0.0,0.0,0.0,0.0,-0.0003027650109093394
495,100,100,1.0,feasible,0.7084607934348456,0.7535492675012644,0.8021412816353586,0.093680488200513,0.5286398416,0.592172276312,0.7380442303999999,0.2094043887999999,0.0,0.07259272569115,0.22662480093095244,0.22662480093095244,0.12322190940406677,0.42558415558819845,1.0,0.8767780905959333,0.2218323783009546,0.0,0.0,0.0,0.0,0.00038931432524710874
496,100,100,1.0,feasible,0.7084607934348456,0.7516507907339577,0.8021412816353586,0.093680488200513,0.5286398416,0.5937965266239998,0.7380442303999999,0.2094043887999999,0.0,0.06725472616161428,0.21534287914761907,0.21534287914761907,0.12322190940406677,0.4514451515889245,1.0,0.8767780905959333,0.2216100583372307,0.0,0.0,0.0,0.0,-0.00022231996372390483
497,100,100,1.0,feasible,0.7084607934348456,0.752948210125059,0.8021412816353586,0.093680488200513,0.5286398416,0.5934186092159999,0.7380442303999999,0.2094043887999999,0.0,0.06757317906906667,0.21534287914761907,0.21534287914761907,0.12322190940406677,0.4358344531469054,1.0,0.8767780905959333,0.22186178503754722,0.0,0.0,0.0,0.0,0.00025172670031653466
498,100,100,1.0,feasible,0.7084607934348456,0.7517496454851483,0.8021412816353586,0.093680488200513,0.5286398416,0.5874753685839998,0.7380442303999999,0.2094043887999999,0.0,0.0759610773031643,0.21534287914761907,0.21534287914761907,0.12322190940406677,0.437428476223597,1.0,0.8767780905959333,0.22197550167857916,0.0,0.0,0.0,0.0,0.00011371664103193568
499,100,100,1.0,feasible,0.7084607934348456,0.7546420154125896,0.8021412816353586,0.093680488200513,0.5286398416,0.5934238554319999,0.7380442303999999,0.2094043887999999,0.0,0.0741061021139262,0.2046815432,0.2046815432,0.12322190940406677,0.40651911682043074,1.0,0.8767780905959333,0.22191038915262187,0.0,0.0,0.0,0.0,-6.511252595728378e-05
500,100,100,1.0,feasible,0.7084607934348456,0.7546954067779464,0.8021412816353586,0.093680488200513,0.5286398416,0.5980776616719998,0.7380442303999999,0.2094043887999999,0.0,0.0673692395049762,0.20897140055476188,0.20897140055476188,0.12322190940406677,0.4259191836149626,1.0,0.8767780905959333,0.22115493082383336,0.0,0.0,0.0,0.0,-0.0007554583287885108
501,100,100,1.0,feasible,0.7084607934348456,0.755177545172937,0.8021412816353586,0.093680488200513,0.5286398416,0.5990295678079999,0.7380442303999999,0.2094043887999999,0.0,0.06749064055364286,0.20897140055476188,0.20897140055476188,0.12322190940406677,0.413680509027924,1.0,0.8767780905959333,0.22173336811152472,0.0,0.0,0.0,0.0,0.0005784372876913579
502,100,100,1.0,feasible,0.7084607934348456,0.7526837186349922,0.8021412816353586,0.093680488200513,0.5286398416,0.5932804704639999,0.7380442303999999,0.2094043887999999,0.0,0.06738514772333333,0.20897140055476188,0.20897140055476188,0.12322190940406677,0.4304551440575139,1.0,0.8767780905959333,0.22150598503817842,0.0,0.0,0.0,0.0,-0.00022738307334629893
503,100,100,1.0,feasible,0.7084607934348456,0.7532315236015907,0.8021412816353586,0.093680488200513,0.5286398416,0.5921857380719999,0.7380442303999999,0.2094043887999999,0.0,0.07186778114447381,0.19111730403809526,0.19111730403809526,0.12322190940406677,0.41668593324867875,1.0,0.8767780905959333,0.22234878884521736,0.0,0.0,0.0,0.0,0.0008428038070389388
504,100,100,1.0,feasible,0.7084607934348456,0.749349192397921,0.8021412816353586,0.093680488200513,0.5286398416,0.590404529216,0.7380442303999999,0.2094043887999999,0.0,0.06694529682073333,0.2036654298592857,0.2036654298592857,0.12322190940406677,0.44702017971290514,1.0,0.8767780905959333,0.2220397036937603,0.0,0.0,0.0,0.0,-0.00030908515145705584
505,100,100,1.0,feasible,0.7084607934348456,0.7527934567090507,0.8021412816353586,0.093680488200513,0.5286398416,0.5964128647279998,0.7380442303999999,0.2094043887999999,0.0,0.06428332376359047,0.2036654298592857,0.2036654298592857,0.12322190940406677,0.42691860215946376,1.0,0.8767780905959333,0.2220318579580941,0.0,0.0,0.0,0.0,-7.845735666200948e-06
506,100,100,1.0,feasible,0.7084607934348456,0.7517124777745801,0.8021412816353586,0.093680488200513,0.5286398416,0.594937003336,0.7380442303999999,0.2094043887999999,0.0,0.06640460251825953,0.2036654298592857,0.2036654298592857,0.12322190940406677,0.4356408800509105,1.0,0.8767780905959333,0.22196383393142627,0.0,0.0,0.0,0.0,-6.802402666783447e-05
507,100,100,1.0,feasible,0.7084607934348456,0.7504157718940228,0.8021412816353586,0.093680488200513,0.5286398416,0.5904839495919999,0.7380442303999999,0.2094043887999999,0.0,0.07104208635921429,0.20325999971428574,0.20325999971428574,0.12322190940406677,0.4374830248226841,1.0,0.8767780905959333,0.22138618279005634,0.0,0.0,0.0,0.0,-0.0005776511413699281
508,100,100,1.0,feasible,0.7084607934348456,0.7490031939537439,0.8021412816353586,0.093680488200513,0.5286398416,0.589894199552,0.7380442303999999,0.2094043887999999,0.0,0.061870341855957134,0.20325999971428574,0.20325999971428574,0.12322190940406677,0.461966902857311,1.0,0.8767780905959333,0.22199056918638818,0.0,0.0,0.0,0.0,0.0006043863963318408
509,100,100,1.0,feasible,0.7084607934348456,0.7520401597404636,0.8021412816353586,0.093680488200513,0.5286398416,0.5933322334319999,0.7380442303999999,0.2094043887999999,0.0,0.059311049783452384,0.20325999971428574,0.20325999971428574,0.12322190940406677,0.43574236284443374,1.0,0.8767780905959333,0.22270768466163338,0.0,0.0,0.0,0.0,0.0007171154752451947
510,100,100,1.0,feasible,0.7084607934348456,0.7521825462002686,0.8021412816353586,0.093680488200513,0.5286398416,0.5913126663119999,0.7380442303999999,0.2094043887999999,0.0,0.06265008000027379,0.20479737953333335,0.20479737953333335,0.12322190940406677,0.43207439466621694,1.0,0.8767780905959333,0.2221616820572234,0.0,0.0,0.0,0.0,-0.0005460026044099842
511,100,100,1.0,feasible,0.7084607934348456,0.7527451794952298,0.8021412816353586,0.093680488200513,0.5286398416,0.5942036017839999,0.7380442303999999,0.2094043887999999,0.0,0.059903174868380954,0.20458184226666665,0.20458184226666665,0.12322190940406677,0.4350486222842638,1.0,0.8767780905959333,0.22182462932409036,0.0,0.0,0.0,0.0,-0.00033705273313303086
512,100,100,1.0,feasible,0.7084607934348456,0.7542007743018856,0.8021412816353586,0.093680488200513,0.5286398416,0.5931945117679999,0.7380442303999999,0.2094043887999999,0.0,0.06918004492466666,0.20458184226666665,0.20458184226666665,0.12322190940406677,0.4159364583055035,1.0,0.8767780905959333,0.221961018383248,0.0,0.0,0.0,0.0,0.00013638905915763777
513,100,100,1.0,feasible,0.7084607934348456,0.7533533743053741,0.8021412816353586,0.093680488200513,0.5286398416,0.5984141574479999,0.7380442303999999,0.2094043887999999,0.0,0.061943316076700006,0.19657577086428568,0.19657577086428568,0.12322190940406677,0.4412906627028489,1.0,0.8767780905959333,0.22110004754905305,0.0,0.0,0.0,0.0,-0.0008609708341949518
514,100,100,1.0,feasible,0.7084607934348456,0.7527815372377166,0.8021412816353586,0.093680488200513,0.5286398416,0.5955615360079998,0.7380442303999999,0.2094043887999999,0.0,0.06394566404189048,0.19657577086428568,0.19657577086428568,0.12322190940406677,0.4339315901474859,1.0,0.8767780905959333,0.22139541526011278,0.0,0.0,0.0,0.0,0.0002953677110597297
515,100,100,1.0,feasible,0.7084607934348456,0.7519186765414335,0.8021412816353586,0.093680488200513,0.5286398416,0.59283398092,0.7380442303999999,0.2094043887999999,0.0,0.061574289079445226,0.19657577086428568,0.19657577086428568,0.12322190940406677,0.4388624442559712,1.0,0.8767780905959333,0.2219874422083679,0.0,0.0,0.0,0.0,0.0005920269482551366
516,100,100,1.0,feasible,0.7084607934348456,0.7542081698585457,0.8021412816353586,0.093680488200513,0.5286398416,0.5959223730879999,0.7380442303999999,0.2094043887999999,0.0,0.06469279562499049,0.19657577086428568,0.19657577086428568,0.12322190940406677,0.42256599337810136,1.0,0.8767780905959333,0.2220372675961722,0.0,0.0,0.0,0.0,4.982538780429202e-05
517,100,100,1.0,feasible,0.7084607934348456,0.7513745762143964,0.8021412816353586,0.093680488200513,0.5286398416,0.592837704272,0.7380442303999999,0.2094043887999999,0.0,0.06345133446156191,0.19657577086428568,0.19657577086428568,0.12322190940406677,0.44028604871158583,1.0,0.8767780905959333,0.22203583576857944,0.0,0.0,0.0,0.0,-1.4318275927682755e-06
518,100,100,1.0,feasible,0.7084607934348456,0.752296805217763,0.8021412816353586,0.093680488200513,0.5286398416,0.5941406354159998,0.7380442303999999,0.2094043887999999,0.0,0.06531288622788095,0.19657577086428568,0.19657577086428568,0.12322190940406677,0.42951619259085577,1.0,0.8767780905959333,0.22194833102460232,0.0,0.0,0.0,0.0,-8.750474397711816e-05
519,100,100,1.0,feasible,0.7084607934348456,0.7505067003069784,0.8021412816353586,0.093680488200513,0.5286398416,0.5902150432079999,0.7380442303999999,0.2094043887999999,0.0,0.06479257190648573,0.19657577086428568,0.19657577086428568,0.12322190940406677,0.44155387158846665,1.0,0.8767780905959333,0.2222180415017977,0.0,0.0,0.0,0.0,0.0002697104771953729
520,100,100,1.0,feasible,0.7084607934348456,0.753828310180873,0.8021412816353586,0.093680488200513,0.5286398416,0.598193483432,0.7380442751999999,0.20940443359999994,0.0,0.06133246168251667,0.19657577086428568,0.19657577086428568,0.12322190940406677,0.4288227530740968,1.0,0.8767780905959333,0.22225456080490463,0.0,0.0,0.0,0.0,3.651930310694107e-05
521,100,100,1.0,feasible,0.7084607934348456,0.7524558249114819,0.8021412816353586,0.093680488200513,0.5286398416,0.591038279624,0.7380442751999999,0.20940443359999994,0.0,0.06104773095700952,0.19657577086428568,0.19657577086428568,0.12322190940406677,0.43082830544097406,1.0,0.8767780905959333,0.2224434993734975,0.0,0.0,0.0,0.0,0.00018893856859286684
522,100,100,1.0,feasible,0.7084607934348456,0.7546243524218164,0.8021412816353586,0.093680488200513,0.5286398416,0.5942750356559998,0.7380442751999999,0.20940443359999994,0.0,0.06507875882063054,0.19657577086428568,0.19657577086428568,0.12322190940406677,0.4104303458580981,1.0,0.8767780905959333,0.22255179302106914,0.0,0.0,0.0,0.0,0.0001082936475716445
523,100,100,1.0,feasible,0.7084607934348456,0.7525687166605621,0.8021412816353586,0.093680488200513,0.5286398416,0.591326381984,0.7380442751999999,0.20940443359999994,0.0,0.06163623466059694,0.18708218910971905,0.18708218910971905,0.12322190940406677,0.42356016273142766,1.0,0.8767780905959333,0.22259924141990706,0.0,0.0,0.0,0.0,4.744839883791263e-05
524,100,100,1.0,feasible,0.7084607934348456,0.7526995044616537,0.8021412816353586,0.093680488200513,0.5286398416,0.5911365114799999,0.7380442751999999,0.20940443359999994,0.0,0.06544982684229314,0.18708218910971905,0.18708218910971905,0.12322190940406677,0.4179603222729325,1.0,0.8767780905959333,0.2227357407818951,0.0,0.0,0.0,0.0,0.00013649936198803503
525,100,100,1.0,feasible,0.7084607934348456,0.754357801227042,0.8021412816353586,0.093680488200513,0.5286398416,0.5952820076399999,0.7380442751999999,0.20940443359999994,0.0,0.05967092497006905,0.1709689304190476,0.1709689304190476,0.12322190940406677,0.4144576669145219,1.0,0.8767780905959333,0.22303004002745586,0.0,0.0,0.0,0.0,0.00029429924556076403
526,100,100,1.0,feasible,0.7084607934348456,0.7534338575855092,0.8021412816353586,0.093680488200513,0.5286398416,0.5911384515039998,0.7380442751999999,0.20940443359999994,0.0,0.06287426368045,0.1709689304190476,0.1709689304190476,0.12322190940406677,0.4141572914180356,1.0,0.8767780905959333,0.2230177509963896,0.0,0.0,0.0,0.0,-1.2289031066259337e-05
527,100,100,1.0,feasible,0.7084607934348456,0.7536544279271975,0.8021412816353586,0.093680488200513,0.5286398416,0.592866417024,0.7380442751999999,0.20940443359999994,0.0,0.0625456391696381,0.1709689304190476,0.1709689304190476,0.12322190940406677,0.41882232544701764,1.0,0.8767780905959333,0.22293383234054548,0.0,0.0,0.0,0.0,-8.39186558441174e-05
528,100,100,1.0,feasible,0.7084607934348456,0.7535711664425375,0.8021412816353586,0.093680488200513,0.5286398416,0.5934262993199999,0.7380442751999999,0.20940443359999994,0.0,0.06629742175709048,0.18563626367857142,0.18563626367857142,0.12322190940406677,0.41490653125540733,1.0,0.8767780905959333,0.22256682901390107,0.0,0.0,0.0,0.0,-0.0003670033266444106
529,100,100,1.0,feasible,0.7084607934348456,0.7538919872368443,0.8021412816353586,0.093680488200513,0.5286398416,0.590941062672,0.7380442751999999,0.20940443359999994,0.0,0.06790894927773333,0.20479726357142855,0.20479726357142855,0.12322190940406677,0.40890474362586493,1.0,0.8767780905959333,0.22249823315550304,0.0,0.0,0.0,0.0,-6.859585839802396e-05
530,100,100,1.0,feasible,0.7084607934348456,0.7505288130448432,0.8021412816353586,0.093680488200513,0.5286398416,0.5887128063919999,0.7380442751999999,0.20940443359999994,0.0,0.06609746599187619,0.20479726357142855,0.20479726357142855,0.12322190940406677,0.4496251718828417,1.0,0.8767780905959333,0.22219502570091015,0.0,0.0,0.0,0.0,-0.0003032074545928909
531,100,100,1.0,feasible,0.7084607934348456,0.7551140997305217,0.8021412816353586,0.093680488200513,0.5286398416,0.5970292897279998,0.7380442751999999,0.20940443359999994,0.0,0.06647716049989999,0.20479726357142855,0.20479726357142855,0.12322190940406677,0.40203924612221614,1.0,0.8767780905959333,0.22149459083605338,0.0,0.0,0.0,0.0,-0.0007004348648567693
532,100,100,1.0,feasible,0.7084607934348456,0.7529555361371287,0.8021412816353586,0.093680488200513,0.5286398416,0.5939313109279999,0.7380442751999999,0.20940443359999994,0.0,0.06449989924170951,0.20479726357142855,0.20479726357142855,0.12322190940406677,0.43091115936006225,1.0,0.8767780905959333,0.22179778917187548,0.0,0.0,0.0,0.0,0.0003031983358220969
533,100,100,1.0,feasible,0.7084607934348456,0.7539354162506758,0.8021431496694746,0.09368235623462906,0.5286398416,0.592643561752,0.7380478151999998,0.20940797359999985,0.0,0.06761703307401906,0.20479726357142855,0.20479726357142855,0.12322190940406677,0.41605147498651035,1.0,0.8767780905959333,0.22204679729299465,0.0,0.0,0.0,0.0,0.00024900812111916526
534,100,100,1.0,feasible,0.7084607934348456,0.7525566938168246,0.8021431496694746,0.09368235623462906,0.5286398416,0.5858961193199999,0.7380478151999998,0.20940797359999985,0.0,0.07614010691273095,0.20479726357142855,0.20479726357142855,0.12322190940406677,0.4080491498563255,1.0,0.8767780905959333,0.22197821757935937,0.0,0.0,0.0,0.0,-6.857971363527504e-05
535,100,100,1.0,feasible,0.7084607934348456,0.7550919670381804,0.8021431496694746,0.09368235623462906,0.5286398416,0.5964332126879999,0.7380478151999998,0.20940797359999985,0.0,0.06769703424419048,0.20479726357142855,0.20479726357142855,0.12322190940406677,0.4120510781392221,1.0,0.8767780905959333,0.2216859812171268,0.0,0.0,0.0,0.0,-0.00029223636223257854
536,100,100,1.0,feasible,0.7084607934348456,0.7512764671969023,0.8021431496694746,0.09368235623462906,0.5286398416,0.5863186449839999,0.7380478151999998,0.20940797359999985,0.0,0.07438684289633332,0.20479726357142855,0.20479726357142855,0.12322190940406677,0.4316814283347356,1.0,0.8767780905959333,0.2213553646926237,0.0,0.0,0.0,0.0,-0.00033061652450308565
537,100,100,1.0,feasible,0.7084607934348456,0.7517635850374128,0.8021431496694746,0.09368235623462906,0.5286398416,0.5890770491679999,0.7380478151999998,0.20940797359999985,0.0,0.07443606830188809,0.20479726357142855,0.20479726357142855,0.12322190940406677,0.42408389452749085,1.0,0.8767780905959333,0.22149397534937532,0.0,0.0,0.0,0.0,0.00013861065675160877
538,100,100,1.0,feasible,0.7084607934348456,0.7507333703879091,0.8021431496694746,0.09368235623462906,0.5286398416,0.5884239090719998,0.7380478151999998,0.20940797359999985,0.0,0.0671098737228881,0.20479726357142855,0.20479726357142855,0.12322190940406677,0.4377536724994516,1.0,0.8767780905959333,0.22152688212407604,0.0,0.0,0.0,0.0,3.2906774700719454e-05
539,100,100,1.0,feasible,0.7084607934348456,0.7533395133631592,0.8021431496694746,0.09368235623462906,0.5286398416,0.5914488169279999,0.7380478151999998,0.20940797359999985,0.0,0.07169701308089048,0.20032669196428568,0.20032669196428568,0.12322190940406677,0.4110132464836596,1.0,0.8767780905959333,0.2215805975846069,0.0,0.0,0.0,0.0,5.371546053087317e-05
540,100,100,1.0,feasible,0.7084607934348456,0.7517227554567179,0.8021431496694746,0.09368235623462906,0.5286398416,0.590485636128,0.7380478151999998,0.20940797359999985,0.0,0.07074974102910572,0.20032669196428568,0.20032669196428568,0.12322190940406677,0.4297836814308741,1.0,0.8767780905959333,0.2215789511348866,0.0,0.0,0.0,0.0,-1.6464497203105832e-06
541,100,100,1.0,feasible,0.7084607934348456,0.7516928808818656,0.8021431496694746,0.09368235623462906,0.5286398416,0.5903119434079999,0.7380478151999998,0.20940797359999985,0.0,0.07473857441570095,0.2041770742857143,0.2041770742857143,0.12322190940406677,0.4222741879010477,1.0,0.8767780905959333,0.22182267108239279,0.0,0.0,0.0,0.0,0.00024371994750618797
542,100,100,1.0,feasible,0.7084607934348456,0.7563985273071355,0.8021431496694746,0.09368235623462906,0.5286398416,0.5992687410239999,0.7380478151999998,0.20940797359999985,0.0,0.07406844912738189,0.2041770742857143,0.2041770742857143,0.12322190940406677,0.39216517207124857,1.0,0.8767780905959333,0.22164296218305227,0.0,0.0,0.0,0.0,-0.00017970889934051937
543,100,100,1.0,feasible,0.7084607934348456,0.7532204590855178,0.8021431496694746,0.09368235623462906,0.5286398416,0.5965802033599998,0.7380478151999998,0.20940797359999985,0.0,0.06757030551688904,0.2041770742857143,0.2041770742857143,0.12322190940406677,0.42970861756577966,1.0,0.8767780905959333,0.22172141222255717,0.0,0.0,0.0,0.0,7.845003950490703e-05
544,100,100,1.0,feasible,0.7084607934348456,0.7511599953656705,0.8021431496694746,0.09368235623462906,0.5286398416,0.5908600775119999,0.7380478151999998,0.20940797359999985,0.0,0.0698834146027881,0.20441743002380952,0.20441743002380952,0.12322190940406677,0.4450930249999498,1.0,0.8767780905959333,0.22163531191811536,0.0,0.0,0.0,0.0,-8.610030444181072e-05
545,100,100,1.0,feasible,0.7084607934348456,0.7543282000654074,0.8021431496694746,0.09368235623462906,0.5286398416,0.5980338572559999,0.7380478151999998,0.20940797359999985,0.0,0.07068298259831142,0.19497184033571427,0.19497184033571427,0.12322190940406677,0.4225399322837465,1.0,0.8767780905959333,0.2215187453780918,0.0,0.0,0.0,0.0,-0.00011656654002356603
546,100,100,1.0,feasible,0.7084607934348456,0.7525037324621074,0.8021431496694746,0.09368235623462906,0.5286398416,0.5897665972959999,0.7380478151999998,0.20940797359999985,0.0,0.0783190611491238,0.19757899014761898,0.19757899014761898,0.12322190940406677,0.41662617819464665,1.0,0.8767780905959333,0.22153939461224897,0.0,0.0,0.0,0.0,2.0649234157177343e-05
547,100,100,1.0,feasible,0.7084607934348456,0.7543582156436958,0.8021431496694746,0.09368235623462906,0.5286398416,0.5958744171839999,0.7380478151999998,0.20940797359999985,0.0,0.06647844926845714,0.19757899014761898,0.19757899014761898,0.12322190940406677,0.416639489905183,1.0,0.8767780905959333,0.22181254800730693,0.0,0.0,0.0,0.0,0.00027315339505795677
548,100,100,1.0,feasible,0.7084607934348456,0.7545417004491304,0.8021431496694746,0.09368235623462906,0.5286398416,0.5983023723919999,0.7380478151999998,0.20940797359999985,0.0,0.06335553901090953,0.19757899014761898,0.19757899014761898,0.12322190940406677,0.4236884557017707,1.0,0.8767780905959333,0.22163851682619198,0.0,0.0,0.0,0.0,-0.00017403118111494753
549,100,100,1.0,feasible,0.7084607934348456,0.7523123303804091,0.8021431496694746,0.09368235623462906,0.5286398416,0.5911356513919999,0.7380478151999998,0.20940797359999985,0.0,0.06609640251208809,0.20562954730476196,0.20562954730476196,0.12322190940406677,0.42919054488116615,1.0,0.8767780905959333,0.22188658431988093,0.0,0.0,0.0,0.0,0.00024806749368894154
550,100,100,1.0,feasible,0.7084607934348456,0.7560721099026737,0.8021431496694746,0.09368235623462906,0.5286398416,0.5988088547519999,0.7380478151999998,0.20940797359999985,0.0,0.06969873769458809,0.20562954730476196,0.20562954730476196,0.12318158231821034,0.39466795951211475,1.0,0.8768184176817897,0.22164418374557326,0.0,0.0,0.0,4.032708585642586e-05,-0.0002424005743076607
551,100,100,1.0,feasible,0.7084607934348456,0.7553963149311914,0.8021431496694746,0.09368235623462906,0.5286398416,0.5986784757439999,0.7380478151999998,0.20940797359999985,0.0,0.06825484919216666,0.2033909853738095,0.2033909853738095,0.12318158231821034,0.4118499363431264,1.0,0.8768184176817897,0.22218465654592695,0.0,0.0,0.0,0.0,0.0005404728003536863
552,100,100,1.0,feasible,0.7084607934348456,0.7538671497540683,0.8021431496694746,0.09368235623462906,0.5286398416,0.5975019419279999,0.7380478151999998,0.20940797359999985,0.0,0.0687477831832381,0.2033909853738095,0.2033909853738095,0.12318158231821034,0.4287836810122439,1.0,0.8768184176817897,0.2217134117863612,0.0,0.0,0.0,0.0,-0.0004712447595657532
553,100,100,1.0,feasible,0.7084607934348456,0.7538270270237035,0.8021431496694746,0.09368235623462906,0.5286398416,0.5984159466079999,0.7380478151999998,0.20940797359999985,0.0,0.0647145993517619,0.20233674996190473,0.20233674996190473,0.12151177090891677,0.42609287542872154,1.0,0.8784882290910833,0.22218333338852791,0.0,0.0,0.0,0.0016698114092935784,0.0004699216021667174
554,100,100,1.0,feasible,0.7084607934348456,0.7514955778330104,0.8021431496694746,0.09368235623462906,0.5286398416,0.5955080432719999,0.7380478151999998,0.20940797359999985,0.0,0.0632185953792619,0.20233674996190473,0.20233674996190473,0.12151177090891677,0.45110134325708545,1.0,0.8784882290910833,0.22170559882615815,0.0,0.0,0.0,0.0,-0.0004777345623697693
555,100,100,1.0,feasible,0.7084607934348456,0.7570287392574956,0.8023200317443706,0.09385923830952503,0.5286398416,0.6062837947919999,0.7380478151999998,0.20940797359999985,0.0,0.06353773472997619,0.20233674996190473,0.20233674996190473,0.1181788911042469,0.4000504765746777,1.0,0.881821108895753,0.22193715188230984,0.0,0.0,0.0,0.0033328798046698693,0.00023155305615168986
556,100,100,1.0,feasible,0.7084607934348456,0.7515899505023284,0.8023200317443706,0.09385923830952503,0.5286398416,0.591467657504,0.7380478151999998,0.20940797359999985,0.0,0.07232837256405475,0.20258354173333334,0.20258354173333334,0.1181788911042469,0.43572133214410813,1.0,0.881821108895753,0.22217009649686156,0.0,0.0,0.0,0.0,0.00023294461455172777
557,100,100,1.0,feasible,0.7084607934348456,0.7544419550381108,0.8023200317443706,0.09385923830952503,0.5286398416,0.59380369476,0.7380478151999998,0.20940797359999985,0.0,0.07069224544995238,0.20258354173333334,0.20258354173333334,0.1181788911042469,0.4075458634514984,1.0,0.881821108895753,0.22244384680414933,0.0,0.0,0.0,0.0,0.00027375030728776784
558,100,100,1.0,feasible,0.7084607934348456,0.7529943382040013,0.8023200317443706,0.09385923830952503,0.5286398416,0.5897321954879999,0.7380478151999998,0.20940797359999985,0.0,0.07088024166171905,0.20258354173333334,0.20258354173333334,0.1181788911042469,0.4197108624796682,1.0,0.881821108895753,0.22265302472899948,0.0,0.0,0.0,0.0,0.00020917792485014575
559,100,100,1.0,feasible,0.7084607934348456,0.7546796560663145,0.8023200317443706,0.09385923830952503,0.5286398416,0.5925154893199999,0.7380478151999998,0.20940797359999985,0.0,0.07409622932450953,0.20258354173333334,0.20258354173333334,0.1181788911042469,0.4036078490787386,1.0,0.881821108895753,0.22262193414550152,0.0,0.0,0.0,0.0,-3.109058349795579e-05
560,100,100,1.0,feasible,0.7084607934348456,0.7536776230085639,0.8023200317443706,0.09385923830952503,0.5286398416,0.5920016661359999,0.7380478151999998,0.20940797359999985,0.0,0.07132918949605,0.20258354173333334,0.20258354173333334,0.1181788911042469,0.4095948301699117,1.0,0.881821108895753,0.22268904399998335,0.0,0.0,0.0,0.0,6.710985448182827e-05
561,100,100,1.0,feasible,0.7084607934348456,0.755796270091396,0.8023200317443706,0.09385923830952503,0.5286398416,0.5976052608639999,0.7380478151999998,0.20940797359999985,0.0,0.06865589941523095,0.20258354173333334,0.20258354173333334,0.1181788911042469,0.40751718330016834,1.0,0.881821108895753,0.2227793214439745,0.0,0.0,0.0,0.0,9.027744399114912e-05
562,100,100,1.0,feasible,0.7084607934348456,0.7533393866795736,0.8023200317443706,0.09385923830952503,0.5286398416,0.5892047748159999,0.7380478151999998,0.20940797359999985,0.0,0.07334449405494048,0.21050466238809523,0.21050466238809523,0.1181788911042469,0.41405578810324783,1.0,0.881821108895753,0.22275613849999046,0.0,0.0,0.0,0.0,-2.3182943984040305e-05
563,100,100,1.0,feasible,0.7084607934348456,0.7538898232257164,0.8023200317443706,0.09385923830952503,0.5286398416,0.5934270646559999,0.7380478151999998,0.20940797359999985,0.0,0.06924086401879763,0.21050466238809523,0.21050466238809523,0.1181788911042469,0.4212583529181399,1.0,0.881821108895753,0.2221067440569105,0.0,0.0,0.0,0.0,-0.0006493944430799592
564,100,100,1.0,feasible,0.7084607934348456,0.7524548399464531,0.8023200317443706,0.09385923830952503,0.5286398416,0.59154174476,0.7380478151999998,0.20940797359999985,0.0,0.0705932764239262,0.21050466238809523,0.21050466238809523,0.1181788911042469,0.4329574895185228,1.0,0.881821108895753,0.222210326819244,0.0,0.0,0.0,0.0,0.00010358276233349284
565,100,100,1.0,feasible,0.7084607934348456,0.7548427393917986,0.8023200317443706,0.09385923830952503,0.5286398416,0.597604852296,0.7380478151999998,0.20940797359999985,0.0,0.07044643062484524,0.21050466238809523,0.21050466238809523,0.1181788911042469,0.4144780697903213,1.0,0.881821108895753,0.2219145142247253,0.0,0.0,0.0,0.0,-0.0002958125945186907
566,100,100,1.0,feasible,0.7084607934348456,0.7511771029529242,0.8023200317443706,0.09385923830952503,0.5286398416,0.5920293480719999,0.7380478151999998,0.20940797359999985,0.0,0.07033143377205478,0.20933685099285718,0.20933685099285718,0.1181788911042469,0.4377808025859124,1.0,0.881821108895753,0.2222260079467415,0.0,0.0,0.0,0.0,0.00031149372201619285
567,100,100,1.0,feasible,0.7084607934348456,0.7527392784347584,0.8023200317443706,0.09385923830952503,0.5286398416,0.5951218289759999,0.7380478151999998,0.20940797359999985,0.0,0.07000997096439286,0.20933685099285718,0.20933685099285718,0.1181788911042469,0.4164213046212012,1.0,0.881821108895753,0.22233206511423073,0.0,0.0,0.0,0.0,0.00010605716748923744
568,100,100,1.0,feasible,0.7084607934348456,0.7530613536802538,0.8023200317443706,0.09385923830952503,0.5286398416,0.5960892416,0.7380478151999998,0.20940797359999985,0.0,0.06833884805080716,0.20933685099285718,0.20933685099285718,0.1181788911042469,0.41670980622248927,1.0,0.881821108895753,0.2222913940139834,0.0,0.0,0.0,0.0,-4.067110024733034e-05
569,100,100,1.0,feasible,0.7084607934348456,0.750055026504805,0.8023200317443706,0.09385923830952503,0.5286398416,0.5876227825759998,0.7380478151999998,0.20940797359999985,0.0,0.07186976743945715,0.20258354173333334,0.20258354173333334,0.1181788911042469,0.4338984772845299,1.0,0.881821108895753,0.22280059049464485,0.0,0.0,0.0,0.0,0.0005091964806614446
570,100,100,1.0,feasible,0.7084607934348456,0.7519986913522752,0.8023200317443706,0.09385923830952503,0.5286398416,0.59307848536,0.7380478151999998,0.20940797359999985,0.0,0.06987417280738334,0.20602265772142858,0.20602265772142858,0.1181788911042469,0.4256077166226302,1.0,0.881821108895753,0.22221942361952274,0.0,0.0,0.0,0.0,-0.0005811668751221077
571,100,100,1.0,feasible,0.7084607934348456,0.7540562939764183,0.8023200317443706,0.09385923830952503,0.5286398416,0.5955032242879998,0.7380478151999998,0.20940797359999985,0.0,0.06925588779888334,0.20602265772142858,0.20602265772142858,0.1181788911042469,0.4058814687881175,1.0,0.881821108895753,0.222421866975792,0.0,0.0,0.0,0.0,0.0002024433562692607
572,100,100,1.0,feasible,0.7084607934348456,0.7557686111009366,0.8023200317443706,0.09385923830952503,0.5286398416,0.6007642784159999,0.7380478151999998,0.20940797359999985,0.0,0.06817720425449524,0.20716932597619048,0.20716932597619048,0.1181788911042469,0.3993001754391497,1.0,0.881821108895753,0.22217889226858137,0.0,0.0,0.0,0.0,-0.0002429747072106303
573,100,100,1.0,feasible,0.7084607934348456,0.7521208623628626,0.8044955840440933,0.09603479060924769,0.5286398416,0.5935671119599999,0.7380478151999998,0.20940797359999985,0.0,0.07426597326493882,0.21348854507857143,0.21348854507857143,0.1181788911042469,0.41735046136198023,1.0,0.881821108895753,0.22208560932199986,0.0,0.0,0.0,0.0,-9.328294658150771e-05
574,100,100,1.0,feasible,0.7084607934348456,0.7544307364493399,0.8044955840440933,0.09603479060924769,0.5286398416,0.5974670082879999,0.7381586751999999,0.2095188335999999,0.0,0.0709431966136531,0.21348854507857143,0.21348854507857143,0.1181788911042469,0.40329962714516226,1.0,0.881821108895753,0.22213720917663796,0.0,0.0,0.0,0.0,5.15998546380958e-05
575,100,100,1.0,feasible,0.7084607934348456,0.7538242635070551,0.8046729471682973,0.09621215373345171,0.5286398416,0.5968603965599999,0.7381586751999999,0.2095188335999999,0.0,0.0736180396175412,0.20880615222619042,0.20880615222619042,0.1181788911042469,0.4153523507320748,1.0,0.881821108895753,0.22174477645439192,0.0,0.0,0.0,0.0,-0.00039243272224603887
576,100,100,1.0,feasible,0.7084607934348456,0.7550912845377007,0.8046729471682973,0.09621215373345171,0.5286398416,0.59722464156,0.7381586751999999,0.2095188335999999,0.0,0.07285276027592215,0.20880615222619042,0.20880615222619042,0.1181788911042469,0.3983329159175783,1.0,0.881821108895753,0.22201054709589432,0.0,0.0,0.0,0.0,0.00026577064150240526
577,100,100,1.0,feasible,0.7084607934348456,0.7541695798972667,0.8046729471682973,0.09621215373345171,0.5286398416,0.5944872062159999,0.7381586751999999,0.2095188335999999,0.0,0.07262006172526977,0.20880615222619042,0.20880615222619042,0.1181788911042469,0.40559712149226507,1.0,0.881821108895753,0.22194276468160834,0.0,0.0,0.0,0.0,-6.778241428598286e-05
578,100,100,1.0,feasible,0.7084607934348456,0.7531678050102034,0.8046729471682973,0.09621215373345171,0.5286398416,0.5951183120879999,0.7381586751999999,0.2095188335999999,0.0,0.07264165188042453,0.20880615222619042,0.20880615222619042,0.1181788911042469,0.4141691443034602,1.0,0.881821108895753,0.22167019932728155,0.0,0.0,0.0,0.0,-0.0002725653543267925
579,100,100,1.0,feasible,0.7084607934348456,0.7534708871208554,0.8046729471682973,0.09621215373345171,0.5286398416,0.5926502568479999,0.7381586751999999,0.2095188335999999,0.0,0.08153292184485547,0.20880615222619042,0.20880615222619042,0.1181788911042469,0.40096558300423085,1.0,0.881821108895753,0.22200458697416348,0.0,0.0,0.0,0.0,0.00033438764688192846
580,100,100,1.0,feasible,0.7084607934348456,0.7558057751338672,0.8046729471682973,0.09621215373345171,0.5286398416,0.598682407432,0.7381586751999999,0.2095188335999999,0.0,0.07805697849372142,0.20880615222619042,0.20880615222619042,0.1181788911042469,0.3944624307480064,1.0,0.881821108895753,0.222033778292008,0.0,0.0,0.0,0.0,2.9191317844512454e-05
581,100,100,1.0,feasible,0.7084607934348456,0.7562440873955663,0.8046729471682973,0.09621215373345171,0.5286398416,0.600436535664,0.7381586751999999,0.2095188335999999,0.0,0.07794063943850714,0.20880615222619042,0.20880615222619042,0.1181788911042469,0.3835287894075151,1.0,0.881821108895753,0.22171407618220962,0.0,0.0,0.0,0.0,-0.0003197021097983699
582,100,100,1.0,feasible,0.7084607934348456,0.7551580643739209,0.8046729471682973,0.09621215373345171,0.5286398416,0.598037695656,0.7381586751999999,0.2095188335999999,0.0,0.07921420745785715,0.21948087872380956,0.21948087872380956,0.1181788911042469,0.4053909664599546,1.0,0.881821108895753,0.22146606705739375,0.0,0.0,0.0,0.0,-0.00024800912481587334
583,100,100,1.0,feasible,0.7084607934348456,0.7567084147428181,0.8046729471682973,0.09621215373345171,0.5286398416,0.602387857224,0.7381586751999999,0.2095188335999999,0.0,0.07428608784651666,0.21948087872380956,0.21948087872380956,0.1181788911042469,0.39172630600052877,1.0,0.881821108895753,0.22164498508630615,0.0,0.0,0.0,0.0,0.00017891802891240038
584,100,100,1.0,feasible,0.7084607934348456,0.7518843947857254,0.8046729471682973,0.09621215373345171,0.5286398416,0.588226055112,0.7381586751999999,0.2095188335999999,0.0,0.08187767905278596,0.21948087872380956,0.21948087872380956,0.1181788911042469,0.41608576204263364,1.0,0.881821108895753,0.22190413432226042,0.0,0.0,0.0,0.0,0.0002591492359542702
585,100,100,1.0,feasible,0.7084607934348456,0.7531054646931085,0.8046729471682973,0.09621215373345171,0.5286398416,0.5951426605519998,0.7381586751999999,0.2095188335999999,0.0,0.07371474097355261,0.21948087872380956,0.21948087872380956,0.1181788911042469,0.4162001139214574,1.0,0.881821108895753,0.22146626669874805,0.0,0.0,0.0,0.0,-0.0004378676235123613
586,100,100,1.0,feasible,0.7084607934348456,0.7521039676817888,0.8046729471682973,0.09621215373345171,0.5286398416,0.590522761072,0.7381586751999999,0.2095188335999999,0.0,0.07763937591009525,0.21948087872380956,0.21948087872380956,0.1181788911042469,0.4203661428327735,1.0,0.881821108895753,0.22140728618307676,0.0,0.0,0.0,0.0,-5.898051567129747e-05
587,100,100,1.0,feasible,0.7084607934348456,0.7565865780745817,0.8046729471682973,0.09621215373345171,0.5286398416,0.5979998482399999,0.7381586751999999,0.2095188335999999,0.0,0.08097646413750717,0.21948087872380956,0.21948087872380956,0.1181788911042469,0.3819953033316424,1.0,0.881821108895753,0.22167010917684402,0.0,0.0,0.0,0.0,0.0002628229937672588
588,100,100,1.0,feasible,0.7084607934348456,0.7550298278059757,0.8046729471682973,0.09621215373345171,0.5286398416,0.5931384249839998,0.7349638703999999,0.2063240287999999,0.0,0.08277360332037142,0.21382924864999991,0.21382924864999991,0.1181788911042469,0.40579748229805723,1.0,0.881821108895753,0.22130171085584963,0.0,0.0,0.0,0.0,-0.00036839832099438974
589,100,100,1.0,feasible,0.7084607934348456,0.7548106978284759,0.8046729471682973,0.09621215373345171,0.5286398416,0.592612419752,0.7349638703999999,0.2063240287999999,0.0,0.08405615027926665,0.21382924864999991,0.21382924864999991,0.1181788911042469,0.3986855254480874,1.0,0.881821108895753,0.2213576199640349,0.0,0.0,0.0,0.0,5.590910818528694e-05
590,100,100,1.0,feasible,0.7084607934348456,0.7551407336900214,0.8046729471682973,0.09621215373345171,0.5286398416,0.596402002816,0.7349638703999999,0.2063240287999999,0.0,0.07781400802728239,0.21670030441904758,0.21670030441904758,0.11780477266884197,0.40336155303696863,1.0,0.8821952273311581,0.22134653692140038,0.0,0.0,0.0,0.00037411843540492706,-1.108304263452986e-05
591,100,100,1.0,feasible,0.7084607934348456,0.7542781717693124,0.8046729471682973,0.09621215373345171,0.5286398416,0.5955404589759998,0.7349638703999999,0.2063240287999999,0.0,0.07322342039146905,0.21670030441904758,0.21670030441904758,0.11780477266884197,0.4152957316559705,1.0,0.8821952273311581,0.22147459101982675,0.0,0.0,0.0,0.0,0.00012805409842636672
592,100,100,1.0,feasible,0.7084607934348456,0.7563444983595834,0.8046729471682973,0.09621215373345171,0.5286398416,0.5982505195919999,0.7349638703999999,0.2063240287999999,0.0,0.07968058678124428,0.21670030441904758,0.21670030441904758,0.11780477266884197,0.39221911296277456,1.0,0.8821952273311581,0.22147091782291134,0.0,0.0,0.0,0.0,-3.6731969154102373e-06
593,100,100,1.0,feasible,0.7084607934348456,0.7537624295083112,0.8046729471682973,0.09621215373345171,0.5286398416,0.5939859308079999,0.7349638703999999,0.2063240287999999,0.0,0.07501628617061572,0.21670030441904758,0.21670030441904758,0.11681437880376522,0.4188156146357231,1.0,0.8831856211962348,0.2217006451758308,0.0,0.0,0.0,0.0009903938650767524,0.00022972735291945656
594,100,100,1.0,feasible,0.7084607934348456,0.7539591283510368,0.8046729471682973,0.09621215373345171,0.5286398416,0.5936101888879999,0.7349638703999999,0.2063240287999999,0.0,0.07795738986137762,0.21670030441904758,0.21670030441904758,0.11681437880376522,0.4035442808291165,1.0,0.8831856211962348,0.22185539778476543,0.0,0.0,0.0,0.0,0.00015475260893463294
595,100,100,1.0,feasible,0.7084607934348456,0.7546373908054699,0.8046729471682973,0.09621215373345171,0.5286398416,0.5924354552239999,0.7349638703999999,0.2063240287999999,0.0,0.08401641689466097,0.22933446314761904,0.22933446314761904,0.11681437880376522,0.4022413313096761,1.0,0.8831856211962348,0.221684378426694,0.0,0.0,0.0,0.0,-0.0001710193580714281
596,100,100,1.0,feasible,0.7084607934348456,0.7521486603291296,0.8046729471682973,0.09621215373345171,0.5286398416,0.5890323007119999,0.7349638703999999,0.2063240287999999,0.0,0.08104624282513571,0.22933446314761904,0.22933446314761904,0.11681437880376522,0.4197911896074451,1.0,0.8831856211962348,0.2214196405251577,0.0,0.0,0.0,0.0,-0.00026473790153630494
597,100,100,1.0,feasible,0.7084607934348456,0.7526236114244849,0.8046729471682973,0.09621215373345171,0.5286398416,0.5901154570399999,0.7359195551999999,0.20727971359999986,0.0,0.08598638804963095,0.23117017908333334,0.23117017908333334,0.11681437880376522,0.4178935916712449,1.0,0.8831856211962348,0.22169392564119933,0.0,0.0,0.0,0.0,0.00027428511604163375
598,100,100,1.0,feasible,0.7084607934348456,0.7520983997383707,0.8046729471682973,0.09621215373345171,0.5286398416,0.589656263832,0.7359195551999999,0.20727971359999986,0.0,0.08625455296927617,0.22420554507619053,0.22420554507619053,0.11681437880376522,0.41574233612743405,1.0,0.8831856211962348,0.22142186884739276,0.0,0.0,0.0,0.0,-0.0002720567938065688
599,100,100,1.0,feasible,0.7084607934348456,0.7534622142631643,0.8046729471682973,0.09621215373345171,0.5286398416,0.595101298416,0.7359195551999999,0.20727971359999986,0.0,0.07606740237905953,0.22420554507619053,0.22420554507619053,0.11681437880376522,0.4186918366702562,1.0,0.8831856211962348,0.2226644929338935,0.0,0.0,0.0,0.0,0.0012426240865007487
600,100,100,1.0,feasible,0.7084607934348456,0.7536487283301065,0.8046729471682973,0.09621215373345171,0.5286398416,0.5965354697119999,0.7359195551999999,0.20727971359999986,0.0,0.07310650361999287,0.22420554507619053,0.22420554507619053,0.11681437880376522,0.4190158828007312,1.0,0.8831856211962348,0.2222386723103098,0.0,0.0,0.0,0.0,-0.00042582062358370587
601,100,100,1.0,feasible,0.7084607934348456,0.7545246090113896,0.8046729471682973,0.09621215373345171,0.5286398416,0.6012524991039999,0.7359195551999999,0.20727971359999986,0.0,0.07440634952129524,0.2364150348095238,0.2364150348095238,0.11681437880376522,0.41106571071666115,1.0,0.8831856211962348,0.22166750096005908,0.0,0.0,0.0,0.0,-0.0005711713502507265
602,100,100,1.0,feasible,0.7084607934348456,0.7527085562276525,0.8046729471682973,0.09621215373345171,0.5286398416,0.5957289706879999,0.7359195551999999,0.20727971359999986,0.0,0.07890602191031906,0.23904706755952385,0.23904706755952385,0.11681437880376522,0.42720457586233174,1.0,0.8831856211962348,0.22178142768318357,0.0,0.0,0.0,0.0,0.00011392672312449115
603,100,100,1.0,feasible,0.7084607934348456,0.7533861620698376,0.8046729471682973,0.09621215373345171,0.5286398416,0.5963633690399999,0.7359195551999999,0.20727971359999986,0.0,0.0793668216138457,0.20861039847076188,0.20861039847076188,0.11681437880376522,0.4154247750051464,1.0,0.8831856211962348,0.22210473540799458,0.0,0.0,0.0,0.0,0.00032330772481101167
604,100,100,1.0,feasible,0.7084607934348456,0.7522455570430641,0.8046729471682973,0.09621215373345171,0.5286398416,0.5919388293679999,0.7359195551999999,0.20727971359999986,0.0,0.08202161353562192,0.21470504560000003,0.21470504560000003,0.11681437880376522,0.42009268255970733,1.0,0.8831856211962348,0.2223208764102439,0.0,0.0,0.0,0.0,0.00021614100224931487
605,100,100,1.0,feasible,0.7084607934348456,0.7526552272120768,0.8046729471682973,0.09621215373345171,0.5286398416,0.590785471152,0.7359195551999999,0.20727971359999986,0.0,0.07963092500310714,0.21900221491190472,0.21900221491190472,0.11681437880376522,0.4164503445085092,1.0,0.8831856211962348,0.22232200803959715,0.0,0.0,0.0,0.0,1.1316293532515065e-06
606,100,100,1.0,feasible,0.7084607934348456,0.7536550790225525,0.8046729471682973,0.09621215373345171,0.5286398416,0.595217077808,0.7362580295999999,0.20761818799999987,0.0,0.07535151251931904,0.21773425253571435,0.21773425253571435,0.11681437880376522,0.4216221076574058,1.0,0.8831856211962348,0.2223551150807781,0.0,0.0,0.0,0.0,3.310704118095198e-05
607,100,100,1.0,feasible,0.7084607934348456,0.7538381633936825,0.8046729471682973,0.09621215373345171,0.5286398416,0.5950351229599999,0.7362580295999999,0.20761818799999987,0.0,0.07218872388064523,0.21773425253571435,0.21773425253571435,0.11681437880376522,0.4304083717909856,1.0,0.8831856211962348,0.22294501641023412,0.0,0.0,0.0,0.0,0.0005899013294560218
608,100,100,1.0,feasible,0.7084607934348456,0.7551732733983918,0.8046729471682973,0.09621215373345171,0.5286398416,0.5937273612079998,0.7362580295999999,0.20761818799999987,0.0,0.07727166140421668,0.21773425253571435,0.21773425253571435,0.11681437880376522,0.40269683941901246,1.0,0.8831856211962348,0.22317261586924758,0.0,0.0,0.0,0.0,0.00022759945901346113
609,100,100,1.0,feasible,0.7084607934348456,0.7549369871348088,0.8046729471682973,0.09621215373345171,0.5286398416,0.593736862848,0.7362580295999999,0.20761818799999987,0.0,0.08190703255227713,0.21773425253571435,0.21773425253571435,0.11681437880376522,0.408194335034424,1.0,0.8831856211962348,0.22262479700534635,0.0,0.0,0.0,0.0,-0.0005478188639012338
610,100,100,1.0,feasible,0.7084607934348456,0.7522047406920972,0.8046729471682973,0.09621215373345171,0.5286398416,0.5904309640559999,0.7362580295999999,0.20761818799999987,0.0,0.0790845789461819,0.21923210310714283,0.21923210310714283,0.11681437880376522,0.4218166056002594,1.0,0.8831856211962348,0.22255597998023602,0.0,0.0,0.0,0.0,-6.881702511032928e-05
611,100,100,1.0,feasible,0.7084607934348456,0.7541733570430642,0.8046729471682973,0.09621215373345171,0.5286398416,0.5965001003599999,0.7362580295999999,0.20761818799999987,0.0,0.07293539354311047,0.21402429934047618,0.21402429934047618,0.11681437880376522,0.41486627239023105,1.0,0.8831856211962348,0.22253421552241415,0.0,0.0,0.0,0.0,-2.1764457821871197e-05
612,100,100,1.0,feasible,0.7084607934348456,0.7529745291498788,0.8046729471682973,0.09621215373345171,0.5286398416,0.5913453978319999,0.7362580295999999,0.20761818799999987,0.0,0.07546542529786286,0.2081236641380952,0.2081236641380952,0.11681437880376522,0.4207921966132051,1.0,0.8831856211962348,0.22273915244262882,0.0,0.0,0.0,0.0,0.00020493692021467114
613,100,100,1.0,feasible,0.7084607934348456,0.7520465998534875,0.8046729471682973,0.09621215373345171,0.5286398416,0.591710950728,0.7362580295999999,0.20761818799999987,0.0,0.07669392531726285,0.2081236641380952,0.2081236641380952,0.11681437880376522,0.4225761397319186,1.0,0.8831856211962348,0.22258947741463703,0.0,0.0,0.0,0.0,-0.00014967502799179133
614,100,100,1.0,feasible,0.7084607934348456,0.7526647980185932,0.8046729471682973,0.09621215373345171,0.5286398416,0.5925517952159999,0.7362580295999999,0.20761818799999987,0.0,0.07400147610016286,0.2081236641380952,0.2081236641380952,0.11681437880376522,0.4298700047526037,1.0,0.8831856211962348,0.2232766943306111,0.0,0.0,0.0,0.0,0.0006872169159740649
615,100,100,1.0,feasible,0.7084607934348456,0.755415924253048,0.8046729471682973,0.09621215373345171,0.5286398416,0.6000726155199999,0.7362580295999999,0.20761818799999987,0.0,0.0740209832342938,0.22086939994761903,0.22086939994761903,0.11681437880376522,0.4021845456136683,1.0,0.8831856211962348,0.22291050752178754,0.0,0.0,0.0,0.0,-0.00036618680882355426
616,100,100,1.0,feasible,0.7084607934348456,0.754636661069541,0.8046729471682973,0.09621215373345171,0.5286398416,0.59935881596,0.7362580295999999,0.20761818799999987,0.0,0.07188687724037714,0.22086939994761903,0.22086939994761903,0.11681437880376522,0.40649780395148083,1.0,0.8831856211962348,0.223059225617337,0.0,0.0,0.0,0.0,0.00014871809554944937
617,100,100,1.0,feasible,0.7084607934348456,0.7530846611654718,0.8046729471682973,0.09621215373345171,0.5286398416,0.5958475598959999,0.7362580295999999,0.20761818799999987,0.0,0.07524960696135333,0.22086939994761903,0.22086939994761903,0.11681437880376522,0.4092209494031207,1.0,0.8831856211962348,0.22333024041009863,0.0,0.0,0.0,0.0,0.00027101479276164797
618,100,100,1.0,feasible,0.7084607934348456,0.752053130246106,0.8046729471682973,0.09621215373345171,0.5286398416,0.5947460836799999,0.7362580295999999,0.20761818799999987,0.0,0.07048664351247239,0.20696261917380954,0.20696261917380954,0.11681437880376522,0.42569049943749215,1.0,0.8831856211962348,0.22291542667836206,0.0,0.0,0.0,0.0,-0.0004148137317365741
619,100,100,1.0,feasible,0.7084607934348456,0.7529323571232971,0.8046729471682973,0.09621215373345171,0.5286398416,0.5976512890639999,0.7348752575999999,0.20623541599999995,0.0,0.07130698012516286,0.20477005215238092,0.20477005215238092,0.11681437880376522,0.4179015696197538,1.0,0.8831856211962348,0.2226915391763838,0.0,0.0,0.0,0.0,-0.00022388750197827045
620,100,100,1.0,feasible,0.7084607934348456,0.751711055235205,0.8046729471682973,0.09621215373345171,0.5286398416,0.5963251337679999,0.7348752575999999,0.20623541599999995,0.0,0.07088390826040808,0.20061532074890476,0.20061532074890476,0.11681437880376522,0.42990845361883706,1.0,0.8831856211962348,0.22143824260936706,0.0,0.0,0.0,0.0,-0.0012532965670167262
621,100,100,1.0,feasible,0.7084607934348456,0.7542522011424485,0.8046729471682973,0.09621215373345171,0.5286398416,0.5991708744240001,0.7348752575999999,0.20623541599999995,0.0,0.07376730702172715,0.20061532074890476,0.20061532074890476,0.11681437880376522,0.40665178463001717,1.0,0.8831856211962348,0.22225394017613648,0.0,0.0,0.0,0.0,0.0008156975667694133
622,100,100,1.0,feasible,0.7084607934348456,0.7518488911237854,0.8046729471682973,0.09621215373345171,0.5286398416,0.5911099233999999,0.7348752575999999,0.20623541599999995,0.0,0.07458604204586769,0.20061532074890476,0.20061532074890476,0.11681437880376522,0.4239482780838378,1.0,0.8831856211962348,0.22245564478414015,0.0,0.0,0.0,0.0,0.00020170460800367218
623,100,100,1.0,feasible,0.7084607934348456,0.7549190148300279,0.8046729471682973,0.09621215373345171,0.5286398416,0.5963536014719999,0.7348752575999999,0.20623541599999995,0.0,0.07450158187555238,0.2114473216738095,0.2114473216738095,0.11681437880376522,0.40181656572407193,1.0,0.8831856211962348,0.222964753022644,0.0,0.0,0.0,0.0,0.0005091082385038637
624,100,100,1.0,feasible,0.7084607934348456,0.7511986794306944,0.8046729471682973,0.09621215373345171,0.5286398416,0.5897307066959999,0.7348752575999999,0.20623541599999995,0.0,0.0767215528907919,0.211662374302381,0.211662374302381,0.11681437880376522,0.42719901247414016,1.0,0.8831856211962348,0.22288832081695223,0.0,0.0,0.0,0.0,-7.643220569178433e-05
625,100,100,1.0,feasible,0.7084607934348456,0.7535625592023791,0.8046729471682973,0.09621215373345171,0.5286398416,0.5981352289999999,0.7348752575999999,0.20623541599999995,0.0,0.06785278697410618,0.211662374302381,0.211662374302381,0.11681437880376522,0.4191899215401182,1.0,0.8831856211962348,0.2225549872348581,0.0,0.0,0.0,0.0,-0.0003333335820941419
626,100,100,1.0,feasible,0.7084607934348456,0.7522983437348472,0.8046729471682973,0.09621215373345171,0.5286398416,0.5959779932239998,0.7348752575999999,0.20623541599999995,0.0,0.0651380340277619,0.211662374302381,0.211662374302381,0.11681437880376522,0.43774509448696164,1.0,0.8831856211962348,0.2228475547372033,0.0,0.0,0.0,0.0,0.00029256750234521456
627,100,100,1.0,feasible,0.7084607934348456,0.7527616913121586,0.8046729471682973,0.09621215373345171,0.5286398416,0.5938291383679999,0.7348752575999999,0.20623541599999995,0.0,0.06695192482610715,0.211662374302381,0.211662374302381,0.11681437880376522,0.4198868773096847,1.0,0.8831856211962348,0.22325030158581727,0.0,0.0,0.0,0.0,0.00040274684861396626
628,100,100,1.0,feasible,0.7084607934348456,0.7549270478973718,0.8046729471682973,0.09621215373345171,0.5286398416,0.6004873334879999,0.7348752575999999,0.20623541599999995,0.0,0.06674704631297619,0.211662374302381,0.211662374302381,0.11681437880376522,0.4122962771627195,1.0,0.8831856211962348,0.22296468557775495,0.0,0.0,0.0,0.0,-0.00028561600806231713
629,100,100,1.0,feasible,0.7084607934348456,0.7533702322763506,0.8046729471682973,0.09621215373345171,0.5286398416,0.5950262071279999,0.7348752575999999,0.20623541599999995,0.0,0.07239647741961905,0.211662374302381,0.211662374302381,0.11681437880376522,0.41507189567771674,1.0,0.8831856211962348,0.22317670841818338,0.0,0.0,0.0,0.0,0.00021202284042842745
630,100,100,1.0,feasible,0.7084607934348456,0.7547179597299984,0.8046729471682973,0.09621215373345171,0.5286398416,0.595699646208,0.7348752575999999,0.20623541599999995,0.0,0.07630817089640952,0.211662374302381,0.211662374302381,0.11681437880376522,0.405430766948318,1.0,0.8831856211962348,0.22328603726243892,0.0,0.0,0.0,0.0,0.00010932884425554623
631,100,100,1.0,feasible,0.7084607934348456,0.754643044870319,0.8046729471682973,0.09621215373345171,0.5286398416,0.5945852841919997,0.7348752575999999,0.20623541599999995,0.0,0.07579578277155238,0.211662374302381,0.211662374302381,0.11681437880376522,0.3950197061841999,1.0,0.8831856211962348,0.22354682343741342,0.0,0.0,0.0,0.0,0.0002607861749744922
632,100,100,1.0,feasible,0.7084607934348456,0.7527588168332373,0.8046729471682973,0.09621215373345171,0.5286398416,0.5916333813519999,0.7348752575999999,0.20623541599999995,0.0,0.07391680034909524,0.211662374302381,0.211662374302381,0.11681437880376522,0.4139252856457064,1.0,0.8831856211962348,0.22355699011864924,0.0,0.0,0.0,0.0,1.0166681235823649e-05
633,100,100,1.0,feasible,0.7084607934348456,0.7523365150672389,0.8046729471682973,0.09621215373345171,0.5286398416,0.5889847643839999,0.7348752575999999,0.20623541599999995,0.0,0.07420579999,0.21281692686190476,0.21281692686190476,0.11681437880376522,0.40823584997846885,1.0,0.8831856211962348,0.2238616181024185,0.0,0.0,0.0,0.0,0.00030462798376926226
634,100,100,1.0,feasible,0.7084607934348456,0.7529453696614518,0.8046729471682973,0.09621215373345171,0.5286398416,0.5926147006879998,0.7348752575999999,0.20623541599999995,0.0,0.07402892335074525,0.21281692686190476,0.21281692686190476,0.11681437880376522,0.4107782435325829,1.0,0.8831856211962348,0.2238110895173564,0.0,0.0,0.0,0.0,-5.0528585062104e-05
635,100,100,1.0,feasible,0.7084607934348456,0.753590351343031,0.8046729471682973,0.09621215373345171,0.5286398416,0.5936433095119998,0.7348752575999999,0.20623541599999995,0.0,0.0702230677091738,0.21281692686190476,0.21281692686190476,0.11681437880376522,0.40890789423382157,1.0,0.8831856211962348,0.2238022787288564,0.0,0.0,0.0,0.0,-8.810788499985511e-06
636,100,100,1.0,feasible,0.7084607934348456,0.7536272271309715,0.8046729471682973,0.09621215373345171,0.5286398416,0.593414661432,0.7348752575999999,0.20623541599999995,0.0,0.07162582502238095,0.21281692686190476,0.21281692686190476,0.11681437880376522,0.41499014678506363,1.0,0.8831856211962348,0.223865081547388,0.0,0.0,0.0,0.0,6.280281853157654e-05
637,100,100,1.0,feasible,0.7084607934348456,0.7546980344583399,0.8046729471682973,0.09621215373345171,0.5286398416,0.5945165722239998,0.7348752575999999,0.20623541599999995,0.0,0.06914029535497619,0.21281692686190476,0.21281692686190476,0.11681437880376522,0.4059856800207457,1.0,0.8831856211962348,0.22355212625024368,0.0,0.0,0.0,0.0,-0.0003129552971443128
638,100,100,1.0,feasible,0.7084607934348456,0.7561900896891842,0.8046729471682973,0.09621215373345171,0.5286398416,0.5956762769919998,0.7348752575999999,0.20623541599999995,0.0,0.07211346626361428,0.21281692686190476,0.21281692686190476,0.11681437880376522,0.3904675708739633,1.0,0.8831856211962348,0.2235757829418239,0.0,0.0,0.0,0.0,2.3656691580220546e-05
639,100,100,1.0,feasible,0.7084607934348456,0.7542029951868905,0.8046729471682973,0.09621215373345171,0.5286398416,0.5941449011199998,0.7348752575999999,0.20623541599999995,0.0,0.07129744357350239,0.21281692686190476,0.21281692686190476,0.11681437880376522,0.4124108395802748,1.0,0.8831856211962348,0.22360775421279946,0.0,0.0,0.0,0.0,3.197127097556707e-05
640,100,100,1.0,feasible,0.7084607934348456,0.7574265366813178,0.8046729471682973,0.09621215373345171,0.5286398416,0.5981557453039998,0.7348752575999999,0.20623541599999995,0.0,0.0729141774785738,0.21281692686190476,0.21281692686190476,0.11681437880376522,0.3794712949359304,1.0,0.8831856211962348,0.22381116852320693,0.0,0.0,0.0,0.0,0.0002034143104074626
641,100,100,1.0,feasible,0.7084607934348456,0.7537580650314828,0.8046729471682973,0.09621215373345171,0.5286398416,0.594092168224,0.7348752575999999,0.20623541599999995,0.0,0.06796366888469761,0.19002824575547617,0.19002824575547617,0.11681437880376522,0.40507482179272974,1.0,0.8831856211962348,0.22376368951085915,0.0,0.0,0.0,0.0,-4.7479012347778626e-05
642,100,100,1.0,feasible,0.7084607934348456,0.7548292574564388,0.8046729471682973,0.09621215373345171,0.5286398416,0.5969921596239999,0.7348752575999999,0.20623541599999995,0.0,0.06782259985253096,0.19978252639285712,0.19978252639285712,0.11681437880376522,0.40547058614830767,1.0,0.8831856211962348,0.22339321435077691,0.0,0.0,0.0,0.0,-0.00037047516008223424
643,100,100,1.0,feasible,0.7084607934348456,0.7538295012514609,0.8046729471682973,0.09621215373345171,0.5286398416,0.5923211300479999,0.7348752575999999,0.20623541599999995,0.0,0.07096233403245714,0.20884491980952383,0.20884491980952383,0.11681437880376522,0.4056995173365541,1.0,0.8831856211962348,0.2232045450929529,0.0,0.0,0.0,0.0,-0.00018866925782401456
644,100,100,1.0,feasible,0.7084607934348456,0.7555160936075209,0.8046729471682973,0.09621215373345171,0.5286398416,0.5955425889519999,0.7352964647999999,0.2066566231999999,0.0,0.07131041468114763,0.20884491980952383,0.20884491980952383,0.11681437880376522,0.39596490675401413,1.0,0.8831856211962348,0.2231606349587133,0.0,0.0,0.0,0.0,-4.3910134239599774e-05
645,100,100,1.0,feasible,0.7084607934348456,0.754765216418991,0.8046729471682973,0.09621215373345171,0.5286398416,0.5937611627839998,0.7352964647999999,0.2066566231999999,0.0,0.07172359286484285,0.20884491980952383,0.20884491980952383,0.11681437880376522,0.3936602270501776,1.0,0.8831856211962348,0.22309256491364327,0.0,0.0,0.0,0.0,-6.807004507003445e-05
646,100,100,1.0,feasible,0.7084607934348456,0.7554347547782254,0.8046729471682973,0.09621215373345171,0.5286398416,0.5967244536879999,0.7352964647999999,0.2066566231999999,0.0,0.07242099275493809,0.22465643833333337,0.22465643833333337,0.11681437880376522,0.3959779564756261,1.0,0.8831856211962348,0.2227820034710052,0.0,0.0,0.0,0.0,-0.0003105614426380521
647,100,100,1.0,feasible,0.7084607934348456,0.7547838439615927,0.8046729471682973,0.09621215373345171,0.5286398416,0.5974660670799998,0.7352964647999999,0.2066566231999999,0.0,0.06997481935524523,0.21645985517404767,0.21645985517404767,0.11681437880376522,0.40145435401766777,1.0,0.8831856211962348,0.2226709074921654,0.0,0.0,0.0,0.0,-0.00011109597883982025
648,100,100,1.0,feasible,0.7084607934348456,0.7526598355135786,0.8046729471682973,0.09621215373345171,0.5286398416,0.5897454674399999,0.7352964647999999,0.2066566231999999,0.0,0.07464670977179286,0.21645985517404767,0.21645985517404767,0.11681437880376522,0.4029595371111152,1.0,0.8831856211962348,0.22259441788752715,0.0,0.0,0.0,0.0,-7.648960463824128e-05
649,100,100,1.0,feasible,0.7084607934348456,0.7536486328815863,0.8046729471682973,0.09621215373345171,0.5286398416,0.5916733946080001,0.7272046375999999,0.19856479599999988,0.0,0.07463070124425739,0.20859457313002383,0.20859457313002383,0.11681437880376522,0.397607929646845,1.0,0.8831856211962348,0.22277852470072834,0.0,0.0,0.0,0.0,0.00018410681320119027
650,100,100,1.0,feasible,0.7084607934348456,0.7543207913932639,0.8046729471682973,0.09621215373345171,0.5286398416,0.589822974872,0.7272046375999999,0.19856479599999988,0.0,0.08067691259374549,0.20859457313002383,0.20859457313002383,0.11681437880376522,0.38456449098477435,1.0,0.8831856211962348,0.22282664589551543,0.0,0.0,0.0,0.0,4.812119478708743e-05
651,100,100,1.0,feasible,0.7084607934348456,0.7524568422627457,0.8046729471682973,0.09621215373345171,0.5286398416,0.588590721416,0.7272046375999999,0.19856479599999988,0.0,0.0754240711050788,0.20859457313002383,0.20859457313002383,0.11681437880376522,0.4039395124813854,1.0,0.8831856211962348,0.22252235251208785,0.0,0.0,0.0,0.0,-0.0003042933834275785
652,100,100,1.0,feasible,0.7084607934348456,0.7528046146128756,0.8046758326792598,0.09621503924441421,0.5286398416,0.5905717594079999,0.7272046375999999,0.19856479599999988,0.0,0.07349458348638833,0.20859457313002383,0.20859457313002383,0.11681437880376522,0.4021904709939224,1.0,0.8831856211962348,0.2227171789589606,0.0,0.0,0.0,0.0,0.0001948264468727423
653,100,100,1.0,feasible,0.7084607934348456,0.7521133681518498,0.8046758326792598,0.09621503924441421,0.5286398416,0.5917868526559998,0.7272046375999999,0.19856479599999988,0.0,0.07063477480096451,0.20859457313002383,0.20859457313002383,0.11681437880376522,0.42273573339995685,1.0,0.8831856211962348,0.2225533889124634,0.0,0.0,0.0,0.0,-0.00016379004649719198
654,100,100,1.0,feasible,0.7084607934348456,0.7534572017939059,0.8046758326792598,0.09621503924441421,0.5286398416,0.594438514768,0.7272046375999999,0.19856479599999988,0.0,0.06920795832289287,0.20707260845928568,0.20707260845928568,0.11681437880376522,0.41024790387575655,1.0,0.8831856211962348,0.2225838539585438,0.0,0.0,0.0,0.0,3.0465046080396796e-05
655,100,100,1.0,feasible,0.7084607934348456,0.7540777024488514,0.8051098638654876,0.09664907043064197,0.5286398416,0.5931438278479999,0.7277557887999999,0.19911594719999992,0.0,0.07302302328258811,0.20874787839285708,0.20874787839285708,0.11681437880376522,0.40484028339248973,1.0,0.8831856211962348,0.22248034463785626,0.0,0.0,0.0,0.0,-0.00010350932068753371
656,100,100,1.0,feasible,0.7084607934348456,0.7517907794734271,0.8051098638654876,0.09664907043064197,0.5286398416,0.5902501963519999,0.7277557887999999,0.19911594719999992,0.0,0.06755010066454287,0.20934325008571433,0.20934325008571433,0.11681437880376522,0.423965860507203,1.0,0.8831856211962348,0.22233164751166568,0.0,0.0,0.0,0.0,-0.00014869712619058895
657,100,100,1.0,feasible,0.7084607934348456,0.7526613019761741,0.805207647777022,0.09674685434217645,0.5286398416,0.5906809882959999,0.7277557887999999,0.19911594719999992,0.0,0.07020940699041904,0.21407722293809525,0.21407722293809525,0.11681437880376522,0.42887018635785196,1.0,0.8831856211962348,0.22262442447442915,0.0,0.0,0.0,0.0,0.00029277696276347465
658,100,100,1.0,feasible,0.7084607934348456,0.7543622228585631,0.805207647777022,0.09674685434217645,0.5286398416,0.5913183855199999,0.7277557887999999,0.19911594719999992,0.0,0.07673980371817833,0.21407722293809525,0.21407722293809525,0.11681437880376522,0.39950145392129094,1.0,0.8831856211962348,0.22256940394902408,0.0,0.0,0.0,0.0,-5.502052540506952e-05
659,100,100,1.0,feasible,0.7084607934348456,0.7533564054253222,0.805207647777022,0.09674685434217645,0.5286398416,0.5935208291119999,0.7277557887999999,0.19911594719999992,0.0,0.07407088719003788,0.21407722293809525,0.21407722293809525,0.11681437880376522,0.40772629117619297,1.0,0.8831856211962348,0.22258387442071936,0.0,0.0,0.0,0.0,1.4470471695282594e-05
660,100,100,1.0,feasible,0.7084607934348456,0.7540886521610591,0.805207647777022,0.09674685434217645,0.5286398416,0.5945650474559998,0.7277557887999999,0.19911594719999992,0.0,0.07210341996623336,0.21186547266190478,0.21186547266190478,0.11681437880376522,0.4097421218207502,1.0,0.8831856211962348,0.22236561429737794,0.0,0.0,0.0,0.0,-0.0002182601233414183
661,100,100,1.0,feasible,0.7084607934348456,0.7535569350967158,0.805207647777022,0.09674685434217645,0.5286398416,0.5902418986159998,0.7277557887999999,0.19911594719999992,0.0,0.07475859702639763,0.21874305209523817,0.21874305209523817,0.11681437880376522,0.40774784348478865,1.0,0.8831856211962348,0.22265370291322553,0.0,0.0,0.0,0.0,0.00028808861584758705
662,100,100,1.0,feasible,0.7084607934348456,0.7566344025543753,0.805207647777022,0.09674685434217645,0.5286398416,0.5932626094479999,0.7297975207999999,0.20115767919999994,0.0,0.07516966394784524,0.20934325008571433,0.20934325008571433,0.11681437880376522,0.3882100276144579,1.0,0.8831856211962348,0.2228569189868536,0.0,0.0,0.0,0.0,0.00020321607362808192
663,100,100,1.0,feasible,0.7084607934348456,0.7554685326304222,0.805207647777022,0.09674685434217645,0.5286398416,0.5926732645839999,0.7298069623999999,0.20116712079999988,0.0,0.07659957369981191,0.20934325008571433,0.20934325008571433,0.11681437880376522,0.4022917572087403,1.0,0.8831856211962348,0.2227651823624491,0.0,0.0,0.0,0.0,-9.173662440450925e-05
664,100,100,1.0,feasible,0.7084607934348456,0.7526200127971674,0.805207647777022,0.09674685434217645,0.5286398416,0.5900701934879999,0.7298069623999999,0.20116712079999988,0.0,0.07010838633914523,0.20934325008571433,0.20934325008571433,0.11681437880376522,0.42645962498485923,1.0,0.8831856211962348,0.22283682571950003,0.0,0.0,0.0,0.0,7.164335705092673e-05
665,100,100,1.0,feasible,0.7084607934348456,0.7540134051994489,0.805207647777022,0.09674685434217645,0.5286398416,0.5914613439119999,0.7298069623999999,0.20116712079999988,0.0,0.07439099829115238,0.21483939886666667,0.21483939886666667,0.11681437880376522,0.40882576829283473,1.0,0.8831856211962348,0.22283374990145732,0.0,0.0,0.0,0.0,-3.0758180427081783e-06
666,100,100,1.0,feasible,0.7084607934348456,0.7555848242050826,0.805207647777022,0.09674685434217645,0.5286398416,0.5923129114799999,0.7298069623999999,0.20116712079999988,0.0,0.07342254569093738,0.2266477949,0.2266477949,0.11681437880376522,0.40267415455832384,1.0,0.8831856211962348,0.22281305580150923,0.0,0.0,0.0,0.0,-2.0694099948093125e-05
667,100,100,1.0,feasible,0.7084607934348456,0.7541832507962255,0.805207647777022,0.09674685434217645,0.5286398416,0.5936035169999999,0.7279897431999999,0.19934990159999988,0.0,0.07174333257057143,0.2266477949,0.2266477949,0.11681437880376522,0.41673081602435175,1.0,0.8831856211962348,0.22254741597636998,0.0,0.0,0.0,0.0,-0.00026563982513924667
668,100,100,1.0,feasible,0.7084607934348456,0.7564556342124082,0.805207647777022,0.09674685434217645,0.5286398416,0.59595934448,0.7279897431999999,0.19934990159999988,0.0,0.07474767182323809,0.2266477949,0.2266477949,0.11681437880376522,0.3927251587332502,1.0,0.8831856211962348,0.22253644222480445,0.0,0.0,0.0,0.0,-1.0973751565529488e-05
669,100,100,1.0,feasible,0.7084607934348456,0.7548434271902744,0.805207647777022,0.09674685434217645,0.5286398416,0.59339689796,0.7279897431999999,0.19934990159999988,0.0,0.0720663476355881,0.20815205757785712,0.20815205757785712,0.11681437880376522,0.41051065972898293,1.0,0.8831856211962348,0.2225203607707758,0.0,0.0,0.0,0.0,-1.6081454028649134e-05
670,100,100,1.0,feasible,0.7084607934348456,0.7532359907147717,0.805207647777022,0.09674685434217645,0.5286398416,0.5859132864079999,0.7279897431999999,0.19934990159999988,0.0,0.07959216094412143,0.21648480620000002,0.21648480620000002,0.11681437880376522,0.40948420754964265,1.0,0.8831856211962348,0.2230270375829266,0.0,0.0,0.0,0.0,0.0005066768121508025
671,100,100,1.0,feasible,0.7084607934348456,0.7529144628643187,0.805207647777022,0.09674685434217645,0.5286398416,0.5879563031999998,0.7279897431999999,0.19934990159999988,0.0,0.07404157208129857,0.20815205757785712,0.20815205757785712,0.11681437880376522,0.4199676776153211,1.0,0.8831856211962348,0.22304390248786823,0.0,0.0,0.0,0.0,1.6864904941626957e-05
672,100,100,1.0,feasible,0.7084607934348456,0.7536827731838557,0.805207647777022,0.09674685434217645,0.5286398416,0.5861083783279999,0.7279897431999999,0.19934990159999988,0.0,0.07810454594074619,0.20815205757785712,0.20815205757785712,0.11681437880376522,0.4030810969129586,1.0,0.8831856211962348,0.22299395821185503,0.0,0.0,0.0,0.0,-4.99442760132085e-05
673,100,100,1.0,feasible,0.7084607934348456,0.7547570998936043,0.805207647777022,0.09674685434217645,0.5286398416,0.5927530244239998,0.7279897431999999,0.19934990159999988,0.0,0.07121551716769763,0.20815205757785712,0.20815205757785712,0.11681437880376522,0.399645064703075,1.0,0.8831856211962348,0.22317309203083163,0.0,0.0,0.0,0.0,0.00017913381897660674
674,100,100,1.0,feasible,0.7084607934348456,0.7558894851359602,0.805207647777022,0.09674685434217645,0.5286398416,0.595531197608,0.7279897431999999,0.19934990159999988,0.0,0.07243551672554047,0.20815205757785712,0.20815205757785712,0.11681437880376522,0.389201380207287,1.0,0.8831856211962348,0.22320981215823069,0.0,0.0,0.0,0.0,3.6720127399053615e-05
675,100,100,1.0,feasible,0.7084607934348456,0.7536924662559085,0.805207647777022,0.09674685434217645,0.5286398416,0.5918512440319998,0.7279897431999999,0.19934990159999988,0.0,0.07396448701145476,0.20815205757785712,0.20815205757785712,0.11681437880376522,0.40381673258686973,1.0,0.8831856211962348,0.22307990081121482,0.0,0.0,0.0,0.0,-0.00012991134701587082
676,100,100,1.0,feasible,0.7084607934348456,0.7531571996965098,0.805207647777022,0.09674685434217645,0.5286398416,0.5891784564559999,0.7279897431999999,0.19934990159999988,0.0,0.0739370420188881,0.20635392225952381,0.20635392225952381,0.11681437880376522,0.4049614124573467,1.0,0.8831856211962348,0.2234020655924261,0.0,0.0,0.0,0.0,0.000322164781211276
677,100,100,1.0,feasible,0.7084607934348456,0.7520075404383164,0.805207647777022,0.09674685434217645,0.5286398416,0.5910338377439999,0.7279897431999999,0.19934990159999988,0.0,0.06762161299009285,0.1853464593547619,0.1853464593547619,0.11681437880376522,0.41722538403959414,1.0,0.8831856211962348,0.22314954207027268,0.0,0.0,0.0,0.0,-0.00025252352215340834
678,100,100,1.0,feasible,0.7084607934348456,0.7548928351464254,0.805207647777022,0.09674685434217645,0.5286398416,0.5992811967519999,0.7279897431999999,0.19934990159999988,0.0,0.06599236482454762,0.1853464593547619,0.1853464593547619,0.11681437880376522,0.397014512494676,1.0,0.8831856211962348,0.22308485130109323,0.0,0.0,0.0,0.0,-6.469076917944849e-05
679,100,100,1.0,feasible,0.7084607934348456,0.7532295922548967,0.805207647777022,0.09674685434217645,0.5286398416,0.5975942413279999,0.7279897431999999,0.19934990159999988,0.0,0.06489672480716666,0.1853464593547619,0.1853464593547619,0.11681437880376522,0.41785861928624185,1.0,0.8831856211962348,0.22290786710433558,0.0,0.0,0.0,0.0,-0.00017698419675765686
680,100,100,1.0,feasible,0.7084607934348456,0.7537612454520084,0.805207647777022,0.09674685434217645,0.5286398416,0.5949945141359999,0.7279897431999999,0.19934990159999988,0.0,0.07124269737116667,0.1957783999095238,0.1957783999095238,0.11681437880376522,0.4004231131449502,1.0,0.8831856211962348,0.22302508492274997,0.0,0.0,0.0,0.0,0.0001172178184143946
681,100,100,1.0,feasible,0.7084607934348456,0.7523095452461933,0.805207647777022,0.09674685434217645,0.5286398416,0.5906956079519998,0.7279897431999999,0.19934990159999988,0.0,0.06955224469183334,0.1957783999095238,0.1957783999095238,0.11681437880376522,0.4091938280143959,1.0,0.8831856211962348,0.2229238399933616,0.0,0.0,0.0,0.0,-0.00010124492938837215
682,100,100,1.0,feasible,0.7084607934348456,0.7551253552570073,0.805252364606771,0.09679157117192538,0.5286398416,0.594999653744,0.7279897431999999,0.19934990159999988,0.0,0.07130789270596904,0.20601376639761904,0.20601376639761904,0.11681437880376522,0.384301545005197,1.0,0.8831856211962348,0.22282100472028998,0.0,0.0,0.0,0.0,-0.00010283527307161644
683,100,100,1.0,feasible,0.7084607934348456,0.7535332612875655,0.805252364606771,0.09679157117192538,0.5286398416,0.5928610259439998,0.7279897431999999,0.19934990159999988,0.0,0.07167554590714287,0.20601376639761904,0.20601376639761904,0.11681437880376522,0.40454955128585446,1.0,0.8831856211962348,0.22287663823848025,0.0,0.0,0.0,0.0,5.563351819026785e-05
684,100,100,1.0,feasible,0.7084607934348456,0.7561738743027574,0.805252364606771,0.09679157117192538,0.5286398416,0.5961434688159999,0.7279897431999999,0.19934990159999988,0.0,0.07327710636891906,0.20601376639761904,0.20601376639761904,0.11681437880376522,0.37838078437878586,1.0,0.8831856211962348,0.22309614716081816,0.0,0.0,0.0,0.0,0.00021950892233790764
685,100,100,1.0,feasible,0.7084607934348456,0.7534223600474422,0.805252364606771,0.09679157117192538,0.5286398416,0.5918557445359999,0.7279897431999999,0.19934990159999988,0.0,0.07242796389852618,0.1993062944552381,0.1993062944552381,0.11681437880376522,0.4107338387415122,1.0,0.8831856211962348,0.22326611450762363,0.0,0.0,0.0,0.0,0.00016996734680546632
686,100,100,1.0,feasible,0.7084607934348456,0.7515134797664522,0.805252364606771,0.09679157117192538,0.5286398416,0.5916444252799999,0.7279897431999999,0.19934990159999988,0.0,0.06830690608415475,0.1993062944552381,0.1993062944552381,0.11681437880376522,0.437931439196038,1.0,0.8831856211962348,0.22282255854418437,0.0,0.0,0.0,0.0,-0.0004435559634392572
687,100,100,1.0,feasible,0.7084607934348456,0.7514918512697748,0.805252364606771,0.09679157117192538,0.5286398416,0.589151128224,0.7279897431999999,0.19934990159999988,0.0,0.06993882770734525,0.1993062944552381,0.1993062944552381,0.11681437880376522,0.4309260808457202,1.0,0.8831856211962348,0.22320118226200283,0.0,0.0,0.0,0.0,0.00037862371781846593
688,100,100,1.0,feasible,0.7084607934348456,0.7538446540822912,0.805252364606771,0.09679157117192538,0.5286398416,0.590438808624,0.7279897431999999,0.19934990159999988,0.0,0.0732449123579905,0.1993062944552381,0.1993062944552381,0.11681437880376522,0.4108082088771479,1.0,0.8831856211962348,0.22311972929863805,0.0,0.0,0.0,0.0,-8.145296336478647e-05
689,100,100,1.0,feasible,0.7084607934348456,0.7554228226405385,0.805252364606771,0.09679157117192538,0.5286398416,0.594917316928,0.7279897431999999,0.19934990159999988,0.0,0.07158933614325239,0.20352187996428567,0.20352187996428567,0.11681437880376522,0.4034208278030348,1.0,0.8831856211962348,0.22299651163761774,0.0,0.0,0.0,0.0,-0.00012321766102030285
690,100,100,1.0,feasible,0.7084607934348456,0.7545931230190293,0.805252364606771,0.09679157117192538,0.5286398416,0.5887765199439999,0.7279897431999999,0.19934990159999988,0.0,0.07735328217455952,0.20663340076428569,0.20663340076428569,0.11681437880376522,0.3972781481301491,1.0,0.8831856211962348,0.22344468537133472,0.0,0.0,0.0,0.0,0.0004481737337169722
691,100,100,1.0,feasible,0.7084607934348456,0.7557262183820836,0.805252364606771,0.09679157117192538,0.5286398416,0.5957560434799999,0.7279897431999999,0.19934990159999988,0.0,0.07115337764984286,0.20663340076428569,0.20663340076428569,0.11681437880376522,0.40758516233053205,1.0,0.8831856211962348,0.222717578498851,0.0,0.0,0.0,0.0,-0.0007271068724837293
692,100,100,1.0,feasible,0.7084607934348456,0.7557544446444457,0.805252364606771,0.09679157117192538,0.5286398416,0.594711886128,0.7279897431999999,0.19934990159999988,0.0,0.07091977390263571,0.20663340076428569,0.20663340076428569,0.11681437880376522,0.3973376860785596,1.0,0.8831856211962348,0.22307264876901772,0.0,0.0,0.0,0.0,0.0003550702701667352
693,100,100,1.0,feasible,0.7084607934348456,0.7513746945293288,0.805252364606771,0.09679157117192538,0.5286398416,0.589717546424,0.7279897431999999,0.19934990159999988,0.0,0.06773900501634761,0.20663340076428569,0.20663340076428569,0.11681437880376522,0.4394589846303654,1.0,0.8831856211962348,0.22297053920227244,0.0,0.0,0.0,0.0,-0.00010210956674527871
694,100,100,1.0,feasible,0.7084607934348456,0.7545586805713989,0.805252364606771,0.09679157117192538,0.5286398416,0.595872059304,0.7309621655999999,0.20232232399999994,0.0,0.07054704541713333,0.20663340076428569,0.20663340076428569,0.11681437880376522,0.41359910193173144,1.0,0.8831856211962348,0.22249184450025014,0.0,0.0,0.0,0.0,-0.00047869470202230313
695,100,100,1.0,feasible,0.7084607934348456,0.7525190417394869,0.805252364606771,0.09679157117192538,0.5286398416,0.594495054288,0.7309621655999999,0.20232232399999994,0.0,0.07149639519307381,0.21777829071190474,0.21777829071190474,0.11681437880376522,0.43529449306061757,1.0,0.8831856211962348,0.222485352150387,0.0,0.0,0.0,0.0,-6.492349863135294e-06
696,100,100,1.0,feasible,0.7084607934348456,0.7531458080703958,0.805252364606771,0.09679157117192538,0.5286398416,0.5926606858319999,0.7309621655999999,0.20232232399999994,0.0,0.07542595059392357,0.21777829071190474,0.21777829071190474,0.11681437880376522,0.4111978485430196,1.0,0.8831856211962348,0.2229997123598768,0.0,0.0,0.0,0.0,0.0005143602094898059
697,100,100,1.0,feasible,0.7084607934348456,0.7517562830359479,0.805252364606771,0.09679157117192538,0.5286398416,0.5886441684879999,0.7309621655999999,0.20232232399999994,0.0,0.08024826323415571,0.21777829071190474,0.21777829071190474,0.11681437880376522,0.4139044808679644,1.0,0.8831856211962348,0.22244234475044125,0.0,0.0,0.0,0.0,-0.0005573676094355606
698,100,100,1.0,feasible,0.7084607934348456,0.7536352370310294,0.805252364606771,0.09679157117192538,0.5286398416,0.5919821520479999,0.7309621655999999,0.20232232399999994,0.0,0.07493607438347834,0.20663340076428569,0.20663340076428569,0.11681437880376522,0.40243271332506025,1.0,0.8831856211962348,0.22274616324040397,0.0,0.0,0.0,0.0,0.00030381848996272054
699,100,100,1.0,feasible,0.7084607934348456,0.7528301453970659,0.805252364606771,0.09679157117192538,0.5286398416,0.5918439417919997,0.7309621655999999,0.20232232399999994,0.0,0.07388951353174977,0.19851801853571432,0.19851801853571432,0.11681437880376522,0.40490862699895025,1.0,0.8831856211962348,0.22262553533826135,0.0,0.0,0.0,0.0,-0.00012062790214262264
700,100,100,1.0,feasible,0.7084607934348456,0.7541480416662304,0.805252364606771,0.09679157117192538,0.5286398416,0.5950978446959999,0.7309621655999999,0.20232232399999994,0.0,0.07203443436079261,0.19510686318499998,0.19510686318499998,0.11681437880376522,0.4052168152527077,1.0,0.8831856211962348,0.2228021367796843,0.0,0.0,0.0,0.0,0.0001766014414229522
701,100,100,1.0,feasible,0.7084607934348456,0.7531701657056147,0.805252364606771,0.09679157117192538,0.5286398416,0.593597447336,0.7309621655999999,0.20232232399999994,0.0,0.06857796725421428,0.19510686318499998,0.19510686318499998,0.11681437880376522,0.4131243264631141,1.0,0.8831856211962348,0.2229451108500834,0.0,0.0,0.0,0.0,0.00014297407039909338
702,100,100,1.0,feasible,0.7084607934348456,0.7532573488627841,0.805252364606771,0.09679157117192538,0.5286398416,0.5975340545039998,0.7309621655999999,0.20232232399999994,0.0,0.06426335835395239,0.19510686318499998,0.19510686318499998,0.11681437880376522,0.42362464783481757,1.0,0.8831856211962348,0.22223948601183302,0.0,0.0,0.0,0.0,-0.0007056248382503738
703,100,100,1.0,feasible,0.7084607934348456,0.7545114397511032,0.805252364606771,0.09679157117192538,0.5286398416,0.5958518391919999,0.7309621655999999,0.20232232399999994,0.0,0.0695974175797738,0.19510686318499998,0.19510686318499998,0.11681437880376522,0.3952082442184435,1.0,0.8831856211962348,0.22246781627971862,0.0,0.0,0.0,0.0,0.0002283302678856014
704,100,100,1.0,feasible,0.7084607934348456,0.7519550333647288,0.805252364606771,0.09679157117192538,0.5286398416,0.5916639730559999,0.7309621655999999,0.20232232399999994,0.0,0.07059313928374523,0.19510686318499998,0.19510686318499998,0.11681437880376522,0.41534041456651993,1.0,0.8831856211962348,0.22260250327627285,0.0,0.0,0.0,0.0,0.000134686996554223
705,100,100,1.0,feasible,0.7084607934348456,0.7532200655294506,0.805252364606771,0.09679157117192538,0.5286398416,0.5938497656719999,0.7309621655999999,0.20232232399999994,0.0,0.06930572420363096,0.1946363089952381,0.1946363089952381,0.11681437880376522,0.41081275527708266,1.0,0.8831856211962348,0.22262506523573047,0.0,0.0,0.0,0.0,2.2561959457628733e-05
706,100,100,1.0,feasible,0.7084607934348456,0.7503215218416968,0.805252364606771,0.09679157117192538,0.5286398416,0.5856443212319999,0.7309621655999999,0.20232232399999994,0.0,0.07538323795960715,0.1946363089952381,0.1946363089952381,0.11627634768685635,0.4409912492538428,1.0,0.8837236523131436,0.2229807782285419,0.0,0.0,0.0,0.0005380311169088658,0.00035571299281142443
707,100,100,1.0,feasible,0.7084607934348456,0.7508112624160606,0.805252364606771,0.09679157117192538,0.5286398416,0.5862351386799998,0.7309621655999999,0.20232232399999994,0.0,0.06916631804589286,0.19552185059523802,0.19552185059523802,0.11627634768685635,0.4422378358350748,1.0,0.8837236523131436,0.22331194844773872,0.0,0.0,0.0,0.0,0.0003311702191968191
708,100,100,1.0,feasible,0.7084607934348456,0.7556018905377359,0.805252364606771,0.09679157117192538,0.5286398416,0.593444348496,0.7309621655999999,0.20232232399999994,0.0,0.07131840298250476,0.19552185059523802,0.19552185059523802,0.11627634768685635,0.391169209117866,1.0,0.8837236523131436,0.22327621127196853,0.0,0.0,0.0,0.0,-3.573717577018409e-05
709,100,100,1.0,feasible,0.7084607934348456,0.7534140465360264,0.805252364606771,0.09679157117192538,0.5286398416,0.5938790647999999,0.7309621655999999,0.20232232399999994,0.0,0.0676511388469738,0.19552185059523802,0.19552185059523802,0.11627634768685635,0.41940713068394814,1.0,0.8837236523131436,0.22332568075335632,0.0,0.0,0.0,0.0,4.946948138778717e-05
710,100,100,1.0,feasible,0.7084607934348456,0.7527820065180612,0.805252364606771,0.09679157117192538,0.5286398416,0.5907523310799998,0.7309621655999999,0.20232232399999994,0.0,0.06818956923004524,0.19552185059523802,0.19552185059523802,0.11627634768685635,0.43000159326172593,1.0,0.8837236523131436,0.22334057967419949,0.0,0.0,0.0,0.0,1.4898920843164909e-05
711,100,100,1.0,feasible,0.7084607934348456,0.7542992342621178,0.805252364606771,0.09679157117192538,0.5286398416,0.5942478196319999,0.7309621655999999,0.20232232399999994,0.0,0.06709314030103332,0.18705731926190475,0.18705731926190475,0.11627634768685635,0.41804058519479326,1.0,0.8837236523131436,0.22354827822439355,0.0,0.0,0.0,0.0,0.00020769855019406314
712,100,100,1.0,feasible,0.7084607934348456,0.7544901002895367,0.805252364606771,0.09679157117192538,0.5286398416,0.5931312135759998,0.7309621655999999,0.20232232399999994,0.0,0.07018114696536047,0.18705731926190475,0.18705731926190475,0.11627634768685635,0.4137878757687403,1.0,0.8837236523131436,0.22375774731278394,0.0,0.0,0.0,0.0,0.00020946908839039602
713,100,100,1.0,feasible,0.7084607934348456,0.7545613120785588,0.805252364606771,0.09679157117192538,0.5286398416,0.5918492401119999,0.7309621655999999,0.20232232399999994,0.0,0.07230340424010571,0.18705731926190475,0.18705731926190475,0.11627634768685635,0.402423331188969,1.0,0.8837236523131436,0.2236276262684282,0.0,0.0,0.0,0.0,-0.0001301210443557521
714,100,100,1.0,feasible,0.7084607934348456,0.755088575142588,0.805252364606771,0.09679157117192538,0.5286398416,0.5949682718799999,0.7309621655999999,0.20232232399999994,0.0,0.06831321912840238,0.19869604285714285,0.19869604285714285,0.11627634768685635,0.39985605722149226,1.0,0.8837236523131436,0.2233325283634761,0.0,0.0,0.0,0.0,-0.00029509790495207966
715,100,100,1.0,feasible,0.7084607934348456,0.7544031129715869,0.805252364606771,0.09679157117192538,0.5286398416,0.5949087386719999,0.7309621655999999,0.20232232399999994,0.0,0.06934666145976193,0.19869604285714285,0.19869604285714285,0.11627634768685635,0.40811793776933164,1.0,0.8837236523131436,0.22305552718536115,0.0,0.0,0.0,0.0,-0.00027700117811496616
716,100,100,1.0,feasible,0.7084607934348456,0.7534766341609545,0.805252364606771,0.09679157117192538,0.5286398416,0.5933414398719998,0.7309621655999999,0.20232232399999994,0.0,0.06724377872010952,0.19945463283333337,0.19945463283333337,0.11627634768685635,0.4161723733928531,1.0,0.8837236523131436,0.22230689937340328,0.0,0.0,0.0,0.0,-0.0007486278119578638
717,100,100,1.0,feasible,0.7084607934348456,0.7533798380260932,0.805252364606771,0.09679157117192538,0.5286398416,0.5956029692959999,0.7309621655999999,0.20232232399999994,0.0,0.06390589368006191,0.19328783380238093,0.19328783380238093,0.11627634768685635,0.4247793224146036,1.0,0.8837236523131436,0.2223364174403058,0.0,0.0,0.0,0.0,2.951806690251746e-05
718,100,100,1.0,feasible,0.7084607934348456,0.753237690059826,0.805252364606771,0.09679157117192538,0.5286398416,0.5953949613999998,0.7309621655999999,0.20232232399999994,0.0,0.0659357189427762,0.19328783380238093,0.19328783380238093,0.11627634768685635,0.4140217970799733,1.0,0.8837236523131436,0.22301541798322508,0.0,0.0,0.0,0.0,0.000679000542919278
719,100,100,1.0,feasible,0.7084607934348456,0.7542337180358607,0.805252364606771,0.09679157117192538,0.5286398416,0.5977648725839998,0.7309621655999999,0.20232232399999994,0.0,0.0645621890992881,0.19328783380238093,0.19328783380238093,0.11627634768685635,0.4214042174344705,1.0,0.8837236523131436,0.22280646893849212,0.0,0.0,0.0,0.0,-0.0002089490447329534
720,100,100,1.0,feasible,0.7084607934348456,0.7508940038982785,0.805252364606771,0.09679157117192538,0.5286398416,0.5921644615679998,0.7309621655999999,0.20232232399999994,0.0,0.06545771109711429,0.19328783380238093,0.19328783380238093,0.11627634768685635,0.4522643577234629,1.0,0.8837236523131436,0.22278497090018196,0.0,0.0,0.0,0.0,-2.1498038310169276e-05
721,100,100,1.0,feasible,0.7084607934348456,0.7515901365382939,0.805252364606771,0.09679157117192538,0.5286398416,0.5905091567679999,0.7309621655999999,0.20232232399999994,0.0,0.0683432554943381,0.19328783380238093,0.19328783380238093,0.11627634768685635,0.4366187468650042,1.0,0.8837236523131436,0.22346638900024252,0.0,0.0,0.0,0.0,0.0006814181000605601
722,100,100,1.0,feasible,0.7084607934348456,0.754154278334467,0.805252364606771,0.09679157117192538,0.5286398416,0.5967944082479999,0.7309648255999999,0.20232498399999987,0.0,0.06808916689217619,0.23181022944714286,0.23181022944714286,0.11627634768685635,0.4241974087953633,1.0,0.8837236523131436,0.22313984251733324,0.0,0.0,0.0,0.0,-0.000326546482909279
723,100,100,1.0,feasible,0.7084607934348456,0.7505658390263896,0.805252364606771,0.09679157117192538,0.5286398416,0.5861880098079999,0.7309648255999999,0.20232498399999987,0.0,0.07219410720855951,0.23181022944714286,0.23181022944714286,0.11627634768685635,0.4467026013317368,1.0,0.8837236523131436,0.223074798355002,0.0,0.0,0.0,0.0,-6.504416233124588e-05
724,100,100,1.0,feasible,0.7084607934348456,0.7530069944927006,0.805252364606771,0.09679157117192538,0.5286398416,0.5911289016399999,0.733325864,0.2046860224,0.0,0.0710276499063381,0.23181022944714286,0.23181022944714286,0.11627634768685635,0.4268440975914456,1.0,0.8837236523131436,0.22262872810948472,0.0,0.0,0.0,0.0,-0.00044607024551726604
725,100,100,1.0,feasible,0.7084607934348456,0.75496145686254,0.805252364606771,0.09679157117192538,0.5286398416,0.5986744963599999,0.733325864,0.2046860224,0.0,0.06669800881710952,0.23181022944714286,0.23181022944714286,0.11627634768685635,0.4247852319658581,1.0,0.8837236523131436,0.22258074892887028,0.0,0.0,0.0,0.0,-4.797918061444362e-05
726,100,100,1.0,feasible,0.7084607934348456,0.7523769218521619,0.805252364606771,0.09679157117192538,0.5286398416,0.5895638698479999,0.733325864,0.2046860224,0.0,0.07626182208032142,0.23181022944714286,0.23181022944714286,0.11627634768685635,0.4334416682149509,1.0,0.8837236523131436,0.22279567119111585,0.0,0.0,0.0,0.0,0.00021492226224556488
727,100,100,1.0,feasible,0.7084607934348456,0.7565857323382694,0.805252364606771,0.09679157117192538,0.5286398416,0.5944500846479999,0.733325864,0.2046860224,0.0,0.07878175018927382,0.23181022944714286,0.23181022944714286,0.11627634768685635,0.38628784616911666,1.0,0.8837236523131436,0.2232313975781449,0.0,0.0,0.0,0.0,0.0004357263870290451
728,100,100,1.0,feasible,0.7084607934348456,0.7527544433031588,0.805252364606771,0.09679157117192538,0.5286398416,0.5902656748879999,0.733325864,0.2046860224,0.0,0.07561367602042618,0.23181022944714286,0.23181022944714286,0.11627634768685635,0.4261398544707184,1.0,0.8837236523131436,0.22297789509053173,0.0,0.0,0.0,0.0,-0.00025350248761316085
729,100,100,1.0,feasible,0.7084607934348456,0.7557856498918599,0.805252364606771,0.09679157117192538,0.5286398416,0.5962422853199998,0.733325864,0.2046860224,0.0,0.0749099098836262,0.22097520009,0.22097520009,0.11627634768685635,0.40171539148771607,1.0,0.8837236523131436,0.22269498546858746,0.0,0.0,0.0,0.0,-0.0002829096219442717
730,100,100,1.0,feasible,0.7084607934348456,0.7518386644122931,0.805252364606771,0.09679157117192538,0.5286398416,0.5903829443519999,0.733325864,0.2046860224,0.0,0.07331754885945951,0.22408895836238094,0.22408895836238094,0.11627634768685635,0.4370889796223315,1.0,0.8837236523131436,0.2226600147156298,0.0,0.0,0.0,0.0,-3.497075295766372e-05
731,100,100,1.0,feasible,0.7084607934348456,0.7524500664547468,0.805252364606771,0.09679157117192538,0.5286398416,0.5905976176879999,0.733325864,0.2046860224,0.0,0.07372207440092858,0.22408895836238094,0.22408895836238094,0.11627634768685635,0.42767962612563243,1.0,0.8837236523131436,0.22295500737710072,0.0,0.0,0.0,0.0,0.0002949926614709275
732,100,100,1.0,feasible,0.7084607934348456,0.7532125530750179,0.805252364606771,0.09679157117192538,0.5286398416,0.5929901111279999,0.733325864,0.2046860224,0.0,0.0723459529528262,0.21702416944285716,0.21702416944285716,0.11627634768685635,0.42802098632049884,1.0,0.8837236523131436,0.222988189042033,0.0,0.0,0.0,0.0,3.318166493226915e-05
733,100,100,1.0,feasible,0.7084607934348456,0.7521370527401322,0.805252364606771,0.09679157117192538,0.5286398416,0.5939286739759999,0.733325864,0.2046860224,0.0,0.06962263276730238,0.21702416944285716,0.21702416944285716,0.11627634768685635,0.4487814534175897,1.0,0.8837236523131436,0.2225091787148068,0.0,0.0,0.0,0.0,-0.0004790103272261925
734,100,100,1.0,feasible,0.7084607934348456,0.7520940030915879,0.805252364606771,0.09679157117192538,0.5286398416,0.590157699432,0.733325864,0.2046860224,0.0,0.07723352540146905,0.21702416944285716,0.21702416944285716,0.11627634768685635,0.42319270016669974,1.0,0.8837236523131436,0.22272491792726198,0.0,0.0,0.0,0.0,0.0002157392124551849
735,100,100,1.0,feasible,0.7084607934348456,0.7533869662035825,0.805252364606771,0.09679157117192538,0.5286398416,0.5901929558799999,0.733325864,0.2046860224,0.0,0.07873910321446904,0.21702416944285716,0.21702416944285716,0.11627634768685635,0.4182792507088995,1.0,0.8837236523131436,0.22270979077116831,0.0,0.0,0.0,0.0,-1.5127156093669436e-05
736,100,100,1.0,feasible,0.7084607934348456,0.7538122059642788,0.805252364606771,0.09679157117192538,0.5286398416,0.59058224476,0.733325864,0.2046860224,0.0,0.0806851181327881,0.2256474445357143,0.2256474445357143,0.11627634768685635,0.41347333382848567,1.0,0.8837236523131436,0.2225242209458296,0.0,0.0,0.0,0.0,-0.00018556982533871058
737,100,100,1.0,feasible,0.7084607934348456,0.7545090078427782,0.805252364606771,0.09679157117192538,0.5286398416,0.5920742979519998,0.733325864,0.2046860224,0.0,0.07904895002028808,0.2256474445357143,0.2256474445357143,0.11627634768685635,0.40921361098697134,1.0,0.8837236523131436,0.22263017951667188,0.0,0.0,0.0,0.0,0.00010595857084227944
738,100,100,1.0,feasible,0.7084607934348456,0.7524562643660722,0.805252364606771,0.09679157117192538,0.5286398416,0.5900444475999999,0.7353333815999998,0.20669353999999984,0.0,0.08021529315979524,0.2256474445357143,0.2256474445357143,0.11627634768685635,0.4299095417087152,1.0,0.8837236523131436,0.22222518891468615,0.0,0.0,0.0,0.0,-0.000404990601985733
739,100,100,1.0,feasible,0.7084607934348456,0.753530906445677,0.805252364606771,0.09679157117192538,0.5286398416,0.5911879088639999,0.7353333815999998,0.20669353999999984,0.0,0.07892929474554523,0.2171411118523809,0.2171411118523809,0.11627634768685635,0.4216580194469525,1.0,0.8837236523131436,0.22227461596327838,0.0,0.0,0.0,0.0,4.9427048592232126e-05
740,100,100,1.0,feasible,0.7084607934348456,0.7542826701934314,0.805252364606771,0.09679157117192538,0.5286398416,0.5933218652639998,0.7353373191999999,0.2066974775999999,0.0,0.07568588427397142,0.2171411118523809,0.2171411118523809,0.11627634768685635,0.41627569089883415,1.0,0.8837236523131436,0.22252863571432593,0.0,0.0,0.0,0.0,0.0002540197510475517
741,100,100,1.0,feasible,0.7084607934348456,0.7544105041860709,0.805252364606771,0.09679157117192538,0.5286398416,0.5973321697119999,0.7353373191999999,0.2066974775999999,0.0,0.07187417894204023,0.2171411118523809,0.2171411118523809,0.11627634768685635,0.4183463854641425,1.0,0.8837236523131436,0.22228451247481765,0.0,0.0,0.0,0.0,-0.00024412323950828707
742,100,100,1.0,feasible,0.7084607934348456,0.7543322617044284,0.805252364606771,0.09679157117192538,0.5286398416,0.5962899547519999,0.7353373191999999,0.2066974775999999,0.0,0.0710387647366307,0.2171411118523809,0.2171411118523809,0.11627634768685635,0.4301856336710511,1.0,0.8837236523131436,0.2221556440981501,0.0,0.0,0.0,0.0,-0.0001288683766675347
743,100,100,1.0,feasible,0.7084607934348456,0.7549021394127291,0.8053062833795545,0.09684548994470887,0.5286398416,0.596773391016,0.7353373191999999,0.2066974775999999,0.0,0.07068019108102143,0.21934458393809525,0.21934458393809525,0.11627634768685635,0.42136033077774504,1.0,0.8837236523131436,0.22205929067558522,0.0,0.0,0.0,0.0,-9.635342256489321e-05
744,100,100,1.0,feasible,0.7084607934348456,0.7542980158154988,0.8053062833795545,0.09684548994470887,0.5286398416,0.5925950541119998,0.7353373191999999,0.2066974775999999,0.0,0.07474129443150952,0.21934458393809525,0.21934458393809525,0.11627634768685635,0.4231710122771169,1.0,0.8837236523131436,0.22218081321688776,0.0,0.0,0.0,0.0,0.00012152254130254336
745,100,100,1.0,feasible,0.7084607934348456,0.7559702586189456,0.8053062833795545,0.09684548994470887,0.5286398416,0.5905764885519998,0.7353373191999999,0.2066974775999999,0.0,0.08313615503865,0.21934458393809525,0.21934458393809525,0.11627634768685635,0.3965393192334607,1.0,0.8837236523131436,0.2223068820953153,0.0,0.0,0.0,0.0,0.00012606887842753212
746,100,100,1.0,feasible,0.7084607934348456,0.7546086096305794,0.8053062833795545,0.09684548994470887,0.5286398416,0.5931085409039999,0.7353373191999999,0.2066974775999999,0.0,0.07059412488717857,0.21934458393809525,0.21934458393809525,0.11627634768685635,0.4122208921531096,1.0,0.8837236523131436,0.2224206323389739,0.0,0.0,0.0,0.0,0.00011375024365861686
747,100,100,1.0,feasible,0.7084607934348456,0.7546737367571906,0.8056530107442486,0.09719221730940297,0.5286398416,0.5940503944719998,0.7353373191999999,0.2066974775999999,0.0,0.06819062157673811,0.21934458393809525,0.21934458393809525,0.11627634768685635,0.41933027538122003,1.0,0.8837236523131436,0.22273933225267473,0.0,0.0,0.0,0.0,0.0003186999137008151
748,100,100,1.0,feasible,0.7084607934348456,0.7547129360795704,0.8056530107442486,0.09719221730940297,0.5286398416,0.5909211963679999,0.7353373191999999,0.2066974775999999,0.0,0.07452438948127381,0.21934458393809525,0.21934458393809525,0.11627634768685635,0.40067203367668525,1.0,0.8837236523131436,0.22301438748236396,0.0,0.0,0.0,0.0,0.0002750552296892361
749,100,100,1.0,feasible,0.7084607934348456,0.7558642501186053,0.8059806089860989,0.09751981555125333,0.5286398416,0.5978648026719999,0.7353373191999999,0.2066974775999999,0.0,0.07030354237378095,0.21934458393809525,0.21934458393809525,0.11627634768685635,0.40733732585197147,1.0,0.8837236523131436,0.2228412614313518,0.0,0.0,0.0,0.0,-0.00017312605101216239
750,100,100,1.0,feasible,0.7084607934348456,0.7526042410714596,0.8059806089860989,0.09751981555125333,0.5286398416,0.5887548476799999,0.7353373191999999,0.2066974775999999,0.0,0.07299612808434523,0.21934458393809525,0.21934458393809525,0.11627634768685635,0.42984064667470634,1.0,0.8837236523131436,0.2227070370565602,0.0,0.0,0.0,0.0,-0.00013422437479160276
751,100,100,1.0,feasible,0.7084607934348456,0.7536439828405981,0.8059806089860989,0.09751981555125333,0.5286398416,0.59321686408,0.7353373191999999,0.2066974775999999,0.0,0.07202176443029762,0.21934458393809525,0.21934458393809525,0.11627634768685635,0.41787002893546604,1.0,0.8837236523131436,0.2227149490256441,0.0,0.0,0.0,0.0,7.911969083895798e-06
752,100,100,1.0,feasible,0.7084607934348456,0.7522156953325312,0.8060082271989952,0.09754743376414965,0.5286398416,0.5894302387759999,0.7353373191999999,0.2066974775999999,0.0,0.07709938267536903,0.2244961134428572,0.2244961134428572,0.11627634768685635,0.4312864568328665,1.0,0.8837236523131436,0.22262099764754456,0.0,0.0,0.0,0.0,-9.395137809953269e-05
753,100,100,1.0,feasible,0.7084607934348456,0.7548495705274447,0.8060082271989952,0.09754743376414965,0.5286398416,0.5951398817199999,0.7353373191999999,0.2066974775999999,0.0,0.0770820625509643,0.22590823215952383,0.22590823215952383,0.11627634768685635,0.4053900786642599,1.0,0.8837236523131436,0.2224922164167741,0.0,0.0,0.0,0.0,-0.00012878123077045278
754,100,100,1.0,feasible,0.7084607934348456,0.755899575622242,0.8062348363071878,0.09777404287234226,0.5286398416,0.5985223077599999,0.7353387999999998,0.20669895839999985,0.0,0.07050123428124999,0.2244961134428572,0.2244961134428572,0.11627634768685635,0.4047480908170919,1.0,0.8837236523131436,0.22240250807133904,0.0,0.0,0.0,0.0,-8.970834543506334e-05
755,100,100,1.0,feasible,0.7084607934348456,0.7520721233399611,0.8062348363071878,0.09777404287234226,0.5286398416,0.58915362592,0.7353387999999998,0.20669895839999985,0.0,0.07155320478937381,0.2244961134428572,0.2244961134428572,0.11627634768685635,0.429603348761734,1.0,0.8837236523131436,0.22297373009884267,0.0,0.0,0.0,0.0,0.0005712220275036206
756,100,100,1.0,feasible,0.7084607934348456,0.7552219929002493,0.8062348363071878,0.09777404287234226,0.5286398416,0.5969726369919998,0.7353387999999998,0.20669895839999985,0.0,0.06802899915225476,0.21934458393809525,0.21934458393809525,0.11627634768685635,0.4139323035117984,1.0,0.8837236523131436,0.22284242660099474,0.0,0.0,0.0,0.0,-0.00013130349784792883
757,100,100,1.0,feasible,0.7084607934348456,0.7529689151221808,0.8062348363071878,0.09777404287234226,0.5286398416,0.59406805948,0.7353387999999998,0.20669895839999985,0.0,0.06710174218062381,0.21934458393809525,0.21934458393809525,0.11627634768685635,0.43468885619177294,1.0,0.8837236523131436,0.22280407019850718,0.0,0.0,0.0,0.0,-3.835640248756045e-05
758,100,100,1.0,feasible,0.7084607934348456,0.7535689036340328,0.8062348363071878,0.09777404287234226,0.5286398416,0.5944400981199998,0.7353387999999998,0.20669895839999985,0.0,0.07015180903081429,0.21934458393809525,0.21934458393809525,0.11627634768685635,0.4242592609226355,1.0,0.8837236523131436,0.22278426245361466,0.0,0.0,0.0,0.0,-1.9807744892519352e-05
759,100,100,1.0,feasible,0.7084607934348456,0.7552976005956431,0.8062348363071878,0.09777404287234226,0.5286398416,0.5970692438479999,0.7353387999999998,0.20669895839999985,0.0,0.0759338884643881,0.21934458393809525,0.21934458393809525,0.11627634768685635,0.4012388880228379,1.0,0.8837236523131436,0.22199232015413423,0.0,0.0,0.0,0.0,-0.0007919422994804304
760,100,100,1.0,feasible,0.7084607934348456,0.7562944385720267,0.8062348363071878,0.09777404287234226,0.5286398416,0.5972820247599998,0.7353387999999998,0.20669895839999985,0.0,0.07841059914386904,0.22247835848619044,0.22247835848619044,0.11627634768685635,0.3861169531401336,1.0,0.8837236523131436,0.2222948865086155,0.0,0.0,0.0,0.0,0.0003025663544812818
761,100,100,1.0,feasible,0.7084607934348456,0.7503489478651041,0.8062348363071878,0.09777404287234226,0.5286398416,0.5901084581999999,0.7353387999999998,0.20669895839999985,0.0,0.07161120611724764,0.2234463859642857,0.2234463859642857,0.11627634768685635,0.44524894156067674,1.0,0.8837236523131436,0.22210075742413954,0.0,0.0,0.0,0.0,-0.0001941290844759691
762,100,100,1.0,feasible,0.7084607934348456,0.7521572070639944,0.8062348363071878,0.09777404287234226,0.5286398416,0.5917368568879998,0.7353387999999998,0.20669895839999985,0.0,0.0735283978257738,0.2234463859642857,0.2234463859642857,0.11627634768685635,0.4293505708095613,1.0,0.8837236523131436,0.22226833699442144,0.0,0.0,0.0,0.0,0.00016757957028190607
763,100,100,1.0,feasible,0.7084607934348456,0.752555665069855,0.8062348363071878,0.09777404287234226,0.5286398416,0.5921721836,0.7353387999999998,0.20669895839999985,0.0,0.07585506692981189,0.2234463859642857,0.2234463859642857,0.11627634768685635,0.4155873823210448,1.0,0.8837236523131436,0.22195754548223248,0.0,0.0,0.0,0.0,-0.0003107915121889626
764,100,100,1.0,feasible,0.7084607934348456,0.7561099248321211,0.8062348363071878,0.09777404287234226,0.5286398416,0.5972925415919998,0.7354887343999998,0.20684889279999985,0.0,0.07561254124719285,0.2234463859642857,0.2234463859642857,0.11627634768685635,0.382548796606495,1.0,0.8837236523131436,0.22218186550814134,0.0,0.0,0.0,0.0,0.00022432002590885847
765,100,100,1.0,feasible,0.7084607934348456,0.7554988720710584,0.8062348363071878,0.09777404287234226,0.5286398416,0.5967600321519999,0.7354887343999998,0.20684889279999985,0.0,0.07293468635021191,0.2234463859642857,0.2234463859642857,0.11627634768685635,0.4039222281107009,1.0,0.8837236523131436,0.22268157978422107,0.0,0.0,0.0,0.0,0.0004997142760797268
766,100,100,1.0,feasible,0.7084607934348456,0.7523894629829243,0.8062348363071878,0.09777404287234226,0.5286398416,0.5872035042639998,0.7354887343999998,0.20684889279999985,0.0,0.07942754758503333,0.21720986577404763,0.21720986577404763,0.11627634768685635,0.41401037999704565,1.0,0.8837236523131436,0.22273710613104467,0.0,0.0,0.0,0.0,5.5526346823597805e-05
767,100,100,1.0,feasible,0.7084607934348456,0.7529467462203268,0.8062348363071878,0.09777404287234226,0.5286398416,0.587936296072,0.7354887343999998,0.20684889279999985,0.0,0.07742197213659524,0.21720986577404763,0.21720986577404763,0.11627634768685635,0.408613824091197,1.0,0.8837236523131436,0.22298314699086752,0.0,0.0,0.0,0.0,0.00024604085982285473
768,100,100,1.0,feasible,0.7084607934348456,0.7518154876624284,0.8062348363071878,0.09777404287234226,0.5286398416,0.5899976729679999,0.7354887343999998,0.20684889279999985,0.0,0.07250846847265713,0.21720986577404763,0.21720986577404763,0.11627634768685635,0.4170825312793857,1.0,0.8837236523131436,0.2226496954534242,0.0,0.0,0.0,0.0,-0.00033345153744332445
769,100,100,1.0,feasible,0.7084607934348456,0.7558128924328048,0.8062348363071878,0.09777404287234226,0.5286398416,0.5966484195759998,0.7354887343999998,0.20684889279999985,0.0,0.07742826366179999,0.21720986577404763,0.21720986577404763,0.11627634768685635,0.3843932085034439,1.0,0.8837236523131436,0.22267413982227013,0.0,0.0,0.0,0.0,2.444436884593837e-05
770,100,100,1.0,feasible,0.7084607934348456,0.7523762044258979,0.8062348363071878,0.09777404287234226,0.5286398416,0.5877378016079998,0.7354887343999998,0.20684889279999985,0.0,0.07832077045255714,0.2105625402616667,0.2105625402616667,0.11627634768685635,0.40561916048635643,1.0,0.8837236523131436,0.22245334718428536,0.0,0.0,0.0,0.0,-0.00022079263798477355
771,100,100,1.0,feasible,0.7084607934348456,0.7539479874086478,0.8062348363071878,0.09777404287234226,0.5286398416,0.5910091749199998,0.7354887343999998,0.20684889279999985,0.0,0.07405889089112619,0.2105625402616667,0.2105625402616667,0.11627634768685635,0.3971615346219224,1.0,0.8837236523131436,0.22244686658098017,0.0,0.0,0.0,0.0,-6.4806033051867384e-06
772,100,100,1.0,feasible,0.7084607934348456,0.7542478954406711,0.8062348363071878,0.09777404287234226,0.5286398416,0.5921034340799999,0.7361538543999998,0.20751401279999981,0.0,0.07407171353304523,0.2105625402616667,0.2105625402616667,0.11627634768685635,0.39387411651974397,1.0,0.8837236523131436,0.22280800684199015,0.0,0.0,0.0,0.0,0.00036114026100997343
773,100,100,1.0,feasible,0.7084607934348456,0.7539702163387579,0.8062348363071878,0.09777404287234226,0.5286398416,0.5931111833599998,0.7361538543999998,0.20751401279999981,0.0,0.07050029474885716,0.20690675404285713,0.20690675404285713,0.11627634768685635,0.39868315443191304,1.0,0.8837236523131436,0.22286571615150008,0.0,0.0,0.0,0.0,5.770930950993458e-05
774,100,100,1.0,feasible,0.7084607934348456,0.7535805924528631,0.8062348363071878,0.09777404287234226,0.5286398416,0.593152796384,0.7361538543999998,0.20751401279999981,0.0,0.07181370424405238,0.20690675404285713,0.20690675404285713,0.11627634768685635,0.3989018964331102,1.0,0.8837236523131436,0.22283716208717624,0.0,0.0,0.0,0.0,-2.8554064323838002e-05
775,100,100,1.0,feasible,0.7084607934348456,0.7535526876074862,0.8062348363071878,0.09777404287234226,0.5286398416,0.5907967640559999,0.7361538543999998,0.20751401279999981,0.0,0.07443841019206668,0.20690675404285713,0.20690675404285713,0.11627634768685635,0.3993717532017579,1.0,0.8837236523131436,0.2229041667098326,0.0,0.0,0.0,0.0,6.700462265635254e-05
776,100,100,1.0,feasible,0.7084607934348456,0.7532586355772417,0.8062348363071878,0.09777404287234226,0.5286398416,0.5910849749039998,0.7362072527999999,0.20756741119999988,0.0,0.07332796933080238,0.20690675404285713,0.20690675404285713,0.11627634768685635,0.3985455156494281,1.0,0.8837236523131436,0.22315534203378407,0.0,0.0,0.0,0.0,0.00025117532395146913
777,100,100,1.0,feasible,0.7084607934348456,0.7540147104093629,0.8062348363071878,0.09777404287234226,0.5286398416,0.5969317780239999,0.7362072527999999,0.20756741119999988,0.0,0.07231697145039882,0.20927426475226193,0.20927426475226193,0.11627634768685635,0.4158076158401809,1.0,0.8837236523131436,0.22283047792903532,0.0,0.0,0.0,0.0,-0.0003248641047487455
778,100,100,1.0,feasible,0.7084607934348456,0.7529905063480019,0.8062348363071878,0.09777404287234226,0.5286398416,0.5947499235039999,0.7362072527999999,0.20756741119999988,0.0,0.07147973940144645,0.22130401979285722,0.22130401979285722,0.11627634768685635,0.4279132665777331,1.0,0.8837236523131436,0.2226776779749236,0.0,0.0,0.0,0.0,-0.00015279995411171532
779,100,100,1.0,feasible,0.7084607934348456,0.7546873833664729,0.8062348363071878,0.09777404287234226,0.5286398416,0.5991630972319999,0.7362072527999999,0.20756741119999988,0.0,0.07083419143265834,0.22446767258809527,0.22446767258809527,0.11627634768685635,0.41210037742858374,1.0,0.8837236523131436,0.22246789462013603,0.0,0.0,0.0,0.0,-0.00020978335478757937
780,100,100,1.0,feasible,0.7084607934348456,0.7532569084750493,0.8062348363071878,0.09777404287234226,0.5286398416,0.5936575754319999,0.7362072527999999,0.20756741119999988,0.0,0.0762655000544488,0.22446767258809527,0.22446767258809527,0.11627634768685635,0.4190391669341858,1.0,0.8837236523131436,0.2225222009956346,0.0,0.0,0.0,0.0,5.430637549858064e-05
781,100,100,1.0,feasible,0.7084607934348456,0.7559772507517486,0.8062348363071878,0.09777404287234226,0.5286398416,0.602011447608,0.7362072527999999,0.20756741119999988,0.0,0.07161937032698096,0.22446767258809527,0.22446767258809527,0.11627634768685635,0.40534390597838166,1.0,0.8837236523131436,0.22238429264070955,0.0,0.0,0.0,0.0,-0.0001379083549250537
782,100,100,1.0,feasible,0.7084607934348456,0.7525918417412312,0.8062348363071878,0.09777404287234226,0.5286398416,0.5936581795359999,0.7362072527999999,0.20756741119999988,0.0,0.07302554205703334,0.22446767258809527,0.22446767258809527,0.11627634768685635,0.43367419819408354,1.0,0.8837236523131436,0.222204511590439,0.0,0.0,0.0,0.0,-0.00017978105027055546
783,100,100,1.0,feasible,0.7084607934348456,0.7527184970723666,0.8062348363071878,0.09777404287234226,0.5286398416,0.5938265379679999,0.7362072527999999,0.20756741119999988,0.0,0.07446411297808095,0.2160664713714285,0.2160664713714285,0.11627634768685635,0.42404937010984206,1.0,0.8837236523131436,0.22269716797121894,0.0,0.0,0.0,0.0,0.0004926563807799433
784,100,100,1.0,feasible,0.7084607934348456,0.7528154365103866,0.8062348363071878,0.09777404287234226,0.5286398416,0.598578064976,0.7362072527999999,0.20756741119999988,0.0,0.06752300769946429,0.2160664713714285,0.2160664713714285,0.11627634768685635,0.4349358517576779,1.0,0.8837236523131436,0.22201043314646318,0.0,0.0,0.0,0.0,-0.0006867348247557581
785,100,100,1.0,feasible,0.7084607934348456,0.7530532554462526,0.8062348363071878,0.09777404287234226,0.5286398416,0.5954402629919998,0.7362072527999999,0.20756741119999988,0.0,0.0719986043401381,0.21645523360000002,0.21645523360000002,0.11627634768685635,0.4255796660619901,1.0,0.8837236523131436,0.222028865126084,0.0,0.0,0.0,0.0,1.843197962081433e-05
786,100,100,1.0,feasible,0.7084607934348456,0.7549078733408333,0.8062348363071878,0.09777404287234226,0.5286398416,0.5982835721039999,0.7362072527999999,0.20756741119999988,0.0,0.07361014308138572,0.22972115845833332,0.22972115845833332,0.11627634768685635,0.4051386544932265,1.0,0.8837236523131436,0.22232449444762348,0.0,0.0,0.0,0.0,0.0002956293215394812
787,100,100,1.0,feasible,0.7084607934348456,0.7516641053354962,0.8062348363071878,0.09777404287234226,0.5286398416,0.5914153400719999,0.736227872,0.20758803039999996,0.0,0.07675008646339761,0.2136088833785714,0.2136088833785714,0.11627634768685635,0.4302017482151954,1.0,0.8837236523131436,0.22252568747287743,0.0,0.0,0.0,0.0,0.000201193025253954
788,100,100,1.0,feasible,0.7084607934348456,0.7533625655259624,0.8062348363071878,0.09777404287234226,0.5286398416,0.5933591185919999,0.736227872,0.20758803039999996,0.0,0.07737991190805238,0.21366807388095244,0.21366807388095244,0.11627634768685635,0.41824996102558615,1.0,0.8837236523131436,0.2229321253458317,0.0,0.0,0.0,0.0,0.0004064378729542739
789,100,100,1.0,feasible,0.7084607934348456,0.753861024778923,0.8062348363071878,0.09777404287234226,0.5286398416,0.592789090816,0.736227872,0.20758803039999996,0.0,0.07919898299234523,0.21424312592547623,0.21424312592547623,0.11627634768685635,0.4080674369022495,1.0,0.8837236523131436,0.22280507049493384,0.0,0.0,0.0,0.0,-0.0001270548508978675
790,100,100,1.0,feasible,0.7084607934348456,0.7551806697634871,0.8062348363071878,0.09777404287234226,0.5286398416,0.596245144712,0.736227872,0.20758803039999996,0.0,0.07589055916993569,0.21483869542857142,0.21483869542857142,0.11627634768685635,0.4010645588111542,1.0,0.8837236523131436,0.22305504942246468,0.0,0.0,0.0,0.0,0.0002499789275308417
791,100,100,1.0,feasible,0.7084607934348456,0.7541192446897946,0.8062348363071878,0.09777404287234226,0.5286398416,0.593377185432,0.7362836047999999,0.2076437631999999,0.0,0.07720273816770716,0.21483869542857142,0.21483869542857142,0.11627634768685635,0.3999678678362005,1.0,0.8837236523131436,0.2229778476196826,0.0,0.0,0.0,0.0,-7.720180278208977e-05
792,100,100,1.0,feasible,0.7084607934348456,0.7533695254303804,0.8062348363071878,0.09777404287234226,0.5286398416,0.592662163672,0.7362836047999999,0.2076437631999999,0.0,0.07349090780330238,0.21483869542857142,0.21483869542857142,0.11627634768685635,0.41120926142579173,1.0,0.8837236523131436,0.2229276994867755,0.0,0.0,0.0,0.0,-5.014813290710185e-05
793,100,100,1.0,feasible,0.7084607934348456,0.7548059315394275,0.8062348363071878,0.09777404287234226,0.5286398416,0.5964363397359999,0.7362836047999999,0.2076437631999999,0.0,0.07085047555866975,0.21483869542857142,0.21483869542857142,0.11627634768685635,0.4062681022557511,1.0,0.8837236523131436,0.22254718371608834,0.0,0.0,0.0,0.0,-0.0003805157706871509
794,100,100,1.0,feasible,0.7084607934348456,0.7531168991453439,0.8062348363071878,0.09777404287234226,0.5286398416,0.5907269840319999,0.7362836047999999,0.2076437631999999,0.0,0.07312505758959358,0.20312844505238092,0.20312844505238092,0.11627634768685635,0.41608280018358346,1.0,0.8837236523131436,0.2227706150394284,0.0,0.0,0.0,0.0,0.0002234313233400731
795,100,100,1.0,feasible,0.7084607934348456,0.757177030983901,0.8062348363071878,0.09777404287234226,0.5286398416,0.5985132904639999,0.7362836047999999,0.2076437631999999,0.0,0.07559482483968404,0.22325930536666666,0.22325930536666666,0.11627634768685635,0.3795235998914005,1.0,0.8837236523131436,0.22262374139955726,0.0,0.0,0.0,0.0,-0.00014687363987114788
796,100,100,1.0,feasible,0.7084607934348456,0.7556951044163048,0.8062348363071878,0.09777404287234226,0.5286398416,0.596357349464,0.7362836047999999,0.2076437631999999,0.0,0.07563084883680786,0.22325930536666666,0.22325930536666666,0.11627634768685635,0.39223813639344896,1.0,0.8837236523131436,0.22285385192041307,0.0,0.0,0.0,0.0,0.00023011052085580852
797,100,100,1.0,feasible,0.7084607934348456,0.7550189606805853,0.8062348363071878,0.09777404287234226,0.5286398416,0.595034534576,0.7362836047999999,0.2076437631999999,0.0,0.07841903382930548,0.22890844548571432,0.22890844548571432,0.11627634768685635,0.39197075920160684,1.0,0.8837236523131436,0.22245781706529322,0.0,0.0,0.0,0.0,-0.00039603485511985337
798,100,100,1.0,feasible,0.7084607934348456,0.7555505568825979,0.8062348363071878,0.09777404287234226,0.5286398416,0.595969674808,0.7363300295999998,0.20769018799999983,0.0,0.07906726899440786,0.22890844548571432,0.22890844548571432,0.11627634768685635,0.39586869197288094,1.0,0.8837236523131436,0.222741894229395,0.0,0.0,0.0,0.0,0.0002840771641017814
799,100,100,1.0,feasible,0.7084607934348456,0.7543140945397937,0.8062348363071878,0.09777404287234226,0.5286398416,0.592356419216,0.7363300295999998,0.20769018799999983,0.0,0.08013905287471668,0.22890844548571432,0.22890844548571432,0.11627634768685635,0.39966511522837195,1.0,0.8837236523131436,0.22284382114258067,0.0,0.0,0.0,0.0,0.00010192691318566816
800,100,100,1.0,feasible,0.7084607934348456,0.7562937918484992,0.8062348363071878,0.09777404287234226,0.5286398416,0.5957618087519999,0.7363300295999998,0.20769018799999983,0.0,0.0827352809245,0.2301873557259523,0.2301873557259523,0.11627634768685635,0.37412488176876224,1.0,0.8837236523131436,0.22284171037696798,0.0,0.0,0.0,0.0,-2.1107656126839736e-06
801,100,100,1.0,feasible,0.7084607934348456,0.7542800910252386,0.8062348363071878,0.09777404287234226,0.5286398416,0.593390361824,0.7363300295999998,0.20769018799999983,0.0,0.0799790102677357,0.2301873557259523,0.2301873557259523,0.11627634768685635,0.40293258262716664,1.0,0.8837236523131436,0.22271888684948218,0.0,0.0,0.0,0.0,-0.00012282352748579917
802,100,100,1.0,feasible,0.7084607934348456,0.7543299146547362,0.8062348363071878,0.09777404287234226,0.5286398416,0.5948649469839998,0.7363300295999998,0.20769018799999983,0.0,0.0833814889117357,0.2301873557259523,0.2301873557259523,0.11627634768685635,0.4010646812836871,1.0,0.8837236523131436,0.22229137093298235,0.0,0.0,0.0,0.0,-0.00042751591649983767
803,100,100,1.0,feasible,0.7084607934348456,0.7554212572139954,0.8062348363071878,0.09777404287234226,0.5286398416,0.5961136109679999,0.7363300295999998,0.20769018799999983,0.0,0.07941762782396905,0.2301873557259523,0.2301873557259523,0.11627634768685635,0.3914726135417006,1.0,0.8837236523131436,0.2223363108899953,0.0,0.0,0.0,0.0,4.493995701296272e-05
804,100,100,1.0,feasible,0.7084607934348456,0.7518088818150106,0.8062348363071878,0.09777404287234226,0.5286398416,0.5901806955119999,0.7363300295999998,0.20769018799999983,0.0,0.07819700734230715,0.2301873557259523,0.2301873557259523,0.11627634768685635,0.4276245081858683,1.0,0.8837236523131436,0.22226248271221766,0.0,0.0,0.0,0.0,-7.382817777765172e-05
805,100,100,1.0,feasible,0.7084607934348456,0.7520020357342194,0.8062348363071878,0.09777404287234226,0.5286398416,0.587876744368,0.7363300295999998,0.20769018799999983,0.0,0.0783686733344262,0.2301873557259523,0.2301873557259523,0.11627634768685635,0.4156363513855581,1.0,0.8837236523131436,0.22246325737443629,0.0,0.0,0.0,0.0,0.00020077466221862794
806,100,100,1.0,feasible,0.7084607934348456,0.754042611068669,0.8062348363071878,0.09777404287234226,0.5286398416,0.5924548329039999,0.7363300295999998,0.20769018799999983,0.0,0.0800266800323738,0.2301873557259523,0.2301873557259523,0.11627634768685635,0.4036294695948895,1.0,0.8837236523131436,0.22202331136288173,0.0,0.0,0.0,0.0,-0.0004399460115545595
807,100,100,1.0,feasible,0.7084607934348456,0.7524153873414963,0.8062348363071878,0.09777404287234226,0.5286398416,0.589498532232,0.7363300295999998,0.20769018799999983,0.0,0.08719580094138574,0.2301873557259523,0.2301873557259523,0.11627634768685635,0.41392918925421,1.0,0.8837236523131436,0.22197164887729792,0.0,0.0,0.0,0.0,-5.1662485583803264e-05
808,100,100,1.0,feasible,0.7084607934348456,0.7534151140922332,0.8062348363071878,0.09777404287234226,0.5286398416,0.5917373005919999,0.7363300295999998,0.20769018799999983,0.0,0.08530214452129048,0.24012769519833335,0.24012769519833335,0.11627634768685635,0.40907708887495386,1.0,0.8837236523131436,0.22185431676643724,0.0,0.0,0.0,0.0,-0.00011733211086067952
809,100,100,1.0,feasible,0.7084607934348456,0.7534321275644044,0.8062348363071878,0.09777404287234226,0.5286398416,0.5946997675839999,0.7363300295999998,0.20769018799999983,0.0,0.0768432562136881,0.23301973182142857,0.23301973182142857,0.11627634768685635,0.4124211427056313,1.0,0.8837236523131436,0.2218690769288764,0.0,0.0,0.0,0.0,1.4760162439148017e-05
810,100,100,1.0,feasible,0.7084607934348456,0.7549470097840684,0.8062348363071878,0.09777404287234226,0.5286398416,0.5969667605199999,0.7363300295999998,0.20769018799999983,0.0,0.0775101722927119,0.23301973182142857,0.23301973182142857,0.11627634768685635,0.40137278918348607,1.0,0.8837236523131436,0.22196210100231512,0.0,0.0,0.0,0.0,9.302407343872443e-05
811,100,100,1.0,feasible,0.7084607934348456,0.7549058202823855,0.8062348363071878,0.09777404287234226,0.5286398416,0.59358677652,0.7363300295999998,0.20769018799999983,0.0,0.08469188166933093,0.23301973182142857,0.23301973182142857,0.11627634768685635,0.39662434050332707,1.0,0.8837236523131436,0.2218597316564314,0.0,0.0,0.0,0.0,-0.00010236934588370161
812,100,100,1.0,feasible,0.7084607934348456,0.7518768292083093,0.8062348363071878,0.09777404287234226,0.5286398416,0.5844759245679999,0.7363300295999998,0.20769018799999983,0.0,0.0889352617877857,0.23301973182142857,0.23301973182142857,0.11627634768685635,0.4063714988387326,1.0,0.8837236523131436,0.22267174311243104,0.0,0.0,0.0,0.0,0.0008120114559996283
813,100,100,1.0,feasible,0.7084607934348456,0.7548335055761952,0.8035101376170792,0.09504934418223365,0.5286398416,0.593714544664,0.7363300295999998,0.20769018799999983,0.0,0.07949125494673095,0.23301973182142857,0.23301973182142857,0.11627634768685635,0.38858887073737597,1.0,0.8837236523131436,0.22221699791466654,0.0,0.0,0.0,0.0,-0.0004547451977645056
814,100,100,1.0,feasible,0.7084607934348456,0.7529343957851499,0.8035101376170792,0.09504934418223365,0.5286398416,0.588699441064,0.7363300295999998,0.20769018799999983,0.0,0.07991331813525238,0.23301973182142857,0.23301973182142857,0.11627634768685635,0.3922428877487728,1.0,0.8837236523131436,0.22225895526445127,0.0,0.0,0.0,0.0,4.1957349784738085e-05
815,100,100,1.0,feasible,0.7084607934348456,0.752458655841313,0.8035101376170792,0.09504934418223365,0.5286398416,0.591929353896,0.7363300295999998,0.20769018799999983,0.0,0.07668574627751189,0.23301973182142857,0.23301973182142857,0.11627634768685635,0.4132292178764358,1.0,0.8837236523131436,0.22230730891118794,0.0,0.0,0.0,0.0,4.83536467366652e-05
816,100,100,1.0,feasible,0.7084607934348456,0.7537778667608532,0.8035101376170792,0.09504934418223365,0.5286398416,0.5944761453039998,0.7363300295999998,0.20769018799999983,0.0,0.07803837545837858,0.23538354416904766,0.23538354416904766,0.11627634768685635,0.4080842876605943,1.0,0.8837236523131436,0.22206445250118084,0.0,0.0,0.0,0.0,-0.00024285641000709735
817,100,100,1.0,feasible,0.7084607934348456,0.7528277085945266,0.8035101376170792,0.09504934418223365,0.5286398416,0.591656480048,0.7363300295999998,0.20769018799999983,0.0,0.08179017932948572,0.23538354416904766,0.23538354416904766,0.11627634768685635,0.4084343462081793,1.0,0.8837236523131436,0.22169223441435687,0.0,0.0,0.0,0.0,-0.00037221808682397217
818,100,100,1.0,feasible,0.7084607934348456,0.7513663729754243,0.8035101376170792,0.09504934418223365,0.5286398416,0.589159606912,0.7363300295999998,0.20769018799999983,0.0,0.0817444860670381,0.23301973182142857,0.23301973182142857,0.11627634768685635,0.41944104301891166,1.0,0.8837236523131436,0.22187572545703566,0.0,0.0,0.0,0.0,0.00018349104267878502
819,100,100,1.0,feasible,0.7084607934348456,0.7519534253004378,0.8035101376170792,0.09504934418223365,0.5286398416,0.5885200286719998,0.7363300295999998,0.20769018799999983,0.0,0.08575007354766667,0.23301973182142857,0.23301973182142857,0.11627634768685635,0.40399595153110873,1.0,0.8837236523131436,0.22182462509322604,0.0,0.0,0.0,0.0,-5.1100363809619687e-05
820,100,100,1.0,feasible,0.7084607934348456,0.7519243027758883,0.8035101376170792,0.09504934418223365,0.5286398416,0.5907285616799998,0.7363300295999998,0.20769018799999983,0.0,0.07656896719075762,0.22805451038785712,0.22805451038785712,0.11627634768685635,0.41848679331382704,1.0,0.8837236523131436,0.22204568400607863,0.0,0.0,0.0,0.0,0.00022105891285259527
821,100,100,1.0,feasible,0.7084607934348456,0.7553244267960858,0.8035101376170792,0.09504934418223365,0.5286398416,0.5976997399519999,0.7363300295999998,0.20769018799999983,0.0,0.07449038848168142,0.21783520209523807,0.21783520209523807,0.11627634768685635,0.38880611693035405,1.0,0.8837236523131436,0.2222259132104456,0.0,0.0,0.0,0.0,0.00018022920436697176
822,100,100,1.0,feasible,0.7084607934348456,0.7544229046744458,0.8042116600387212,0.09575086660387566,0.5286398416,0.5947429398159999,0.7363300295999998,0.20769018799999983,0.0,0.07377686705998619,0.21783520209523807,0.21783520209523807,0.11627634768685635,0.40312916090964435,1.0,0.8837236523131436,0.2224594927524613,0.0,0.0,0.0,0.0,0.00023357954201569386
823,100,100,1.0,feasible,0.7084607934348456,0.7523406903188391,0.8042116600387212,0.09575086660387566,0.5286398416,0.5874774300799999,0.7363300295999998,0.20769018799999983,0.0,0.07706952542777665,0.21783520209523807,0.21783520209523807,0.11627634768685635,0.40464481344949216,1.0,0.8837236523131436,0.22279256772413336,0.0,0.0,0.0,0.0,0.0003330749716720649
824,100,100,1.0,feasible,0.7084607934348456,0.7525675380601051,0.8042116600387212,0.09575086660387566,0.5286398416,0.592018139216,0.7363300295999998,0.20769018799999983,0.0,0.0685875413730862,0.21783520209523807,0.21783520209523807,0.11627634768685635,0.4144905053258199,1.0,0.8837236523131436,0.2223737844468766,0.0,0.0,0.0,0.0,-0.00041878327725675124
825,100,100,1.0,feasible,0.7084607934348456,0.752197269941395,0.8042116600387212,0.09575086660387566,0.5286398416,0.5887627182239998,0.7363300295999998,0.20769018799999983,0.0,0.07416311085524095,0.21793425716309522,0.21793425716309522,0.11627634768685635,0.419403608754187,1.0,0.8837236523131436,0.22219659404811962,0.0,0.0,0.0,0.0,-0.00017719039875699338
826,100,100,1.0,feasible,0.7084607934348456,0.7541588810780877,0.8042116600387212,0.09575086660387566,0.5286398416,0.5942586485839998,0.7363300295999998,0.20769018799999983,0.0,0.07174589260332906,0.23139817270952387,0.23139817270952387,0.11627634768685635,0.4084012569806061,1.0,0.8837236523131436,0.22255130209566334,0.0,0.0,0.0,0.0,0.0003547080475437281
827,100,100,1.0,feasible,0.7084607934348456,0.7527980592991821,0.8035101376170792,0.09504934418223365,0.5286398416,0.5947823904719999,0.7363802007999999,0.2077403591999999,0.0,0.06994117083258856,0.21082763585,0.21082763585,0.11627634768685635,0.42156572085008676,1.0,0.8837236523131436,0.2225678583209134,0.0,0.0,0.0,0.0,1.6556225250041745e-05
828,100,100,1.0,feasible,0.7084607934348456,0.7524671503697696,0.8035101376170792,0.09504934418223365,0.5286398416,0.5939154699359999,0.7363802007999999,0.2077403591999999,0.0,0.06884863438262666,0.21082763585,0.21082763585,0.11627634768685635,0.4164204465202614,1.0,0.8837236523131436,0.22278351838525537,0.0,0.0,0.0,0.0,0.0002156600643419826
829,100,100,1.0,feasible,0.7084607934348456,0.7521108714832646,0.8035101376170792,0.09504934418223365,0.5286398416,0.5935568674399998,0.7363802007999999,0.2077403591999999,0.0,0.06763329371707189,0.21082763585,0.21082763585,0.11627634768685635,0.4114841988967885,1.0,0.8837236523131436,0.22222871610769962,0.0,0.0,0.0,0.0,-0.0005548022775557493
830,100,100,1.0,feasible,0.7084607934348456,0.753428231686812,0.8035101376170792,0.09504934418223365,0.5286398416,0.5944449926799998,0.7363802007999999,0.2077403591999999,0.0,0.06801618809368096,0.21082763585,0.21082763585,0.11627634768685635,0.39724987852696336,1.0,0.8837236523131436,0.22219557494843822,0.0,0.0,0.0,0.0,-3.314115926139616e-05
831,100,100,1.0,feasible,0.7084607934348456,0.7539346771798091,0.8035101376170792,0.09504934418223365,0.5286398416,0.5941037159679999,0.7363802007999999,0.2077403591999999,0.0,0.07108345407965476,0.21082763585,0.21082763585,0.11627634768685635,0.40293006286277455,1.0,0.8837236523131436,0.2220906462299384,0.0,0.0,0.0,0.0,-0.00010492871849981933
832,100,100,1.0,feasible,0.7084607934348456,0.7528391552343328,0.8035101376170792,0.09504934418223365,0.5286398416,0.5905998088559999,0.7363802007999999,0.2077403591999999,0.0,0.07469467138810999,0.19378955649285715,0.19378955649285715,0.11627634768685635,0.40207741041942596,1.0,0.8837236523131436,0.22199129191680755,0.0,0.0,0.0,0.0,-9.935431313085052e-05
833,100,100,1.0,feasible,0.7084607934348456,0.754017117860569,0.8035101376170792,0.09504934418223365,0.5286398416,0.59446661088,0.7363802007999999,0.2077403591999999,0.0,0.07283413770435761,0.19999906856190477,0.19999906856190477,0.11627634768685635,0.3876589896164058,1.0,0.8837236523131436,0.22190843519594022,0.0,0.0,0.0,0.0,-8.285672086733031e-05
834,100,100,1.0,feasible,0.7084607934348456,0.7548604436668238,0.8035101376170792,0.09504934418223365,0.5286398416,0.5962226578959999,0.7363802007999999,0.2077403591999999,0.0,0.07052593509009333,0.19728042959761907,0.19728042959761907,0.11627634768685635,0.39478767932778025,1.0,0.8837236523131436,0.22291899371063723,0.0,0.0,0.0,0.0,0.001010558514697002
835,100,100,1.0,feasible,0.7084607934348456,0.7531416205963407,0.8035101376170792,0.09504934418223365,0.5286398416,0.5920407717359999,0.7363802007999999,0.2077403591999999,0.0,0.07056617333171952,0.18975805075023808,0.18975805075023808,0.11627634768685635,0.41224918503789815,1.0,0.8837236523131436,0.22235999156379882,0.0,0.0,0.0,0.0,-0.0005590021468384054
836,100,100,1.0,feasible,0.7084607934348456,0.7551331112753564,0.8035101376170792,0.09504934418223365,0.5286398416,0.5969995629679999,0.7363802007999999,0.2077403591999999,0.0,0.06153566535526428,0.18975805075023808,0.18975805075023808,0.11627634768685635,0.3987661506704418,1.0,0.8837236523131436,0.22321568924329754,0.0,0.0,0.0,0.0,0.0008556976794987237
837,100,100,1.0,feasible,0.7084607934348456,0.7538294796984286,0.8035101376170792,0.09504934418223365,0.5286398416,0.5928791124239998,0.7363802007999999,0.2077403591999999,0.0,0.06736623003573809,0.18975805075023808,0.18975805075023808,0.11627634768685635,0.3945104715561078,1.0,0.8837236523131436,0.22355522449904372,0.0,0.0,0.0,0.0,0.00033953525574617616
838,100,100,1.0,feasible,0.7084607934348456,0.7515477644960146,0.8035101376170792,0.09504934418223365,0.5286398416,0.5909497372239999,0.7363802007999999,0.2077403591999999,0.0,0.06804378153599287,0.18975805075023808,0.18975805075023808,0.11627634768685635,0.42858379460180773,1.0,0.8837236523131436,0.2235222008037513,0.0,0.0,0.0,0.0,-3.302369529242788e-05
839,100,100,1.0,feasible,0.7084607934348456,0.754371426698411,0.8035101376170792,0.09504934418223365,0.5286398416,0.5967109829599999,0.7363802007999999,0.2077403591999999,0.0,0.06755465329721666,0.19610606914214285,0.19610606914214285,0.11627634768685635,0.4116813911365882,1.0,0.8837236523131436,0.22327959777820425,0.0,0.0,0.0,0.0,-0.0002426030255470446
840,100,100,1.0,feasible,0.7084607934348456,0.7546003771963791,0.8035101376170792,0.09504934418223365,0.5286398416,0.5944865808719999,0.7371079855999999,0.2084681439999999,0.0,0.07276761750367382,0.21783296933095236,0.21783296933095236,0.11627634768685635,0.4005188592917646,1.0,0.8837236523131436,0.22309643875468188,0.0,0.0,0.0,0.0,-0.0001831590235223668
841,100,100,1.0,feasible,0.7084607934348456,0.7541899051244485,0.8035101376170792,0.09504934418223365,0.5286398416,0.594683277248,0.7363802007999999,0.2077403591999999,0.0,0.07089030999776905,0.21783296933095236,0.21783296933095236,0.11627634768685635,0.40610991694516124,1.0,0.8837236523131436,0.2232539370982483,0.0,0.0,0.0,0.0,0.00015749834356643122
842,100,100,1.0,feasible,0.7084607934348456,0.752287056711667,0.8035101376170792,0.09504934418223365,0.5286398416,0.5921851676159998,0.7363802007999999,0.2077403591999999,0.0,0.0707632024340143,0.21752364835714286,0.21752364835714286,0.11627634768685635,0.4195488219482846,1.0,0.8837236523131436,0.2232284572164978,0.0,0.0,0.0,0.0,-2.5479881750500866e-05
843,100,100,1.0,feasible,0.7084607934348456,0.7535660136954283,0.8035101376170792,0.09504934418223365,0.5286398416,0.5929478029119998,0.7363802007999999,0.2077403591999999,0.0,0.07735101756104762,0.21752364835714286,0.21752364835714286,0.11627634768685635,0.40489567485710787,1.0,0.8837236523131436,0.22329767215000176,0.0,0.0,0.0,0.0,6.921493350395269e-05
844,100,100,1.0,feasible,0.7084607934348456,0.7513122757931732,0.8035101376170792,0.09504934418223365,0.5286398416,0.587799354344,0.7363802007999999,0.2077403591999999,0.0,0.0769758231062412,0.24163650402857142,0.24163650402857142,0.11627634768685635,0.4264643595452648,1.0,0.8837236523131436,0.2229853539129503,0.0,0.0,0.0,0.0,-0.00031231823705146766
845,100,100,1.0,feasible,0.7084607934348456,0.7522492032372283,0.8035101376170792,0.09504934418223365,0.5286398416,0.5926496049839999,0.7363802007999999,0.2077403591999999,0.0,0.07352888499221738,0.22671739957619047,0.22671739957619047,0.11627634768685635,0.42425409450054263,1.0,0.8837236523131436,0.2230590368298197,0.0,0.0,0.0,0.0,7.368291686940531e-05
846,100,100,1.0,feasible,0.7084607934348456,0.7551297910409364,0.8035101376170792,0.09504934418223365,0.5286398416,0.5983793119999998,0.7363802007999999,0.2077403591999999,0.0,0.07216987503072451,0.22671739957619047,0.22671739957619047,0.11627634768685635,0.4059961593447148,1.0,0.8837236523131436,0.22291021714114798,0.0,0.0,0.0,0.0,-0.00014881968867172524
847,100,100,1.0,feasible,0.7084607934348456,0.7538106571860884,0.8035101376170792,0.09504934418223365,0.5286398416,0.5952924077279999,0.7363802007999999,0.2077403591999999,0.0,0.07756945992319643,0.22671739957619047,0.22671739957619047,0.11627634768685635,0.40837449199448655,1.0,0.8837236523131436,0.22319117395359261,0.0,0.0,0.0,0.0,0.0002809568124446382
848,100,100,1.0,feasible,0.7084607934348456,0.7523930548122374,0.8035101376170792,0.09504934418223365,0.5286398416,0.5947967865839998,0.7363802007999999,0.2077403591999999,0.0,0.07060554910965787,0.22671739957619047,0.22671739957619047,0.11627634768685635,0.43351244433378183,1.0,0.8837236523131436,0.2234293767533394,0.0,0.0,0.0,0.0,0.00023820279974678948
849,100,100,1.0,feasible,0.7084607934348456,0.7535219698088362,0.8035101376170792,0.09504934418223365,0.5286398416,0.593601335448,0.7363802007999999,0.2077403591999999,0.0,0.07282947581974168,0.22671739957619047,0.22671739957619047,0.11627634768685635,0.41176470015268224,1.0,0.8837236523131436,0.22352276223630216,0.0,0.0,0.0,0.0,9.338548296275451e-05
850,100,100,1.0,feasible,0.7084607934348456,0.7542220871757975,0.8035101376170792,0.09504934418223365,0.5286398416,0.5924599248079999,0.7363802007999999,0.2077403591999999,0.0,0.07857902060644167,0.22671739957619047,0.22671739957619047,0.11627634768685635,0.39637662646279603,1.0,0.8837236523131436,0.22342590576570906,0.0,0.0,0.0,0.0,-9.685647059309854e-05
851,100,100,1.0,feasible,0.7084607934348456,0.7551618873441125,0.8035101376170792,0.09504934418223365,0.5286398416,0.593022050064,0.7363802007999999,0.2077403591999999,0.0,0.0772073265719457,0.22671739957619047,0.22671739957619047,0.11627634768685635,0.388246217265207,1.0,0.8837236523131436,0.22353724743459255,0.0,0.0,0.0,0.0,0.00011134166888349117
852,100,100,1.0,feasible,0.7084607934348456,0.7529785502031988,0.8035101376170792,0.09504934418223365,0.5286398416,0.5905354421519998,0.7363802007999999,0.2077403591999999,0.0,0.07609583496485571,0.22671739957619047,0.22671739957619047,0.11627634768685635,0.4074066109431378,1.0,0.8837236523131436,0.22393996229757443,0.0,0.0,0.0,0.0,0.00040271486298187886
853,100,100,1.0,feasible,0.7084607934348456,0.7557486417080912,0.8035101376170792,0.09504934418223365,0.5286398416,0.5977211307679999,0.7363802007999999,0.2077403591999999,0.0,0.07317481822672643,0.22671739957619047,0.22671739957619047,0.11627634768685635,0.38781026183720785,1.0,0.8837236523131436,0.22370407998845848,0.0,0.0,0.0,0.0,-0.00023588230911594787
854,100,100,1.0,feasible,0.7084607934348456,0.7530426911700069,0.8035101376170792,0.09504934418223365,0.5286398416,0.5932538319999998,0.7363802007999999,0.2077403591999999,0.0,0.07418156299660714,0.22671739957619047,0.22671739957619047,0.11627634768685635,0.41293308733349277,1.0,0.8837236523131436,0.22367151593233858,0.0,0.0,0.0,0.0,-3.256405611989921e-05
855,100,100,1.0,feasible,0.7084607934348456,0.7527696961880593,0.8035101376170792,0.09504934418223365,0.5286398416,0.594884618464,0.7363802007999999,0.2077403591999999,0.0,0.07142071004179762,0.24198389393499994,0.24198389393499994,0.11627634768685635,0.41647632179714195,1.0,0.8837236523131436,0.22339660559880536,0.0,0.0,0.0,0.0,-0.00027491033353321814
856,100,100,1.0,feasible,0.7084607934348456,0.7504711298431966,0.8035101376170792,0.09504934418223365,0.5286398416,0.5888045091039998,0.7369636743999999,0.2083238327999999,0.0,0.0763297663079669,0.24401373350238098,0.24401373350238098,0.11627634768685635,0.43270712277561046,1.0,0.8837236523131436,0.2237774244251852,0.0,0.0,0.0,0.0,0.00038081882637983067
857,100,100,1.0,feasible,0.7084607934348456,0.7499615313562867,0.8035101376170792,0.09504934418223365,0.5286398416,0.587355256936,0.7369636743999999,0.2083238327999999,0.0,0.08079085541487714,0.2497040341738095,0.2497040341738095,0.11627634768685635,0.4397727531898308,1.0,0.8837236523131436,0.22358288984546576,0.0,0.0,0.0,0.0,-0.00019453457971943533
858,100,100,1.0,feasible,0.7084607934348456,0.749836618314932,0.8035101376170792,0.09504934418223365,0.5286398416,0.5889884693119999,0.7369636743999999,0.2083238327999999,0.0,0.07818681356620262,0.2497040341738095,0.2497040341738095,0.11627634768685635,0.4426714423353851,1.0,0.8837236523131436,0.22348424704124348,0.0,0.0,0.0,0.0,-9.8642804222282e-05
859,100,100,1.0,feasible,0.7084607934348456,0.7523650122573388,0.8035101376170792,0.09504934418223365,0.5286398416,0.593201425344,0.7375731183999998,0.20893327679999985,0.0,0.07739225869984524,0.2497040341738095,0.2497040341738095,0.11627634768685635,0.42484952349546257,1.0,0.8837236523131436,0.22322623295238614,0.0,0.0,0.0,0.0,-0.000258014088857339
860,100,100,1.0,feasible,0.7084607934348456,0.7531716607119808,0.8035101376170792,0.09504934418223365,0.5286398416,0.5911017566319999,0.7375731183999998,0.20893327679999985,0.0,0.08269472541557621,0.2497040341738095,0.2497040341738095,0.11627634768685635,0.40695621129068876,1.0,0.8837236523131436,0.22356189944954521,0.0,0.0,0.0,0.0,0.00033566649715907615
861,100,100,1.0,feasible,0.7084607934348456,0.7542127766617829,0.8035101376170792,0.09504934418223365,0.5286398416,0.5955904274239999,0.7375731183999998,0.20893327679999985,0.0,0.07895502848350239,0.2497040341738095,0.2497040341738095,0.11627634768685635,0.402913508016935,1.0,0.8837236523131436,0.2230917226677172,0.0,0.0,0.0,0.0,-0.0004701767818280078
862,100,100,1.0,feasible,0.7084607934348456,0.7542429247998536,0.8035101376170792,0.09504934418223365,0.5286398416,0.5922320811039999,0.7375731183999998,0.20893327679999985,0.0,0.08260277984912857,0.2497040341738095,0.2497040341738095,0.11627634768685635,0.3960997139294126,1.0,0.8837236523131436,0.2231331761471449,0.0,0.0,0.0,0.0,4.1453479427688844e-05
863,100,100,1.0,feasible,0.7084607934348456,0.7530229411316346,0.8035101376170792,0.09504934418223365,0.5286398416,0.588167150512,0.7375731183999998,0.20893327679999985,0.0,0.07887303135538809,0.2497040341738095,0.2497040341738095,0.11627634768685635,0.4103126937725035,1.0,0.8837236523131436,0.22363179511698342,0.0,0.0,0.0,0.0,0.0004986189698385213
864,100,100,1.0,feasible,0.7084607934348456,0.7556089039226973,0.8035101376170792,0.09504934418223365,0.5286398416,0.5941257333119999,0.7375731183999998,0.20893327679999985,0.0,0.07820115629065,0.2373937827666667,0.2373937827666667,0.11627634768685635,0.39049585372096346,1.0,0.8837236523131436,0.2236461235565116,0.0,0.0,0.0,0.0,1.4328439528171755e-05
865,100,100,1.0,feasible,0.7084607934348456,0.7538109269853314,0.8035101376170792,0.09504934418223365,0.5286398416,0.591028872064,0.7375731183999998,0.20893327679999985,0.0,0.07504351823494286,0.2373937827666667,0.2373937827666667,0.11627634768685635,0.40538575886205797,1.0,0.8837236523131436,0.22395031246913832,0.0,0.0,0.0,0.0,0.000304188912626735
866,100,100,1.0,feasible,0.7084607934348456,0.7539106916950098,0.8035101376170792,0.09504934418223365,0.5286398416,0.5916223332879998,0.7375731183999998,0.20893327679999985,0.0,0.07389797097097142,0.2373937827666667,0.2373937827666667,0.11627634768685635,0.41190817441283223,1.0,0.8837236523131436,0.22370615032669783,0.0,0.0,0.0,0.0,-0.00024416214244049605
867,100,100,1.0,feasible,0.7084607934348456,0.7521477879624301,0.8035101376170792,0.09504934418223365,0.5286398416,0.5900763172319999,0.7375731183999998,0.20893327679999985,0.0,0.07456199266992856,0.2373937827666667,0.2373937827666667,0.11627634768685635,0.42610621974865126,1.0,0.8837236523131436,0.22360804358262115,0.0,0.0,0.0,0.0,-9.810674407667586e-05
868,100,100,1.0,feasible,0.7084607934348456,0.7516208955060785,0.8035101376170792,0.09504934418223365,0.5286398416,0.5896609910719999,0.7375731183999998,0.20893327679999985,0.0,0.07504887784080952,0.2373937827666667,0.2373937827666667,0.11627634768685635,0.43616014866930763,1.0,0.8837236523131436,0.22323708675608644,0.0,0.0,0.0,0.0,-0.0003709568265347074
869,100,100,1.0,feasible,0.7084607934348456,0.7541497853252053,0.8035101376170792,0.09504934418223365,0.5286398416,0.5935994945759999,0.7375731183999998,0.20893327679999985,0.0,0.07785437474908571,0.2373937827666667,0.2373937827666667,0.11627634768685635,0.4090473722029383,1.0,0.8837236523131436,0.22322417739745876,0.0,0.0,0.0,0.0,-1.2909358627688494e-05
870,100,100,1.0,feasible,0.7084607934348456,0.7530523319859418,0.8035101376170792,0.09504934418223365,0.5286398416,0.5873431495999999,0.7375731183999998,0.20893327679999985,0.0,0.08579251022112379,0.2373937827666667,0.2373937827666667,0.11627634768685635,0.41370059940074483,1.0,0.8837236523131436,0.22359044267435385,0.0,0.0,0.0,0.0,0.0003662652768950947
871,100,100,1.0,feasible,0.7084607934348456,0.7519692718416968,0.8035101376170792,0.09504934418223365,0.5286398416,0.585139308296,0.7375731183999998,0.20893327679999985,0.0,0.08129108159220716,0.2192638879261905,0.2192638879261905,0.11627634768685635,0.41524794045357266,1.0,0.8837236523131436,0.2236293742216195,0.0,0.0,0.0,0.0,3.893154726564152e-05
872,100,100,1.0,feasible,0.7084607934348456,0.7527194982819667,0.8035101376170792,0.09504934418223365,0.5286398416,0.591691548976,0.7375731183999998,0.20893327679999985,0.0,0.07518858673763094,0.2192638879261905,0.2192638879261905,0.11627634768685635,0.4302658201432768,1.0,0.8837236523131436,0.22331108156549073,0.0,0.0,0.0,0.0,-0.00031829265612876023
873,100,100,1.0,feasible,0.7084607934348456,0.7556124423028622,0.8035101376170792,0.09504934418223365,0.5286398416,0.5948741741439999,0.7375731183999998,0.20893327679999985,0.0,0.07530222011955952,0.21784212425238092,0.21784212425238092,0.11627634768685635,0.3999510555657833,1.0,0.8837236523131436,0.22361201937746156,0.0,0.0,0.0,0.0,0.00030093781197082503
874,100,100,1.0,feasible,0.7084607934348456,0.7556316876694049,0.8035101376170792,0.09504934418223365,0.5286398416,0.5995149534559999,0.7375731183999998,0.20893327679999985,0.0,0.06718188348812382,0.20860797974285714,0.20860797974285714,0.11627634768685635,0.4166644995085908,1.0,0.8837236523131436,0.22327158525489152,0.0,0.0,0.0,0.0,-0.000340434122570038
875,100,100,1.0,feasible,0.7084607934348456,0.7549447205562241,0.8035101376170792,0.09504934418223365,0.5286398416,0.598528265976,0.7375731183999998,0.20893327679999985,0.0,0.06853679168665,0.20860797974285714,0.20860797974285714,0.11627634768685635,0.41845411627964374,1.0,0.8837236523131436,0.22326739113133676,0.0,0.0,0.0,0.0,-4.194123554762674e-06
876,100,100,1.0,feasible,0.7084607934348456,0.7552558537325796,0.8035101376170792,0.09504934418223365,0.5286398416,0.5948579747199999,0.7363610799999998,0.20772123839999979,0.0,0.07522018182974524,0.20860797974285714,0.20860797974285714,0.11627634768685635,0.4057853013482895,1.0,0.8837236523131436,0.2237020898284015,0.0,0.0,0.0,0.0,0.0004346986970647504
877,100,100,1.0,feasible,0.7084607934348456,0.7537871034107756,0.8035101376170792,0.09504934418223365,0.5286398416,0.5921746093119998,0.7363610799999998,0.20772123839999979,0.0,0.07573621973192382,0.20299807370714293,0.20299807370714293,0.11627634768685635,0.4174574348686496,1.0,0.8837236523131436,0.22378661557502727,0.0,0.0,0.0,0.0,8.452574662576318e-05
878,100,100,1.0,feasible,0.7084607934348456,0.7545899228838538,0.8035101376170792,0.09504934418223365,0.5286398416,0.5934191399119999,0.7363610799999998,0.20772123839999979,0.0,0.07529997235003381,0.20874582077028575,0.20874582077028575,0.11627634768685635,0.41081239050770707,1.0,0.8837236523131436,0.2237247843365429,0.0,0.0,0.0,0.0,-6.183123848438332e-05
879,100,100,1.0,feasible,0.7084607934348456,0.7514886097352311,0.8035101376170792,0.09504934418223365,0.5286398416,0.587326540504,0.7363610799999998,0.20772123839999979,0.0,0.0756215817794243,0.20874582077028575,0.20874582077028575,0.11627634768685635,0.43480485160376614,1.0,0.8837236523131436,0.22377217740884914,0.0,0.0,0.0,0.0,4.7393072306251005e-05
880,100,100,1.0,feasible,0.7084607934348456,0.7554727006854692,0.8035101376170792,0.09504934418223365,0.5286398416,0.5937237247279998,0.7363610799999998,0.20772123839999979,0.0,0.07410549062387667,0.21188524657142857,0.21188524657142857,0.11627634768685635,0.40738792811069563,1.0,0.8837236523131436,0.22357513465581913,0.0,0.0,0.0,0.0,-0.00019704275303000784
881,100,100,1.0,feasible,0.7084607934348456,0.7538004422505362,0.8035101376170792,0.09504934418223365,0.5286398416,0.5913265863359999,0.7363610799999998,0.20772123839999979,0.0,0.07556543547105761,0.21594360669047616,0.21594360669047616,0.11627634768685635,0.4137361454519825,1.0,0.8837236523131436,0.22346522409489622,0.0,0.0,0.0,0.0,-0.00010991056092291007
882,100,100,1.0,feasible,0.7084607934348456,0.7544227958313712,0.8035101376170792,0.09504934418223365,0.5286398416,0.5951090328719999,0.7363610799999998,0.20772123839999979,0.0,0.06861085262641858,0.21594360669047616,0.21594360669047616,0.11627634768685635,0.4211277226284278,1.0,0.8837236523131436,0.22321239806614263,0.0,0.0,0.0,0.0,-0.0002528260287535944
883,100,100,1.0,feasible,0.7084607934348456,0.7551275925069332,0.8035101376170792,0.09504934418223365,0.5286398416,0.5980772773359998,0.7363610799999998,0.20772123839999979,0.0,0.06746603206956857,0.21594360669047616,0.21594360669047616,0.11627634768685635,0.42173692461549933,1.0,0.8837236523131436,0.2232526690975396,0.0,0.0,0.0,0.0,4.027103139697674e-05
884,100,100,1.0,feasible,0.7084607934348456,0.7567742242905483,0.8035101376170792,0.09504934418223365,0.5286398416,0.5954969394959999,0.7363610799999998,0.20772123839999979,0.0,0.07443435295616618,0.21594360669047616,0.21594360669047616,0.11627634768685635,0.3953748054342713,1.0,0.8837236523131436,0.22348291740605494,0.0,0.0,0.0,0.0,0.00023024830851534062
885,100,100,1.0,feasible,0.7084607934348456,0.7517049284417351,0.8035101376170792,0.09504934418223365,0.5286398416,0.5875161463119999,0.7363610799999998,0.20772123839999979,0.0,0.0741138710977162,0.21768997435714285,0.21768997435714285,0.11627634768685635,0.4386815945663522,1.0,0.8837236523131436,0.2234766935034238,0.0,0.0,0.0,0.0,-6.223902631136147e-06
886,100,100,1.0,feasible,0.7084607934348456,0.7525598571189366,0.8035101376170792,0.09504934418223365,0.5286398416,0.593345549368,0.7363610799999998,0.20772123839999979,0.0,0.07002708556940714,0.21768997435714285,0.21768997435714285,0.11627634768685635,0.43551434827667557,1.0,0.8837236523131436,0.22340460704043152,0.0,0.0,0.0,0.0,-7.208646299228239e-05
887,100,100,1.0,feasible,0.7084607934348456,0.7517427913208797,0.8035101376170792,0.09504934418223365,0.5286398416,0.585625785808,0.7363610799999998,0.20772123839999979,0.0,0.07673892620005,0.21768997435714285,0.21768997435714285,0.11627634768685635,0.42774471058797414,1.0,0.8837236523131436,0.22352205305939,0.0,0.0,0.0,0.0,0.00011744601895846696
888,100,100,1.0,feasible,0.7084607934348456,0.7551408088631331,0.8035101376170792,0.09504934418223365,0.5286398416,0.5955762261519999,0.7374234023999998,0.20878356079999982,0.0,0.07411341500942858,0.21594360669047616,0.21594360669047616,0.11627634768685635,0.40420378477789304,1.0,0.8837236523131436,0.22357146614801524,0.0,0.0,0.0,0.0,4.9413088625244184e-05
889,100,100,1.0,feasible,0.7084607934348456,0.7519803557148588,0.8035101376170792,0.09504934418223365,0.5286398416,0.5858169754959999,0.7374234023999998,0.20878356079999982,0.0,0.07879572330533333,0.21594360669047616,0.21594360669047616,0.11627634768685635,0.42336342309057295,1.0,0.8837236523131436,0.22364631120846287,0.0,0.0,0.0,0.0,7.484506044763695e-05
890,100,100,1.0,feasible,0.7084607934348456,0.7548018117593708,0.8035101376170792,0.09504934418223365,0.5286398416,0.5915055974719998,0.7374234023999998,0.20878356079999982,0.0,0.07745848899592857,0.2202332161047619,0.2202332161047619,0.11627634768685635,0.39479816119717204,1.0,0.8837236523131436,0.22358247155191072,0.0,0.0,0.0,0.0,-6.383965655215595e-05
891,100,100,1.0,feasible,0.7084607934348456,0.7533092938988019,0.8035101376170792,0.09504934418223365,0.5286398416,0.5929175929199999,0.7374234023999998,0.20878356079999982,0.0,0.06766246657995238,0.2202332161047619,0.2202332161047619,0.11627634768685635,0.4232033486754305,1.0,0.8837236523131436,0.22365626996421972,0.0,0.0,0.0,0.0,7.37984123090063e-05
892,100,100,1.0,feasible,0.7084607934348456,0.7532354721608848,0.8035101376170792,0.09504934418223365,0.5286398416,0.592897304912,0.7374234023999998,0.20878356079999982,0.0,0.07199891015929047,0.2202332161047619,0.2202332161047619,0.11627634768685635,0.42212628736953145,1.0,0.8837236523131436,0.22350305490123362,0.0,0.0,0.0,0.0,-0.00015321506298610066
893,100,100,1.0,feasible,0.7084607934348456,0.7507520921362915,0.8035101376170792,0.09504934418223365,0.5286398416,0.5856034826639999,0.7374234023999998,0.20878356079999982,0.0,0.0740265376093,0.2202332161047619,0.2202332161047619,0.11627634768685635,0.4259356941497014,1.0,0.8837236523131436,0.22407498239349327,0.0,0.0,0.0,0.0,0.0005719274922596496
894,100,100,1.0,feasible,0.7084607934348456,0.7550224997366264,0.8035101376170792,0.09504934418223365,0.5286398416,0.5952017872879998,0.7375272983999999,0.20888745679999987,0.0,0.06870931394255692,0.2202332161047619,0.2202332161047619,0.11627634768685635,0.4101163096242106,1.0,0.8837236523131436,0.2239362690875919,0.0,0.0,0.0,0.0,-0.00013871330590137232
895,100,100,1.0,feasible,0.7084607934348456,0.7518408659454414,0.8035101376170792,0.09504934418223365,0.5286398416,0.5878019679039997,0.7375272983999999,0.20888745679999987,0.0,0.0738232334691593,0.2202332161047619,0.2202332161047619,0.11627634768685635,0.4279362149634867,1.0,0.8837236523131436,0.22397265561730428,0.0,0.0,0.0,0.0,3.638652971238443e-05
896,100,100,1.0,feasible,0.7084607934348456,0.755721015131774,0.8035101376170792,0.09504934418223365,0.5286398416,0.5983576820479999,0.7375272983999999,0.20888745679999987,0.0,0.07272153825619738,0.2202332161047619,0.2202332161047619,0.11627634768685635,0.39894022333355733,1.0,0.8837236523131436,0.22384945034703335,0.0,0.0,0.0,0.0,-0.00012320527027093187
897,100,100,1.0,feasible,0.7084607934348456,0.7541439711946001,0.8035101376170792,0.09504934418223365,0.5286398416,0.5948773117839999,0.7375272983999999,0.20888745679999987,0.0,0.07194820095017118,0.2174628165238095,0.2174628165238095,0.11627634768685635,0.4095985294846591,1.0,0.8837236523131436,0.22382692651230915,0.0,0.0,0.0,0.0,-2.252383472420294e-05
898,100,100,1.0,feasible,0.7084607934348456,0.7538879108454118,0.8035101376170792,0.09504934418223365,0.5286398416,0.5898850238159998,0.7375272983999999,0.20888745679999987,0.0,0.07856873625524025,0.2174628165238095,0.2174628165238095,0.11627634768685635,0.39924593782354917,1.0,0.8837236523131436,0.22373106983995952,0.0,0.0,0.0,0.0,-9.58566723496257e-05
899,100,100,1.0,feasible,0.7084607934348456,0.751757769950988,0.8035101376170792,0.09504934418223365,0.5286398416,0.5873740645839999,0.7375272983999999,0.20888745679999987,0.0,0.07811156159809501,0.21455207936380954,0.21455207936380954,0.11627634768685635,0.43085742868581195,1.0,0.8837236523131436,0.22347378406125867,0.0,0.0,0.0,0.0,-0.0002572857787008498
900,100,100,1.0,feasible,0.7084607934348456,0.7533627800804074,0.8035101376170792,0.09504934418223365,0.5286398416,0.5918859374719999,0.7375272983999999,0.20888745679999987,0.0,0.0756707315371188,0.21455207936380954,0.21455207936380954,0.11627634768685635,0.42309518811280633,1.0,0.8837236523131436,0.22371657499679054,0.0,0.0,0.0,0.0,0.00024279093553186692
901,100,100,1.0,feasible,0.7084607934348456,0.754895014822179,0.8035101376170792,0.09504934418223365,0.5286398416,0.5923764030879999,0.7375272983999999,0.20888745679999987,0.0,0.0827767838976569,0.22343034321000002,0.22343034321000002,0.11627634768685635,0.411676577407115,1.0,0.8837236523131436,0.22361138476109832,0.0,0.0,0.0,0.0,-0.00010519023569222075
902,100,100,1.0,feasible,0.7084607934348456,0.7530701493904036,0.8035101376170792,0.09504934418223365,0.5286398416,0.5933197958639999,0.7375272983999999,0.20888745679999987,0.0,0.07474910881408095,0.22343034321000002,0.22343034321000002,0.11627634768685635,0.4284191592626873,1.0,0.8837236523131436,0.22345407652352778,0.0,0.0,0.0,0.0,-0.00015730823757054146
903,100,100,1.0,feasible,0.7084607934348456,0.7536381674088222,0.8035101376170792,0.09504934418223365,0.5286398416,0.5923767454719999,0.7375272983999999,0.20888745679999987,0.0,0.07516224812169761,0.22343034321000002,0.22343034321000002,0.11627634768685635,0.42202367022714476,1.0,0.8837236523131436,0.22323697245784996,0.0,0.0,0.0,0.0,-0.00021710406567782004
904,100,100,1.0,feasible,0.7084607934348456,0.7545826339638603,0.8035101376170792,0.09504934418223365,0.5286398416,0.5968757531519998,0.7375272983999999,0.20888745679999987,0.0,0.0730573060655619,0.22343034321000002,0.22343034321000002,0.11627634768685635,0.41060783010662794,1.0,0.8837236523131436,0.22334574016160263,0.0,0.0,0.0,0.0,0.00010876770375267686
905,100,100,1.0,feasible,0.7084607934348456,0.7520395692402282,0.8035101376170792,0.09504934418223365,0.5286398416,0.5919673966399999,0.7375272983999999,0.20888745679999987,0.0,0.07421079614828095,0.21825346965952377,0.21825346965952377,0.11627634768685635,0.4346277592090604,1.0,0.8837236523131436,0.22333920683704847,0.0,0.0,0.0,0.0,-6.5333245541643326e-06
906,100,100,1.0,feasible,0.7084607934348456,0.7536732298963946,0.8035101376170792,0.09504934418223365,0.5286398416,0.5927991806479999,0.7373340847999998,0.20869424319999985,0.0,0.0783913630511381,0.21825346965952377,0.21825346965952377,0.11627634768685635,0.4135832656421172,1.0,0.8837236523131436,0.22300683563455861,0.0,0.0,0.0,0.0,-0.0003323712024898562
907,100,100,1.0,feasible,0.7084607934348456,0.7530372941708964,0.8035101376170792,0.09504934418223365,0.5286398416,0.5937113601359999,0.7373340847999998,0.20869424319999985,0.0,0.07041840236790475,0.21825346965952377,0.21825346965952377,0.11627634768685635,0.42659225270844997,1.0,0.8837236523131436,0.22316702931042792,0.0,0.0,0.0,0.0,0.00016019367586930788
908,100,100,1.0,feasible,0.7084607934348456,0.7530216076639981,0.8035101376170792,0.09504934418223365,0.5286398416,0.59645989492,0.7373340847999998,0.20869424319999985,0.0,0.06747915751201429,0.23059020857142856,0.23059020857142856,0.11627634768685635,0.42547838978936364,1.0,0.8837236523131436,0.22249579835132338,0.0,0.0,0.0,0.0,-0.0006712309591045407
909,100,100,1.0,feasible,0.7084607934348456,0.7528162594831946,0.8035101376170792,0.09504934418223365,0.5286398416,0.5925717686319999,0.7373340847999998,0.20869424319999985,0.0,0.07469150870913334,0.23059020857142856,0.23059020857142856,0.11627634768685635,0.42459690121736815,1.0,0.8837236523131436,0.22309422293234799,0.0,0.0,0.0,0.0,0.0005984245810246036
910,100,100,1.0,feasible,0.7084607934348456,0.7549231474133569,0.803510577764987,0.09504978433014144,0.5286398416,0.5944455542239999,0.7373340847999998,0.20869424319999985,0.0,0.07989904217531262,0.23059020857142856,0.23059020857142856,0.11627634768685635,0.39531849380125295,1.0,0.8837236523131436,0.2229799369883378,0.0,0.0,0.0,0.0,-0.0001142859440101951
911,100,100,1.0,feasible,0.7084607934348456,0.7514866513020424,0.803510577764987,0.09504978433014144,0.5286398416,0.592101954488,0.7373340847999998,0.20869424319999985,0.0,0.0730033284110531,0.21825346965952377,0.21825346965952377,0.11627634768685635,0.4397011821703727,1.0,0.8837236523131436,0.22357058002991614,0.0,0.0,0.0,0.0,0.0005906430415783537
912,100,100,1.0,feasible,0.7084607934348456,0.7525494323958282,0.803510577764987,0.09504978433014144,0.5286398416,0.5908605992959999,0.7373340847999998,0.20869424319999985,0.0,0.07803339126157453,0.21825346965952377,0.21825346965952377,0.11627634768685635,0.4194554187421477,1.0,0.8837236523131436,0.22353904547163878,0.0,0.0,0.0,0.0,-3.153455827736851e-05
913,100,100,1.0,feasible,0.7084607934348456,0.7545093100029651,0.803510577764987,0.09504978433014144,0.5286398416,0.5932861752559998,0.7373340847999998,0.20869424319999985,0.0,0.07896746123247073,0.21825346965952377,0.21825346965952377,0.11627634768685635,0.4010444751922727,1.0,0.8837236523131436,0.22345099333779112,0.0,0.0,0.0,0.0,-8.805213384766031e-05
914,100,100,1.0,feasible,0.7084607934348456,0.7552673464418399,0.803510577764987,0.09504978433014144,0.5286398416,0.591905355432,0.7373474007999998,0.20870755919999984,0.0,0.08225889661880403,0.23615900940476195,0.23615900940476195,0.11627634768685635,0.38471441844019344,1.0,0.8837236523131436,0.22356944259124842,0.0,0.0,0.0,0.0,0.0001184492534573034
915,100,100,1.0,feasible,0.7084607934348456,0.7548883759763138,0.803510577764987,0.09504978433014144,0.5286398416,0.596357640032,0.7373474007999998,0.20870755919999984,0.0,0.07636884291994214,0.23615900940476195,0.23615900940476195,0.11627634768685635,0.4037307803770443,1.0,0.8837236523131436,0.22346774254576318,0.0,0.0,0.0,0.0,-0.00010170004548523681
916,100,100,1.0,feasible,0.7084607934348456,0.7542701895330788,0.803510577764987,0.09504978433014144,0.5286398416,0.594897886032,0.7373474007999998,0.20870755919999984,0.0,0.07734153500991667,0.21060838141190474,0.21060838141190474,0.11627634768685635,0.4069528778671592,1.0,0.8837236523131436,0.22337965944458996,0.0,0.0,0.0,0.0,-8.808310117322526e-05
917,100,100,1.0,feasible,0.7084607934348456,0.7548722624936771,0.803510577764987,0.09504978433014144,0.5286398416,0.5987768298159999,0.7373474007999998,0.20870755919999984,0.0,0.0731594877098857,0.21309617658095237,0.21309617658095237,0.11627634768685635,0.40767165929758414,1.0,0.8837236523131436,0.22299445793682274,0.0,0.0,0.0,0.0,-0.00038520150776721884
918,100,100,1.0,feasible,0.7084607934348456,0.7552696784574328,0.803510577764987,0.09504978433014144,0.5286398416,0.5994010467199999,0.7373474007999998,0.20870755919999984,0.0,0.07217141015927143,0.2141975455642858,0.2141975455642858,0.11627634768685635,0.407126622663003,1.0,0.8837236523131436,0.22308875602932698,0.0,0.0,0.0,0.0,9.429809250424692e-05
919,100,100,1.0,feasible,0.7084607934348456,0.7539949358606735,0.803510577764987,0.09504978433014144,0.5286398416,0.5945528308879999,0.7373474007999998,0.20870755919999984,0.0,0.07622547234079048,0.2141975455642858,0.2141975455642858,0.11627634768685635,0.4067464368488721,1.0,0.8837236523131436,0.22322250757343276,0.0,0.0,0.0,0.0,0.00013375154410577572
920,100,100,1.0,feasible,0.7084607934348456,0.754545510099768,0.803510577764987,0.09504978433014144,0.5286398416,0.593648230352,0.7373474007999998,0.20870755919999984,0.0,0.07832464931114763,0.2165659454452381,0.2165659454452381,0.11627634768685635,0.40100844382319634,1.0,0.8837236523131436,0.22339842392391185,0.0,0.0,0.0,0.0,0.00017591635047908838
921,100,100,1.0,feasible,0.7084607934348456,0.7533175850452619,0.803510577764987,0.09504978433014144,0.5286398416,0.593475125256,0.7373474007999998,0.20870755919999984,0.0,0.07408629845262144,0.2165659454452381,0.2165659454452381,0.11627634768685635,0.414698397683336,1.0,0.8837236523131436,0.22360271894774664,0.0,0.0,0.0,0.0,0.00020429502383478848
922,100,100,1.0,feasible,0.7084607934348456,0.7524791119765232,0.803510577764987,0.09504978433014144,0.5286398416,0.5948441983279998,0.7373474007999998,0.20870755919999984,0.0,0.07402674088341428,0.23401695438809528,0.23401695438809528,0.11627634768685635,0.42627669127407997,1.0,0.8837236523131436,0.22339270383688034,0.0,0.0,0.0,0.0,-0.0002100151108662962
923,100,100,1.0,feasible,0.7084607934348456,0.7545000768100395,0.803510577764987,0.09504978433014144,0.5286398416,0.5954248296079999,0.7373474007999998,0.20870755919999984,0.0,0.07780647878686973,0.2224659612023809,0.2224659612023809,0.11627634768685635,0.3946014568165436,1.0,0.8837236523131436,0.22330539955051198,0.0,0.0,0.0,0.0,-8.730428636835597e-05
924,100,100,1.0,feasible,0.7084607934348456,0.7533869904941309,0.803510577764987,0.09504978433014144,0.5286398416,0.5933797039919999,0.7373474007999998,0.20870755919999984,0.0,0.07460523942504022,0.2224659612023809,0.2224659612023809,0.11627634768685635,0.41365016117390385,1.0,0.8837236523131436,0.22355881992981022,0.0,0.0,0.0,0.0,0.0002534203792982359
925,100,100,1.0,feasible,0.7084607934348456,0.756323356934052,0.803510577764987,0.09504978433014144,0.5286398416,0.5977153654799998,0.7373474007999998,0.20870755919999984,0.0,0.0780776356289888,0.1978777678952381,0.1978777678952381,0.11627634768685635,0.3775676125618134,1.0,0.8837236523131436,0.2232983805271741,0.0,0.0,0.0,0.0,-0.0002604394026361201
926,100,100,1.0,feasible,0.7084607934348456,0.7548341975947536,0.803510577764987,0.09504978433014144,0.5286398416,0.5978140580959999,0.7373528479999998,0.2087130063999998,0.0,0.07178670263626025,0.1978777678952381,0.1978777678952381,0.11627634768685635,0.40561702777687386,1.0,0.8837236523131436,0.22346058347443024,0.0,0.0,0.0,0.0,0.00016220294725613482
927,100,100,1.0,feasible,0.7084607934348456,0.7525281181623149,0.803510577764987,0.09504978433014144,0.5286398416,0.5924792490879999,0.7373528479999998,0.2087130063999998,0.0,0.0775369613779031,0.208716258202381,0.208716258202381,0.11627634768685635,0.4274036533374489,1.0,0.8837236523131436,0.22282944743879407,0.0,0.0,0.0,0.0,-0.000631136035636165
928,100,100,1.0,feasible,0.7084607934348456,0.755620140058082,0.803510577764987,0.09504978433014144,0.5286398416,0.5992968847359998,0.7373528479999998,0.2087130063999998,0.0,0.0729762811684031,0.208716258202381,0.208716258202381,0.11627634768685635,0.401867623555765,1.0,0.8837236523131436,0.22318326056603302,0.0,0.0,0.0,0.0,0.00035381312723895
929,100,100,1.0,feasible,0.7084607934348456,0.7533458410714599,0.803510577764987,0.09504978433014144,0.5286398416,0.5974932363279999,0.7373528479999998,0.2087130063999998,0.0,0.07138542633095071,0.208716258202381,0.208716258202381,0.11627634768685635,0.4221093012143589,1.0,0.8837236523131436,0.22295842262069523,0.0,0.0,0.0,0.0,-0.00022483794533778578
930,100,100,1.0,feasible,0.7084607934348456,0.7546779423516997,0.804171351403206,0.09571055796836037,0.5286398416,0.5993361997759998,0.7373528479999998,0.2087130063999998,0.0,0.07458183303354594,0.21929226896904763,0.21929226896904763,0.11627634768685635,0.4126114177762943,1.0,0.8837236523131436,0.22264737505755258,0.0,0.0,0.0,0.0,-0.00031104756314265236
931,100,100,1.0,feasible,0.7084607934348456,0.7544608417368707,0.804171351403206,0.09571055796836037,0.5286398416,0.596292772424,0.7373528479999998,0.2087130063999998,0.0,0.07697683752599595,0.21929226896904763,0.21929226896904763,0.11627634768685635,0.404571507351518,1.0,0.8837236523131436,0.22299829979661012,0.0,0.0,0.0,0.0,0.00035092473905753985
932,100,100,1.0,feasible,0.7084607934348456,0.754378780778086,0.804171351403206,0.09571055796836037,0.5286398416,0.5963500679039999,0.7373528479999998,0.2087130063999998,0.0,0.0776302496723531,0.2135711053095238,0.2135711053095238,0.11627634768685635,0.4057381099466771,1.0,0.8837236523131436,0.22272912835769762,0.0,0.0,0.0,0.0,-0.00026917143891250217
933,100,100,1.0,feasible,0.7084607934348456,0.7533422378263828,0.804171351403206,0.09571055796836037,0.5286398416,0.5916083329519999,0.7373528479999998,0.2087130063999998,0.0,0.07827095656530167,0.2165583393754762,0.2165583393754762,0.11627634768685635,0.39326578929654343,1.0,0.8837236523131436,0.2231018279512858,0.0,0.0,0.0,0.0,0.0003726995935881827
934,100,100,1.0,feasible,0.7084607934348456,0.7524729910880295,0.804171351403206,0.09571055796836037,0.5286398416,0.5911977075039999,0.7373528479999998,0.2087130063999998,0.0,0.08134704802396192,0.2165583393754762,0.2165583393754762,0.11627634768685635,0.4079792686709188,1.0,0.8837236523131436,0.22285041697396546,0.0,0.0,0.0,0.0,-0.00025141097732034323
935,100,100,1.0,feasible,0.7084607934348456,0.7533909510064014,0.8023667448938656,0.09390595145902003,0.5286398416,0.5936003799519999,0.7373528479999998,0.2087130063999998,0.0,0.08032069391693808,0.2165583393754762,0.2165583393754762,0.1144728094390024,0.39308764267574925,1.0,0.8855271905609976,0.2229474466236508,0.0,0.0,0.0,0.001803538247853953,9.702964968533179e-05
936,100,100,1.0,feasible,0.7084607934348456,0.7518949826853646,0.8023667448938656,0.09390595145902003,0.5286398416,0.5891386098079999,0.7373528479999998,0.2087130063999998,0.0,0.08218017575767618,0.2165583393754762,0.2165583393754762,0.1144728094390024,0.4128284116094358,1.0,0.8855271905609976,0.22266589682216725,0.0,0.0,0.0,0.0,-0.00028154980148353825
937,100,100,1.0,feasible,0.7084607934348456,0.7528100958549179,0.8023667448938656,0.09390595145902003,0.5286398416,0.59286985604,0.7373528479999998,0.2087130063999998,0.0,0.08210880366963026,0.217195216847619,0.217195216847619,0.1144728094390024,0.40436062181122623,1.0,0.8855271905609976,0.22282092127676628,0.0,0.0,0.0,0.0,0.0001550244545990287
938,100,100,1.0,feasible,0.7084607934348456,0.755266013895139,0.8023667448938656,0.09390595145902003,0.5286398416,0.5967070767199999,0.7373528479999998,0.2087130063999998,0.0,0.07907284172835262,0.22692986538723808,0.22692986538723808,0.1144728094390024,0.38120193792410617,1.0,0.8855271905609976,0.22320620081631068,0.0,0.0,0.0,0.0,0.00038527953954439753
939,100,100,1.0,feasible,0.7084607934348456,0.7535551325728638,0.8023667448938656,0.09390595145902003,0.5286398416,0.593108423072,0.7373528479999998,0.2087130063999998,0.0,0.08411437567558357,0.22692986538723808,0.22692986538723808,0.1144728094390024,0.3968826295931032,1.0,0.8855271905609976,0.2225969231838035,0.0,0.0,0.0,0.0,-0.0006092776325071769
940,100,100,1.0,feasible,0.7084607934348456,0.7531481995665672,0.8023667448938656,0.09390595145902003,0.5286398416,0.5938896994159998,0.7373528479999998,0.2087130063999998,0.0,0.07669609516359642,0.22692986538723808,0.22692986538723808,0.1144728094390024,0.4047719392914842,1.0,0.8855271905609976,0.22319181029986024,0.0,0.0,0.0,0.0,0.0005948871160567359
941,100,100,1.0,feasible,0.7084607934348456,0.7510208619521044,0.8023667448938656,0.09390595145902003,0.5286398416,0.5875827932319999,0.7373528479999998,0.2087130063999998,0.0,0.07604096282627167,0.2163169090204762,0.2163169090204762,0.1144728094390024,0.4142593474209708,1.0,0.8855271905609976,0.22362446469699132,0.0,0.0,0.0,0.0,0.00043265439713108256
942,100,100,1.0,feasible,0.7084607934348456,0.7512807267324229,0.8023667448938656,0.09390595145902003,0.5286398416,0.588691872256,0.7373528479999998,0.2087130063999998,0.0,0.07404120401960025,0.21878661162619045,0.21878661162619045,0.1144728094390024,0.4194080644912813,1.0,0.8855271905609976,0.22376234792244148,0.0,0.0,0.0,0.0,0.00013788322545016385
943,100,100,1.0,feasible,0.7084607934348456,0.7525943633649033,0.8023667448938656,0.09390595145902003,0.5286398416,0.5931399470559999,0.7373528479999998,0.2087130063999998,0.0,0.07661789556490978,0.2257828491833333,0.2257828491833333,0.1144728094390024,0.40706194597357803,1.0,0.8855271905609976,0.22375634001779,0.0,0.0,0.0,0.0,-6.007904651494922e-06
944,100,100,1.0,feasible,0.7084607934348456,0.7507489167660857,0.8023667448938656,0.09390595145902003,0.5286398416,0.5932602998399998,0.7373528479999998,0.2087130063999998,0.0,0.06697352587181453,0.2106319917142857,0.2106319917142857,0.1144728094390024,0.4355617437762636,1.0,0.8855271905609976,0.22401548448999098,0.0,0.0,0.0,0.0,0.00025914447220098946
945,100,100,1.0,feasible,0.7084607934348456,0.7517827998343014,0.8023667448938656,0.09390595145902003,0.5286398416,0.5933323995359998,0.7373528479999998,0.2087130063999998,0.0,0.07284433244953262,0.2106319917142857,0.2106319917142857,0.1144728094390024,0.4105510925018542,1.0,0.8855271905609976,0.22397753256300024,0.0,0.0,0.0,0.0,-3.795192699074246e-05
946,100,100,1.0,feasible,0.7084607934348456,0.751299011121867,0.8023667448938656,0.09390595145902003,0.5286398416,0.594361668592,0.7373528479999998,0.2087130063999998,0.0,0.07207206898490975,0.2106319917142857,0.2106319917142857,0.1144728094390024,0.42287643717899753,1.0,0.8855271905609976,0.2239570872643276,0.0,0.0,0.0,0.0,-2.0445298672649992e-05
947,100,100,1.0,feasible,0.7084607934348456,0.7499783721312333,0.8023667448938656,0.09390595145902003,0.5286398416,0.5899615415439999,0.7373528479999998,0.2087130063999998,0.0,0.06807019017752,0.2106319917142857,0.2106319917142857,0.1144728094390024,0.4330692489932273,1.0,0.8855271905609976,0.22417959626290357,0.0,0.0,0.0,0.0,0.00022250899857598205
948,100,100,1.0,feasible,0.7084607934348456,0.7525719001604663,0.8023667448938656,0.09390595145902003,0.5286398416,0.5954476395759999,0.7373528479999998,0.2087130063999998,0.0,0.07258269824932714,0.21446752111666664,0.21446752111666664,0.1144728094390024,0.4161251208570944,1.0,0.8855271905609976,0.224322440205108,0.0,0.0,0.0,0.0,0.0001428439422044292
949,100,100,1.0,feasible,0.7084607934348456,0.7510861163099786,0.8023667448938656,0.09390595145902003,0.5286398416,0.5899777325999999,0.7376741535999999,0.2090343119999999,0.0,0.0737903457552581,0.21446752111666664,0.21446752111666664,0.1144728094390024,0.42194175672047707,1.0,0.8855271905609976,0.2245922663720471,0.0,0.0,0.0,0.0,0.0002698261669391022
950,100,100,1.0,feasible,0.7084607934348456,0.7524558545253172,0.8023667448938656,0.09390595145902003,0.5286398416,0.5926528001679999,0.7376741535999999,0.2090343119999999,0.0,0.07313929356639999,0.21591921942857142,0.21591921942857142,0.1144728094390024,0.4056263772137029,1.0,0.8855271905609976,0.22491835601422716,0.0,0.0,0.0,0.0,0.00032608964218006076
951,100,100,1.0,feasible,0.7084607934348456,0.7489556717980919,0.8023667448938656,0.09390595145902003,0.5286398416,0.5860906348639999,0.7376741535999999,0.2090343119999999,0.0,0.07090155190163809,0.21591921942857142,0.21591921942857142,0.1144728094390024,0.43490538030016895,1.0,0.8855271905609976,0.2248306843070646,0.0,0.0,0.0,0.0,-8.767170716256212e-05
952,100,100,1.0,feasible,0.7084607934348456,0.7518409318873944,0.8023667448938656,0.09390595145902003,0.5286398416,0.5912337014399999,0.7376741535999999,0.2090343119999999,0.0,0.06891746343028095,0.21612190801904757,0.21612190801904757,0.1144728094390024,0.4176656343293802,1.0,0.8855271905609976,0.2244900069396915,0.0,0.0,0.0,0.0,-0.00034067736737308785
953,100,100,1.0,feasible,0.7084607934348456,0.7524565652791586,0.8023667448938656,0.09390595145902003,0.5286398416,0.593126751936,0.7376741535999999,0.2090343119999999,0.0,0.0714575230855881,0.21612190801904757,0.21612190801904757,0.1144728094390024,0.4101928196958021,1.0,0.8855271905609976,0.22415843932338148,0.0,0.0,0.0,0.0,-0.0003315676163100356
954,100,100,1.0,feasible,0.7084607934348456,0.7532215049081681,0.8023667448938656,0.09390595145902003,0.5286398416,0.5922887411359998,0.7376741535999999,0.2090343119999999,0.0,0.07396859897815952,0.21612190801904757,0.21612190801904757,0.1144728094390024,0.3963382324540736,1.0,0.8855271905609976,0.22414227690939126,0.0,0.0,0.0,0.0,-1.6162413990217228e-05
955,100,100,1.0,feasible,0.7084607934348456,0.7527062839202554,0.8023667448938656,0.09390595145902003,0.5286398416,0.5935969708239999,0.7376741535999999,0.2090343119999999,0.0,0.07748208917187856,0.22233187658095238,0.22233187658095238,0.1144728094390024,0.41235400229502533,1.0,0.8855271905609976,0.22387074216512898,0.0,0.0,0.0,0.0,-0.00027153474426228064
956,100,100,1.0,feasible,0.7084607934348456,0.7524264983613277,0.8023667448938656,0.09390595145902003,0.5286398416,0.5922814228079999,0.7376741535999999,0.2090343119999999,0.0,0.07929569514644524,0.22556962298500002,0.22556962298500002,0.1144728094390024,0.4102378081011582,1.0,0.8855271905609976,0.22386858915178234,0.0,0.0,0.0,0.0,-2.1530133466340917e-06
957,100,100,1.0,feasible,0.7084607934348456,0.7526103170085291,0.8023667448938656,0.09390595145902003,0.5286398416,0.5914374970399998,0.7376741535999999,0.2090343119999999,0.0,0.07731665847537857,0.22233187658095238,0.22233187658095238,0.1144728094390024,0.4057558549301153,1.0,0.8855271905609976,0.2239937097401313,0.0,0.0,0.0,0.0,0.00012512058834895923
958,100,100,1.0,feasible,0.7084607934348456,0.7543146305155843,0.8023667448938656,0.09390595145902003,0.5286398416,0.5975457145919999,0.7376741535999999,0.2090343119999999,0.0,0.07259383586306428,0.22233187658095238,0.22233187658095238,0.1144728094390024,0.4059078332587201,1.0,0.8855271905609976,0.2240393571564776,0.0,0.0,0.0,0.0,4.564741634630054e-05
959,100,100,1.0,feasible,0.7084607934348456,0.754856135266775,0.8023667448938656,0.09390595145902003,0.5286398416,0.5940048880959999,0.7376741535999999,0.2090343119999999,0.0,0.07515940788489762,0.22233187658095238,0.22233187658095238,0.1144728094390024,0.38341125362611406,1.0,0.8855271905609976,0.2242899057952059,0.0,0.0,0.0,0.0,0.00025054863872830957
960,100,100,1.0,feasible,0.7084607934348456,0.7536056924929797,0.8023667448938656,0.09390595145902003,0.5286398416,0.5947130744,0.7376741535999999,0.2090343119999999,0.0,0.07645032950481429,0.22233187658095238,0.22233187658095238,0.1144728094390024,0.39667430509863827,1.0,0.8855271905609976,0.2237825419964349,0.0,0.0,0.0,0.0,-0.0005073637987710045
961,100,100,1.0,feasible,0.7084607934348456,0.7516672855807304,0.8023667448938656,0.09390595145902003,0.5286398416,0.5911859539199997,0.7376741535999999,0.2090343119999999,0.0,0.0757251307646238,0.22233187658095238,0.22233187658095238,0.1144728094390024,0.42445269288178045,1.0,0.8855271905609976,0.2234230597258976,0.0,0.0,0.0,0.0,-0.0003594822705373091
962,100,100,1.0,feasible,0.7084607934348456,0.7533809173259729,0.8023667448938656,0.09390595145902003,0.5286398416,0.5913151763359998,0.7376741535999999,0.2090343119999999,0.0,0.08358775159456426,0.22233187658095238,0.22233187658095238,0.1144728094390024,0.3957428553946816,1.0,0.8855271905609976,0.22369933103982803,0.0,0.0,0.0,0.0,0.0002762713139304318
963,100,100,1.0,feasible,0.7084607934348456,0.7537631703303508,0.8023667448938656,0.09390595145902003,0.5286398416,0.5958036833199999,0.7376741535999999,0.2090343119999999,0.0,0.07196262528690238,0.22233187658095238,0.22233187658095238,0.1144728094390024,0.41337375536312765,1.0,0.8855271905609976,0.22313070717936556,0.0,0.0,0.0,0.0,-0.0005686238604624694
964,100,100,1.0,feasible,0.7084607934348456,0.7550972438996739,0.8023667448938656,0.09390595145902003,0.5286398416,0.5990286658959999,0.7376741535999999,0.2090343119999999,0.0,0.07023558975733353,0.20994363175,0.20994363175,0.1144728094390024,0.40405094107912937,1.0,0.8855271905609976,0.2233367808956262,0.0,0.0,0.0,0.0,0.0002060737162606352
965,100,100,1.0,feasible,0.7084607934348456,0.753292761603265,0.8023667448938656,0.09390595145902003,0.5286398416,0.5921189054479999,0.7376741535999999,0.2090343119999999,0.0,0.07796000768220757,0.22302199535714287,0.22302199535714287,0.1144728094390024,0.4111644912122353,1.0,0.8855271905609976,0.22324177488618122,0.0,0.0,0.0,0.0,-9.500600944498117e-05
966,100,100,1.0,feasible,0.7084607934348456,0.7536093012401236,0.8023667448938656,0.09390595145902003,0.5286398416,0.5946178299839999,0.7376741535999999,0.2090343119999999,0.0,0.07520334046178118,0.2336633026023809,0.2336633026023809,0.1144728094390024,0.4059445667369815,1.0,0.8855271905609976,0.2230855306761586,0.0,0.0,0.0,0.0,-0.00015624421002261024
967,100,100,1.0,feasible,0.7084607934348456,0.7554469576334745,0.8023667448938656,0.09390595145902003,0.5286398416,0.6006125775599999,0.7376741535999999,0.2090343119999999,0.0,0.07254925273869761,0.2336633026023809,0.2336633026023809,0.1144728094390024,0.40218272273308925,1.0,0.8855271905609976,0.22267093965467327,0.0,0.0,0.0,0.0,-0.0004145910214853332
968,100,100,1.0,feasible,0.7084607934348456,0.7522855951929952,0.8023667448938656,0.09390595145902003,0.5286398416,0.5881235730879999,0.7376741535999999,0.2090343119999999,0.0,0.08090350022147857,0.22302199535714287,0.22302199535714287,0.1144728094390024,0.4077581917992525,1.0,0.8855271905609976,0.22319893275780614,0.0,0.0,0.0,0.0,0.0005279931031328677
969,100,100,1.0,feasible,0.7084607934348456,0.7531468072532398,0.8023667448938656,0.09390595145902003,0.5286398416,0.5931521292159999,0.7376741535999999,0.2090343119999999,0.0,0.07585779700731667,0.22302199535714287,0.22302199535714287,0.1144728094390024,0.41343753169373343,1.0,0.8855271905609976,0.22296414221946492,0.0,0.0,0.0,0.0,-0.00023479053834121744
970,100,100,1.0,feasible,0.7084607934348456,0.7534781724041999,0.8023667448938656,0.09390595145902003,0.5286398416,0.5938197375119999,0.7376741535999999,0.2090343119999999,0.0,0.07380360541168333,0.2140343937833333,0.2140343937833333,0.1144728094390024,0.41454276644075067,1.0,0.8855271905609976,0.22346680885659037,0.0,0.0,0.0,0.0,0.0005026666371254485
971,100,100,1.0,feasible,0.7084607934348456,0.7560105057898593,0.8023667448938656,0.09390595145902003,0.5286398416,0.5984559584639999,0.7376741535999999,0.2090343119999999,0.0,0.07736221351412857,0.20778882513809524,0.20778882513809524,0.1144728094390024,0.38713552708004967,1.0,0.8855271905609976,0.22319922761239544,0.0,0.0,0.0,0.0,-0.000267581244194931
972,100,100,1.0,feasible,0.7084607934348456,0.7542490788908657,0.8023667448938656,0.09390595145902003,0.5286398416,0.5948328422239999,0.7376741535999999,0.2090343119999999,0.0,0.07110953545664525,0.20778882513809524,0.20778882513809524,0.1144728094390024,0.4040310988034729,1.0,0.8855271905609976,0.22348210598190957,0.0,0.0,0.0,0.0,0.0002828783695141279
973,100,100,1.0,feasible,0.7084607934348456,0.7536658922819318,0.8023667448938656,0.09390595145902003,0.5286398416,0.5955845293839999,0.7376741535999999,0.2090343119999999,0.0,0.07182084138884264,0.21303922810714285,0.21303922810714285,0.1144728094390024,0.4202627981604087,1.0,0.8855271905609976,0.22372916347112565,0.0,0.0,0.0,0.0,0.0002470574892160793
974,100,100,1.0,feasible,0.7084607934348456,0.7524926523311182,0.8023667448938656,0.09390595145902003,0.5286398416,0.5936099410959998,0.7376741535999999,0.2090343119999999,0.0,0.07307350693284001,0.21303922810714285,0.21303922810714285,0.1144728094390024,0.4154652815590182,1.0,0.8855271905609976,0.22369357158688774,0.0,0.0,0.0,0.0,-3.55918842379066e-05
975,100,100,1.0,feasible,0.7084607934348456,0.7509338998979647,0.8029040606631435,0.09444326722829788,0.5286398416,0.5890384733039999,0.7376741535999999,0.2090343119999999,0.0,0.07436317856559525,0.21303922810714285,0.21303922810714285,0.1144728094390024,0.4345461730025748,1.0,0.8855271905609976,0.22340690807785685,0.0,0.0,0.0,0.0,-0.0002866635090308933
976,100,100,1.0,feasible,0.7084607934348456,0.7554662049256102,0.8029040606631435,0.09444326722829788,0.5286398416,0.5948880513439999,0.7376741535999999,0.2090343119999999,0.0,0.07479898617500239,0.2045918521666667,0.2045918521666667,0.1144728094390024,0.39028198270242437,1.0,0.8855271905609976,0.22374736478601015,0.0,0.0,0.0,0.0,0.00034045670815330276
977,100,100,1.0,feasible,0.7084607934348456,0.7528047974866131,0.8029040606631435,0.09444326722829788,0.5286398416,0.5935099122399998,0.7376741535999999,0.2090343119999999,0.0,0.07263512630344524,0.2045918521666667,0.2045918521666667,0.1144728094390024,0.41370931747478373,1.0,0.8855271905609976,0.2237090033017311,0.0,0.0,0.0,0.0,-3.8361484279048064e-05
978,100,100,1.0,feasible,0.7084607934348456,0.7553440993441823,0.8029040606631435,0.09444326722829788,0.5286398416,0.5985680894959999,0.7376741535999999,0.2090343119999999,0.0,0.0726030547244357,0.2045918521666667,0.2045918521666667,0.1144728094390024,0.4060418399848501,1.0,0.8855271905609976,0.2234446392349581,0.0,0.0,0.0,0.0,-0.00026436406677299296
979,100,100,1.0,feasible,0.7084607934348456,0.7529550265675964,0.8029040606631435,0.09444326722829788,0.5286398416,0.5932618750799998,0.7376741535999999,0.2090343119999999,0.0,0.07365731682454763,0.2221840954861905,0.2221840954861905,0.1144728094390024,0.419416635401292,1.0,0.8855271905609976,0.2234631044961699,0.0,0.0,0.0,0.0,1.846526121179748e-05
980,100,100,1.0,feasible,0.7084607934348456,0.7535323050607852,0.8029040606631435,0.09444326722829788,0.5286398416,0.5920582011279998,0.7376741535999999,0.2090343119999999,0.0,0.07640067672688333,0.23373681823809522,0.23373681823809522,0.1144728094390024,0.41963682010267134,1.0,0.8855271905609976,0.22360742524559085,0.0,0.0,0.0,0.0,0.0001443207494209453
981,100,100,1.0,feasible,0.7084607934348456,0.7538292352920657,0.8029040606631435,0.09444326722829788,0.5286398416,0.591379897456,0.7376741535999999,0.2090343119999999,0.0,0.07914441263713096,0.23524376313571427,0.23524376313571427,0.1144728094390024,0.41338854337364284,1.0,0.8855271905609976,0.2236793061382849,0.0,0.0,0.0,0.0,7.188089269405395e-05
982,100,100,1.0,feasible,0.7084607934348456,0.7547605073421938,0.8029040606631435,0.09444326722829788,0.5286398416,0.5922946852479999,0.7370857815999998,0.20844593999999983,0.0,0.07991576985343095,0.23524376313571427,0.23524376313571427,0.1144728094390024,0.4102374364580465,1.0,0.8855271905609976,0.22380340888909267,0.0,0.0,0.0,0.0,0.00012410275080776412
983,100,100,1.0,feasible,0.7084607934348456,0.7551475160160814,0.8029040606631435,0.09444326722829788,0.5286398416,0.5914867351040001,0.7370857815999998,0.20844593999999983,0.0,0.08061610198005,0.23524376313571427,0.23524376313571427,0.1144728094390024,0.39886053249956654,1.0,0.8855271905609976,0.22406372720095152,0.0,0.0,0.0,0.0,0.0002603183118588537
984,100,100,1.0,feasible,0.7084607934348456,0.7524579764725376,0.8029040606631435,0.09444326722829788,0.5286398416,0.5868586590479999,0.7370857815999998,0.20844593999999983,0.0,0.0802598052102643,0.23524376313571427,0.23524376313571427,0.1144728094390024,0.41974071965142096,1.0,0.8855271905609976,0.2238763615024216,0.0,0.0,0.0,0.0,-0.00018736569852992324
985,100,100,1.0,feasible,0.7084607934348456,0.7548789648989236,0.8029040606631435,0.09444326722829788,0.5286398416,0.5900852094399999,0.7370857815999998,0.20844593999999983,0.0,0.0798059745318182,0.2364641396011905,0.2364641396011905,0.1144728094390024,0.4047740528470403,1.0,0.8855271905609976,0.2241185799973322,0.0,0.0,0.0,0.0,0.000242218494910601
986,100,100,1.0,feasible,0.7084607934348456,0.7525663357516613,0.8029040606631435,0.09444326722829788,0.5286398416,0.5860388903599999,0.7370857815999998,0.20844593999999983,0.0,0.08014351352795866,0.23026921738571435,0.23026921738571435,0.1144728094390024,0.42384073098917624,1.0,0.8855271905609976,0.2240356740536297,0.0,0.0,0.0,0.0,-8.290594370249926e-05
987,100,100,1.0,feasible,0.7084607934348456,0.7566216280353375,0.8029040606631435,0.09444326722829788,0.5286398416,0.5934855476639997,0.7370857815999998,0.20844593999999983,0.0,0.08451791151191104,0.23026921738571435,0.23026921738571435,0.1144728094390024,0.3845333357958722,1.0,0.8855271905609976,0.22397015221648403,0.0,0.0,0.0,0.0,-6.552183714567117e-05
988,100,100,1.0,feasible,0.7084607934348456,0.7534833410889016,0.8029040606631435,0.09444326722829788,0.5286398416,0.5910410442639998,0.7370857815999998,0.20844593999999983,0.0,0.07811828735016191,0.22888130471190477,0.22888130471190477,0.1144728094390024,0.4214656661866251,1.0,0.8855271905609976,0.2239040979510345,0.0,0.0,0.0,0.0,-6.60542654495333e-05
989,100,100,1.0,feasible,0.7084607934348456,0.7550690484764447,0.8029040606631435,0.09444326722829788,0.5286398416,0.5948799705279999,0.7370857815999998,0.20844593999999983,0.0,0.0764342018926881,0.2316675128142857,0.2316675128142857,0.1144728094390024,0.4004583851657664,1.0,0.8855271905609976,0.22371775130303886,0.0,0.0,0.0,0.0,-0.00018634664799563327
990,100,100,1.0,feasible,0.7084607934348456,0.754752564633806,0.8029040606631435,0.09444326722829788,0.5286398416,0.5903509074479999,0.7370857815999998,0.20844593999999983,0.0,0.08108975510450954,0.2316675128142857,0.2316675128142857,0.1144728094390024,0.40261613380946154,1.0,0.8855271905609976,0.22372754725563213,0.0,0.0,0.0,0.0,9.795952593261159e-06
991,100,100,1.0,feasible,0.7084607934348456,0.7570650785978407,0.8029040606631435,0.09444326722829788,0.5286398416,0.5956515934239999,0.7370857815999998,0.20844593999999983,0.0,0.08299524884350955,0.2316675128142857,0.2316675128142857,0.1144728094390024,0.38235675325720336,1.0,0.8855271905609976,0.22382426797498106,0.0,0.0,0.0,0.0,9.672071934893611e-05
992,100,100,1.0,feasible,0.7084607934348456,0.7536270702597109,0.8029040606631435,0.09444326722829788,0.5286398416,0.5920699889199998,0.7370857815999998,0.20844593999999983,0.0,0.08109510035966429,0.2316675128142857,0.2316675128142857,0.1144728094390024,0.4184822340331437,1.0,0.8855271905609976,0.22359271818087068,0.0,0.0,0.0,0.0,-0.00023154979411038612
993,100,100,1.0,feasible,0.7084607934348456,0.7544089855685208,0.8029040606631435,0.09444326722829788,0.5286398416,0.591712781344,0.7370857815999998,0.20844593999999983,0.0,0.08335982510921904,0.2316675128142857,0.2316675128142857,0.1144728094390024,0.39737773203898963,1.0,0.8855271905609976,0.2237334808218715,0.0,0.0,0.0,0.0,0.00014076264100082447
994,100,100,1.0,feasible,0.7084607934348456,0.7542078058587549,0.8029040606631435,0.09444326722829788,0.5286398416,0.5921348935039998,0.7370857815999998,0.20844593999999983,0.0,0.07552828081898573,0.22888130471190477,0.22888130471190477,0.1144728094390024,0.4120119037700357,1.0,0.8855271905609976,0.22406745688435536,0.0,0.0,0.0,0.0,0.000333976062483865
995,100,100,1.0,feasible,0.7084607934348456,0.7549943636727537,0.8029040606631435,0.09444326722829788,0.5286398416,0.593042547208,0.7370857815999998,0.20844593999999983,0.0,0.07508562348126667,0.22888130471190477,0.22888130471190477,0.1144728094390024,0.40858943713847606,1.0,0.8855271905609976,0.22412898880182322,0.0,0.0,0.0,0.0,6.153191746785525e-05
996,100,100,1.0,feasible,0.7084607934348456,0.7567117368975983,0.8029040606631435,0.09444326722829788,0.5286398416,0.5964443143839998,0.7370857815999998,0.20844593999999983,0.0,0.07293997471017144,0.22888130471190477,0.22888130471190477,0.1144728094390024,0.38752175944877676,1.0,0.8855271905609976,0.22416590807392317,0.0,0.0,0.0,0.0,3.691927209995005e-05
997,100,100,1.0,feasible,0.7084607934348456,0.7547369213306472,0.8029040606631435,0.09444326722829788,0.5286398416,0.592819840368,0.7374859175999998,0.20884607599999983,0.0,0.07572755035638096,0.22888130471190477,0.22888130471190477,0.1144728094390024,0.40756767479291833,1.0,0.8855271905609976,0.22413362246139049,0.0,0.0,0.0,0.0,-3.228561253268425e-05
998,100,100,1.0,feasible,0.7084607934348456,0.7562184463834092,0.8029040606631435,0.09444326722829788,0.5286398416,0.5929986003759999,0.7374859175999998,0.20884607599999983,0.0,0.08160911162009525,0.22888130471190477,0.22888130471190477,0.1144728094390024,0.3867431075791377,1.0,0.8855271905609976,0.22403297488279728,0.0,0.0,0.0,0.0,-0.00010064757859321039
999,100,100,1.0,feasible,0.7084607934348456,0.7548973814888457,0.8029040606631435,0.09444326722829788,0.5286398416,0.5936994649039999,0.7374859175999998,0.20884607599999983,0.0,0.07620803179159523,0.22888130471190477,0.22888130471190477,0.1144728094390024,0.40550763169493637,1.0,0.8855271905609976,0.22456235917437417,0.0,0.0,0.0,0.0,0.0005293842915768954
1000,100,100,1.0,feasible,0.7084607934348456,0.7519719938368827,0.8029040606631435,0.09444326722829788,0.5286398416,0.5889747597439998,0.7374859175999998,0.20884607599999983,0.0,0.07370541846995238,0.22888130471190477,0.22888130471190477,0.1144728094390024,0.4397270325432177,1.0,0.8855271905609976,0.22397985487392233,0.0,0.0,0.0,0.0,-0.0005825043004518415
