2026/4/7 0:00:00 .dat file Monthly Record Subbasin  7 in ArcSWAT 2012.10_2.19 interface




 MONTH YEAR          FLOCNST          SEDCNST         ORGNCNST         ORGPCNST          NO3CNST          NH3CNST          NO2CNST         MINPCNST         CBODCNST        DISOXCNST         CHLACNST       SOLPSTCNST       SRBPSTCNST        BACTPCNST       BACTLPCNST        CMTL1CNST        CMTL2CNST        CMTL3CNST
     1 2005 0.0000000000E+00 0.0000000000E+00 1.9342266730E+01 0.0000000000E+00 1.9342266730E+01 5.7334097620E+00 0.0000000000E+00 0.0000000000E+00 0.0000000000E+00 0.0000000000E+00 0.0000000000E+00 0.0000000000E+00 0.0000000000E+00 0.0000000000E+00 0.0000000000E+00 0.0000000000E+00 0.0000000000E+00 0.0000000000E+00
     2 2005 0.0000000000E+00 0.0000000000E+00 1.3815904810E+01 0.0000000000E+00 1.3815904810E+01 4.0952926870E+00 0.0000000000E+00 0.0000000000E+00 0.0000000000E+00 0.0000000000E+00 0.0000000000E+00 0.0000000000E+00 0.0000000000E+00 0.0000000000E+00 0.0000000000E+00 0.0000000000E+00 0.0000000000E+00 0.0000000000E+00
     3 2005 0.0000000000E+00 0.0000000000E+00 1.1052723850E+01 0.0000000000E+00 1.1052723850E+01 3.2762341500E+00 0.0000000000E+00 0.0000000000E+00 0.0000000000E+00 0.0000000000E+00 0.0000000000E+00 0.0000000000E+00 0.0000000000E+00 0.0000000000E+00 0.0000000000E+00 0.0000000000E+00 0.0000000000E+00 0.0000000000E+00
     4 2005 0.0000000000E+00 0.0000000000E+00 1.3815904810E+01 0.0000000000E+00 1.3815904810E+01 4.0952926870E+00 0.0000000000E+00 0.0000000000E+00 0.0000000000E+00 0.0000000000E+00 0.0000000000E+00 0.0000000000E+00 0.0000000000E+00 0.0000000000E+00 0.0000000000E+00 0.0000000000E+00 0.0000000000E+00 0.0000000000E+00
     5 2005 0.0000000000E+00 0.0000000000E+00 1.6579085770E+01 0.0000000000E+00 1.6579085770E+01 4.9143512250E+00 0.0000000000E+00 0.0000000000E+00 0.0000000000E+00 0.0000000000E+00 0.0000000000E+00 0.0000000000E+00 0.0000000000E+00 0.0000000000E+00 0.0000000000E+00 0.0000000000E+00 0.0000000000E+00 0.0000000000E+00
     6 2005 0.0000000000E+00 0.0000000000E+00 2.7631809620E+01 0.0000000000E+00 2.7631809620E+01 8.1905853740E+00 0.0000000000E+00 0.0000000000E+00 0.0000000000E+00 0.0000000000E+00 0.0000000000E+00 0.0000000000E+00 0.0000000000E+00 0.0000000000E+00 0.0000000000E+00 0.0000000000E+00 0.0000000000E+00 0.0000000000E+00
     7 2005 0.0000000000E+00 0.0000000000E+00 3.0394990580E+01 0.0000000000E+00 3.0394990580E+01 9.0096439120E+00 0.0000000000E+00 0.0000000000E+00 0.0000000000E+00 0.0000000000E+00 0.0000000000E+00 0.0000000000E+00 0.0000000000E+00 0.0000000000E+00 0.0000000000E+00 0.0000000000E+00 0.0000000000E+00 0.0000000000E+00
     8 2005 0.0000000000E+00 0.0000000000E+00 2.4868628660E+01 0.0000000000E+00 2.4868628660E+01 7.3715268370E+00 0.0000000000E+00 0.0000000000E+00 0.0000000000E+00 0.0000000000E+00 0.0000000000E+00 0.0000000000E+00 0.0000000000E+00 0.0000000000E+00 0.0000000000E+00 0.0000000000E+00 0.0000000000E+00 0.0000000000E+00
     9 2005 0.0000000000E+00 0.0000000000E+00 2.4868628660E+01 0.0000000000E+00 2.4868628660E+01 7.3715268370E+00 0.0000000000E+00 0.0000000000E+00 0.0000000000E+00 0.0000000000E+00 0.0000000000E+00 0.0000000000E+00 0.0000000000E+00 0.0000000000E+00 0.0000000000E+00 0.0000000000E+00 0.0000000000E+00 0.0000000000E+00
    10 2005 0.0000000000E+00 0.0000000000E+00 1.9342266730E+01 0.0000000000E+00 1.9342266730E+01 5.7334097620E+00 0.0000000000E+00 0.0000000000E+00 0.0000000000E+00 0.0000000000E+00 0.0000000000E+00 0.0000000000E+00 0.0000000000E+00 0.0000000000E+00 0.0000000000E+00 0.0000000000E+00 0.0000000000E+00 0.0000000000E+00
    11 2005 0.0000000000E+00 0.0000000000E+00 1.6579085770E+01 0.0000000000E+00 1.6579085770E+01 4.9143512250E+00 0.0000000000E+00 0.0000000000E+00 0.0000000000E+00 0.0000000000E+00 0.0000000000E+00 0.0000000000E+00 0.0000000000E+00 0.0000000000E+00 0.0000000000E+00 0.0000000000E+00 0.0000000000E+00 0.0000000000E+00
    12 2005 0.0000000000E+00 0.0000000000E+00 1.6579085770E+01 0.0000000000E+00 1.6579085770E+01 4.9143512250E+00 0.0000000000E+00 0.0000000000E+00 0.0000000000E+00 0.0000000000E+00 0.0000000000E+00 0.0000000000E+00 0.0000000000E+00 0.0000000000E+00 0.0000000000E+00 0.0000000000E+00 0.0000000000E+00 0.0000000000E+00
     1 2006 0.0000000000E+00 0.0000000000E+00 1.1052723850E+01 0.0000000000E+00 1.1052723850E+01 3.2762341500E+00 0.0000000000E+00 0.0000000000E+00 0.0000000000E+00 0.0000000000E+00 0.0000000000E+00 0.0000000000E+00 0.0000000000E+00 0.0000000000E+00 0.0000000000E+00 0.0000000000E+00 0.0000000000E+00 0.0000000000E+00
     2 2006 0.0000000000E+00 0.0000000000E+00 1.1052723850E+01 0.0000000000E+00 1.1052723850E+01 3.2762341500E+00 0.0000000000E+00 0.0000000000E+00 0.0000000000E+00 0.0000000000E+00 0.0000000000E+00 0.0000000000E+00 0.0000000000E+00 0.0000000000E+00 0.0000000000E+00 0.0000000000E+00 0.0000000000E+00 0.0000000000E+00
     3 2006 0.0000000000E+00 0.0000000000E+00 1.3815904810E+01 0.0000000000E+00 1.3815904810E+01 4.0952926870E+00 0.0000000000E+00 0.0000000000E+00 0.0000000000E+00 0.0000000000E+00 0.0000000000E+00 0.0000000000E+00 0.0000000000E+00 0.0000000000E+00 0.0000000000E+00 0.0000000000E+00 0.0000000000E+00 0.0000000000E+00
     4 2006 0.0000000000E+00 0.0000000000E+00 1.1052723850E+01 0.0000000000E+00 1.1052723850E+01 3.2762341500E+00 0.0000000000E+00 0.0000000000E+00 0.0000000000E+00 0.0000000000E+00 0.0000000000E+00 0.0000000000E+00 0.0000000000E+00 0.0000000000E+00 0.0000000000E+00 0.0000000000E+00 0.0000000000E+00 0.0000000000E+00
     5 2006 0.0000000000E+00 0.0000000000E+00 8.2895428860E+00 0.0000000000E+00 8.2895428860E+00 2.4571756120E+00 0.0000000000E+00 0.0000000000E+00 0.0000000000E+00 0.0000000000E+00 0.0000000000E+00 0.0000000000E+00 0.0000000000E+00 0.0000000000E+00 0.0000000000E+00 0.0000000000E+00 0.0000000000E+00 0.0000000000E+00
     6 2006 0.0000000000E+00 0.0000000000E+00 2.4868628660E+01 0.0000000000E+00 2.4868628660E+01 7.3715268370E+00 0.0000000000E+00 0.0000000000E+00 0.0000000000E+00 0.0000000000E+00 0.0000000000E+00 0.0000000000E+00 0.0000000000E+00 0.0000000000E+00 0.0000000000E+00 0.0000000000E+00 0.0000000000E+00 0.0000000000E+00
     7 2006 0.0000000000E+00 0.0000000000E+00 4.6974076350E+01 0.0000000000E+00 4.6974076350E+01 1.3923995140E+01 0.0000000000E+00 0.0000000000E+00 0.0000000000E+00 0.0000000000E+00 0.0000000000E+00 0.0000000000E+00 0.0000000000E+00 0.0000000000E+00 0.0000000000E+00 0.0000000000E+00 0.0000000000E+00 0.0000000000E+00
     8 2006 0.0000000000E+00 0.0000000000E+00 4.9737257310E+01 0.0000000000E+00 4.9737257310E+01 1.4743053670E+01 0.0000000000E+00 0.0000000000E+00 0.0000000000E+00 0.0000000000E+00 0.0000000000E+00 0.0000000000E+00 0.0000000000E+00 0.0000000000E+00 0.0000000000E+00 0.0000000000E+00 0.0000000000E+00 0.0000000000E+00
     9 2006 0.0000000000E+00 0.0000000000E+00 4.4210895390E+01 0.0000000000E+00 4.4210895390E+01 1.3104936600E+01 0.0000000000E+00 0.0000000000E+00 0.0000000000E+00 0.0000000000E+00 0.0000000000E+00 0.0000000000E+00 0.0000000000E+00 0.0000000000E+00 0.0000000000E+00 0.0000000000E+00 0.0000000000E+00 0.0000000000E+00
    10 2006 0.0000000000E+00 0.0000000000E+00 3.0394990580E+01 0.0000000000E+00 3.0394990580E+01 9.0096439120E+00 0.0000000000E+00 0.0000000000E+00 0.0000000000E+00 0.0000000000E+00 0.0000000000E+00 0.0000000000E+00 0.0000000000E+00 0.0000000000E+00 0.0000000000E+00 0.0000000000E+00 0.0000000000E+00 0.0000000000E+00
    11 2006 0.0000000000E+00 0.0000000000E+00 2.2105447700E+01 0.0000000000E+00 2.2105447700E+01 6.5524683000E+00 0.0000000000E+00 0.0000000000E+00 0.0000000000E+00 0.0000000000E+00 0.0000000000E+00 0.0000000000E+00 0.0000000000E+00 0.0000000000E+00 0.0000000000E+00 0.0000000000E+00 0.0000000000E+00 0.0000000000E+00
    12 2006 0.0000000000E+00 0.0000000000E+00 2.2105447700E+01 0.0000000000E+00 2.2105447700E+01 6.5524683000E+00 0.0000000000E+00 0.0000000000E+00 0.0000000000E+00 0.0000000000E+00 0.0000000000E+00 0.0000000000E+00 0.0000000000E+00 0.0000000000E+00 0.0000000000E+00 0.0000000000E+00 0.0000000000E+00 0.0000000000E+00
     1 2007 0.0000000000E+00 0.0000000000E+00 1.9342266730E+01 0.0000000000E+00 1.9342266730E+01 5.7334097620E+00 0.0000000000E+00 0.0000000000E+00 0.0000000000E+00 0.0000000000E+00 0.0000000000E+00 0.0000000000E+00 0.0000000000E+00 0.0000000000E+00 0.0000000000E+00 0.0000000000E+00 0.0000000000E+00 0.0000000000E+00
     2 2007 0.0000000000E+00 0.0000000000E+00 1.3815904810E+01 0.0000000000E+00 1.3815904810E+01 4.0952926870E+00 0.0000000000E+00 0.0000000000E+00 0.0000000000E+00 0.0000000000E+00 0.0000000000E+00 0.0000000000E+00 0.0000000000E+00 0.0000000000E+00 0.0000000000E+00 0.0000000000E+00 0.0000000000E+00 0.0000000000E+00
     3 2007 0.0000000000E+00 0.0000000000E+00 1.1052723850E+01 0.0000000000E+00 1.1052723850E+01 3.2762341500E+00 0.0000000000E+00 0.0000000000E+00 0.0000000000E+00 0.0000000000E+00 0.0000000000E+00 0.0000000000E+00 0.0000000000E+00 0.0000000000E+00 0.0000000000E+00 0.0000000000E+00 0.0000000000E+00 0.0000000000E+00
     4 2007 0.0000000000E+00 0.0000000000E+00 1.3815904810E+01 0.0000000000E+00 1.3815904810E+01 4.0952926870E+00 0.0000000000E+00 0.0000000000E+00 0.0000000000E+00 0.0000000000E+00 0.0000000000E+00 0.0000000000E+00 0.0000000000E+00 0.0000000000E+00 0.0000000000E+00 0.0000000000E+00 0.0000000000E+00 0.0000000000E+00
     5 2007 0.0000000000E+00 0.0000000000E+00 1.6579085770E+01 0.0000000000E+00 1.6579085770E+01 4.9143512250E+00 0.0000000000E+00 0.0000000000E+00 0.0000000000E+00 0.0000000000E+00 0.0000000000E+00 0.0000000000E+00 0.0000000000E+00 0.0000000000E+00 0.0000000000E+00 0.0000000000E+00 0.0000000000E+00 0.0000000000E+00
     6 2007 0.0000000000E+00 0.0000000000E+00 2.7631809620E+01 0.0000000000E+00 2.7631809620E+01 8.1905853740E+00 0.0000000000E+00 0.0000000000E+00 0.0000000000E+00 0.0000000000E+00 0.0000000000E+00 0.0000000000E+00 0.0000000000E+00 0.0000000000E+00 0.0000000000E+00 0.0000000000E+00 0.0000000000E+00 0.0000000000E+00
     7 2007 0.0000000000E+00 0.0000000000E+00 3.0394990580E+01 0.0000000000E+00 3.0394990580E+01 9.0096439120E+00 0.0000000000E+00 0.0000000000E+00 0.0000000000E+00 0.0000000000E+00 0.0000000000E+00 0.0000000000E+00 0.0000000000E+00 0.0000000000E+00 0.0000000000E+00 0.0000000000E+00 0.0000000000E+00 0.0000000000E+00
     8 2007 0.0000000000E+00 0.0000000000E+00 2.4868628660E+01 0.0000000000E+00 2.4868628660E+01 7.3715268370E+00 0.0000000000E+00 0.0000000000E+00 0.0000000000E+00 0.0000000000E+00 0.0000000000E+00 0.0000000000E+00 0.0000000000E+00 0.0000000000E+00 0.0000000000E+00 0.0000000000E+00 0.0000000000E+00 0.0000000000E+00
     9 2007 0.0000000000E+00 0.0000000000E+00 2.4868628660E+01 0.0000000000E+00 2.4868628660E+01 7.3715268370E+00 0.0000000000E+00 0.0000000000E+00 0.0000000000E+00 0.0000000000E+00 0.0000000000E+00 0.0000000000E+00 0.0000000000E+00 0.0000000000E+00 0.0000000000E+00 0.0000000000E+00 0.0000000000E+00 0.0000000000E+00
    10 2007 0.0000000000E+00 0.0000000000E+00 1.9342266730E+01 0.0000000000E+00 1.9342266730E+01 5.7334097620E+00 0.0000000000E+00 0.0000000000E+00 0.0000000000E+00 0.0000000000E+00 0.0000000000E+00 0.0000000000E+00 0.0000000000E+00 0.0000000000E+00 0.0000000000E+00 0.0000000000E+00 0.0000000000E+00 0.0000000000E+00
    11 2007 0.0000000000E+00 0.0000000000E+00 1.6579085770E+01 0.0000000000E+00 1.6579085770E+01 4.9143512250E+00 0.0000000000E+00 0.0000000000E+00 0.0000000000E+00 0.0000000000E+00 0.0000000000E+00 0.0000000000E+00 0.0000000000E+00 0.0000000000E+00 0.0000000000E+00 0.0000000000E+00 0.0000000000E+00 0.0000000000E+00
    12 2007 0.0000000000E+00 0.0000000000E+00 1.6579085770E+01 0.0000000000E+00 1.6579085770E+01 4.9143512250E+00 0.0000000000E+00 0.0000000000E+00 0.0000000000E+00 0.0000000000E+00 0.0000000000E+00 0.0000000000E+00 0.0000000000E+00 0.0000000000E+00 0.0000000000E+00 0.0000000000E+00 0.0000000000E+00 0.0000000000E+00
     1 2008 0.0000000000E+00 0.0000000000E+00 1.1052723850E+01 0.0000000000E+00 1.1052723850E+01 3.2762341500E+00 0.0000000000E+00 0.0000000000E+00 0.0000000000E+00 0.0000000000E+00 0.0000000000E+00 0.0000000000E+00 0.0000000000E+00 0.0000000000E+00 0.0000000000E+00 0.0000000000E+00 0.0000000000E+00 0.0000000000E+00
     2 2008 0.0000000000E+00 0.0000000000E+00 1.1052723850E+01 0.0000000000E+00 1.1052723850E+01 3.2762341500E+00 0.0000000000E+00 0.0000000000E+00 0.0000000000E+00 0.0000000000E+00 0.0000000000E+00 0.0000000000E+00 0.0000000000E+00 0.0000000000E+00 0.0000000000E+00 0.0000000000E+00 0.0000000000E+00 0.0000000000E+00
     3 2008 0.0000000000E+00 0.0000000000E+00 1.3815904810E+01 0.0000000000E+00 1.3815904810E+01 4.0952926870E+00 0.0000000000E+00 0.0000000000E+00 0.0000000000E+00 0.0000000000E+00 0.0000000000E+00 0.0000000000E+00 0.0000000000E+00 0.0000000000E+00 0.0000000000E+00 0.0000000000E+00 0.0000000000E+00 0.0000000000E+00
     4 2008 0.0000000000E+00 0.0000000000E+00 1.1052723850E+01 0.0000000000E+00 1.1052723850E+01 3.2762341500E+00 0.0000000000E+00 0.0000000000E+00 0.0000000000E+00 0.0000000000E+00 0.0000000000E+00 0.0000000000E+00 0.0000000000E+00 0.0000000000E+00 0.0000000000E+00 0.0000000000E+00 0.0000000000E+00 0.0000000000E+00
     5 2008 0.0000000000E+00 0.0000000000E+00 8.2895428860E+00 0.0000000000E+00 8.2895428860E+00 2.4571756120E+00 0.0000000000E+00 0.0000000000E+00 0.0000000000E+00 0.0000000000E+00 0.0000000000E+00 0.0000000000E+00 0.0000000000E+00 0.0000000000E+00 0.0000000000E+00 0.0000000000E+00 0.0000000000E+00 0.0000000000E+00
     6 2008 0.0000000000E+00 0.0000000000E+00 2.4868628660E+01 0.0000000000E+00 2.4868628660E+01 7.3715268370E+00 0.0000000000E+00 0.0000000000E+00 0.0000000000E+00 0.0000000000E+00 0.0000000000E+00 0.0000000000E+00 0.0000000000E+00 0.0000000000E+00 0.0000000000E+00 0.0000000000E+00 0.0000000000E+00 0.0000000000E+00
     7 2008 0.0000000000E+00 0.0000000000E+00 4.6974076350E+01 0.0000000000E+00 4.6974076350E+01 1.3923995140E+01 0.0000000000E+00 0.0000000000E+00 0.0000000000E+00 0.0000000000E+00 0.0000000000E+00 0.0000000000E+00 0.0000000000E+00 0.0000000000E+00 0.0000000000E+00 0.0000000000E+00 0.0000000000E+00 0.0000000000E+00
     8 2008 0.0000000000E+00 0.0000000000E+00 4.9737257310E+01 0.0000000000E+00 4.9737257310E+01 1.4743053670E+01 0.0000000000E+00 0.0000000000E+00 0.0000000000E+00 0.0000000000E+00 0.0000000000E+00 0.0000000000E+00 0.0000000000E+00 0.0000000000E+00 0.0000000000E+00 0.0000000000E+00 0.0000000000E+00 0.0000000000E+00
     9 2008 0.0000000000E+00 0.0000000000E+00 4.4210895390E+01 0.0000000000E+00 4.4210895390E+01 1.3104936600E+01 0.0000000000E+00 0.0000000000E+00 0.0000000000E+00 0.0000000000E+00 0.0000000000E+00 0.0000000000E+00 0.0000000000E+00 0.0000000000E+00 0.0000000000E+00 0.0000000000E+00 0.0000000000E+00 0.0000000000E+00
    10 2008 0.0000000000E+00 0.0000000000E+00 3.0394990580E+01 0.0000000000E+00 3.0394990580E+01 9.0096439120E+00 0.0000000000E+00 0.0000000000E+00 0.0000000000E+00 0.0000000000E+00 0.0000000000E+00 0.0000000000E+00 0.0000000000E+00 0.0000000000E+00 0.0000000000E+00 0.0000000000E+00 0.0000000000E+00 0.0000000000E+00
    11 2008 0.0000000000E+00 0.0000000000E+00 2.2105447700E+01 0.0000000000E+00 2.2105447700E+01 6.5524683000E+00 0.0000000000E+00 0.0000000000E+00 0.0000000000E+00 0.0000000000E+00 0.0000000000E+00 0.0000000000E+00 0.0000000000E+00 0.0000000000E+00 0.0000000000E+00 0.0000000000E+00 0.0000000000E+00 0.0000000000E+00
    12 2008 0.0000000000E+00 0.0000000000E+00 2.2105447700E+01 0.0000000000E+00 2.2105447700E+01 6.5524683000E+00 0.0000000000E+00 0.0000000000E+00 0.0000000000E+00 0.0000000000E+00 0.0000000000E+00 0.0000000000E+00 0.0000000000E+00 0.0000000000E+00 0.0000000000E+00 0.0000000000E+00 0.0000000000E+00 0.0000000000E+00
     1 2009 0.0000000000E+00 0.0000000000E+00 1.9342266730E+01 0.0000000000E+00 1.9342266730E+01 5.7334097620E+00 0.0000000000E+00 0.0000000000E+00 0.0000000000E+00 0.0000000000E+00 0.0000000000E+00 0.0000000000E+00 0.0000000000E+00 0.0000000000E+00 0.0000000000E+00 0.0000000000E+00 0.0000000000E+00 0.0000000000E+00
     2 2009 0.0000000000E+00 0.0000000000E+00 1.3815904810E+01 0.0000000000E+00 1.3815904810E+01 4.0952926870E+00 0.0000000000E+00 0.0000000000E+00 0.0000000000E+00 0.0000000000E+00 0.0000000000E+00 0.0000000000E+00 0.0000000000E+00 0.0000000000E+00 0.0000000000E+00 0.0000000000E+00 0.0000000000E+00 0.0000000000E+00
     3 2009 0.0000000000E+00 0.0000000000E+00 1.1052723850E+01 0.0000000000E+00 1.1052723850E+01 3.2762341500E+00 0.0000000000E+00 0.0000000000E+00 0.0000000000E+00 0.0000000000E+00 0.0000000000E+00 0.0000000000E+00 0.0000000000E+00 0.0000000000E+00 0.0000000000E+00 0.0000000000E+00 0.0000000000E+00 0.0000000000E+00
     4 2009 0.0000000000E+00 0.0000000000E+00 1.3815904810E+01 0.0000000000E+00 1.3815904810E+01 4.0952926870E+00 0.0000000000E+00 0.0000000000E+00 0.0000000000E+00 0.0000000000E+00 0.0000000000E+00 0.0000000000E+00 0.0000000000E+00 0.0000000000E+00 0.0000000000E+00 0.0000000000E+00 0.0000000000E+00 0.0000000000E+00
     5 2009 0.0000000000E+00 0.0000000000E+00 1.6579085770E+01 0.0000000000E+00 1.6579085770E+01 4.9143512250E+00 0.0000000000E+00 0.0000000000E+00 0.0000000000E+00 0.0000000000E+00 0.0000000000E+00 0.0000000000E+00 0.0000000000E+00 0.0000000000E+00 0.0000000000E+00 0.0000000000E+00 0.0000000000E+00 0.0000000000E+00
     6 2009 0.0000000000E+00 0.0000000000E+00 2.7631809620E+01 0.0000000000E+00 2.7631809620E+01 8.1905853740E+00 0.0000000000E+00 0.0000000000E+00 0.0000000000E+00 0.0000000000E+00 0.0000000000E+00 0.0000000000E+00 0.0000000000E+00 0.0000000000E+00 0.0000000000E+00 0.0000000000E+00 0.0000000000E+00 0.0000000000E+00
     7 2009 0.0000000000E+00 0.0000000000E+00 3.0394990580E+01 0.0000000000E+00 3.0394990580E+01 9.0096439120E+00 0.0000000000E+00 0.0000000000E+00 0.0000000000E+00 0.0000000000E+00 0.0000000000E+00 0.0000000000E+00 0.0000000000E+00 0.0000000000E+00 0.0000000000E+00 0.0000000000E+00 0.0000000000E+00 0.0000000000E+00
     8 2009 0.0000000000E+00 0.0000000000E+00 2.4868628660E+01 0.0000000000E+00 2.4868628660E+01 7.3715268370E+00 0.0000000000E+00 0.0000000000E+00 0.0000000000E+00 0.0000000000E+00 0.0000000000E+00 0.0000000000E+00 0.0000000000E+00 0.0000000000E+00 0.0000000000E+00 0.0000000000E+00 0.0000000000E+00 0.0000000000E+00
     9 2009 0.0000000000E+00 0.0000000000E+00 2.4868628660E+01 0.0000000000E+00 2.4868628660E+01 7.3715268370E+00 0.0000000000E+00 0.0000000000E+00 0.0000000000E+00 0.0000000000E+00 0.0000000000E+00 0.0000000000E+00 0.0000000000E+00 0.0000000000E+00 0.0000000000E+00 0.0000000000E+00 0.0000000000E+00 0.0000000000E+00
    10 2009 0.0000000000E+00 0.0000000000E+00 1.9342266730E+01 0.0000000000E+00 1.9342266730E+01 5.7334097620E+00 0.0000000000E+00 0.0000000000E+00 0.0000000000E+00 0.0000000000E+00 0.0000000000E+00 0.0000000000E+00 0.0000000000E+00 0.0000000000E+00 0.0000000000E+00 0.0000000000E+00 0.0000000000E+00 0.0000000000E+00
    11 2009 0.0000000000E+00 0.0000000000E+00 1.6579085770E+01 0.0000000000E+00 1.6579085770E+01 4.9143512250E+00 0.0000000000E+00 0.0000000000E+00 0.0000000000E+00 0.0000000000E+00 0.0000000000E+00 0.0000000000E+00 0.0000000000E+00 0.0000000000E+00 0.0000000000E+00 0.0000000000E+00 0.0000000000E+00 0.0000000000E+00
    12 2009 0.0000000000E+00 0.0000000000E+00 1.6579085770E+01 0.0000000000E+00 1.6579085770E+01 4.9143512250E+00 0.0000000000E+00 0.0000000000E+00 0.0000000000E+00 0.0000000000E+00 0.0000000000E+00 0.0000000000E+00 0.0000000000E+00 0.0000000000E+00 0.0000000000E+00 0.0000000000E+00 0.0000000000E+00 0.0000000000E+00
     1 2010 0.0000000000E+00 0.0000000000E+00 1.1052723850E+01 0.0000000000E+00 1.1052723850E+01 3.2762341500E+00 0.0000000000E+00 0.0000000000E+00 0.0000000000E+00 0.0000000000E+00 0.0000000000E+00 0.0000000000E+00 0.0000000000E+00 0.0000000000E+00 0.0000000000E+00 0.0000000000E+00 0.0000000000E+00 0.0000000000E+00
     2 2010 0.0000000000E+00 0.0000000000E+00 1.1052723850E+01 0.0000000000E+00 1.1052723850E+01 3.2762341500E+00 0.0000000000E+00 0.0000000000E+00 0.0000000000E+00 0.0000000000E+00 0.0000000000E+00 0.0000000000E+00 0.0000000000E+00 0.0000000000E+00 0.0000000000E+00 0.0000000000E+00 0.0000000000E+00 0.0000000000E+00
     3 2010 0.0000000000E+00 0.0000000000E+00 1.3815904810E+01 0.0000000000E+00 1.3815904810E+01 4.0952926870E+00 0.0000000000E+00 0.0000000000E+00 0.0000000000E+00 0.0000000000E+00 0.0000000000E+00 0.0000000000E+00 0.0000000000E+00 0.0000000000E+00 0.0000000000E+00 0.0000000000E+00 0.0000000000E+00 0.0000000000E+00
     4 2010 0.0000000000E+00 0.0000000000E+00 1.1052723850E+01 0.0000000000E+00 1.1052723850E+01 3.2762341500E+00 0.0000000000E+00 0.0000000000E+00 0.0000000000E+00 0.0000000000E+00 0.0000000000E+00 0.0000000000E+00 0.0000000000E+00 0.0000000000E+00 0.0000000000E+00 0.0000000000E+00 0.0000000000E+00 0.0000000000E+00
     5 2010 0.0000000000E+00 0.0000000000E+00 8.2895428860E+00 0.0000000000E+00 8.2895428860E+00 2.4571756120E+00 0.0000000000E+00 0.0000000000E+00 0.0000000000E+00 0.0000000000E+00 0.0000000000E+00 0.0000000000E+00 0.0000000000E+00 0.0000000000E+00 0.0000000000E+00 0.0000000000E+00 0.0000000000E+00 0.0000000000E+00
     6 2010 0.0000000000E+00 0.0000000000E+00 2.4868628660E+01 0.0000000000E+00 2.4868628660E+01 7.3715268370E+00 0.0000000000E+00 0.0000000000E+00 0.0000000000E+00 0.0000000000E+00 0.0000000000E+00 0.0000000000E+00 0.0000000000E+00 0.0000000000E+00 0.0000000000E+00 0.0000000000E+00 0.0000000000E+00 0.0000000000E+00
     7 2010 0.0000000000E+00 0.0000000000E+00 4.6974076350E+01 0.0000000000E+00 4.6974076350E+01 1.3923995140E+01 0.0000000000E+00 0.0000000000E+00 0.0000000000E+00 0.0000000000E+00 0.0000000000E+00 0.0000000000E+00 0.0000000000E+00 0.0000000000E+00 0.0000000000E+00 0.0000000000E+00 0.0000000000E+00 0.0000000000E+00
     8 2010 0.0000000000E+00 0.0000000000E+00 4.9737257310E+01 0.0000000000E+00 4.9737257310E+01 1.4743053670E+01 0.0000000000E+00 0.0000000000E+00 0.0000000000E+00 0.0000000000E+00 0.0000000000E+00 0.0000000000E+00 0.0000000000E+00 0.0000000000E+00 0.0000000000E+00 0.0000000000E+00 0.0000000000E+00 0.0000000000E+00
     9 2010 0.0000000000E+00 0.0000000000E+00 4.4210895390E+01 0.0000000000E+00 4.4210895390E+01 1.3104936600E+01 0.0000000000E+00 0.0000000000E+00 0.0000000000E+00 0.0000000000E+00 0.0000000000E+00 0.0000000000E+00 0.0000000000E+00 0.0000000000E+00 0.0000000000E+00 0.0000000000E+00 0.0000000000E+00 0.0000000000E+00
    10 2010 0.0000000000E+00 0.0000000000E+00 3.0394990580E+01 0.0000000000E+00 3.0394990580E+01 9.0096439120E+00 0.0000000000E+00 0.0000000000E+00 0.0000000000E+00 0.0000000000E+00 0.0000000000E+00 0.0000000000E+00 0.0000000000E+00 0.0000000000E+00 0.0000000000E+00 0.0000000000E+00 0.0000000000E+00 0.0000000000E+00
    11 2010 0.0000000000E+00 0.0000000000E+00 2.2105447700E+01 0.0000000000E+00 2.2105447700E+01 6.5524683000E+00 0.0000000000E+00 0.0000000000E+00 0.0000000000E+00 0.0000000000E+00 0.0000000000E+00 0.0000000000E+00 0.0000000000E+00 0.0000000000E+00 0.0000000000E+00 0.0000000000E+00 0.0000000000E+00 0.0000000000E+00
    12 2010 0.0000000000E+00 0.0000000000E+00 2.2105447700E+01 0.0000000000E+00 2.2105447700E+01 6.5524683000E+00 0.0000000000E+00 0.0000000000E+00 0.0000000000E+00 0.0000000000E+00 0.0000000000E+00 0.0000000000E+00 0.0000000000E+00 0.0000000000E+00 0.0000000000E+00 0.0000000000E+00 0.0000000000E+00 0.0000000000E+00
     1 2011 0.0000000000E+00 0.0000000000E+00 1.9342266730E+01 0.0000000000E+00 1.9342266730E+01 5.7334097620E+00 0.0000000000E+00 0.0000000000E+00 0.0000000000E+00 0.0000000000E+00 0.0000000000E+00 0.0000000000E+00 0.0000000000E+00 0.0000000000E+00 0.0000000000E+00 0.0000000000E+00 0.0000000000E+00 0.0000000000E+00
     2 2011 0.0000000000E+00 0.0000000000E+00 1.3815904810E+01 0.0000000000E+00 1.3815904810E+01 4.0952926870E+00 0.0000000000E+00 0.0000000000E+00 0.0000000000E+00 0.0000000000E+00 0.0000000000E+00 0.0000000000E+00 0.0000000000E+00 0.0000000000E+00 0.0000000000E+00 0.0000000000E+00 0.0000000000E+00 0.0000000000E+00
     3 2011 0.0000000000E+00 0.0000000000E+00 1.1052723850E+01 0.0000000000E+00 1.1052723850E+01 3.2762341500E+00 0.0000000000E+00 0.0000000000E+00 0.0000000000E+00 0.0000000000E+00 0.0000000000E+00 0.0000000000E+00 0.0000000000E+00 0.0000000000E+00 0.0000000000E+00 0.0000000000E+00 0.0000000000E+00 0.0000000000E+00
     4 2011 0.0000000000E+00 0.0000000000E+00 1.3815904810E+01 0.0000000000E+00 1.3815904810E+01 4.0952926870E+00 0.0000000000E+00 0.0000000000E+00 0.0000000000E+00 0.0000000000E+00 0.0000000000E+00 0.0000000000E+00 0.0000000000E+00 0.0000000000E+00 0.0000000000E+00 0.0000000000E+00 0.0000000000E+00 0.0000000000E+00
     5 2011 0.0000000000E+00 0.0000000000E+00 1.6579085770E+01 0.0000000000E+00 1.6579085770E+01 4.9143512250E+00 0.0000000000E+00 0.0000000000E+00 0.0000000000E+00 0.0000000000E+00 0.0000000000E+00 0.0000000000E+00 0.0000000000E+00 0.0000000000E+00 0.0000000000E+00 0.0000000000E+00 0.0000000000E+00 0.0000000000E+00
     6 2011 0.0000000000E+00 0.0000000000E+00 2.7631809620E+01 0.0000000000E+00 2.7631809620E+01 8.1905853740E+00 0.0000000000E+00 0.0000000000E+00 0.0000000000E+00 0.0000000000E+00 0.0000000000E+00 0.0000000000E+00 0.0000000000E+00 0.0000000000E+00 0.0000000000E+00 0.0000000000E+00 0.0000000000E+00 0.0000000000E+00
     7 2011 0.0000000000E+00 0.0000000000E+00 3.0394990580E+01 0.0000000000E+00 3.0394990580E+01 9.0096439120E+00 0.0000000000E+00 0.0000000000E+00 0.0000000000E+00 0.0000000000E+00 0.0000000000E+00 0.0000000000E+00 0.0000000000E+00 0.0000000000E+00 0.0000000000E+00 0.0000000000E+00 0.0000000000E+00 0.0000000000E+00
     8 2011 0.0000000000E+00 0.0000000000E+00 2.4868628660E+01 0.0000000000E+00 2.4868628660E+01 7.3715268370E+00 0.0000000000E+00 0.0000000000E+00 0.0000000000E+00 0.0000000000E+00 0.0000000000E+00 0.0000000000E+00 0.0000000000E+00 0.0000000000E+00 0.0000000000E+00 0.0000000000E+00 0.0000000000E+00 0.0000000000E+00
     9 2011 0.0000000000E+00 0.0000000000E+00 2.4868628660E+01 0.0000000000E+00 2.4868628660E+01 7.3715268370E+00 0.0000000000E+00 0.0000000000E+00 0.0000000000E+00 0.0000000000E+00 0.0000000000E+00 0.0000000000E+00 0.0000000000E+00 0.0000000000E+00 0.0000000000E+00 0.0000000000E+00 0.0000000000E+00 0.0000000000E+00
    10 2011 0.0000000000E+00 0.0000000000E+00 1.9342266730E+01 0.0000000000E+00 1.9342266730E+01 5.7334097620E+00 0.0000000000E+00 0.0000000000E+00 0.0000000000E+00 0.0000000000E+00 0.0000000000E+00 0.0000000000E+00 0.0000000000E+00 0.0000000000E+00 0.0000000000E+00 0.0000000000E+00 0.0000000000E+00 0.0000000000E+00
    11 2011 0.0000000000E+00 0.0000000000E+00 1.6579085770E+01 0.0000000000E+00 1.6579085770E+01 4.9143512250E+00 0.0000000000E+00 0.0000000000E+00 0.0000000000E+00 0.0000000000E+00 0.0000000000E+00 0.0000000000E+00 0.0000000000E+00 0.0000000000E+00 0.0000000000E+00 0.0000000000E+00 0.0000000000E+00 0.0000000000E+00
    12 2011 0.0000000000E+00 0.0000000000E+00 1.6579085770E+01 0.0000000000E+00 1.6579085770E+01 4.9143512250E+00 0.0000000000E+00 0.0000000000E+00 0.0000000000E+00 0.0000000000E+00 0.0000000000E+00 0.0000000000E+00 0.0000000000E+00 0.0000000000E+00 0.0000000000E+00 0.0000000000E+00 0.0000000000E+00 0.0000000000E+00
     1 2012 0.0000000000E+00 0.0000000000E+00 1.1052723850E+01 0.0000000000E+00 1.1052723850E+01 3.2762341500E+00 0.0000000000E+00 0.0000000000E+00 0.0000000000E+00 0.0000000000E+00 0.0000000000E+00 0.0000000000E+00 0.0000000000E+00 0.0000000000E+00 0.0000000000E+00 0.0000000000E+00 0.0000000000E+00 0.0000000000E+00
     2 2012 0.0000000000E+00 0.0000000000E+00 1.1052723850E+01 0.0000000000E+00 1.1052723850E+01 3.2762341500E+00 0.0000000000E+00 0.0000000000E+00 0.0000000000E+00 0.0000000000E+00 0.0000000000E+00 0.0000000000E+00 0.0000000000E+00 0.0000000000E+00 0.0000000000E+00 0.0000000000E+00 0.0000000000E+00 0.0000000000E+00
     3 2012 0.0000000000E+00 0.0000000000E+00 1.3815904810E+01 0.0000000000E+00 1.3815904810E+01 4.0952926870E+00 0.0000000000E+00 0.0000000000E+00 0.0000000000E+00 0.0000000000E+00 0.0000000000E+00 0.0000000000E+00 0.0000000000E+00 0.0000000000E+00 0.0000000000E+00 0.0000000000E+00 0.0000000000E+00 0.0000000000E+00
     4 2012 0.0000000000E+00 0.0000000000E+00 1.1052723850E+01 0.0000000000E+00 1.1052723850E+01 3.2762341500E+00 0.0000000000E+00 0.0000000000E+00 0.0000000000E+00 0.0000000000E+00 0.0000000000E+00 0.0000000000E+00 0.0000000000E+00 0.0000000000E+00 0.0000000000E+00 0.0000000000E+00 0.0000000000E+00 0.0000000000E+00
     5 2012 0.0000000000E+00 0.0000000000E+00 8.2895428860E+00 0.0000000000E+00 8.2895428860E+00 2.4571756120E+00 0.0000000000E+00 0.0000000000E+00 0.0000000000E+00 0.0000000000E+00 0.0000000000E+00 0.0000000000E+00 0.0000000000E+00 0.0000000000E+00 0.0000000000E+00 0.0000000000E+00 0.0000000000E+00 0.0000000000E+00
     6 2012 0.0000000000E+00 0.0000000000E+00 2.4868628660E+01 0.0000000000E+00 2.4868628660E+01 7.3715268370E+00 0.0000000000E+00 0.0000000000E+00 0.0000000000E+00 0.0000000000E+00 0.0000000000E+00 0.0000000000E+00 0.0000000000E+00 0.0000000000E+00 0.0000000000E+00 0.0000000000E+00 0.0000000000E+00 0.0000000000E+00
     7 2012 0.0000000000E+00 0.0000000000E+00 4.6974076350E+01 0.0000000000E+00 4.6974076350E+01 1.3923995140E+01 0.0000000000E+00 0.0000000000E+00 0.0000000000E+00 0.0000000000E+00 0.0000000000E+00 0.0000000000E+00 0.0000000000E+00 0.0000000000E+00 0.0000000000E+00 0.0000000000E+00 0.0000000000E+00 0.0000000000E+00
     8 2012 0.0000000000E+00 0.0000000000E+00 4.9737257310E+01 0.0000000000E+00 4.9737257310E+01 1.4743053670E+01 0.0000000000E+00 0.0000000000E+00 0.0000000000E+00 0.0000000000E+00 0.0000000000E+00 0.0000000000E+00 0.0000000000E+00 0.0000000000E+00 0.0000000000E+00 0.0000000000E+00 0.0000000000E+00 0.0000000000E+00
     9 2012 0.0000000000E+00 0.0000000000E+00 4.4210895390E+01 0.0000000000E+00 4.4210895390E+01 1.3104936600E+01 0.0000000000E+00 0.0000000000E+00 0.0000000000E+00 0.0000000000E+00 0.0000000000E+00 0.0000000000E+00 0.0000000000E+00 0.0000000000E+00 0.0000000000E+00 0.0000000000E+00 0.0000000000E+00 0.0000000000E+00
    10 2012 0.0000000000E+00 0.0000000000E+00 3.0394990580E+01 0.0000000000E+00 3.0394990580E+01 9.0096439120E+00 0.0000000000E+00 0.0000000000E+00 0.0000000000E+00 0.0000000000E+00 0.0000000000E+00 0.0000000000E+00 0.0000000000E+00 0.0000000000E+00 0.0000000000E+00 0.0000000000E+00 0.0000000000E+00 0.0000000000E+00
    11 2012 0.0000000000E+00 0.0000000000E+00 2.2105447700E+01 0.0000000000E+00 2.2105447700E+01 6.5524683000E+00 0.0000000000E+00 0.0000000000E+00 0.0000000000E+00 0.0000000000E+00 0.0000000000E+00 0.0000000000E+00 0.0000000000E+00 0.0000000000E+00 0.0000000000E+00 0.0000000000E+00 0.0000000000E+00 0.0000000000E+00
    12 2012 0.0000000000E+00 0.0000000000E+00 2.2105447700E+01 0.0000000000E+00 2.2105447700E+01 6.5524683000E+00 0.0000000000E+00 0.0000000000E+00 0.0000000000E+00 0.0000000000E+00 0.0000000000E+00 0.0000000000E+00 0.0000000000E+00 0.0000000000E+00 0.0000000000E+00 0.0000000000E+00 0.0000000000E+00 0.0000000000E+00
     1 2013 0.0000000000E+00 0.0000000000E+00 1.9342266730E+01 0.0000000000E+00 1.9342266730E+01 5.7334097620E+00 0.0000000000E+00 0.0000000000E+00 0.0000000000E+00 0.0000000000E+00 0.0000000000E+00 0.0000000000E+00 0.0000000000E+00 0.0000000000E+00 0.0000000000E+00 0.0000000000E+00 0.0000000000E+00 0.0000000000E+00
     2 2013 0.0000000000E+00 0.0000000000E+00 1.3815904810E+01 0.0000000000E+00 1.3815904810E+01 4.0952926870E+00 0.0000000000E+00 0.0000000000E+00 0.0000000000E+00 0.0000000000E+00 0.0000000000E+00 0.0000000000E+00 0.0000000000E+00 0.0000000000E+00 0.0000000000E+00 0.0000000000E+00 0.0000000000E+00 0.0000000000E+00
     3 2013 0.0000000000E+00 0.0000000000E+00 1.1052723850E+01 0.0000000000E+00 1.1052723850E+01 3.2762341500E+00 0.0000000000E+00 0.0000000000E+00 0.0000000000E+00 0.0000000000E+00 0.0000000000E+00 0.0000000000E+00 0.0000000000E+00 0.0000000000E+00 0.0000000000E+00 0.0000000000E+00 0.0000000000E+00 0.0000000000E+00
     4 2013 0.0000000000E+00 0.0000000000E+00 1.3815904810E+01 0.0000000000E+00 1.3815904810E+01 4.0952926870E+00 0.0000000000E+00 0.0000000000E+00 0.0000000000E+00 0.0000000000E+00 0.0000000000E+00 0.0000000000E+00 0.0000000000E+00 0.0000000000E+00 0.0000000000E+00 0.0000000000E+00 0.0000000000E+00 0.0000000000E+00
     5 2013 0.0000000000E+00 0.0000000000E+00 1.6579085770E+01 0.0000000000E+00 1.6579085770E+01 4.9143512250E+00 0.0000000000E+00 0.0000000000E+00 0.0000000000E+00 0.0000000000E+00 0.0000000000E+00 0.0000000000E+00 0.0000000000E+00 0.0000000000E+00 0.0000000000E+00 0.0000000000E+00 0.0000000000E+00 0.0000000000E+00
     6 2013 0.0000000000E+00 0.0000000000E+00 2.7631809620E+01 0.0000000000E+00 2.7631809620E+01 8.1905853740E+00 0.0000000000E+00 0.0000000000E+00 0.0000000000E+00 0.0000000000E+00 0.0000000000E+00 0.0000000000E+00 0.0000000000E+00 0.0000000000E+00 0.0000000000E+00 0.0000000000E+00 0.0000000000E+00 0.0000000000E+00
     7 2013 0.0000000000E+00 0.0000000000E+00 3.0394990580E+01 0.0000000000E+00 3.0394990580E+01 9.0096439120E+00 0.0000000000E+00 0.0000000000E+00 0.0000000000E+00 0.0000000000E+00 0.0000000000E+00 0.0000000000E+00 0.0000000000E+00 0.0000000000E+00 0.0000000000E+00 0.0000000000E+00 0.0000000000E+00 0.0000000000E+00
     8 2013 0.0000000000E+00 0.0000000000E+00 2.4868628660E+01 0.0000000000E+00 2.4868628660E+01 7.3715268370E+00 0.0000000000E+00 0.0000000000E+00 0.0000000000E+00 0.0000000000E+00 0.0000000000E+00 0.0000000000E+00 0.0000000000E+00 0.0000000000E+00 0.0000000000E+00 0.0000000000E+00 0.0000000000E+00 0.0000000000E+00
     9 2013 0.0000000000E+00 0.0000000000E+00 2.4868628660E+01 0.0000000000E+00 2.4868628660E+01 7.3715268370E+00 0.0000000000E+00 0.0000000000E+00 0.0000000000E+00 0.0000000000E+00 0.0000000000E+00 0.0000000000E+00 0.0000000000E+00 0.0000000000E+00 0.0000000000E+00 0.0000000000E+00 0.0000000000E+00 0.0000000000E+00
    10 2013 0.0000000000E+00 0.0000000000E+00 1.9342266730E+01 0.0000000000E+00 1.9342266730E+01 5.7334097620E+00 0.0000000000E+00 0.0000000000E+00 0.0000000000E+00 0.0000000000E+00 0.0000000000E+00 0.0000000000E+00 0.0000000000E+00 0.0000000000E+00 0.0000000000E+00 0.0000000000E+00 0.0000000000E+00 0.0000000000E+00
    11 2013 0.0000000000E+00 0.0000000000E+00 1.6579085770E+01 0.0000000000E+00 1.6579085770E+01 4.9143512250E+00 0.0000000000E+00 0.0000000000E+00 0.0000000000E+00 0.0000000000E+00 0.0000000000E+00 0.0000000000E+00 0.0000000000E+00 0.0000000000E+00 0.0000000000E+00 0.0000000000E+00 0.0000000000E+00 0.0000000000E+00
    12 2013 0.0000000000E+00 0.0000000000E+00 1.6579085770E+01 0.0000000000E+00 1.6579085770E+01 4.9143512250E+00 0.0000000000E+00 0.0000000000E+00 0.0000000000E+00 0.0000000000E+00 0.0000000000E+00 0.0000000000E+00 0.0000000000E+00 0.0000000000E+00 0.0000000000E+00 0.0000000000E+00 0.0000000000E+00 0.0000000000E+00
     1 2014 1.6154200000E+06 0.0000000000E+00 1.1052723850E+01 0.0000000000E+00 1.1052723850E+01 3.2762341500E+00 0.0000000000E+00 0.0000000000E+00 0.0000000000E+00 0.0000000000E+00 0.0000000000E+00 0.0000000000E+00 0.0000000000E+00 0.0000000000E+00 0.0000000000E+00 0.0000000000E+00 0.0000000000E+00 0.0000000000E+00
     2 2014 1.3480990000E+06 0.0000000000E+00 1.1052723850E+01 0.0000000000E+00 1.1052723850E+01 3.2762341500E+00 0.0000000000E+00 0.0000000000E+00 0.0000000000E+00 0.0000000000E+00 0.0000000000E+00 0.0000000000E+00 0.0000000000E+00 0.0000000000E+00 0.0000000000E+00 0.0000000000E+00 0.0000000000E+00 0.0000000000E+00
     3 2014 1.1846300000E+06 0.0000000000E+00 1.3815904810E+01 0.0000000000E+00 1.3815904810E+01 4.0952926870E+00 0.0000000000E+00 0.0000000000E+00 0.0000000000E+00 0.0000000000E+00 0.0000000000E+00 0.0000000000E+00 0.0000000000E+00 0.0000000000E+00 0.0000000000E+00 0.0000000000E+00 0.0000000000E+00 0.0000000000E+00
     4 2014 1.1393560000E+06 0.0000000000E+00 1.1052723850E+01 0.0000000000E+00 1.1052723850E+01 3.2762341500E+00 0.0000000000E+00 0.0000000000E+00 0.0000000000E+00 0.0000000000E+00 0.0000000000E+00 0.0000000000E+00 0.0000000000E+00 0.0000000000E+00 0.0000000000E+00 0.0000000000E+00 0.0000000000E+00 0.0000000000E+00
     5 2014 1.1232000000E+06 0.0000000000E+00 8.2895428860E+00 0.0000000000E+00 8.2895428860E+00 2.4571756120E+00 0.0000000000E+00 0.0000000000E+00 0.0000000000E+00 0.0000000000E+00 0.0000000000E+00 0.0000000000E+00 0.0000000000E+00 0.0000000000E+00 0.0000000000E+00 0.0000000000E+00 0.0000000000E+00 0.0000000000E+00
     6 2014 1.2096000000E+06 0.0000000000E+00 2.4868628660E+01 0.0000000000E+00 2.4868628660E+01 7.3715268370E+00 0.0000000000E+00 0.0000000000E+00 0.0000000000E+00 0.0000000000E+00 0.0000000000E+00 0.0000000000E+00 0.0000000000E+00 0.0000000000E+00 0.0000000000E+00 0.0000000000E+00 0.0000000000E+00 0.0000000000E+00
     7 2014 1.2960000000E+06 0.0000000000E+00 4.6974076350E+01 0.0000000000E+00 4.6974076350E+01 1.3923995140E+01 0.0000000000E+00 0.0000000000E+00 0.0000000000E+00 0.0000000000E+00 0.0000000000E+00 0.0000000000E+00 0.0000000000E+00 0.0000000000E+00 0.0000000000E+00 0.0000000000E+00 0.0000000000E+00 0.0000000000E+00
     8 2014 1.3824000000E+06 0.0000000000E+00 4.9737257310E+01 0.0000000000E+00 4.9737257310E+01 1.4743053670E+01 0.0000000000E+00 0.0000000000E+00 0.0000000000E+00 0.0000000000E+00 0.0000000000E+00 0.0000000000E+00 0.0000000000E+00 0.0000000000E+00 0.0000000000E+00 0.0000000000E+00 0.0000000000E+00 0.0000000000E+00
     9 2014 1.4688000000E+06 0.0000000000E+00 4.4210895390E+01 0.0000000000E+00 4.4210895390E+01 1.3104936600E+01 0.0000000000E+00 0.0000000000E+00 0.0000000000E+00 0.0000000000E+00 0.0000000000E+00 0.0000000000E+00 0.0000000000E+00 0.0000000000E+00 0.0000000000E+00 0.0000000000E+00 0.0000000000E+00 0.0000000000E+00
    10 2014 1.5825020000E+06 0.0000000000E+00 3.0394990580E+01 0.0000000000E+00 3.0394990580E+01 9.0096439120E+00 0.0000000000E+00 0.0000000000E+00 0.0000000000E+00 0.0000000000E+00 0.0000000000E+00 0.0000000000E+00 0.0000000000E+00 0.0000000000E+00 0.0000000000E+00 0.0000000000E+00 0.0000000000E+00 0.0000000000E+00
    11 2014 1.5861310000E+06 0.0000000000E+00 2.2105447700E+01 0.0000000000E+00 2.2105447700E+01 6.5524683000E+00 0.0000000000E+00 0.0000000000E+00 0.0000000000E+00 0.0000000000E+00 0.0000000000E+00 0.0000000000E+00 0.0000000000E+00 0.0000000000E+00 0.0000000000E+00 0.0000000000E+00 0.0000000000E+00 0.0000000000E+00
    12 2014 1.2269660000E+06 0.0000000000E+00 2.2105447700E+01 0.0000000000E+00 2.2105447700E+01 6.5524683000E+00 0.0000000000E+00 0.0000000000E+00 0.0000000000E+00 0.0000000000E+00 0.0000000000E+00 0.0000000000E+00 0.0000000000E+00 0.0000000000E+00 0.0000000000E+00 0.0000000000E+00 0.0000000000E+00 0.0000000000E+00
     1 2015 9.4210500000E+05 0.0000000000E+00 1.9342266730E+01 0.0000000000E+00 1.9342266730E+01 5.7334097620E+00 0.0000000000E+00 0.0000000000E+00 0.0000000000E+00 0.0000000000E+00 0.0000000000E+00 0.0000000000E+00 0.0000000000E+00 0.0000000000E+00 0.0000000000E+00 0.0000000000E+00 0.0000000000E+00 0.0000000000E+00
     2 2015 1.3164760000E+06 0.0000000000E+00 1.3815904810E+01 0.0000000000E+00 1.3815904810E+01 4.0952926870E+00 0.0000000000E+00 0.0000000000E+00 0.0000000000E+00 0.0000000000E+00 0.0000000000E+00 0.0000000000E+00 0.0000000000E+00 0.0000000000E+00 0.0000000000E+00 0.0000000000E+00 0.0000000000E+00 0.0000000000E+00
     3 2015 1.3824000000E+06 0.0000000000E+00 1.1052723850E+01 0.0000000000E+00 1.1052723850E+01 3.2762341500E+00 0.0000000000E+00 0.0000000000E+00 0.0000000000E+00 0.0000000000E+00 0.0000000000E+00 0.0000000000E+00 0.0000000000E+00 0.0000000000E+00 0.0000000000E+00 0.0000000000E+00 0.0000000000E+00 0.0000000000E+00
     4 2015 1.6161980000E+06 0.0000000000E+00 1.3815904810E+01 0.0000000000E+00 1.3815904810E+01 4.0952926870E+00 0.0000000000E+00 0.0000000000E+00 0.0000000000E+00 0.0000000000E+00 0.0000000000E+00 0.0000000000E+00 0.0000000000E+00 0.0000000000E+00 0.0000000000E+00 0.0000000000E+00 0.0000000000E+00 0.0000000000E+00
     5 2015 1.5456090000E+06 0.0000000000E+00 1.6579085770E+01 0.0000000000E+00 1.6579085770E+01 4.9143512250E+00 0.0000000000E+00 0.0000000000E+00 0.0000000000E+00 0.0000000000E+00 0.0000000000E+00 0.0000000000E+00 0.0000000000E+00 0.0000000000E+00 0.0000000000E+00 0.0000000000E+00 0.0000000000E+00 0.0000000000E+00
     6 2015 1.6243200000E+06 0.0000000000E+00 2.7631809620E+01 0.0000000000E+00 2.7631809620E+01 8.1905853740E+00 0.0000000000E+00 0.0000000000E+00 0.0000000000E+00 0.0000000000E+00 0.0000000000E+00 0.0000000000E+00 0.0000000000E+00 0.0000000000E+00 0.0000000000E+00 0.0000000000E+00 0.0000000000E+00 0.0000000000E+00
     7 2015 1.7434650000E+06 0.0000000000E+00 3.0394990580E+01 0.0000000000E+00 3.0394990580E+01 9.0096439120E+00 0.0000000000E+00 0.0000000000E+00 0.0000000000E+00 0.0000000000E+00 0.0000000000E+00 0.0000000000E+00 0.0000000000E+00 0.0000000000E+00 0.0000000000E+00 0.0000000000E+00 0.0000000000E+00 0.0000000000E+00
     8 2015 1.5552000000E+06 0.0000000000E+00 2.4868628660E+01 0.0000000000E+00 2.4868628660E+01 7.3715268370E+00 0.0000000000E+00 0.0000000000E+00 0.0000000000E+00 0.0000000000E+00 0.0000000000E+00 0.0000000000E+00 0.0000000000E+00 0.0000000000E+00 0.0000000000E+00 0.0000000000E+00 0.0000000000E+00 0.0000000000E+00
     9 2015 1.4058140000E+06 0.0000000000E+00 2.4868628660E+01 0.0000000000E+00 2.4868628660E+01 7.3715268370E+00 0.0000000000E+00 0.0000000000E+00 0.0000000000E+00 0.0000000000E+00 0.0000000000E+00 0.0000000000E+00 0.0000000000E+00 0.0000000000E+00 0.0000000000E+00 0.0000000000E+00 0.0000000000E+00 0.0000000000E+00
    10 2015 1.4904000000E+06 0.0000000000E+00 1.9342266730E+01 0.0000000000E+00 1.9342266730E+01 5.7334097620E+00 0.0000000000E+00 0.0000000000E+00 0.0000000000E+00 0.0000000000E+00 0.0000000000E+00 0.0000000000E+00 0.0000000000E+00 0.0000000000E+00 0.0000000000E+00 0.0000000000E+00 0.0000000000E+00 0.0000000000E+00
    11 2015 1.5659130000E+06 0.0000000000E+00 1.6579085770E+01 0.0000000000E+00 1.6579085770E+01 4.9143512250E+00 0.0000000000E+00 0.0000000000E+00 0.0000000000E+00 0.0000000000E+00 0.0000000000E+00 0.0000000000E+00 0.0000000000E+00 0.0000000000E+00 0.0000000000E+00 0.0000000000E+00 0.0000000000E+00 0.0000000000E+00
    12 2015 1.4901400000E+06 0.0000000000E+00 1.6579085770E+01 0.0000000000E+00 1.6579085770E+01 4.9143512250E+00 0.0000000000E+00 0.0000000000E+00 0.0000000000E+00 0.0000000000E+00 0.0000000000E+00 0.0000000000E+00 0.0000000000E+00 0.0000000000E+00 0.0000000000E+00 0.0000000000E+00 0.0000000000E+00 0.0000000000E+00
     1 2016 1.2960000000E+06 0.0000000000E+00 1.1052723850E+01 0.0000000000E+00 1.1052723850E+01 3.2762341500E+00 0.0000000000E+00 0.0000000000E+00 0.0000000000E+00 0.0000000000E+00 0.0000000000E+00 0.0000000000E+00 0.0000000000E+00 0.0000000000E+00 0.0000000000E+00 0.0000000000E+00 0.0000000000E+00 0.0000000000E+00
     2 2016 1.4433120000E+06 0.0000000000E+00 1.1052723850E+01 0.0000000000E+00 1.1052723850E+01 3.2762341500E+00 0.0000000000E+00 0.0000000000E+00 0.0000000000E+00 0.0000000000E+00 0.0000000000E+00 0.0000000000E+00 0.0000000000E+00 0.0000000000E+00 0.0000000000E+00 0.0000000000E+00 0.0000000000E+00 0.0000000000E+00
     3 2016 1.2909880000E+06 0.0000000000E+00 1.3815904810E+01 0.0000000000E+00 1.3815904810E+01 4.0952926870E+00 0.0000000000E+00 0.0000000000E+00 0.0000000000E+00 0.0000000000E+00 0.0000000000E+00 0.0000000000E+00 0.0000000000E+00 0.0000000000E+00 0.0000000000E+00 0.0000000000E+00 0.0000000000E+00 0.0000000000E+00
     4 2016 1.4702680000E+06 0.0000000000E+00 1.1052723850E+01 0.0000000000E+00 1.1052723850E+01 3.2762341500E+00 0.0000000000E+00 0.0000000000E+00 0.0000000000E+00 0.0000000000E+00 0.0000000000E+00 0.0000000000E+00 0.0000000000E+00 0.0000000000E+00 0.0000000000E+00 0.0000000000E+00 0.0000000000E+00 0.0000000000E+00
     5 2016 1.7059680000E+06 0.0000000000E+00 8.2895428860E+00 0.0000000000E+00 8.2895428860E+00 2.4571756120E+00 0.0000000000E+00 0.0000000000E+00 0.0000000000E+00 0.0000000000E+00 0.0000000000E+00 0.0000000000E+00 0.0000000000E+00 0.0000000000E+00 0.0000000000E+00 0.0000000000E+00 0.0000000000E+00 0.0000000000E+00
     6 2016 1.3824000000E+06 0.0000000000E+00 2.4868628660E+01 0.0000000000E+00 2.4868628660E+01 7.3715268370E+00 0.0000000000E+00 0.0000000000E+00 0.0000000000E+00 0.0000000000E+00 0.0000000000E+00 0.0000000000E+00 0.0000000000E+00 0.0000000000E+00 0.0000000000E+00 0.0000000000E+00 0.0000000000E+00 0.0000000000E+00
     7 2016 1.2960000000E+06 0.0000000000E+00 4.6974076350E+01 0.0000000000E+00 4.6974076350E+01 1.3923995140E+01 0.0000000000E+00 0.0000000000E+00 0.0000000000E+00 0.0000000000E+00 0.0000000000E+00 0.0000000000E+00 0.0000000000E+00 0.0000000000E+00 0.0000000000E+00 0.0000000000E+00 0.0000000000E+00 0.0000000000E+00
     8 2016 1.4402010000E+06 0.0000000000E+00 4.9737257310E+01 0.0000000000E+00 4.9737257310E+01 1.4743053670E+01 0.0000000000E+00 0.0000000000E+00 0.0000000000E+00 0.0000000000E+00 0.0000000000E+00 0.0000000000E+00 0.0000000000E+00 0.0000000000E+00 0.0000000000E+00 0.0000000000E+00 0.0000000000E+00 0.0000000000E+00
     9 2016 1.3660700000E+06 0.0000000000E+00 4.4210895390E+01 0.0000000000E+00 4.4210895390E+01 1.3104936600E+01 0.0000000000E+00 0.0000000000E+00 0.0000000000E+00 0.0000000000E+00 0.0000000000E+00 0.0000000000E+00 0.0000000000E+00 0.0000000000E+00 0.0000000000E+00 0.0000000000E+00 0.0000000000E+00 0.0000000000E+00
    10 2016 1.5355000000E+06 0.0000000000E+00 3.0394990580E+01 0.0000000000E+00 3.0394990580E+01 9.0096439120E+00 0.0000000000E+00 0.0000000000E+00 0.0000000000E+00 0.0000000000E+00 0.0000000000E+00 0.0000000000E+00 0.0000000000E+00 0.0000000000E+00 0.0000000000E+00 0.0000000000E+00 0.0000000000E+00 0.0000000000E+00
    11 2016 1.7280000000E+06 0.0000000000E+00 2.2105447700E+01 0.0000000000E+00 2.2105447700E+01 6.5524683000E+00 0.0000000000E+00 0.0000000000E+00 0.0000000000E+00 0.0000000000E+00 0.0000000000E+00 0.0000000000E+00 0.0000000000E+00 0.0000000000E+00 0.0000000000E+00 0.0000000000E+00 0.0000000000E+00 0.0000000000E+00
    12 2016 1.6908480000E+06 0.0000000000E+00 2.2105447700E+01 0.0000000000E+00 2.2105447700E+01 6.5524683000E+00 0.0000000000E+00 0.0000000000E+00 0.0000000000E+00 0.0000000000E+00 0.0000000000E+00 0.0000000000E+00 0.0000000000E+00 0.0000000000E+00 0.0000000000E+00 0.0000000000E+00 0.0000000000E+00 0.0000000000E+00
     1 2017 1.6416000000E+06 0.0000000000E+00 1.9342266730E+01 0.0000000000E+00 1.9342266730E+01 5.7334097620E+00 0.0000000000E+00 0.0000000000E+00 0.0000000000E+00 0.0000000000E+00 0.0000000000E+00 0.0000000000E+00 0.0000000000E+00 0.0000000000E+00 0.0000000000E+00 0.0000000000E+00 0.0000000000E+00 0.0000000000E+00
     2 2017 1.5552000000E+06 0.0000000000E+00 1.3815904810E+01 0.0000000000E+00 1.3815904810E+01 4.0952926870E+00 0.0000000000E+00 0.0000000000E+00 0.0000000000E+00 0.0000000000E+00 0.0000000000E+00 0.0000000000E+00 0.0000000000E+00 0.0000000000E+00 0.0000000000E+00 0.0000000000E+00 0.0000000000E+00 0.0000000000E+00
     3 2017 1.7036350000E+06 0.0000000000E+00 1.1052723850E+01 0.0000000000E+00 1.1052723850E+01 3.2762341500E+00 0.0000000000E+00 0.0000000000E+00 0.0000000000E+00 0.0000000000E+00 0.0000000000E+00 0.0000000000E+00 0.0000000000E+00 0.0000000000E+00 0.0000000000E+00 0.0000000000E+00 0.0000000000E+00 0.0000000000E+00
     4 2017 1.7296410000E+06 0.0000000000E+00 1.3815904810E+01 0.0000000000E+00 1.3815904810E+01 4.0952926870E+00 0.0000000000E+00 0.0000000000E+00 0.0000000000E+00 0.0000000000E+00 0.0000000000E+00 0.0000000000E+00 0.0000000000E+00 0.0000000000E+00 0.0000000000E+00 0.0000000000E+00 0.0000000000E+00 0.0000000000E+00
     5 2017 1.6448830000E+06 0.0000000000E+00 1.6579085770E+01 0.0000000000E+00 1.6579085770E+01 4.9143512250E+00 0.0000000000E+00 0.0000000000E+00 0.0000000000E+00 0.0000000000E+00 0.0000000000E+00 0.0000000000E+00 0.0000000000E+00 0.0000000000E+00 0.0000000000E+00 0.0000000000E+00 0.0000000000E+00 0.0000000000E+00
     6 2017 1.5575320000E+06 0.0000000000E+00 2.7631809620E+01 0.0000000000E+00 2.7631809620E+01 8.1905853740E+00 0.0000000000E+00 0.0000000000E+00 0.0000000000E+00 0.0000000000E+00 0.0000000000E+00 0.0000000000E+00 0.0000000000E+00 0.0000000000E+00 0.0000000000E+00 0.0000000000E+00 0.0000000000E+00 0.0000000000E+00
     7 2017 1.8144000000E+06 0.0000000000E+00 3.0394990580E+01 0.0000000000E+00 3.0394990580E+01 9.0096439120E+00 0.0000000000E+00 0.0000000000E+00 0.0000000000E+00 0.0000000000E+00 0.0000000000E+00 0.0000000000E+00 0.0000000000E+00 0.0000000000E+00 0.0000000000E+00 0.0000000000E+00 0.0000000000E+00 0.0000000000E+00
     8 2017 1.9008000000E+06 0.0000000000E+00 2.4868628660E+01 0.0000000000E+00 2.4868628660E+01 7.3715268370E+00 0.0000000000E+00 0.0000000000E+00 0.0000000000E+00 0.0000000000E+00 0.0000000000E+00 0.0000000000E+00 0.0000000000E+00 0.0000000000E+00 0.0000000000E+00 0.0000000000E+00 0.0000000000E+00 0.0000000000E+00
     9 2017 1.8144000000E+06 0.0000000000E+00 2.4868628660E+01 0.0000000000E+00 2.4868628660E+01 7.3715268370E+00 0.0000000000E+00 0.0000000000E+00 0.0000000000E+00 0.0000000000E+00 0.0000000000E+00 0.0000000000E+00 0.0000000000E+00 0.0000000000E+00 0.0000000000E+00 0.0000000000E+00 0.0000000000E+00 0.0000000000E+00
    10 2017 1.7280000000E+06 0.0000000000E+00 1.9342266730E+01 0.0000000000E+00 1.9342266730E+01 5.7334097620E+00 0.0000000000E+00 0.0000000000E+00 0.0000000000E+00 0.0000000000E+00 0.0000000000E+00 0.0000000000E+00 0.0000000000E+00 0.0000000000E+00 0.0000000000E+00 0.0000000000E+00 0.0000000000E+00 0.0000000000E+00
    11 2017 1.9008000000E+06 0.0000000000E+00 1.6579085770E+01 0.0000000000E+00 1.6579085770E+01 4.9143512250E+00 0.0000000000E+00 0.0000000000E+00 0.0000000000E+00 0.0000000000E+00 0.0000000000E+00 0.0000000000E+00 0.0000000000E+00 0.0000000000E+00 0.0000000000E+00 0.0000000000E+00 0.0000000000E+00 0.0000000000E+00
    12 2017 1.7280000000E+06 0.0000000000E+00 1.6579085770E+01 0.0000000000E+00 1.6579085770E+01 4.9143512250E+00 0.0000000000E+00 0.0000000000E+00 0.0000000000E+00 0.0000000000E+00 0.0000000000E+00 0.0000000000E+00 0.0000000000E+00 0.0000000000E+00 0.0000000000E+00 0.0000000000E+00 0.0000000000E+00 0.0000000000E+00
     1 2018 1.6416000000E+06 0.0000000000E+00 1.1052723850E+01 0.0000000000E+00 1.1052723850E+01 3.2762341500E+00 0.0000000000E+00 0.0000000000E+00 0.0000000000E+00 0.0000000000E+00 0.0000000000E+00 0.0000000000E+00 0.0000000000E+00 0.0000000000E+00 0.0000000000E+00 0.0000000000E+00 0.0000000000E+00 0.0000000000E+00
     2 2018 1.6242330000E+06 0.0000000000E+00 1.1052723850E+01 0.0000000000E+00 1.1052723850E+01 3.2762341500E+00 0.0000000000E+00 0.0000000000E+00 0.0000000000E+00 0.0000000000E+00 0.0000000000E+00 0.0000000000E+00 0.0000000000E+00 0.0000000000E+00 0.0000000000E+00 0.0000000000E+00 0.0000000000E+00 0.0000000000E+00
     3 2018 1.4595550000E+06 0.0000000000E+00 1.3815904810E+01 0.0000000000E+00 1.3815904810E+01 4.0952926870E+00 0.0000000000E+00 0.0000000000E+00 0.0000000000E+00 0.0000000000E+00 0.0000000000E+00 0.0000000000E+00 0.0000000000E+00 0.0000000000E+00 0.0000000000E+00 0.0000000000E+00 0.0000000000E+00 0.0000000000E+00
     4 2018 1.5298840000E+06 0.0000000000E+00 1.1052723850E+01 0.0000000000E+00 1.1052723850E+01 3.2762341500E+00 0.0000000000E+00 0.0000000000E+00 0.0000000000E+00 0.0000000000E+00 0.0000000000E+00 0.0000000000E+00 0.0000000000E+00 0.0000000000E+00 0.0000000000E+00 0.0000000000E+00 0.0000000000E+00 0.0000000000E+00
     5 2018 1.2958270000E+06 0.0000000000E+00 8.2895428860E+00 0.0000000000E+00 8.2895428860E+00 2.4571756120E+00 0.0000000000E+00 0.0000000000E+00 0.0000000000E+00 0.0000000000E+00 0.0000000000E+00 0.0000000000E+00 0.0000000000E+00 0.0000000000E+00 0.0000000000E+00 0.0000000000E+00 0.0000000000E+00 0.0000000000E+00
     6 2018 1.3949280000E+06 0.0000000000E+00 2.4868628660E+01 0.0000000000E+00 2.4868628660E+01 7.3715268370E+00 0.0000000000E+00 0.0000000000E+00 0.0000000000E+00 0.0000000000E+00 0.0000000000E+00 0.0000000000E+00 0.0000000000E+00 0.0000000000E+00 0.0000000000E+00 0.0000000000E+00 0.0000000000E+00 0.0000000000E+00
     7 2018 1.2960000000E+06 0.0000000000E+00 4.6974076350E+01 0.0000000000E+00 4.6974076350E+01 1.3923995140E+01 0.0000000000E+00 0.0000000000E+00 0.0000000000E+00 0.0000000000E+00 0.0000000000E+00 0.0000000000E+00 0.0000000000E+00 0.0000000000E+00 0.0000000000E+00 0.0000000000E+00 0.0000000000E+00 0.0000000000E+00
     8 2018 1.3824000000E+06 0.0000000000E+00 4.9737257310E+01 0.0000000000E+00 4.9737257310E+01 1.4743053670E+01 0.0000000000E+00 0.0000000000E+00 0.0000000000E+00 0.0000000000E+00 0.0000000000E+00 0.0000000000E+00 0.0000000000E+00 0.0000000000E+00 0.0000000000E+00 0.0000000000E+00 0.0000000000E+00 0.0000000000E+00
     9 2018 1.5552000000E+06 0.0000000000E+00 4.4210895390E+01 0.0000000000E+00 4.4210895390E+01 1.3104936600E+01 0.0000000000E+00 0.0000000000E+00 0.0000000000E+00 0.0000000000E+00 0.0000000000E+00 0.0000000000E+00 0.0000000000E+00 0.0000000000E+00 0.0000000000E+00 0.0000000000E+00 0.0000000000E+00 0.0000000000E+00
    10 2018 1.6848000000E+06 0.0000000000E+00 3.0394990580E+01 0.0000000000E+00 3.0394990580E+01 9.0096439120E+00 0.0000000000E+00 0.0000000000E+00 0.0000000000E+00 0.0000000000E+00 0.0000000000E+00 0.0000000000E+00 0.0000000000E+00 0.0000000000E+00 0.0000000000E+00 0.0000000000E+00 0.0000000000E+00 0.0000000000E+00
    11 2018 1.7280000000E+06 0.0000000000E+00 2.2105447700E+01 0.0000000000E+00 2.2105447700E+01 6.5524683000E+00 0.0000000000E+00 0.0000000000E+00 0.0000000000E+00 0.0000000000E+00 0.0000000000E+00 0.0000000000E+00 0.0000000000E+00 0.0000000000E+00 0.0000000000E+00 0.0000000000E+00 0.0000000000E+00 0.0000000000E+00
    12 2018 1.3451610000E+06 0.0000000000E+00 2.2105447700E+01 0.0000000000E+00 2.2105447700E+01 6.5524683000E+00 0.0000000000E+00 0.0000000000E+00 0.0000000000E+00 0.0000000000E+00 0.0000000000E+00 0.0000000000E+00 0.0000000000E+00 0.0000000000E+00 0.0000000000E+00 0.0000000000E+00 0.0000000000E+00 0.0000000000E+00
     1 2019 0.0000000000E+00 0.0000000000E+00 1.9342266730E+01 0.0000000000E+00 1.9342266730E+01 5.7334097620E+00 0.0000000000E+00 0.0000000000E+00 0.0000000000E+00 0.0000000000E+00 0.0000000000E+00 0.0000000000E+00 0.0000000000E+00 0.0000000000E+00 0.0000000000E+00 0.0000000000E+00 0.0000000000E+00 0.0000000000E+00
     2 2019 0.0000000000E+00 0.0000000000E+00 1.3815904810E+01 0.0000000000E+00 1.3815904810E+01 4.0952926870E+00 0.0000000000E+00 0.0000000000E+00 0.0000000000E+00 0.0000000000E+00 0.0000000000E+00 0.0000000000E+00 0.0000000000E+00 0.0000000000E+00 0.0000000000E+00 0.0000000000E+00 0.0000000000E+00 0.0000000000E+00
     3 2019 0.0000000000E+00 0.0000000000E+00 1.1052723850E+01 0.0000000000E+00 1.1052723850E+01 3.2762341500E+00 0.0000000000E+00 0.0000000000E+00 0.0000000000E+00 0.0000000000E+00 0.0000000000E+00 0.0000000000E+00 0.0000000000E+00 0.0000000000E+00 0.0000000000E+00 0.0000000000E+00 0.0000000000E+00 0.0000000000E+00
     4 2019 0.0000000000E+00 0.0000000000E+00 1.3815904810E+01 0.0000000000E+00 1.3815904810E+01 4.0952926870E+00 0.0000000000E+00 0.0000000000E+00 0.0000000000E+00 0.0000000000E+00 0.0000000000E+00 0.0000000000E+00 0.0000000000E+00 0.0000000000E+00 0.0000000000E+00 0.0000000000E+00 0.0000000000E+00 0.0000000000E+00
     5 2019 0.0000000000E+00 0.0000000000E+00 1.6579085770E+01 0.0000000000E+00 1.6579085770E+01 4.9143512250E+00 0.0000000000E+00 0.0000000000E+00 0.0000000000E+00 0.0000000000E+00 0.0000000000E+00 0.0000000000E+00 0.0000000000E+00 0.0000000000E+00 0.0000000000E+00 0.0000000000E+00 0.0000000000E+00 0.0000000000E+00
     6 2019 0.0000000000E+00 0.0000000000E+00 2.7631809620E+01 0.0000000000E+00 2.7631809620E+01 8.1905853740E+00 0.0000000000E+00 0.0000000000E+00 0.0000000000E+00 0.0000000000E+00 0.0000000000E+00 0.0000000000E+00 0.0000000000E+00 0.0000000000E+00 0.0000000000E+00 0.0000000000E+00 0.0000000000E+00 0.0000000000E+00
     7 2019 0.0000000000E+00 0.0000000000E+00 3.0394990580E+01 0.0000000000E+00 3.0394990580E+01 9.0096439120E+00 0.0000000000E+00 0.0000000000E+00 0.0000000000E+00 0.0000000000E+00 0.0000000000E+00 0.0000000000E+00 0.0000000000E+00 0.0000000000E+00 0.0000000000E+00 0.0000000000E+00 0.0000000000E+00 0.0000000000E+00
     8 2019 0.0000000000E+00 0.0000000000E+00 2.4868628660E+01 0.0000000000E+00 2.4868628660E+01 7.3715268370E+00 0.0000000000E+00 0.0000000000E+00 0.0000000000E+00 0.0000000000E+00 0.0000000000E+00 0.0000000000E+00 0.0000000000E+00 0.0000000000E+00 0.0000000000E+00 0.0000000000E+00 0.0000000000E+00 0.0000000000E+00
     9 2019 0.0000000000E+00 0.0000000000E+00 2.4868628660E+01 0.0000000000E+00 2.4868628660E+01 7.3715268370E+00 0.0000000000E+00 0.0000000000E+00 0.0000000000E+00 0.0000000000E+00 0.0000000000E+00 0.0000000000E+00 0.0000000000E+00 0.0000000000E+00 0.0000000000E+00 0.0000000000E+00 0.0000000000E+00 0.0000000000E+00
    10 2019 0.0000000000E+00 0.0000000000E+00 1.9342266730E+01 0.0000000000E+00 1.9342266730E+01 5.7334097620E+00 0.0000000000E+00 0.0000000000E+00 0.0000000000E+00 0.0000000000E+00 0.0000000000E+00 0.0000000000E+00 0.0000000000E+00 0.0000000000E+00 0.0000000000E+00 0.0000000000E+00 0.0000000000E+00 0.0000000000E+00
    11 2019 0.0000000000E+00 0.0000000000E+00 1.6579085770E+01 0.0000000000E+00 1.6579085770E+01 4.9143512250E+00 0.0000000000E+00 0.0000000000E+00 0.0000000000E+00 0.0000000000E+00 0.0000000000E+00 0.0000000000E+00 0.0000000000E+00 0.0000000000E+00 0.0000000000E+00 0.0000000000E+00 0.0000000000E+00 0.0000000000E+00
    12 2019 0.0000000000E+00 0.0000000000E+00 1.6579085770E+01 0.0000000000E+00 1.6579085770E+01 4.9143512250E+00 0.0000000000E+00 0.0000000000E+00 0.0000000000E+00 0.0000000000E+00 0.0000000000E+00 0.0000000000E+00 0.0000000000E+00 0.0000000000E+00 0.0000000000E+00 0.0000000000E+00 0.0000000000E+00 0.0000000000E+00
     1 2020 0.0000000000E+00 0.0000000000E+00 1.1052723850E+01 0.0000000000E+00 1.1052723850E+01 3.2762341500E+00 0.0000000000E+00 0.0000000000E+00 0.0000000000E+00 0.0000000000E+00 0.0000000000E+00 0.0000000000E+00 0.0000000000E+00 0.0000000000E+00 0.0000000000E+00 0.0000000000E+00 0.0000000000E+00 0.0000000000E+00
     2 2020 0.0000000000E+00 0.0000000000E+00 1.1052723850E+01 0.0000000000E+00 1.1052723850E+01 3.2762341500E+00 0.0000000000E+00 0.0000000000E+00 0.0000000000E+00 0.0000000000E+00 0.0000000000E+00 0.0000000000E+00 0.0000000000E+00 0.0000000000E+00 0.0000000000E+00 0.0000000000E+00 0.0000000000E+00 0.0000000000E+00
     3 2020 0.0000000000E+00 0.0000000000E+00 1.3815904810E+01 0.0000000000E+00 1.3815904810E+01 4.0952926870E+00 0.0000000000E+00 0.0000000000E+00 0.0000000000E+00 0.0000000000E+00 0.0000000000E+00 0.0000000000E+00 0.0000000000E+00 0.0000000000E+00 0.0000000000E+00 0.0000000000E+00 0.0000000000E+00 0.0000000000E+00
     4 2020 0.0000000000E+00 0.0000000000E+00 1.1052723850E+01 0.0000000000E+00 1.1052723850E+01 3.2762341500E+00 0.0000000000E+00 0.0000000000E+00 0.0000000000E+00 0.0000000000E+00 0.0000000000E+00 0.0000000000E+00 0.0000000000E+00 0.0000000000E+00 0.0000000000E+00 0.0000000000E+00 0.0000000000E+00 0.0000000000E+00
     5 2020 0.0000000000E+00 0.0000000000E+00 8.2895428860E+00 0.0000000000E+00 8.2895428860E+00 2.4571756120E+00 0.0000000000E+00 0.0000000000E+00 0.0000000000E+00 0.0000000000E+00 0.0000000000E+00 0.0000000000E+00 0.0000000000E+00 0.0000000000E+00 0.0000000000E+00 0.0000000000E+00 0.0000000000E+00 0.0000000000E+00
     6 2020 0.0000000000E+00 0.0000000000E+00 2.4868628660E+01 0.0000000000E+00 2.4868628660E+01 7.3715268370E+00 0.0000000000E+00 0.0000000000E+00 0.0000000000E+00 0.0000000000E+00 0.0000000000E+00 0.0000000000E+00 0.0000000000E+00 0.0000000000E+00 0.0000000000E+00 0.0000000000E+00 0.0000000000E+00 0.0000000000E+00
     7 2020 0.0000000000E+00 0.0000000000E+00 4.6974076350E+01 0.0000000000E+00 4.6974076350E+01 1.3923995140E+01 0.0000000000E+00 0.0000000000E+00 0.0000000000E+00 0.0000000000E+00 0.0000000000E+00 0.0000000000E+00 0.0000000000E+00 0.0000000000E+00 0.0000000000E+00 0.0000000000E+00 0.0000000000E+00 0.0000000000E+00
     8 2020 0.0000000000E+00 0.0000000000E+00 4.9737257310E+01 0.0000000000E+00 4.9737257310E+01 1.4743053670E+01 0.0000000000E+00 0.0000000000E+00 0.0000000000E+00 0.0000000000E+00 0.0000000000E+00 0.0000000000E+00 0.0000000000E+00 0.0000000000E+00 0.0000000000E+00 0.0000000000E+00 0.0000000000E+00 0.0000000000E+00
     9 2020 0.0000000000E+00 0.0000000000E+00 4.4210895390E+01 0.0000000000E+00 4.4210895390E+01 1.3104936600E+01 0.0000000000E+00 0.0000000000E+00 0.0000000000E+00 0.0000000000E+00 0.0000000000E+00 0.0000000000E+00 0.0000000000E+00 0.0000000000E+00 0.0000000000E+00 0.0000000000E+00 0.0000000000E+00 0.0000000000E+00
    10 2020 0.0000000000E+00 0.0000000000E+00 3.0394990580E+01 0.0000000000E+00 3.0394990580E+01 9.0096439120E+00 0.0000000000E+00 0.0000000000E+00 0.0000000000E+00 0.0000000000E+00 0.0000000000E+00 0.0000000000E+00 0.0000000000E+00 0.0000000000E+00 0.0000000000E+00 0.0000000000E+00 0.0000000000E+00 0.0000000000E+00
    11 2020 0.0000000000E+00 0.0000000000E+00 2.2105447700E+01 0.0000000000E+00 2.2105447700E+01 6.5524683000E+00 0.0000000000E+00 0.0000000000E+00 0.0000000000E+00 0.0000000000E+00 0.0000000000E+00 0.0000000000E+00 0.0000000000E+00 0.0000000000E+00 0.0000000000E+00 0.0000000000E+00 0.0000000000E+00 0.0000000000E+00
    12 2020 0.0000000000E+00 0.0000000000E+00 2.2105447700E+01 0.0000000000E+00 2.2105447700E+01 6.5524683000E+00 0.0000000000E+00 0.0000000000E+00 0.0000000000E+00 0.0000000000E+00 0.0000000000E+00 0.0000000000E+00 0.0000000000E+00 0.0000000000E+00 0.0000000000E+00 0.0000000000E+00 0.0000000000E+00 0.0000000000E+00
     1 2021 0.0000000000E+00 0.0000000000E+00 1.9342266730E+01 0.0000000000E+00 1.9342266730E+01 5.7334097620E+00 0.0000000000E+00 0.0000000000E+00 0.0000000000E+00 0.0000000000E+00 0.0000000000E+00 0.0000000000E+00 0.0000000000E+00 0.0000000000E+00 0.0000000000E+00 0.0000000000E+00 0.0000000000E+00 0.0000000000E+00
     2 2021 0.0000000000E+00 0.0000000000E+00 1.3815904810E+01 0.0000000000E+00 1.3815904810E+01 4.0952926870E+00 0.0000000000E+00 0.0000000000E+00 0.0000000000E+00 0.0000000000E+00 0.0000000000E+00 0.0000000000E+00 0.0000000000E+00 0.0000000000E+00 0.0000000000E+00 0.0000000000E+00 0.0000000000E+00 0.0000000000E+00
     3 2021 0.0000000000E+00 0.0000000000E+00 1.1052723850E+01 0.0000000000E+00 1.1052723850E+01 3.2762341500E+00 0.0000000000E+00 0.0000000000E+00 0.0000000000E+00 0.0000000000E+00 0.0000000000E+00 0.0000000000E+00 0.0000000000E+00 0.0000000000E+00 0.0000000000E+00 0.0000000000E+00 0.0000000000E+00 0.0000000000E+00
     4 2021 0.0000000000E+00 0.0000000000E+00 1.3815904810E+01 0.0000000000E+00 1.3815904810E+01 4.0952926870E+00 0.0000000000E+00 0.0000000000E+00 0.0000000000E+00 0.0000000000E+00 0.0000000000E+00 0.0000000000E+00 0.0000000000E+00 0.0000000000E+00 0.0000000000E+00 0.0000000000E+00 0.0000000000E+00 0.0000000000E+00
     5 2021 0.0000000000E+00 0.0000000000E+00 1.6579085770E+01 0.0000000000E+00 1.6579085770E+01 4.9143512250E+00 0.0000000000E+00 0.0000000000E+00 0.0000000000E+00 0.0000000000E+00 0.0000000000E+00 0.0000000000E+00 0.0000000000E+00 0.0000000000E+00 0.0000000000E+00 0.0000000000E+00 0.0000000000E+00 0.0000000000E+00
     6 2021 0.0000000000E+00 0.0000000000E+00 2.7631809620E+01 0.0000000000E+00 2.7631809620E+01 8.1905853740E+00 0.0000000000E+00 0.0000000000E+00 0.0000000000E+00 0.0000000000E+00 0.0000000000E+00 0.0000000000E+00 0.0000000000E+00 0.0000000000E+00 0.0000000000E+00 0.0000000000E+00 0.0000000000E+00 0.0000000000E+00
     7 2021 0.0000000000E+00 0.0000000000E+00 3.0394990580E+01 0.0000000000E+00 3.0394990580E+01 9.0096439120E+00 0.0000000000E+00 0.0000000000E+00 0.0000000000E+00 0.0000000000E+00 0.0000000000E+00 0.0000000000E+00 0.0000000000E+00 0.0000000000E+00 0.0000000000E+00 0.0000000000E+00 0.0000000000E+00 0.0000000000E+00
     8 2021 0.0000000000E+00 0.0000000000E+00 2.4868628660E+01 0.0000000000E+00 2.4868628660E+01 7.3715268370E+00 0.0000000000E+00 0.0000000000E+00 0.0000000000E+00 0.0000000000E+00 0.0000000000E+00 0.0000000000E+00 0.0000000000E+00 0.0000000000E+00 0.0000000000E+00 0.0000000000E+00 0.0000000000E+00 0.0000000000E+00
     9 2021 0.0000000000E+00 0.0000000000E+00 2.4868628660E+01 0.0000000000E+00 2.4868628660E+01 7.3715268370E+00 0.0000000000E+00 0.0000000000E+00 0.0000000000E+00 0.0000000000E+00 0.0000000000E+00 0.0000000000E+00 0.0000000000E+00 0.0000000000E+00 0.0000000000E+00 0.0000000000E+00 0.0000000000E+00 0.0000000000E+00
    10 2021 0.0000000000E+00 0.0000000000E+00 1.9342266730E+01 0.0000000000E+00 1.9342266730E+01 5.7334097620E+00 0.0000000000E+00 0.0000000000E+00 0.0000000000E+00 0.0000000000E+00 0.0000000000E+00 0.0000000000E+00 0.0000000000E+00 0.0000000000E+00 0.0000000000E+00 0.0000000000E+00 0.0000000000E+00 0.0000000000E+00
    11 2021 0.0000000000E+00 0.0000000000E+00 1.6579085770E+01 0.0000000000E+00 1.6579085770E+01 4.9143512250E+00 0.0000000000E+00 0.0000000000E+00 0.0000000000E+00 0.0000000000E+00 0.0000000000E+00 0.0000000000E+00 0.0000000000E+00 0.0000000000E+00 0.0000000000E+00 0.0000000000E+00 0.0000000000E+00 0.0000000000E+00
    12 2021 0.0000000000E+00 0.0000000000E+00 1.6579085770E+01 0.0000000000E+00 1.6579085770E+01 4.9143512250E+00 0.0000000000E+00 0.0000000000E+00 0.0000000000E+00 0.0000000000E+00 0.0000000000E+00 0.0000000000E+00 0.0000000000E+00 0.0000000000E+00 0.0000000000E+00 0.0000000000E+00 0.0000000000E+00 0.0000000000E+00
     1 2022 0.0000000000E+00 0.0000000000E+00 1.1052723850E+01 0.0000000000E+00 1.1052723850E+01 3.2762341500E+00 0.0000000000E+00 0.0000000000E+00 0.0000000000E+00 0.0000000000E+00 0.0000000000E+00 0.0000000000E+00 0.0000000000E+00 0.0000000000E+00 0.0000000000E+00 0.0000000000E+00 0.0000000000E+00 0.0000000000E+00
     2 2022 0.0000000000E+00 0.0000000000E+00 1.1052723850E+01 0.0000000000E+00 1.1052723850E+01 3.2762341500E+00 0.0000000000E+00 0.0000000000E+00 0.0000000000E+00 0.0000000000E+00 0.0000000000E+00 0.0000000000E+00 0.0000000000E+00 0.0000000000E+00 0.0000000000E+00 0.0000000000E+00 0.0000000000E+00 0.0000000000E+00
     3 2022 0.0000000000E+00 0.0000000000E+00 1.3815904810E+01 0.0000000000E+00 1.3815904810E+01 4.0952926870E+00 0.0000000000E+00 0.0000000000E+00 0.0000000000E+00 0.0000000000E+00 0.0000000000E+00 0.0000000000E+00 0.0000000000E+00 0.0000000000E+00 0.0000000000E+00 0.0000000000E+00 0.0000000000E+00 0.0000000000E+00
     4 2022 0.0000000000E+00 0.0000000000E+00 1.1052723850E+01 0.0000000000E+00 1.1052723850E+01 3.2762341500E+00 0.0000000000E+00 0.0000000000E+00 0.0000000000E+00 0.0000000000E+00 0.0000000000E+00 0.0000000000E+00 0.0000000000E+00 0.0000000000E+00 0.0000000000E+00 0.0000000000E+00 0.0000000000E+00 0.0000000000E+00
     5 2022 0.0000000000E+00 0.0000000000E+00 8.2895428860E+00 0.0000000000E+00 8.2895428860E+00 2.4571756120E+00 0.0000000000E+00 0.0000000000E+00 0.0000000000E+00 0.0000000000E+00 0.0000000000E+00 0.0000000000E+00 0.0000000000E+00 0.0000000000E+00 0.0000000000E+00 0.0000000000E+00 0.0000000000E+00 0.0000000000E+00
     6 2022 0.0000000000E+00 0.0000000000E+00 2.4868628660E+01 0.0000000000E+00 2.4868628660E+01 7.3715268370E+00 0.0000000000E+00 0.0000000000E+00 0.0000000000E+00 0.0000000000E+00 0.0000000000E+00 0.0000000000E+00 0.0000000000E+00 0.0000000000E+00 0.0000000000E+00 0.0000000000E+00 0.0000000000E+00 0.0000000000E+00
     7 2022 0.0000000000E+00 0.0000000000E+00 4.6974076350E+01 0.0000000000E+00 4.6974076350E+01 1.3923995140E+01 0.0000000000E+00 0.0000000000E+00 0.0000000000E+00 0.0000000000E+00 0.0000000000E+00 0.0000000000E+00 0.0000000000E+00 0.0000000000E+00 0.0000000000E+00 0.0000000000E+00 0.0000000000E+00 0.0000000000E+00
     8 2022 0.0000000000E+00 0.0000000000E+00 4.9737257310E+01 0.0000000000E+00 4.9737257310E+01 1.4743053670E+01 0.0000000000E+00 0.0000000000E+00 0.0000000000E+00 0.0000000000E+00 0.0000000000E+00 0.0000000000E+00 0.0000000000E+00 0.0000000000E+00 0.0000000000E+00 0.0000000000E+00 0.0000000000E+00 0.0000000000E+00
     9 2022 0.0000000000E+00 0.0000000000E+00 4.4210895390E+01 0.0000000000E+00 4.4210895390E+01 1.3104936600E+01 0.0000000000E+00 0.0000000000E+00 0.0000000000E+00 0.0000000000E+00 0.0000000000E+00 0.0000000000E+00 0.0000000000E+00 0.0000000000E+00 0.0000000000E+00 0.0000000000E+00 0.0000000000E+00 0.0000000000E+00
    10 2022 0.0000000000E+00 0.0000000000E+00 3.0394990580E+01 0.0000000000E+00 3.0394990580E+01 9.0096439120E+00 0.0000000000E+00 0.0000000000E+00 0.0000000000E+00 0.0000000000E+00 0.0000000000E+00 0.0000000000E+00 0.0000000000E+00 0.0000000000E+00 0.0000000000E+00 0.0000000000E+00 0.0000000000E+00 0.0000000000E+00
    11 2022 0.0000000000E+00 0.0000000000E+00 2.2105447700E+01 0.0000000000E+00 2.2105447700E+01 6.5524683000E+00 0.0000000000E+00 0.0000000000E+00 0.0000000000E+00 0.0000000000E+00 0.0000000000E+00 0.0000000000E+00 0.0000000000E+00 0.0000000000E+00 0.0000000000E+00 0.0000000000E+00 0.0000000000E+00 0.0000000000E+00
    12 2022 0.0000000000E+00 0.0000000000E+00 2.2105447700E+01 0.0000000000E+00 2.2105447700E+01 6.5524683000E+00 0.0000000000E+00 0.0000000000E+00 0.0000000000E+00 0.0000000000E+00 0.0000000000E+00 0.0000000000E+00 0.0000000000E+00 0.0000000000E+00 0.0000000000E+00 0.0000000000E+00 0.0000000000E+00 0.0000000000E+00
     1 2023 0.0000000000E+00 0.0000000000E+00 1.9342266730E+01 0.0000000000E+00 1.9342266730E+01 5.7334097620E+00 0.0000000000E+00 0.0000000000E+00 0.0000000000E+00 0.0000000000E+00 0.0000000000E+00 0.0000000000E+00 0.0000000000E+00 0.0000000000E+00 0.0000000000E+00 0.0000000000E+00 0.0000000000E+00 0.0000000000E+00
     2 2023 0.0000000000E+00 0.0000000000E+00 1.3815904810E+01 0.0000000000E+00 1.3815904810E+01 4.0952926870E+00 0.0000000000E+00 0.0000000000E+00 0.0000000000E+00 0.0000000000E+00 0.0000000000E+00 0.0000000000E+00 0.0000000000E+00 0.0000000000E+00 0.0000000000E+00 0.0000000000E+00 0.0000000000E+00 0.0000000000E+00
     3 2023 0.0000000000E+00 0.0000000000E+00 1.1052723850E+01 0.0000000000E+00 1.1052723850E+01 3.2762341500E+00 0.0000000000E+00 0.0000000000E+00 0.0000000000E+00 0.0000000000E+00 0.0000000000E+00 0.0000000000E+00 0.0000000000E+00 0.0000000000E+00 0.0000000000E+00 0.0000000000E+00 0.0000000000E+00 0.0000000000E+00
     4 2023 0.0000000000E+00 0.0000000000E+00 1.3815904810E+01 0.0000000000E+00 1.3815904810E+01 4.0952926870E+00 0.0000000000E+00 0.0000000000E+00 0.0000000000E+00 0.0000000000E+00 0.0000000000E+00 0.0000000000E+00 0.0000000000E+00 0.0000000000E+00 0.0000000000E+00 0.0000000000E+00 0.0000000000E+00 0.0000000000E+00
     5 2023 0.0000000000E+00 0.0000000000E+00 1.6579085770E+01 0.0000000000E+00 1.6579085770E+01 4.9143512250E+00 0.0000000000E+00 0.0000000000E+00 0.0000000000E+00 0.0000000000E+00 0.0000000000E+00 0.0000000000E+00 0.0000000000E+00 0.0000000000E+00 0.0000000000E+00 0.0000000000E+00 0.0000000000E+00 0.0000000000E+00
     6 2023 0.0000000000E+00 0.0000000000E+00 2.7631809620E+01 0.0000000000E+00 2.7631809620E+01 8.1905853740E+00 0.0000000000E+00 0.0000000000E+00 0.0000000000E+00 0.0000000000E+00 0.0000000000E+00 0.0000000000E+00 0.0000000000E+00 0.0000000000E+00 0.0000000000E+00 0.0000000000E+00 0.0000000000E+00 0.0000000000E+00
     7 2023 0.0000000000E+00 0.0000000000E+00 3.0394990580E+01 0.0000000000E+00 3.0394990580E+01 9.0096439120E+00 0.0000000000E+00 0.0000000000E+00 0.0000000000E+00 0.0000000000E+00 0.0000000000E+00 0.0000000000E+00 0.0000000000E+00 0.0000000000E+00 0.0000000000E+00 0.0000000000E+00 0.0000000000E+00 0.0000000000E+00
     8 2023 0.0000000000E+00 0.0000000000E+00 2.4868628660E+01 0.0000000000E+00 2.4868628660E+01 7.3715268370E+00 0.0000000000E+00 0.0000000000E+00 0.0000000000E+00 0.0000000000E+00 0.0000000000E+00 0.0000000000E+00 0.0000000000E+00 0.0000000000E+00 0.0000000000E+00 0.0000000000E+00 0.0000000000E+00 0.0000000000E+00
     9 2023 0.0000000000E+00 0.0000000000E+00 2.4868628660E+01 0.0000000000E+00 2.4868628660E+01 7.3715268370E+00 0.0000000000E+00 0.0000000000E+00 0.0000000000E+00 0.0000000000E+00 0.0000000000E+00 0.0000000000E+00 0.0000000000E+00 0.0000000000E+00 0.0000000000E+00 0.0000000000E+00 0.0000000000E+00 0.0000000000E+00
    10 2023 0.0000000000E+00 0.0000000000E+00 1.9342266730E+01 0.0000000000E+00 1.9342266730E+01 5.7334097620E+00 0.0000000000E+00 0.0000000000E+00 0.0000000000E+00 0.0000000000E+00 0.0000000000E+00 0.0000000000E+00 0.0000000000E+00 0.0000000000E+00 0.0000000000E+00 0.0000000000E+00 0.0000000000E+00 0.0000000000E+00
    11 2023 0.0000000000E+00 0.0000000000E+00 1.6579085770E+01 0.0000000000E+00 1.6579085770E+01 4.9143512250E+00 0.0000000000E+00 0.0000000000E+00 0.0000000000E+00 0.0000000000E+00 0.0000000000E+00 0.0000000000E+00 0.0000000000E+00 0.0000000000E+00 0.0000000000E+00 0.0000000000E+00 0.0000000000E+00 0.0000000000E+00
    12 2023 0.0000000000E+00 0.0000000000E+00 1.6579085770E+01 0.0000000000E+00 1.6579085770E+01 4.9143512250E+00 0.0000000000E+00 0.0000000000E+00 0.0000000000E+00 0.0000000000E+00 0.0000000000E+00 0.0000000000E+00 0.0000000000E+00 0.0000000000E+00 0.0000000000E+00 0.0000000000E+00 0.0000000000E+00 0.0000000000E+00
     1 2024 0.0000000000E+00 0.0000000000E+00 1.1052723850E+01 0.0000000000E+00 1.1052723850E+01 3.2762341500E+00 0.0000000000E+00 0.0000000000E+00 0.0000000000E+00 0.0000000000E+00 0.0000000000E+00 0.0000000000E+00 0.0000000000E+00 0.0000000000E+00 0.0000000000E+00 0.0000000000E+00 0.0000000000E+00 0.0000000000E+00
     2 2024 0.0000000000E+00 0.0000000000E+00 1.1052723850E+01 0.0000000000E+00 1.1052723850E+01 3.2762341500E+00 0.0000000000E+00 0.0000000000E+00 0.0000000000E+00 0.0000000000E+00 0.0000000000E+00 0.0000000000E+00 0.0000000000E+00 0.0000000000E+00 0.0000000000E+00 0.0000000000E+00 0.0000000000E+00 0.0000000000E+00
     3 2024 0.0000000000E+00 0.0000000000E+00 1.3815904810E+01 0.0000000000E+00 1.3815904810E+01 4.0952926870E+00 0.0000000000E+00 0.0000000000E+00 0.0000000000E+00 0.0000000000E+00 0.0000000000E+00 0.0000000000E+00 0.0000000000E+00 0.0000000000E+00 0.0000000000E+00 0.0000000000E+00 0.0000000000E+00 0.0000000000E+00
     4 2024 0.0000000000E+00 0.0000000000E+00 1.1052723850E+01 0.0000000000E+00 1.1052723850E+01 3.2762341500E+00 0.0000000000E+00 0.0000000000E+00 0.0000000000E+00 0.0000000000E+00 0.0000000000E+00 0.0000000000E+00 0.0000000000E+00 0.0000000000E+00 0.0000000000E+00 0.0000000000E+00 0.0000000000E+00 0.0000000000E+00
     5 2024 0.0000000000E+00 0.0000000000E+00 8.2895428860E+00 0.0000000000E+00 8.2895428860E+00 2.4571756120E+00 0.0000000000E+00 0.0000000000E+00 0.0000000000E+00 0.0000000000E+00 0.0000000000E+00 0.0000000000E+00 0.0000000000E+00 0.0000000000E+00 0.0000000000E+00 0.0000000000E+00 0.0000000000E+00 0.0000000000E+00
     6 2024 0.0000000000E+00 0.0000000000E+00 2.4868628660E+01 0.0000000000E+00 2.4868628660E+01 7.3715268370E+00 0.0000000000E+00 0.0000000000E+00 0.0000000000E+00 0.0000000000E+00 0.0000000000E+00 0.0000000000E+00 0.0000000000E+00 0.0000000000E+00 0.0000000000E+00 0.0000000000E+00 0.0000000000E+00 0.0000000000E+00
     7 2024 0.0000000000E+00 0.0000000000E+00 4.6974076350E+01 0.0000000000E+00 4.6974076350E+01 1.3923995140E+01 0.0000000000E+00 0.0000000000E+00 0.0000000000E+00 0.0000000000E+00 0.0000000000E+00 0.0000000000E+00 0.0000000000E+00 0.0000000000E+00 0.0000000000E+00 0.0000000000E+00 0.0000000000E+00 0.0000000000E+00
     8 2024 0.0000000000E+00 0.0000000000E+00 4.9737257310E+01 0.0000000000E+00 4.9737257310E+01 1.4743053670E+01 0.0000000000E+00 0.0000000000E+00 0.0000000000E+00 0.0000000000E+00 0.0000000000E+00 0.0000000000E+00 0.0000000000E+00 0.0000000000E+00 0.0000000000E+00 0.0000000000E+00 0.0000000000E+00 0.0000000000E+00
     9 2024 0.0000000000E+00 0.0000000000E+00 4.4210895390E+01 0.0000000000E+00 4.4210895390E+01 1.3104936600E+01 0.0000000000E+00 0.0000000000E+00 0.0000000000E+00 0.0000000000E+00 0.0000000000E+00 0.0000000000E+00 0.0000000000E+00 0.0000000000E+00 0.0000000000E+00 0.0000000000E+00 0.0000000000E+00 0.0000000000E+00
    10 2024 0.0000000000E+00 0.0000000000E+00 3.0394990580E+01 0.0000000000E+00 3.0394990580E+01 9.0096439120E+00 0.0000000000E+00 0.0000000000E+00 0.0000000000E+00 0.0000000000E+00 0.0000000000E+00 0.0000000000E+00 0.0000000000E+00 0.0000000000E+00 0.0000000000E+00 0.0000000000E+00 0.0000000000E+00 0.0000000000E+00
    11 2024 0.0000000000E+00 0.0000000000E+00 2.2105447700E+01 0.0000000000E+00 2.2105447700E+01 6.5524683000E+00 0.0000000000E+00 0.0000000000E+00 0.0000000000E+00 0.0000000000E+00 0.0000000000E+00 0.0000000000E+00 0.0000000000E+00 0.0000000000E+00 0.0000000000E+00 0.0000000000E+00 0.0000000000E+00 0.0000000000E+00
    12 2024 0.0000000000E+00 0.0000000000E+00 2.2105447700E+01 0.0000000000E+00 2.2105447700E+01 6.5524683000E+00 0.0000000000E+00 0.0000000000E+00 0.0000000000E+00 0.0000000000E+00 0.0000000000E+00 0.0000000000E+00 0.0000000000E+00 0.0000000000E+00 0.0000000000E+00 0.0000000000E+00 0.0000000000E+00 0.0000000000E+00
     1 2025 0.0000000000E+00 0.0000000000E+00 1.9342266730E+01 0.0000000000E+00 1.9342266730E+01 5.7334097620E+00 0.0000000000E+00 0.0000000000E+00 0.0000000000E+00 0.0000000000E+00 0.0000000000E+00 0.0000000000E+00 0.0000000000E+00 0.0000000000E+00 0.0000000000E+00 0.0000000000E+00 0.0000000000E+00 0.0000000000E+00
     2 2025 0.0000000000E+00 0.0000000000E+00 1.3815904810E+01 0.0000000000E+00 1.3815904810E+01 4.0952926870E+00 0.0000000000E+00 0.0000000000E+00 0.0000000000E+00 0.0000000000E+00 0.0000000000E+00 0.0000000000E+00 0.0000000000E+00 0.0000000000E+00 0.0000000000E+00 0.0000000000E+00 0.0000000000E+00 0.0000000000E+00
     3 2025 0.0000000000E+00 0.0000000000E+00 1.1052723850E+01 0.0000000000E+00 1.1052723850E+01 3.2762341500E+00 0.0000000000E+00 0.0000000000E+00 0.0000000000E+00 0.0000000000E+00 0.0000000000E+00 0.0000000000E+00 0.0000000000E+00 0.0000000000E+00 0.0000000000E+00 0.0000000000E+00 0.0000000000E+00 0.0000000000E+00
     4 2025 0.0000000000E+00 0.0000000000E+00 1.3815904810E+01 0.0000000000E+00 1.3815904810E+01 4.0952926870E+00 0.0000000000E+00 0.0000000000E+00 0.0000000000E+00 0.0000000000E+00 0.0000000000E+00 0.0000000000E+00 0.0000000000E+00 0.0000000000E+00 0.0000000000E+00 0.0000000000E+00 0.0000000000E+00 0.0000000000E+00
     5 2025 0.0000000000E+00 0.0000000000E+00 1.6579085770E+01 0.0000000000E+00 1.6579085770E+01 4.9143512250E+00 0.0000000000E+00 0.0000000000E+00 0.0000000000E+00 0.0000000000E+00 0.0000000000E+00 0.0000000000E+00 0.0000000000E+00 0.0000000000E+00 0.0000000000E+00 0.0000000000E+00 0.0000000000E+00 0.0000000000E+00
     6 2025 0.0000000000E+00 0.0000000000E+00 2.7631809620E+01 0.0000000000E+00 2.7631809620E+01 8.1905853740E+00 0.0000000000E+00 0.0000000000E+00 0.0000000000E+00 0.0000000000E+00 0.0000000000E+00 0.0000000000E+00 0.0000000000E+00 0.0000000000E+00 0.0000000000E+00 0.0000000000E+00 0.0000000000E+00 0.0000000000E+00
     7 2025 0.0000000000E+00 0.0000000000E+00 3.0394990580E+01 0.0000000000E+00 3.0394990580E+01 9.0096439120E+00 0.0000000000E+00 0.0000000000E+00 0.0000000000E+00 0.0000000000E+00 0.0000000000E+00 0.0000000000E+00 0.0000000000E+00 0.0000000000E+00 0.0000000000E+00 0.0000000000E+00 0.0000000000E+00 0.0000000000E+00
     8 2025 0.0000000000E+00 0.0000000000E+00 2.4868628660E+01 0.0000000000E+00 2.4868628660E+01 7.3715268370E+00 0.0000000000E+00 0.0000000000E+00 0.0000000000E+00 0.0000000000E+00 0.0000000000E+00 0.0000000000E+00 0.0000000000E+00 0.0000000000E+00 0.0000000000E+00 0.0000000000E+00 0.0000000000E+00 0.0000000000E+00
     9 2025 0.0000000000E+00 0.0000000000E+00 2.4868628660E+01 0.0000000000E+00 2.4868628660E+01 7.3715268370E+00 0.0000000000E+00 0.0000000000E+00 0.0000000000E+00 0.0000000000E+00 0.0000000000E+00 0.0000000000E+00 0.0000000000E+00 0.0000000000E+00 0.0000000000E+00 0.0000000000E+00 0.0000000000E+00 0.0000000000E+00
    10 2025 0.0000000000E+00 0.0000000000E+00 1.9342266730E+01 0.0000000000E+00 1.9342266730E+01 5.7334097620E+00 0.0000000000E+00 0.0000000000E+00 0.0000000000E+00 0.0000000000E+00 0.0000000000E+00 0.0000000000E+00 0.0000000000E+00 0.0000000000E+00 0.0000000000E+00 0.0000000000E+00 0.0000000000E+00 0.0000000000E+00
    11 2025 0.0000000000E+00 0.0000000000E+00 1.6579085770E+01 0.0000000000E+00 1.6579085770E+01 4.9143512250E+00 0.0000000000E+00 0.0000000000E+00 0.0000000000E+00 0.0000000000E+00 0.0000000000E+00 0.0000000000E+00 0.0000000000E+00 0.0000000000E+00 0.0000000000E+00 0.0000000000E+00 0.0000000000E+00 0.0000000000E+00
    12 2025 0.0000000000E+00 0.0000000000E+00 1.6579085770E+01 0.0000000000E+00 1.6579085770E+01 4.9143512250E+00 0.0000000000E+00 0.0000000000E+00 0.0000000000E+00 0.0000000000E+00 0.0000000000E+00 0.0000000000E+00 0.0000000000E+00 0.0000000000E+00 0.0000000000E+00 0.0000000000E+00 0.0000000000E+00 0.0000000000E+00
     1 2026 0.0000000000E+00 0.0000000000E+00 1.1052723850E+01 0.0000000000E+00 1.1052723850E+01 3.2762341500E+00 0.0000000000E+00 0.0000000000E+00 0.0000000000E+00 0.0000000000E+00 0.0000000000E+00 0.0000000000E+00 0.0000000000E+00 0.0000000000E+00 0.0000000000E+00 0.0000000000E+00 0.0000000000E+00 0.0000000000E+00
     2 2026 0.0000000000E+00 0.0000000000E+00 1.1052723850E+01 0.0000000000E+00 1.1052723850E+01 3.2762341500E+00 0.0000000000E+00 0.0000000000E+00 0.0000000000E+00 0.0000000000E+00 0.0000000000E+00 0.0000000000E+00 0.0000000000E+00 0.0000000000E+00 0.0000000000E+00 0.0000000000E+00 0.0000000000E+00 0.0000000000E+00
     3 2026 0.0000000000E+00 0.0000000000E+00 1.3815904810E+01 0.0000000000E+00 1.3815904810E+01 4.0952926870E+00 0.0000000000E+00 0.0000000000E+00 0.0000000000E+00 0.0000000000E+00 0.0000000000E+00 0.0000000000E+00 0.0000000000E+00 0.0000000000E+00 0.0000000000E+00 0.0000000000E+00 0.0000000000E+00 0.0000000000E+00
     4 2026 0.0000000000E+00 0.0000000000E+00 1.1052723850E+01 0.0000000000E+00 1.1052723850E+01 3.2762341500E+00 0.0000000000E+00 0.0000000000E+00 0.0000000000E+00 0.0000000000E+00 0.0000000000E+00 0.0000000000E+00 0.0000000000E+00 0.0000000000E+00 0.0000000000E+00 0.0000000000E+00 0.0000000000E+00 0.0000000000E+00
     5 2026 0.0000000000E+00 0.0000000000E+00 8.2895428860E+00 0.0000000000E+00 8.2895428860E+00 2.4571756120E+00 0.0000000000E+00 0.0000000000E+00 0.0000000000E+00 0.0000000000E+00 0.0000000000E+00 0.0000000000E+00 0.0000000000E+00 0.0000000000E+00 0.0000000000E+00 0.0000000000E+00 0.0000000000E+00 0.0000000000E+00
     6 2026 0.0000000000E+00 0.0000000000E+00 2.4868628660E+01 0.0000000000E+00 2.4868628660E+01 7.3715268370E+00 0.0000000000E+00 0.0000000000E+00 0.0000000000E+00 0.0000000000E+00 0.0000000000E+00 0.0000000000E+00 0.0000000000E+00 0.0000000000E+00 0.0000000000E+00 0.0000000000E+00 0.0000000000E+00 0.0000000000E+00
     7 2026 0.0000000000E+00 0.0000000000E+00 4.6974076350E+01 0.0000000000E+00 4.6974076350E+01 1.3923995140E+01 0.0000000000E+00 0.0000000000E+00 0.0000000000E+00 0.0000000000E+00 0.0000000000E+00 0.0000000000E+00 0.0000000000E+00 0.0000000000E+00 0.0000000000E+00 0.0000000000E+00 0.0000000000E+00 0.0000000000E+00
     8 2026 0.0000000000E+00 0.0000000000E+00 4.9737257310E+01 0.0000000000E+00 4.9737257310E+01 1.4743053670E+01 0.0000000000E+00 0.0000000000E+00 0.0000000000E+00 0.0000000000E+00 0.0000000000E+00 0.0000000000E+00 0.0000000000E+00 0.0000000000E+00 0.0000000000E+00 0.0000000000E+00 0.0000000000E+00 0.0000000000E+00
     9 2026 0.0000000000E+00 0.0000000000E+00 4.4210895390E+01 0.0000000000E+00 4.4210895390E+01 1.3104936600E+01 0.0000000000E+00 0.0000000000E+00 0.0000000000E+00 0.0000000000E+00 0.0000000000E+00 0.0000000000E+00 0.0000000000E+00 0.0000000000E+00 0.0000000000E+00 0.0000000000E+00 0.0000000000E+00 0.0000000000E+00
    10 2026 0.0000000000E+00 0.0000000000E+00 3.0394990580E+01 0.0000000000E+00 3.0394990580E+01 9.0096439120E+00 0.0000000000E+00 0.0000000000E+00 0.0000000000E+00 0.0000000000E+00 0.0000000000E+00 0.0000000000E+00 0.0000000000E+00 0.0000000000E+00 0.0000000000E+00 0.0000000000E+00 0.0000000000E+00 0.0000000000E+00
    11 2026 0.0000000000E+00 0.0000000000E+00 2.2105447700E+01 0.0000000000E+00 2.2105447700E+01 6.5524683000E+00 0.0000000000E+00 0.0000000000E+00 0.0000000000E+00 0.0000000000E+00 0.0000000000E+00 0.0000000000E+00 0.0000000000E+00 0.0000000000E+00 0.0000000000E+00 0.0000000000E+00 0.0000000000E+00 0.0000000000E+00
    12 2026 0.0000000000E+00 0.0000000000E+00 2.2105447700E+01 0.0000000000E+00 2.2105447700E+01 6.5524683000E+00 0.0000000000E+00 0.0000000000E+00 0.0000000000E+00 0.0000000000E+00 0.0000000000E+00 0.0000000000E+00 0.0000000000E+00 0.0000000000E+00 0.0000000000E+00 0.0000000000E+00 0.0000000000E+00 0.0000000000E+00
     1 2027 0.0000000000E+00 0.0000000000E+00 1.9342266730E+01 0.0000000000E+00 1.9342266730E+01 5.7334097620E+00 0.0000000000E+00 0.0000000000E+00 0.0000000000E+00 0.0000000000E+00 0.0000000000E+00 0.0000000000E+00 0.0000000000E+00 0.0000000000E+00 0.0000000000E+00 0.0000000000E+00 0.0000000000E+00 0.0000000000E+00
     2 2027 0.0000000000E+00 0.0000000000E+00 1.3815904810E+01 0.0000000000E+00 1.3815904810E+01 4.0952926870E+00 0.0000000000E+00 0.0000000000E+00 0.0000000000E+00 0.0000000000E+00 0.0000000000E+00 0.0000000000E+00 0.0000000000E+00 0.0000000000E+00 0.0000000000E+00 0.0000000000E+00 0.0000000000E+00 0.0000000000E+00
     3 2027 0.0000000000E+00 0.0000000000E+00 1.1052723850E+01 0.0000000000E+00 1.1052723850E+01 3.2762341500E+00 0.0000000000E+00 0.0000000000E+00 0.0000000000E+00 0.0000000000E+00 0.0000000000E+00 0.0000000000E+00 0.0000000000E+00 0.0000000000E+00 0.0000000000E+00 0.0000000000E+00 0.0000000000E+00 0.0000000000E+00
     4 2027 0.0000000000E+00 0.0000000000E+00 1.3815904810E+01 0.0000000000E+00 1.3815904810E+01 4.0952926870E+00 0.0000000000E+00 0.0000000000E+00 0.0000000000E+00 0.0000000000E+00 0.0000000000E+00 0.0000000000E+00 0.0000000000E+00 0.0000000000E+00 0.0000000000E+00 0.0000000000E+00 0.0000000000E+00 0.0000000000E+00
     5 2027 0.0000000000E+00 0.0000000000E+00 1.6579085770E+01 0.0000000000E+00 1.6579085770E+01 4.9143512250E+00 0.0000000000E+00 0.0000000000E+00 0.0000000000E+00 0.0000000000E+00 0.0000000000E+00 0.0000000000E+00 0.0000000000E+00 0.0000000000E+00 0.0000000000E+00 0.0000000000E+00 0.0000000000E+00 0.0000000000E+00
     6 2027 0.0000000000E+00 0.0000000000E+00 2.7631809620E+01 0.0000000000E+00 2.7631809620E+01 8.1905853740E+00 0.0000000000E+00 0.0000000000E+00 0.0000000000E+00 0.0000000000E+00 0.0000000000E+00 0.0000000000E+00 0.0000000000E+00 0.0000000000E+00 0.0000000000E+00 0.0000000000E+00 0.0000000000E+00 0.0000000000E+00
     7 2027 0.0000000000E+00 0.0000000000E+00 3.0394990580E+01 0.0000000000E+00 3.0394990580E+01 9.0096439120E+00 0.0000000000E+00 0.0000000000E+00 0.0000000000E+00 0.0000000000E+00 0.0000000000E+00 0.0000000000E+00 0.0000000000E+00 0.0000000000E+00 0.0000000000E+00 0.0000000000E+00 0.0000000000E+00 0.0000000000E+00
     8 2027 0.0000000000E+00 0.0000000000E+00 2.4868628660E+01 0.0000000000E+00 2.4868628660E+01 7.3715268370E+00 0.0000000000E+00 0.0000000000E+00 0.0000000000E+00 0.0000000000E+00 0.0000000000E+00 0.0000000000E+00 0.0000000000E+00 0.0000000000E+00 0.0000000000E+00 0.0000000000E+00 0.0000000000E+00 0.0000000000E+00
     9 2027 0.0000000000E+00 0.0000000000E+00 2.4868628660E+01 0.0000000000E+00 2.4868628660E+01 7.3715268370E+00 0.0000000000E+00 0.0000000000E+00 0.0000000000E+00 0.0000000000E+00 0.0000000000E+00 0.0000000000E+00 0.0000000000E+00 0.0000000000E+00 0.0000000000E+00 0.0000000000E+00 0.0000000000E+00 0.0000000000E+00
    10 2027 0.0000000000E+00 0.0000000000E+00 1.9342266730E+01 0.0000000000E+00 1.9342266730E+01 5.7334097620E+00 0.0000000000E+00 0.0000000000E+00 0.0000000000E+00 0.0000000000E+00 0.0000000000E+00 0.0000000000E+00 0.0000000000E+00 0.0000000000E+00 0.0000000000E+00 0.0000000000E+00 0.0000000000E+00 0.0000000000E+00
    11 2027 0.0000000000E+00 0.0000000000E+00 1.6579085770E+01 0.0000000000E+00 1.6579085770E+01 4.9143512250E+00 0.0000000000E+00 0.0000000000E+00 0.0000000000E+00 0.0000000000E+00 0.0000000000E+00 0.0000000000E+00 0.0000000000E+00 0.0000000000E+00 0.0000000000E+00 0.0000000000E+00 0.0000000000E+00 0.0000000000E+00
    12 2027 0.0000000000E+00 0.0000000000E+00 1.6579085770E+01 0.0000000000E+00 1.6579085770E+01 4.9143512250E+00 0.0000000000E+00 0.0000000000E+00 0.0000000000E+00 0.0000000000E+00 0.0000000000E+00 0.0000000000E+00 0.0000000000E+00 0.0000000000E+00 0.0000000000E+00 0.0000000000E+00 0.0000000000E+00 0.0000000000E+00
     1 2028 0.0000000000E+00 0.0000000000E+00 1.1052723850E+01 0.0000000000E+00 1.1052723850E+01 3.2762341500E+00 0.0000000000E+00 0.0000000000E+00 0.0000000000E+00 0.0000000000E+00 0.0000000000E+00 0.0000000000E+00 0.0000000000E+00 0.0000000000E+00 0.0000000000E+00 0.0000000000E+00 0.0000000000E+00 0.0000000000E+00
     2 2028 0.0000000000E+00 0.0000000000E+00 1.1052723850E+01 0.0000000000E+00 1.1052723850E+01 3.2762341500E+00 0.0000000000E+00 0.0000000000E+00 0.0000000000E+00 0.0000000000E+00 0.0000000000E+00 0.0000000000E+00 0.0000000000E+00 0.0000000000E+00 0.0000000000E+00 0.0000000000E+00 0.0000000000E+00 0.0000000000E+00
     3 2028 0.0000000000E+00 0.0000000000E+00 1.3815904810E+01 0.0000000000E+00 1.3815904810E+01 4.0952926870E+00 0.0000000000E+00 0.0000000000E+00 0.0000000000E+00 0.0000000000E+00 0.0000000000E+00 0.0000000000E+00 0.0000000000E+00 0.0000000000E+00 0.0000000000E+00 0.0000000000E+00 0.0000000000E+00 0.0000000000E+00
     4 2028 0.0000000000E+00 0.0000000000E+00 1.1052723850E+01 0.0000000000E+00 1.1052723850E+01 3.2762341500E+00 0.0000000000E+00 0.0000000000E+00 0.0000000000E+00 0.0000000000E+00 0.0000000000E+00 0.0000000000E+00 0.0000000000E+00 0.0000000000E+00 0.0000000000E+00 0.0000000000E+00 0.0000000000E+00 0.0000000000E+00
     5 2028 0.0000000000E+00 0.0000000000E+00 8.2895428860E+00 0.0000000000E+00 8.2895428860E+00 2.4571756120E+00 0.0000000000E+00 0.0000000000E+00 0.0000000000E+00 0.0000000000E+00 0.0000000000E+00 0.0000000000E+00 0.0000000000E+00 0.0000000000E+00 0.0000000000E+00 0.0000000000E+00 0.0000000000E+00 0.0000000000E+00
     6 2028 0.0000000000E+00 0.0000000000E+00 2.4868628660E+01 0.0000000000E+00 2.4868628660E+01 7.3715268370E+00 0.0000000000E+00 0.0000000000E+00 0.0000000000E+00 0.0000000000E+00 0.0000000000E+00 0.0000000000E+00 0.0000000000E+00 0.0000000000E+00 0.0000000000E+00 0.0000000000E+00 0.0000000000E+00 0.0000000000E+00
     7 2028 0.0000000000E+00 0.0000000000E+00 4.6974076350E+01 0.0000000000E+00 4.6974076350E+01 1.3923995140E+01 0.0000000000E+00 0.0000000000E+00 0.0000000000E+00 0.0000000000E+00 0.0000000000E+00 0.0000000000E+00 0.0000000000E+00 0.0000000000E+00 0.0000000000E+00 0.0000000000E+00 0.0000000000E+00 0.0000000000E+00
     8 2028 0.0000000000E+00 0.0000000000E+00 4.9737257310E+01 0.0000000000E+00 4.9737257310E+01 1.4743053670E+01 0.0000000000E+00 0.0000000000E+00 0.0000000000E+00 0.0000000000E+00 0.0000000000E+00 0.0000000000E+00 0.0000000000E+00 0.0000000000E+00 0.0000000000E+00 0.0000000000E+00 0.0000000000E+00 0.0000000000E+00
     9 2028 0.0000000000E+00 0.0000000000E+00 4.4210895390E+01 0.0000000000E+00 4.4210895390E+01 1.3104936600E+01 0.0000000000E+00 0.0000000000E+00 0.0000000000E+00 0.0000000000E+00 0.0000000000E+00 0.0000000000E+00 0.0000000000E+00 0.0000000000E+00 0.0000000000E+00 0.0000000000E+00 0.0000000000E+00 0.0000000000E+00
    10 2028 0.0000000000E+00 0.0000000000E+00 3.0394990580E+01 0.0000000000E+00 3.0394990580E+01 9.0096439120E+00 0.0000000000E+00 0.0000000000E+00 0.0000000000E+00 0.0000000000E+00 0.0000000000E+00 0.0000000000E+00 0.0000000000E+00 0.0000000000E+00 0.0000000000E+00 0.0000000000E+00 0.0000000000E+00 0.0000000000E+00
    11 2028 0.0000000000E+00 0.0000000000E+00 2.2105447700E+01 0.0000000000E+00 2.2105447700E+01 6.5524683000E+00 0.0000000000E+00 0.0000000000E+00 0.0000000000E+00 0.0000000000E+00 0.0000000000E+00 0.0000000000E+00 0.0000000000E+00 0.0000000000E+00 0.0000000000E+00 0.0000000000E+00 0.0000000000E+00 0.0000000000E+00
    12 2028 0.0000000000E+00 0.0000000000E+00 2.2105447700E+01 0.0000000000E+00 2.2105447700E+01 6.5524683000E+00 0.0000000000E+00 0.0000000000E+00 0.0000000000E+00 0.0000000000E+00 0.0000000000E+00 0.0000000000E+00 0.0000000000E+00 0.0000000000E+00 0.0000000000E+00 0.0000000000E+00 0.0000000000E+00 0.0000000000E+00
     1 2029 0.0000000000E+00 0.0000000000E+00 1.9342266730E+01 0.0000000000E+00 1.9342266730E+01 5.7334097620E+00 0.0000000000E+00 0.0000000000E+00 0.0000000000E+00 0.0000000000E+00 0.0000000000E+00 0.0000000000E+00 0.0000000000E+00 0.0000000000E+00 0.0000000000E+00 0.0000000000E+00 0.0000000000E+00 0.0000000000E+00
     2 2029 0.0000000000E+00 0.0000000000E+00 1.3815904810E+01 0.0000000000E+00 1.3815904810E+01 4.0952926870E+00 0.0000000000E+00 0.0000000000E+00 0.0000000000E+00 0.0000000000E+00 0.0000000000E+00 0.0000000000E+00 0.0000000000E+00 0.0000000000E+00 0.0000000000E+00 0.0000000000E+00 0.0000000000E+00 0.0000000000E+00
     3 2029 0.0000000000E+00 0.0000000000E+00 1.1052723850E+01 0.0000000000E+00 1.1052723850E+01 3.2762341500E+00 0.0000000000E+00 0.0000000000E+00 0.0000000000E+00 0.0000000000E+00 0.0000000000E+00 0.0000000000E+00 0.0000000000E+00 0.0000000000E+00 0.0000000000E+00 0.0000000000E+00 0.0000000000E+00 0.0000000000E+00
     4 2029 0.0000000000E+00 0.0000000000E+00 1.3815904810E+01 0.0000000000E+00 1.3815904810E+01 4.0952926870E+00 0.0000000000E+00 0.0000000000E+00 0.0000000000E+00 0.0000000000E+00 0.0000000000E+00 0.0000000000E+00 0.0000000000E+00 0.0000000000E+00 0.0000000000E+00 0.0000000000E+00 0.0000000000E+00 0.0000000000E+00
     5 2029 0.0000000000E+00 0.0000000000E+00 1.6579085770E+01 0.0000000000E+00 1.6579085770E+01 4.9143512250E+00 0.0000000000E+00 0.0000000000E+00 0.0000000000E+00 0.0000000000E+00 0.0000000000E+00 0.0000000000E+00 0.0000000000E+00 0.0000000000E+00 0.0000000000E+00 0.0000000000E+00 0.0000000000E+00 0.0000000000E+00
     6 2029 0.0000000000E+00 0.0000000000E+00 2.7631809620E+01 0.0000000000E+00 2.7631809620E+01 8.1905853740E+00 0.0000000000E+00 0.0000000000E+00 0.0000000000E+00 0.0000000000E+00 0.0000000000E+00 0.0000000000E+00 0.0000000000E+00 0.0000000000E+00 0.0000000000E+00 0.0000000000E+00 0.0000000000E+00 0.0000000000E+00
     7 2029 0.0000000000E+00 0.0000000000E+00 3.0394990580E+01 0.0000000000E+00 3.0394990580E+01 9.0096439120E+00 0.0000000000E+00 0.0000000000E+00 0.0000000000E+00 0.0000000000E+00 0.0000000000E+00 0.0000000000E+00 0.0000000000E+00 0.0000000000E+00 0.0000000000E+00 0.0000000000E+00 0.0000000000E+00 0.0000000000E+00
     8 2029 0.0000000000E+00 0.0000000000E+00 2.4868628660E+01 0.0000000000E+00 2.4868628660E+01 7.3715268370E+00 0.0000000000E+00 0.0000000000E+00 0.0000000000E+00 0.0000000000E+00 0.0000000000E+00 0.0000000000E+00 0.0000000000E+00 0.0000000000E+00 0.0000000000E+00 0.0000000000E+00 0.0000000000E+00 0.0000000000E+00
     9 2029 0.0000000000E+00 0.0000000000E+00 2.4868628660E+01 0.0000000000E+00 2.4868628660E+01 7.3715268370E+00 0.0000000000E+00 0.0000000000E+00 0.0000000000E+00 0.0000000000E+00 0.0000000000E+00 0.0000000000E+00 0.0000000000E+00 0.0000000000E+00 0.0000000000E+00 0.0000000000E+00 0.0000000000E+00 0.0000000000E+00
    10 2029 0.0000000000E+00 0.0000000000E+00 1.9342266730E+01 0.0000000000E+00 1.9342266730E+01 5.7334097620E+00 0.0000000000E+00 0.0000000000E+00 0.0000000000E+00 0.0000000000E+00 0.0000000000E+00 0.0000000000E+00 0.0000000000E+00 0.0000000000E+00 0.0000000000E+00 0.0000000000E+00 0.0000000000E+00 0.0000000000E+00
    11 2029 0.0000000000E+00 0.0000000000E+00 1.6579085770E+01 0.0000000000E+00 1.6579085770E+01 4.9143512250E+00 0.0000000000E+00 0.0000000000E+00 0.0000000000E+00 0.0000000000E+00 0.0000000000E+00 0.0000000000E+00 0.0000000000E+00 0.0000000000E+00 0.0000000000E+00 0.0000000000E+00 0.0000000000E+00 0.0000000000E+00
    12 2029 0.0000000000E+00 0.0000000000E+00 1.6579085770E+01 0.0000000000E+00 1.6579085770E+01 4.9143512250E+00 0.0000000000E+00 0.0000000000E+00 0.0000000000E+00 0.0000000000E+00 0.0000000000E+00 0.0000000000E+00 0.0000000000E+00 0.0000000000E+00 0.0000000000E+00 0.0000000000E+00 0.0000000000E+00 0.0000000000E+00
     1 2030 0.0000000000E+00 0.0000000000E+00 1.1052723850E+01 0.0000000000E+00 1.1052723850E+01 3.2762341500E+00 0.0000000000E+00 0.0000000000E+00 0.0000000000E+00 0.0000000000E+00 0.0000000000E+00 0.0000000000E+00 0.0000000000E+00 0.0000000000E+00 0.0000000000E+00 0.0000000000E+00 0.0000000000E+00 0.0000000000E+00
     2 2030 0.0000000000E+00 0.0000000000E+00 1.1052723850E+01 0.0000000000E+00 1.1052723850E+01 3.2762341500E+00 0.0000000000E+00 0.0000000000E+00 0.0000000000E+00 0.0000000000E+00 0.0000000000E+00 0.0000000000E+00 0.0000000000E+00 0.0000000000E+00 0.0000000000E+00 0.0000000000E+00 0.0000000000E+00 0.0000000000E+00
     3 2030 0.0000000000E+00 0.0000000000E+00 1.3815904810E+01 0.0000000000E+00 1.3815904810E+01 4.0952926870E+00 0.0000000000E+00 0.0000000000E+00 0.0000000000E+00 0.0000000000E+00 0.0000000000E+00 0.0000000000E+00 0.0000000000E+00 0.0000000000E+00 0.0000000000E+00 0.0000000000E+00 0.0000000000E+00 0.0000000000E+00
     4 2030 0.0000000000E+00 0.0000000000E+00 1.1052723850E+01 0.0000000000E+00 1.1052723850E+01 3.2762341500E+00 0.0000000000E+00 0.0000000000E+00 0.0000000000E+00 0.0000000000E+00 0.0000000000E+00 0.0000000000E+00 0.0000000000E+00 0.0000000000E+00 0.0000000000E+00 0.0000000000E+00 0.0000000000E+00 0.0000000000E+00
     5 2030 0.0000000000E+00 0.0000000000E+00 8.2895428860E+00 0.0000000000E+00 8.2895428860E+00 2.4571756120E+00 0.0000000000E+00 0.0000000000E+00 0.0000000000E+00 0.0000000000E+00 0.0000000000E+00 0.0000000000E+00 0.0000000000E+00 0.0000000000E+00 0.0000000000E+00 0.0000000000E+00 0.0000000000E+00 0.0000000000E+00
     6 2030 0.0000000000E+00 0.0000000000E+00 2.4868628660E+01 0.0000000000E+00 2.4868628660E+01 7.3715268370E+00 0.0000000000E+00 0.0000000000E+00 0.0000000000E+00 0.0000000000E+00 0.0000000000E+00 0.0000000000E+00 0.0000000000E+00 0.0000000000E+00 0.0000000000E+00 0.0000000000E+00 0.0000000000E+00 0.0000000000E+00
     7 2030 0.0000000000E+00 0.0000000000E+00 4.6974076350E+01 0.0000000000E+00 4.6974076350E+01 1.3923995140E+01 0.0000000000E+00 0.0000000000E+00 0.0000000000E+00 0.0000000000E+00 0.0000000000E+00 0.0000000000E+00 0.0000000000E+00 0.0000000000E+00 0.0000000000E+00 0.0000000000E+00 0.0000000000E+00 0.0000000000E+00
     8 2030 0.0000000000E+00 0.0000000000E+00 4.9737257310E+01 0.0000000000E+00 4.9737257310E+01 1.4743053670E+01 0.0000000000E+00 0.0000000000E+00 0.0000000000E+00 0.0000000000E+00 0.0000000000E+00 0.0000000000E+00 0.0000000000E+00 0.0000000000E+00 0.0000000000E+00 0.0000000000E+00 0.0000000000E+00 0.0000000000E+00
     9 2030 0.0000000000E+00 0.0000000000E+00 4.4210895390E+01 0.0000000000E+00 4.4210895390E+01 1.3104936600E+01 0.0000000000E+00 0.0000000000E+00 0.0000000000E+00 0.0000000000E+00 0.0000000000E+00 0.0000000000E+00 0.0000000000E+00 0.0000000000E+00 0.0000000000E+00 0.0000000000E+00 0.0000000000E+00 0.0000000000E+00
    10 2030 0.0000000000E+00 0.0000000000E+00 3.0394990580E+01 0.0000000000E+00 3.0394990580E+01 9.0096439120E+00 0.0000000000E+00 0.0000000000E+00 0.0000000000E+00 0.0000000000E+00 0.0000000000E+00 0.0000000000E+00 0.0000000000E+00 0.0000000000E+00 0.0000000000E+00 0.0000000000E+00 0.0000000000E+00 0.0000000000E+00
    11 2030 0.0000000000E+00 0.0000000000E+00 2.2105447700E+01 0.0000000000E+00 2.2105447700E+01 6.5524683000E+00 0.0000000000E+00 0.0000000000E+00 0.0000000000E+00 0.0000000000E+00 0.0000000000E+00 0.0000000000E+00 0.0000000000E+00 0.0000000000E+00 0.0000000000E+00 0.0000000000E+00 0.0000000000E+00 0.0000000000E+00
    12 2030 0.0000000000E+00 0.0000000000E+00 2.2105447700E+01 0.0000000000E+00 2.2105447700E+01 6.5524683000E+00 0.0000000000E+00 0.0000000000E+00 0.0000000000E+00 0.0000000000E+00 0.0000000000E+00 0.0000000000E+00 0.0000000000E+00 0.0000000000E+00 0.0000000000E+00 0.0000000000E+00 0.0000000000E+00 0.0000000000E+00
     1 2031 0.0000000000E+00 0.0000000000E+00 1.9342266730E+01 0.0000000000E+00 1.9342266730E+01 5.7334097620E+00 0.0000000000E+00 0.0000000000E+00 0.0000000000E+00 0.0000000000E+00 0.0000000000E+00 0.0000000000E+00 0.0000000000E+00 0.0000000000E+00 0.0000000000E+00 0.0000000000E+00 0.0000000000E+00 0.0000000000E+00
     2 2031 0.0000000000E+00 0.0000000000E+00 1.3815904810E+01 0.0000000000E+00 1.3815904810E+01 4.0952926870E+00 0.0000000000E+00 0.0000000000E+00 0.0000000000E+00 0.0000000000E+00 0.0000000000E+00 0.0000000000E+00 0.0000000000E+00 0.0000000000E+00 0.0000000000E+00 0.0000000000E+00 0.0000000000E+00 0.0000000000E+00
     3 2031 0.0000000000E+00 0.0000000000E+00 1.1052723850E+01 0.0000000000E+00 1.1052723850E+01 3.2762341500E+00 0.0000000000E+00 0.0000000000E+00 0.0000000000E+00 0.0000000000E+00 0.0000000000E+00 0.0000000000E+00 0.0000000000E+00 0.0000000000E+00 0.0000000000E+00 0.0000000000E+00 0.0000000000E+00 0.0000000000E+00
     4 2031 0.0000000000E+00 0.0000000000E+00 1.3815904810E+01 0.0000000000E+00 1.3815904810E+01 4.0952926870E+00 0.0000000000E+00 0.0000000000E+00 0.0000000000E+00 0.0000000000E+00 0.0000000000E+00 0.0000000000E+00 0.0000000000E+00 0.0000000000E+00 0.0000000000E+00 0.0000000000E+00 0.0000000000E+00 0.0000000000E+00
     5 2031 0.0000000000E+00 0.0000000000E+00 1.6579085770E+01 0.0000000000E+00 1.6579085770E+01 4.9143512250E+00 0.0000000000E+00 0.0000000000E+00 0.0000000000E+00 0.0000000000E+00 0.0000000000E+00 0.0000000000E+00 0.0000000000E+00 0.0000000000E+00 0.0000000000E+00 0.0000000000E+00 0.0000000000E+00 0.0000000000E+00
     6 2031 0.0000000000E+00 0.0000000000E+00 2.7631809620E+01 0.0000000000E+00 2.7631809620E+01 8.1905853740E+00 0.0000000000E+00 0.0000000000E+00 0.0000000000E+00 0.0000000000E+00 0.0000000000E+00 0.0000000000E+00 0.0000000000E+00 0.0000000000E+00 0.0000000000E+00 0.0000000000E+00 0.0000000000E+00 0.0000000000E+00
     7 2031 0.0000000000E+00 0.0000000000E+00 3.0394990580E+01 0.0000000000E+00 3.0394990580E+01 9.0096439120E+00 0.0000000000E+00 0.0000000000E+00 0.0000000000E+00 0.0000000000E+00 0.0000000000E+00 0.0000000000E+00 0.0000000000E+00 0.0000000000E+00 0.0000000000E+00 0.0000000000E+00 0.0000000000E+00 0.0000000000E+00
     8 2031 0.0000000000E+00 0.0000000000E+00 2.4868628660E+01 0.0000000000E+00 2.4868628660E+01 7.3715268370E+00 0.0000000000E+00 0.0000000000E+00 0.0000000000E+00 0.0000000000E+00 0.0000000000E+00 0.0000000000E+00 0.0000000000E+00 0.0000000000E+00 0.0000000000E+00 0.0000000000E+00 0.0000000000E+00 0.0000000000E+00
     9 2031 0.0000000000E+00 0.0000000000E+00 2.4868628660E+01 0.0000000000E+00 2.4868628660E+01 7.3715268370E+00 0.0000000000E+00 0.0000000000E+00 0.0000000000E+00 0.0000000000E+00 0.0000000000E+00 0.0000000000E+00 0.0000000000E+00 0.0000000000E+00 0.0000000000E+00 0.0000000000E+00 0.0000000000E+00 0.0000000000E+00
    10 2031 0.0000000000E+00 0.0000000000E+00 1.9342266730E+01 0.0000000000E+00 1.9342266730E+01 5.7334097620E+00 0.0000000000E+00 0.0000000000E+00 0.0000000000E+00 0.0000000000E+00 0.0000000000E+00 0.0000000000E+00 0.0000000000E+00 0.0000000000E+00 0.0000000000E+00 0.0000000000E+00 0.0000000000E+00 0.0000000000E+00
    11 2031 0.0000000000E+00 0.0000000000E+00 1.6579085770E+01 0.0000000000E+00 1.6579085770E+01 4.9143512250E+00 0.0000000000E+00 0.0000000000E+00 0.0000000000E+00 0.0000000000E+00 0.0000000000E+00 0.0000000000E+00 0.0000000000E+00 0.0000000000E+00 0.0000000000E+00 0.0000000000E+00 0.0000000000E+00 0.0000000000E+00
    12 2031 0.0000000000E+00 0.0000000000E+00 1.6579085770E+01 0.0000000000E+00 1.6579085770E+01 4.9143512250E+00 0.0000000000E+00 0.0000000000E+00 0.0000000000E+00 0.0000000000E+00 0.0000000000E+00 0.0000000000E+00 0.0000000000E+00 0.0000000000E+00 0.0000000000E+00 0.0000000000E+00 0.0000000000E+00 0.0000000000E+00
     1 2032 0.0000000000E+00 0.0000000000E+00 1.1052723850E+01 0.0000000000E+00 1.1052723850E+01 3.2762341500E+00 0.0000000000E+00 0.0000000000E+00 0.0000000000E+00 0.0000000000E+00 0.0000000000E+00 0.0000000000E+00 0.0000000000E+00 0.0000000000E+00 0.0000000000E+00 0.0000000000E+00 0.0000000000E+00 0.0000000000E+00
     2 2032 0.0000000000E+00 0.0000000000E+00 1.1052723850E+01 0.0000000000E+00 1.1052723850E+01 3.2762341500E+00 0.0000000000E+00 0.0000000000E+00 0.0000000000E+00 0.0000000000E+00 0.0000000000E+00 0.0000000000E+00 0.0000000000E+00 0.0000000000E+00 0.0000000000E+00 0.0000000000E+00 0.0000000000E+00 0.0000000000E+00
     3 2032 0.0000000000E+00 0.0000000000E+00 1.3815904810E+01 0.0000000000E+00 1.3815904810E+01 4.0952926870E+00 0.0000000000E+00 0.0000000000E+00 0.0000000000E+00 0.0000000000E+00 0.0000000000E+00 0.0000000000E+00 0.0000000000E+00 0.0000000000E+00 0.0000000000E+00 0.0000000000E+00 0.0000000000E+00 0.0000000000E+00
     4 2032 0.0000000000E+00 0.0000000000E+00 1.1052723850E+01 0.0000000000E+00 1.1052723850E+01 3.2762341500E+00 0.0000000000E+00 0.0000000000E+00 0.0000000000E+00 0.0000000000E+00 0.0000000000E+00 0.0000000000E+00 0.0000000000E+00 0.0000000000E+00 0.0000000000E+00 0.0000000000E+00 0.0000000000E+00 0.0000000000E+00
     5 2032 0.0000000000E+00 0.0000000000E+00 8.2895428860E+00 0.0000000000E+00 8.2895428860E+00 2.4571756120E+00 0.0000000000E+00 0.0000000000E+00 0.0000000000E+00 0.0000000000E+00 0.0000000000E+00 0.0000000000E+00 0.0000000000E+00 0.0000000000E+00 0.0000000000E+00 0.0000000000E+00 0.0000000000E+00 0.0000000000E+00
     6 2032 0.0000000000E+00 0.0000000000E+00 2.4868628660E+01 0.0000000000E+00 2.4868628660E+01 7.3715268370E+00 0.0000000000E+00 0.0000000000E+00 0.0000000000E+00 0.0000000000E+00 0.0000000000E+00 0.0000000000E+00 0.0000000000E+00 0.0000000000E+00 0.0000000000E+00 0.0000000000E+00 0.0000000000E+00 0.0000000000E+00
     7 2032 0.0000000000E+00 0.0000000000E+00 4.6974076350E+01 0.0000000000E+00 4.6974076350E+01 1.3923995140E+01 0.0000000000E+00 0.0000000000E+00 0.0000000000E+00 0.0000000000E+00 0.0000000000E+00 0.0000000000E+00 0.0000000000E+00 0.0000000000E+00 0.0000000000E+00 0.0000000000E+00 0.0000000000E+00 0.0000000000E+00
     8 2032 0.0000000000E+00 0.0000000000E+00 4.9737257310E+01 0.0000000000E+00 4.9737257310E+01 1.4743053670E+01 0.0000000000E+00 0.0000000000E+00 0.0000000000E+00 0.0000000000E+00 0.0000000000E+00 0.0000000000E+00 0.0000000000E+00 0.0000000000E+00 0.0000000000E+00 0.0000000000E+00 0.0000000000E+00 0.0000000000E+00
     9 2032 0.0000000000E+00 0.0000000000E+00 4.4210895390E+01 0.0000000000E+00 4.4210895390E+01 1.3104936600E+01 0.0000000000E+00 0.0000000000E+00 0.0000000000E+00 0.0000000000E+00 0.0000000000E+00 0.0000000000E+00 0.0000000000E+00 0.0000000000E+00 0.0000000000E+00 0.0000000000E+00 0.0000000000E+00 0.0000000000E+00
    10 2032 0.0000000000E+00 0.0000000000E+00 3.0394990580E+01 0.0000000000E+00 3.0394990580E+01 9.0096439120E+00 0.0000000000E+00 0.0000000000E+00 0.0000000000E+00 0.0000000000E+00 0.0000000000E+00 0.0000000000E+00 0.0000000000E+00 0.0000000000E+00 0.0000000000E+00 0.0000000000E+00 0.0000000000E+00 0.0000000000E+00
    11 2032 0.0000000000E+00 0.0000000000E+00 2.2105447700E+01 0.0000000000E+00 2.2105447700E+01 6.5524683000E+00 0.0000000000E+00 0.0000000000E+00 0.0000000000E+00 0.0000000000E+00 0.0000000000E+00 0.0000000000E+00 0.0000000000E+00 0.0000000000E+00 0.0000000000E+00 0.0000000000E+00 0.0000000000E+00 0.0000000000E+00
    12 2032 0.0000000000E+00 0.0000000000E+00 2.2105447700E+01 0.0000000000E+00 2.2105447700E+01 6.5524683000E+00 0.0000000000E+00 0.0000000000E+00 0.0000000000E+00 0.0000000000E+00 0.0000000000E+00 0.0000000000E+00 0.0000000000E+00 0.0000000000E+00 0.0000000000E+00 0.0000000000E+00 0.0000000000E+00 0.0000000000E+00
     1 2033 0.0000000000E+00 0.0000000000E+00 1.9342266730E+01 0.0000000000E+00 1.9342266730E+01 5.7334097620E+00 0.0000000000E+00 0.0000000000E+00 0.0000000000E+00 0.0000000000E+00 0.0000000000E+00 0.0000000000E+00 0.0000000000E+00 0.0000000000E+00 0.0000000000E+00 0.0000000000E+00 0.0000000000E+00 0.0000000000E+00
     2 2033 0.0000000000E+00 0.0000000000E+00 1.3815904810E+01 0.0000000000E+00 1.3815904810E+01 4.0952926870E+00 0.0000000000E+00 0.0000000000E+00 0.0000000000E+00 0.0000000000E+00 0.0000000000E+00 0.0000000000E+00 0.0000000000E+00 0.0000000000E+00 0.0000000000E+00 0.0000000000E+00 0.0000000000E+00 0.0000000000E+00
     3 2033 0.0000000000E+00 0.0000000000E+00 1.1052723850E+01 0.0000000000E+00 1.1052723850E+01 3.2762341500E+00 0.0000000000E+00 0.0000000000E+00 0.0000000000E+00 0.0000000000E+00 0.0000000000E+00 0.0000000000E+00 0.0000000000E+00 0.0000000000E+00 0.0000000000E+00 0.0000000000E+00 0.0000000000E+00 0.0000000000E+00
     4 2033 0.0000000000E+00 0.0000000000E+00 1.3815904810E+01 0.0000000000E+00 1.3815904810E+01 4.0952926870E+00 0.0000000000E+00 0.0000000000E+00 0.0000000000E+00 0.0000000000E+00 0.0000000000E+00 0.0000000000E+00 0.0000000000E+00 0.0000000000E+00 0.0000000000E+00 0.0000000000E+00 0.0000000000E+00 0.0000000000E+00
     5 2033 0.0000000000E+00 0.0000000000E+00 1.6579085770E+01 0.0000000000E+00 1.6579085770E+01 4.9143512250E+00 0.0000000000E+00 0.0000000000E+00 0.0000000000E+00 0.0000000000E+00 0.0000000000E+00 0.0000000000E+00 0.0000000000E+00 0.0000000000E+00 0.0000000000E+00 0.0000000000E+00 0.0000000000E+00 0.0000000000E+00
     6 2033 0.0000000000E+00 0.0000000000E+00 2.7631809620E+01 0.0000000000E+00 2.7631809620E+01 8.1905853740E+00 0.0000000000E+00 0.0000000000E+00 0.0000000000E+00 0.0000000000E+00 0.0000000000E+00 0.0000000000E+00 0.0000000000E+00 0.0000000000E+00 0.0000000000E+00 0.0000000000E+00 0.0000000000E+00 0.0000000000E+00
     7 2033 0.0000000000E+00 0.0000000000E+00 3.0394990580E+01 0.0000000000E+00 3.0394990580E+01 9.0096439120E+00 0.0000000000E+00 0.0000000000E+00 0.0000000000E+00 0.0000000000E+00 0.0000000000E+00 0.0000000000E+00 0.0000000000E+00 0.0000000000E+00 0.0000000000E+00 0.0000000000E+00 0.0000000000E+00 0.0000000000E+00
     8 2033 0.0000000000E+00 0.0000000000E+00 2.4868628660E+01 0.0000000000E+00 2.4868628660E+01 7.3715268370E+00 0.0000000000E+00 0.0000000000E+00 0.0000000000E+00 0.0000000000E+00 0.0000000000E+00 0.0000000000E+00 0.0000000000E+00 0.0000000000E+00 0.0000000000E+00 0.0000000000E+00 0.0000000000E+00 0.0000000000E+00
     9 2033 0.0000000000E+00 0.0000000000E+00 2.4868628660E+01 0.0000000000E+00 2.4868628660E+01 7.3715268370E+00 0.0000000000E+00 0.0000000000E+00 0.0000000000E+00 0.0000000000E+00 0.0000000000E+00 0.0000000000E+00 0.0000000000E+00 0.0000000000E+00 0.0000000000E+00 0.0000000000E+00 0.0000000000E+00 0.0000000000E+00
    10 2033 0.0000000000E+00 0.0000000000E+00 1.9342266730E+01 0.0000000000E+00 1.9342266730E+01 5.7334097620E+00 0.0000000000E+00 0.0000000000E+00 0.0000000000E+00 0.0000000000E+00 0.0000000000E+00 0.0000000000E+00 0.0000000000E+00 0.0000000000E+00 0.0000000000E+00 0.0000000000E+00 0.0000000000E+00 0.0000000000E+00
    11 2033 0.0000000000E+00 0.0000000000E+00 1.6579085770E+01 0.0000000000E+00 1.6579085770E+01 4.9143512250E+00 0.0000000000E+00 0.0000000000E+00 0.0000000000E+00 0.0000000000E+00 0.0000000000E+00 0.0000000000E+00 0.0000000000E+00 0.0000000000E+00 0.0000000000E+00 0.0000000000E+00 0.0000000000E+00 0.0000000000E+00
    12 2033 0.0000000000E+00 0.0000000000E+00 1.6579085770E+01 0.0000000000E+00 1.6579085770E+01 4.9143512250E+00 0.0000000000E+00 0.0000000000E+00 0.0000000000E+00 0.0000000000E+00 0.0000000000E+00 0.0000000000E+00 0.0000000000E+00 0.0000000000E+00 0.0000000000E+00 0.0000000000E+00 0.0000000000E+00 0.0000000000E+00
     1 2034 0.0000000000E+00 0.0000000000E+00 1.1052723850E+01 0.0000000000E+00 1.1052723850E+01 3.2762341500E+00 0.0000000000E+00 0.0000000000E+00 0.0000000000E+00 0.0000000000E+00 0.0000000000E+00 0.0000000000E+00 0.0000000000E+00 0.0000000000E+00 0.0000000000E+00 0.0000000000E+00 0.0000000000E+00 0.0000000000E+00
     2 2034 0.0000000000E+00 0.0000000000E+00 1.1052723850E+01 0.0000000000E+00 1.1052723850E+01 3.2762341500E+00 0.0000000000E+00 0.0000000000E+00 0.0000000000E+00 0.0000000000E+00 0.0000000000E+00 0.0000000000E+00 0.0000000000E+00 0.0000000000E+00 0.0000000000E+00 0.0000000000E+00 0.0000000000E+00 0.0000000000E+00
     3 2034 0.0000000000E+00 0.0000000000E+00 1.3815904810E+01 0.0000000000E+00 1.3815904810E+01 4.0952926870E+00 0.0000000000E+00 0.0000000000E+00 0.0000000000E+00 0.0000000000E+00 0.0000000000E+00 0.0000000000E+00 0.0000000000E+00 0.0000000000E+00 0.0000000000E+00 0.0000000000E+00 0.0000000000E+00 0.0000000000E+00
     4 2034 0.0000000000E+00 0.0000000000E+00 1.1052723850E+01 0.0000000000E+00 1.1052723850E+01 3.2762341500E+00 0.0000000000E+00 0.0000000000E+00 0.0000000000E+00 0.0000000000E+00 0.0000000000E+00 0.0000000000E+00 0.0000000000E+00 0.0000000000E+00 0.0000000000E+00 0.0000000000E+00 0.0000000000E+00 0.0000000000E+00
     5 2034 0.0000000000E+00 0.0000000000E+00 8.2895428860E+00 0.0000000000E+00 8.2895428860E+00 2.4571756120E+00 0.0000000000E+00 0.0000000000E+00 0.0000000000E+00 0.0000000000E+00 0.0000000000E+00 0.0000000000E+00 0.0000000000E+00 0.0000000000E+00 0.0000000000E+00 0.0000000000E+00 0.0000000000E+00 0.0000000000E+00
     6 2034 0.0000000000E+00 0.0000000000E+00 2.4868628660E+01 0.0000000000E+00 2.4868628660E+01 7.3715268370E+00 0.0000000000E+00 0.0000000000E+00 0.0000000000E+00 0.0000000000E+00 0.0000000000E+00 0.0000000000E+00 0.0000000000E+00 0.0000000000E+00 0.0000000000E+00 0.0000000000E+00 0.0000000000E+00 0.0000000000E+00
     7 2034 0.0000000000E+00 0.0000000000E+00 4.6974076350E+01 0.0000000000E+00 4.6974076350E+01 1.3923995140E+01 0.0000000000E+00 0.0000000000E+00 0.0000000000E+00 0.0000000000E+00 0.0000000000E+00 0.0000000000E+00 0.0000000000E+00 0.0000000000E+00 0.0000000000E+00 0.0000000000E+00 0.0000000000E+00 0.0000000000E+00
     8 2034 0.0000000000E+00 0.0000000000E+00 4.9737257310E+01 0.0000000000E+00 4.9737257310E+01 1.4743053670E+01 0.0000000000E+00 0.0000000000E+00 0.0000000000E+00 0.0000000000E+00 0.0000000000E+00 0.0000000000E+00 0.0000000000E+00 0.0000000000E+00 0.0000000000E+00 0.0000000000E+00 0.0000000000E+00 0.0000000000E+00
     9 2034 0.0000000000E+00 0.0000000000E+00 4.4210895390E+01 0.0000000000E+00 4.4210895390E+01 1.3104936600E+01 0.0000000000E+00 0.0000000000E+00 0.0000000000E+00 0.0000000000E+00 0.0000000000E+00 0.0000000000E+00 0.0000000000E+00 0.0000000000E+00 0.0000000000E+00 0.0000000000E+00 0.0000000000E+00 0.0000000000E+00
    10 2034 0.0000000000E+00 0.0000000000E+00 3.0394990580E+01 0.0000000000E+00 3.0394990580E+01 9.0096439120E+00 0.0000000000E+00 0.0000000000E+00 0.0000000000E+00 0.0000000000E+00 0.0000000000E+00 0.0000000000E+00 0.0000000000E+00 0.0000000000E+00 0.0000000000E+00 0.0000000000E+00 0.0000000000E+00 0.0000000000E+00
    11 2034 0.0000000000E+00 0.0000000000E+00 2.2105447700E+01 0.0000000000E+00 2.2105447700E+01 6.5524683000E+00 0.0000000000E+00 0.0000000000E+00 0.0000000000E+00 0.0000000000E+00 0.0000000000E+00 0.0000000000E+00 0.0000000000E+00 0.0000000000E+00 0.0000000000E+00 0.0000000000E+00 0.0000000000E+00 0.0000000000E+00
    12 2034 0.0000000000E+00 0.0000000000E+00 2.2105447700E+01 0.0000000000E+00 2.2105447700E+01 6.5524683000E+00 0.0000000000E+00 0.0000000000E+00 0.0000000000E+00 0.0000000000E+00 0.0000000000E+00 0.0000000000E+00 0.0000000000E+00 0.0000000000E+00 0.0000000000E+00 0.0000000000E+00 0.0000000000E+00 0.0000000000E+00
     1 2035 0.0000000000E+00 0.0000000000E+00 1.9342266730E+01 0.0000000000E+00 1.9342266730E+01 5.7334097620E+00 0.0000000000E+00 0.0000000000E+00 0.0000000000E+00 0.0000000000E+00 0.0000000000E+00 0.0000000000E+00 0.0000000000E+00 0.0000000000E+00 0.0000000000E+00 0.0000000000E+00 0.0000000000E+00 0.0000000000E+00
     2 2035 0.0000000000E+00 0.0000000000E+00 1.3815904810E+01 0.0000000000E+00 1.3815904810E+01 4.0952926870E+00 0.0000000000E+00 0.0000000000E+00 0.0000000000E+00 0.0000000000E+00 0.0000000000E+00 0.0000000000E+00 0.0000000000E+00 0.0000000000E+00 0.0000000000E+00 0.0000000000E+00 0.0000000000E+00 0.0000000000E+00
     3 2035 0.0000000000E+00 0.0000000000E+00 1.1052723850E+01 0.0000000000E+00 1.1052723850E+01 3.2762341500E+00 0.0000000000E+00 0.0000000000E+00 0.0000000000E+00 0.0000000000E+00 0.0000000000E+00 0.0000000000E+00 0.0000000000E+00 0.0000000000E+00 0.0000000000E+00 0.0000000000E+00 0.0000000000E+00 0.0000000000E+00
     4 2035 0.0000000000E+00 0.0000000000E+00 1.3815904810E+01 0.0000000000E+00 1.3815904810E+01 4.0952926870E+00 0.0000000000E+00 0.0000000000E+00 0.0000000000E+00 0.0000000000E+00 0.0000000000E+00 0.0000000000E+00 0.0000000000E+00 0.0000000000E+00 0.0000000000E+00 0.0000000000E+00 0.0000000000E+00 0.0000000000E+00
     5 2035 0.0000000000E+00 0.0000000000E+00 1.6579085770E+01 0.0000000000E+00 1.6579085770E+01 4.9143512250E+00 0.0000000000E+00 0.0000000000E+00 0.0000000000E+00 0.0000000000E+00 0.0000000000E+00 0.0000000000E+00 0.0000000000E+00 0.0000000000E+00 0.0000000000E+00 0.0000000000E+00 0.0000000000E+00 0.0000000000E+00
     6 2035 0.0000000000E+00 0.0000000000E+00 2.7631809620E+01 0.0000000000E+00 2.7631809620E+01 8.1905853740E+00 0.0000000000E+00 0.0000000000E+00 0.0000000000E+00 0.0000000000E+00 0.0000000000E+00 0.0000000000E+00 0.0000000000E+00 0.0000000000E+00 0.0000000000E+00 0.0000000000E+00 0.0000000000E+00 0.0000000000E+00
     7 2035 0.0000000000E+00 0.0000000000E+00 3.0394990580E+01 0.0000000000E+00 3.0394990580E+01 9.0096439120E+00 0.0000000000E+00 0.0000000000E+00 0.0000000000E+00 0.0000000000E+00 0.0000000000E+00 0.0000000000E+00 0.0000000000E+00 0.0000000000E+00 0.0000000000E+00 0.0000000000E+00 0.0000000000E+00 0.0000000000E+00
     8 2035 0.0000000000E+00 0.0000000000E+00 2.4868628660E+01 0.0000000000E+00 2.4868628660E+01 7.3715268370E+00 0.0000000000E+00 0.0000000000E+00 0.0000000000E+00 0.0000000000E+00 0.0000000000E+00 0.0000000000E+00 0.0000000000E+00 0.0000000000E+00 0.0000000000E+00 0.0000000000E+00 0.0000000000E+00 0.0000000000E+00
     9 2035 0.0000000000E+00 0.0000000000E+00 2.4868628660E+01 0.0000000000E+00 2.4868628660E+01 7.3715268370E+00 0.0000000000E+00 0.0000000000E+00 0.0000000000E+00 0.0000000000E+00 0.0000000000E+00 0.0000000000E+00 0.0000000000E+00 0.0000000000E+00 0.0000000000E+00 0.0000000000E+00 0.0000000000E+00 0.0000000000E+00
    10 2035 0.0000000000E+00 0.0000000000E+00 1.9342266730E+01 0.0000000000E+00 1.9342266730E+01 5.7334097620E+00 0.0000000000E+00 0.0000000000E+00 0.0000000000E+00 0.0000000000E+00 0.0000000000E+00 0.0000000000E+00 0.0000000000E+00 0.0000000000E+00 0.0000000000E+00 0.0000000000E+00 0.0000000000E+00 0.0000000000E+00
    11 2035 0.0000000000E+00 0.0000000000E+00 1.6579085770E+01 0.0000000000E+00 1.6579085770E+01 4.9143512250E+00 0.0000000000E+00 0.0000000000E+00 0.0000000000E+00 0.0000000000E+00 0.0000000000E+00 0.0000000000E+00 0.0000000000E+00 0.0000000000E+00 0.0000000000E+00 0.0000000000E+00 0.0000000000E+00 0.0000000000E+00
    12 2035 0.0000000000E+00 0.0000000000E+00 1.6579085770E+01 0.0000000000E+00 1.6579085770E+01 4.9143512250E+00 0.0000000000E+00 0.0000000000E+00 0.0000000000E+00 0.0000000000E+00 0.0000000000E+00 0.0000000000E+00 0.0000000000E+00 0.0000000000E+00 0.0000000000E+00 0.0000000000E+00 0.0000000000E+00 0.0000000000E+00
     1 2036 0.0000000000E+00 0.0000000000E+00 1.1052723850E+01 0.0000000000E+00 1.1052723850E+01 3.2762341500E+00 0.0000000000E+00 0.0000000000E+00 0.0000000000E+00 0.0000000000E+00 0.0000000000E+00 0.0000000000E+00 0.0000000000E+00 0.0000000000E+00 0.0000000000E+00 0.0000000000E+00 0.0000000000E+00 0.0000000000E+00
     2 2036 0.0000000000E+00 0.0000000000E+00 1.1052723850E+01 0.0000000000E+00 1.1052723850E+01 3.2762341500E+00 0.0000000000E+00 0.0000000000E+00 0.0000000000E+00 0.0000000000E+00 0.0000000000E+00 0.0000000000E+00 0.0000000000E+00 0.0000000000E+00 0.0000000000E+00 0.0000000000E+00 0.0000000000E+00 0.0000000000E+00
     3 2036 0.0000000000E+00 0.0000000000E+00 1.3815904810E+01 0.0000000000E+00 1.3815904810E+01 4.0952926870E+00 0.0000000000E+00 0.0000000000E+00 0.0000000000E+00 0.0000000000E+00 0.0000000000E+00 0.0000000000E+00 0.0000000000E+00 0.0000000000E+00 0.0000000000E+00 0.0000000000E+00 0.0000000000E+00 0.0000000000E+00
     4 2036 0.0000000000E+00 0.0000000000E+00 1.1052723850E+01 0.0000000000E+00 1.1052723850E+01 3.2762341500E+00 0.0000000000E+00 0.0000000000E+00 0.0000000000E+00 0.0000000000E+00 0.0000000000E+00 0.0000000000E+00 0.0000000000E+00 0.0000000000E+00 0.0000000000E+00 0.0000000000E+00 0.0000000000E+00 0.0000000000E+00
     5 2036 0.0000000000E+00 0.0000000000E+00 8.2895428860E+00 0.0000000000E+00 8.2895428860E+00 2.4571756120E+00 0.0000000000E+00 0.0000000000E+00 0.0000000000E+00 0.0000000000E+00 0.0000000000E+00 0.0000000000E+00 0.0000000000E+00 0.0000000000E+00 0.0000000000E+00 0.0000000000E+00 0.0000000000E+00 0.0000000000E+00
     6 2036 0.0000000000E+00 0.0000000000E+00 2.4868628660E+01 0.0000000000E+00 2.4868628660E+01 7.3715268370E+00 0.0000000000E+00 0.0000000000E+00 0.0000000000E+00 0.0000000000E+00 0.0000000000E+00 0.0000000000E+00 0.0000000000E+00 0.0000000000E+00 0.0000000000E+00 0.0000000000E+00 0.0000000000E+00 0.0000000000E+00
     7 2036 0.0000000000E+00 0.0000000000E+00 4.6974076350E+01 0.0000000000E+00 4.6974076350E+01 1.3923995140E+01 0.0000000000E+00 0.0000000000E+00 0.0000000000E+00 0.0000000000E+00 0.0000000000E+00 0.0000000000E+00 0.0000000000E+00 0.0000000000E+00 0.0000000000E+00 0.0000000000E+00 0.0000000000E+00 0.0000000000E+00
     8 2036 0.0000000000E+00 0.0000000000E+00 4.9737257310E+01 0.0000000000E+00 4.9737257310E+01 1.4743053670E+01 0.0000000000E+00 0.0000000000E+00 0.0000000000E+00 0.0000000000E+00 0.0000000000E+00 0.0000000000E+00 0.0000000000E+00 0.0000000000E+00 0.0000000000E+00 0.0000000000E+00 0.0000000000E+00 0.0000000000E+00
     9 2036 0.0000000000E+00 0.0000000000E+00 4.4210895390E+01 0.0000000000E+00 4.4210895390E+01 1.3104936600E+01 0.0000000000E+00 0.0000000000E+00 0.0000000000E+00 0.0000000000E+00 0.0000000000E+00 0.0000000000E+00 0.0000000000E+00 0.0000000000E+00 0.0000000000E+00 0.0000000000E+00 0.0000000000E+00 0.0000000000E+00
    10 2036 0.0000000000E+00 0.0000000000E+00 3.0394990580E+01 0.0000000000E+00 3.0394990580E+01 9.0096439120E+00 0.0000000000E+00 0.0000000000E+00 0.0000000000E+00 0.0000000000E+00 0.0000000000E+00 0.0000000000E+00 0.0000000000E+00 0.0000000000E+00 0.0000000000E+00 0.0000000000E+00 0.0000000000E+00 0.0000000000E+00
    11 2036 0.0000000000E+00 0.0000000000E+00 2.2105447700E+01 0.0000000000E+00 2.2105447700E+01 6.5524683000E+00 0.0000000000E+00 0.0000000000E+00 0.0000000000E+00 0.0000000000E+00 0.0000000000E+00 0.0000000000E+00 0.0000000000E+00 0.0000000000E+00 0.0000000000E+00 0.0000000000E+00 0.0000000000E+00 0.0000000000E+00
    12 2036 0.0000000000E+00 0.0000000000E+00 2.2105447700E+01 0.0000000000E+00 2.2105447700E+01 6.5524683000E+00 0.0000000000E+00 0.0000000000E+00 0.0000000000E+00 0.0000000000E+00 0.0000000000E+00 0.0000000000E+00 0.0000000000E+00 0.0000000000E+00 0.0000000000E+00 0.0000000000E+00 0.0000000000E+00 0.0000000000E+00
     1 2037 0.0000000000E+00 0.0000000000E+00 1.9342266730E+01 0.0000000000E+00 1.9342266730E+01 5.7334097620E+00 0.0000000000E+00 0.0000000000E+00 0.0000000000E+00 0.0000000000E+00 0.0000000000E+00 0.0000000000E+00 0.0000000000E+00 0.0000000000E+00 0.0000000000E+00 0.0000000000E+00 0.0000000000E+00 0.0000000000E+00
     2 2037 0.0000000000E+00 0.0000000000E+00 1.3815904810E+01 0.0000000000E+00 1.3815904810E+01 4.0952926870E+00 0.0000000000E+00 0.0000000000E+00 0.0000000000E+00 0.0000000000E+00 0.0000000000E+00 0.0000000000E+00 0.0000000000E+00 0.0000000000E+00 0.0000000000E+00 0.0000000000E+00 0.0000000000E+00 0.0000000000E+00
     3 2037 0.0000000000E+00 0.0000000000E+00 1.1052723850E+01 0.0000000000E+00 1.1052723850E+01 3.2762341500E+00 0.0000000000E+00 0.0000000000E+00 0.0000000000E+00 0.0000000000E+00 0.0000000000E+00 0.0000000000E+00 0.0000000000E+00 0.0000000000E+00 0.0000000000E+00 0.0000000000E+00 0.0000000000E+00 0.0000000000E+00
     4 2037 0.0000000000E+00 0.0000000000E+00 1.3815904810E+01 0.0000000000E+00 1.3815904810E+01 4.0952926870E+00 0.0000000000E+00 0.0000000000E+00 0.0000000000E+00 0.0000000000E+00 0.0000000000E+00 0.0000000000E+00 0.0000000000E+00 0.0000000000E+00 0.0000000000E+00 0.0000000000E+00 0.0000000000E+00 0.0000000000E+00
     5 2037 0.0000000000E+00 0.0000000000E+00 1.6579085770E+01 0.0000000000E+00 1.6579085770E+01 4.9143512250E+00 0.0000000000E+00 0.0000000000E+00 0.0000000000E+00 0.0000000000E+00 0.0000000000E+00 0.0000000000E+00 0.0000000000E+00 0.0000000000E+00 0.0000000000E+00 0.0000000000E+00 0.0000000000E+00 0.0000000000E+00
     6 2037 0.0000000000E+00 0.0000000000E+00 2.7631809620E+01 0.0000000000E+00 2.7631809620E+01 8.1905853740E+00 0.0000000000E+00 0.0000000000E+00 0.0000000000E+00 0.0000000000E+00 0.0000000000E+00 0.0000000000E+00 0.0000000000E+00 0.0000000000E+00 0.0000000000E+00 0.0000000000E+00 0.0000000000E+00 0.0000000000E+00
     7 2037 0.0000000000E+00 0.0000000000E+00 3.0394990580E+01 0.0000000000E+00 3.0394990580E+01 9.0096439120E+00 0.0000000000E+00 0.0000000000E+00 0.0000000000E+00 0.0000000000E+00 0.0000000000E+00 0.0000000000E+00 0.0000000000E+00 0.0000000000E+00 0.0000000000E+00 0.0000000000E+00 0.0000000000E+00 0.0000000000E+00
     8 2037 0.0000000000E+00 0.0000000000E+00 2.4868628660E+01 0.0000000000E+00 2.4868628660E+01 7.3715268370E+00 0.0000000000E+00 0.0000000000E+00 0.0000000000E+00 0.0000000000E+00 0.0000000000E+00 0.0000000000E+00 0.0000000000E+00 0.0000000000E+00 0.0000000000E+00 0.0000000000E+00 0.0000000000E+00 0.0000000000E+00
     9 2037 0.0000000000E+00 0.0000000000E+00 2.4868628660E+01 0.0000000000E+00 2.4868628660E+01 7.3715268370E+00 0.0000000000E+00 0.0000000000E+00 0.0000000000E+00 0.0000000000E+00 0.0000000000E+00 0.0000000000E+00 0.0000000000E+00 0.0000000000E+00 0.0000000000E+00 0.0000000000E+00 0.0000000000E+00 0.0000000000E+00
    10 2037 0.0000000000E+00 0.0000000000E+00 1.9342266730E+01 0.0000000000E+00 1.9342266730E+01 5.7334097620E+00 0.0000000000E+00 0.0000000000E+00 0.0000000000E+00 0.0000000000E+00 0.0000000000E+00 0.0000000000E+00 0.0000000000E+00 0.0000000000E+00 0.0000000000E+00 0.0000000000E+00 0.0000000000E+00 0.0000000000E+00
    11 2037 0.0000000000E+00 0.0000000000E+00 1.6579085770E+01 0.0000000000E+00 1.6579085770E+01 4.9143512250E+00 0.0000000000E+00 0.0000000000E+00 0.0000000000E+00 0.0000000000E+00 0.0000000000E+00 0.0000000000E+00 0.0000000000E+00 0.0000000000E+00 0.0000000000E+00 0.0000000000E+00 0.0000000000E+00 0.0000000000E+00
    12 2037 0.0000000000E+00 0.0000000000E+00 1.6579085770E+01 0.0000000000E+00 1.6579085770E+01 4.9143512250E+00 0.0000000000E+00 0.0000000000E+00 0.0000000000E+00 0.0000000000E+00 0.0000000000E+00 0.0000000000E+00 0.0000000000E+00 0.0000000000E+00 0.0000000000E+00 0.0000000000E+00 0.0000000000E+00 0.0000000000E+00
