gen,n_total,n_feasible,feasible_ratio,basis,J1_min,J1_mean,J1_max,J1_span,J2_min,J2_mean,J2_max,J2_span,J3_min,J3_mean,J3_max,J3_span,J4_min,J4_mean,J4_max,J4_span,hypervolume,J1_improve_from_prev,J2_improve_from_prev,J3_improve_from_prev,J4_improve_from_prev,hypervolume_improve_from_prev
1,100,0,0.0,all,0.8310752466293408,0.8755693179809184,0.9495731869952735,0.11849794036593264,0.7291708271999999,0.854764410856,1.0,0.2708291728000001,0.2829769371654762,0.34048154253065344,0.4162760939416666,0.13329915677619042,0.09678181623062034,0.13750904785079177,0.18055747595631697,0.08377565972569663,,,,,,
2,100,0,0.0,all,0.8240124716132072,0.8600623313353569,0.905733448363072,0.08172097674986478,0.7291708271999999,0.8264353474159998,0.9191798599999998,0.19000903279999992,0.2925809747166667,0.34084881421744945,0.42832655305642864,0.13574557833976192,0.1042214955172479,0.14515959129338832,0.1822736718148913,0.0780521762976434,,0.007062775016133616,0.0,-0.009604037551190547,-0.00743967928662756,
3,100,0,0.0,all,0.8085428604817471,0.8487607134739156,0.889642800045349,0.08109993956360195,0.6916794679999999,0.8042057633519998,0.9097487831999997,0.21806931519999984,0.2856335018023809,0.3371735114810251,0.4051361094516667,0.11950260764928583,0.10765612576915204,0.15234366942289124,0.18627013317617278,0.07861400740702074,,0.01546961113146017,0.03749135920000002,0.006947472914285824,-0.0034346302519041444,
4,100,0,0.0,all,0.8032889476392304,0.8389918076770795,0.877294567613765,0.07400561997453459,0.6742678463999999,0.7825672677839997,0.8626035903999998,0.18833574399999986,0.2677050884857143,0.3286187457928789,0.4051361094516667,0.13743102096595244,0.11422942169197146,0.1596910784628956,0.19355470350699652,0.07932528181502506,,0.005253912842516639,0.017411621599999982,0.017928413316666614,-0.006573295922819425,
5,100,3,0.03,feasible,0.8088590953726474,0.8201537232774608,0.8344324659445694,0.025573370571921994,0.7008769312,0.7188941309333332,0.7285465104,0.027669579199999905,0.27958635059523806,0.3046801345081746,0.3402403096690476,0.06065395907380955,0.164523634183105,0.17803787604848023,0.18818706123746445,0.023663427054359448,0.08863385593932897,-0.005570147733417019,-0.026609084800000127,-0.011881262109523782,-0.05029421249113354,
6,100,9,0.09,feasible,0.8088590953726474,0.8198493132033714,0.8344324659445694,0.025573370571921994,0.7008769312,0.743149915911111,0.7972863439999998,0.0964094127999997,0.2748583170428572,0.3153292474430687,0.3737234088952381,0.0988650918523809,0.15088595122199477,0.1799238618965823,0.20013797795984387,0.04925202673784909,0.0901039239659088,0.0,0.0,0.004728033552380884,0.013637682961110231,0.0014700680265798266
7,100,18,0.18,feasible,0.7931577539113601,0.8169691231005219,0.8344324659445694,0.041274712033209315,0.6904227455999997,0.7336703642222222,0.7972863439999998,0.10686359840000004,0.2748583170428572,0.32095755518570107,0.3737234088952381,0.0988650918523809,0.15088595122199477,0.1833624835570335,0.22858088166317808,0.07769493044118331,0.09692408909286954,0.01570134146128732,0.010454185600000332,0.0,0.0,0.006820165126960737
8,100,36,0.36,feasible,0.7931577539113601,0.8151997454709038,0.8344324659445694,0.041274712033209315,0.6727574176,0.7299847168666665,0.7972863439999998,0.1245289263999998,0.2551283162833333,0.3182844904394153,0.375368841204762,0.12024052492142867,0.15088595122199477,0.1847010478233423,0.22858088166317808,0.07769493044118331,0.10359557124148154,0.0,0.017665327999999758,0.019730000759523858,0.0,0.006671482148612004
9,100,81,0.81,feasible,0.7878849631102507,0.8133399138507049,0.8344324659445694,0.046547502834318744,0.6727574176,0.725588435111111,0.8006596487999996,0.12790223119999966,0.2551283162833333,0.32133604223954026,0.38574479153785723,0.1306164752545239,0.15058293360028202,0.18594964516043636,0.23532453990809327,0.08474160630781125,0.10554206873320614,0.005272790801109428,0.0,0.0,0.00030301762171275337,0.001946497491724597
10,100,100,1.0,feasible,0.7878849631102507,0.8112965099192437,0.8344324659445694,0.046547502834318744,0.6679344519999998,0.7181341662239997,0.8010026247999997,0.13306817279999994,0.2551283162833333,0.3110774315819503,0.36311764379047623,0.10798932750714291,0.13967575989655415,0.1834550855140182,0.23532453990809327,0.09564878001153912,0.1076947286007336,0.0,0.004822965600000173,0.0,0.010907173703727874,0.0021526598675274677
11,100,100,1.0,feasible,0.787562113878569,0.8108185218277429,0.8339924581828962,0.04643034430432724,0.6675528655999997,0.7155676500639998,0.8010026247999997,0.13344975920000002,0.25429178525952384,0.3053470317951014,0.36311764379047623,0.10882585853095239,0.13967575989655415,0.18030793588384023,0.23532453990809327,0.09564878001153912,0.10825367982987674,0.0003228492316816878,0.00038158640000007793,0.0008365310238094836,0.0,0.000558951229143137
12,100,100,1.0,feasible,0.787562113878569,0.8088411472276001,0.8391160945703171,0.0515539806917481,0.6525160407999998,0.7085647443599998,0.7730510583999999,0.12053501760000007,0.2542023118595238,0.303249954805449,0.3686253829190476,0.11442307105952382,0.13967575989655415,0.18069661293423533,0.2375121276026338,0.09783636770607965,0.11172870198875866,0.0,0.015036824799999904,8.947340000003967e-05,0.0,0.003475022158881916
13,100,100,1.0,feasible,0.7870410638724645,0.8092994628791446,0.8391160945703171,0.052075030697852576,0.6485672671999999,0.7065749642719998,0.7730510583999999,0.12448379119999997,0.22375743961904765,0.296035508923075,0.3549997250714286,0.13124228545238092,0.13967575989655415,0.1763665892306145,0.23532453990809327,0.09564878001153912,0.11694571171348929,0.0005210500061044732,0.0039487735999999,0.03044487224047615,0.0,0.005217009724730631
14,100,100,1.0,feasible,0.7869969112029722,0.8063169222838503,0.8391160945703171,0.05211918336734489,0.6431172359999999,0.6976802124399997,0.7830636295999998,0.13994639359999983,0.22375743961904765,0.2925528209995557,0.35459083325095236,0.13083339363190472,0.1385746273006443,0.17968426980701124,0.23532453990809327,0.09674991260744897,0.11851062128153238,4.4152669492314445e-05,0.005450031199999983,0.0,0.001101132595909854,0.001564909568043088
15,100,100,1.0,feasible,0.7815328391153437,0.8030127792711004,0.8391160945703171,0.05758325545497345,0.6431172359999999,0.6881414091039999,0.7639661223999998,0.12084888639999991,0.22375743961904765,0.2880258863344026,0.35387217905476187,0.13011473943571422,0.1385746273006443,0.183894501742114,0.23764140793536354,0.09906678063471924,0.1207815169923082,0.0054640720876285576,0.0,0.0,0.0,0.002270895710775822
16,100,100,1.0,feasible,0.7808686290617968,0.8025145463877698,0.8391160945703171,0.058247465508520335,0.6421783216,0.6844653846959998,0.7639661223999998,0.12178780079999985,0.22375743961904765,0.28320222852031857,0.35563897948119044,0.1318815398621428,0.1385746273006443,0.1821317426706785,0.23284020940940423,0.09426558210875993,0.12170281142183234,0.0006642100535468876,0.000938914399999935,0.0,0.0,0.0009212944295241415
17,100,100,1.0,feasible,0.7750396298815688,0.8009737319083251,0.8385070213489613,0.06346739146739244,0.6345924367999999,0.6796097730960001,0.7654821424,0.13088970560000013,0.2121830857316666,0.2765226036403417,0.3474208211380952,0.13523773540642858,0.1385746273006443,0.18410220298307395,0.24703568427085465,0.10846105697021036,0.12696931630645217,0.005828999180227945,0.007585884800000109,0.01157435388738104,0.0,0.005266504884619827
18,100,100,1.0,feasible,0.7750396298815688,0.797597147777894,0.8316942208675632,0.056654590985994346,0.6345924367999999,0.6722641404879998,0.7696403815999998,0.13504794479999993,0.2121830857316666,0.2666682676817995,0.3412826601071428,0.1290995743754762,0.13264484099600427,0.1877010360422706,0.24703568427085465,0.11439084327485038,0.1276995545106234,0.0,0.0,0.0,0.005929786304640028,0.0007302382041712296
19,100,100,1.0,feasible,0.7750396298815688,0.7982267852798565,0.8316942208675632,0.056654590985994346,0.6340315799999999,0.671446342144,0.7696403815999998,0.13560880159999988,0.20497308230238098,0.26586675270123616,0.33619245361214284,0.13121937130976186,0.13264484099600427,0.18384171286847892,0.2520449233042788,0.11940008230827454,0.128891568601277,0.0,0.0005608567999999536,0.007210003429285627,0.0,0.0011920140906536147
20,100,100,1.0,feasible,0.7750396298815688,0.7983511844688052,0.8261514528282142,0.0511118229466454,0.6340315799999999,0.6696565736239998,0.7435715479999999,0.10953996799999999,0.20250630825000002,0.26632583814145716,0.33950443695,0.13699812869999997,0.13264484099600427,0.18211050030213305,0.2520449233042788,0.11940008230827454,0.12954723362507084,0.0,0.0,0.0024667740523809656,0.0,0.0006556650237938277
21,100,100,1.0,feasible,0.7750396298815688,0.797026837181902,0.8270396564805607,0.05200002659899183,0.6339150607999999,0.6662168290479998,0.7435715479999999,0.10965648719999999,0.20250630825000002,0.26513800307630236,0.33950443695,0.13699812869999997,0.13115461860980052,0.18292443415958062,0.2520449233042788,0.12089030469447828,0.1298451564697156,0.0,0.00011651919999999816,0.0,0.001490222386203749,0.00029792284464474905
22,100,100,1.0,feasible,0.7735232422862923,0.7953187538677551,0.8261514528282142,0.052628210541921905,0.6332072383999999,0.6626735045999999,0.7435715479999999,0.11036430959999999,0.20250630825000002,0.2602293580218452,0.33950443695,0.13699812869999997,0.12967754128863063,0.1854969288022694,0.2594799919807021,0.12980245069207147,0.1308553965030573,0.0015163875952765027,0.0007078224000000022,0.0,0.0014770773211698895,0.0010102400333417139
23,100,100,1.0,feasible,0.7735232422862923,0.7960986257530568,0.8261514528282142,0.052628210541921905,0.6297046135999997,0.6627410334159998,0.7435715479999999,0.11386693440000017,0.20250630825000002,0.2527605872133107,0.33950443695,0.13699812869999997,0.12877779068535478,0.1834393256131749,0.2594799919807021,0.13070220129534732,0.1320758654597086,0.0,0.003502624800000187,0.0,0.0008997506032758507,0.0012204689566512883
24,100,100,1.0,feasible,0.7735232422862923,0.7953054963982348,0.8267639301972686,0.05324068791097625,0.6287514743999998,0.6621907211599997,0.7435715479999999,0.11482007360000013,0.187393430175,0.2475159125590369,0.33950443695,0.152111006775,0.1206929568884932,0.18361776301033297,0.2594799919807021,0.1387870350922089,0.1351380899953191,0.0,0.0009531391999999528,0.01511287807500003,0.008084833796861576,0.0030622245356105027
25,100,100,1.0,feasible,0.7735232422862923,0.7948626715041947,0.8282916197477893,0.054768377461496986,0.6287514743999998,0.6572020672159998,0.7139509631999997,0.08519948879999995,0.187393430175,0.2467446472104631,0.3275306374309524,0.1401372072559524,0.1128523211542318,0.18009243743239003,0.25958136391002623,0.14672904275579443,0.13612896459197998,0.0,0.0,0.0,0.0078406357342614,0.00099087459666089
26,100,100,1.0,feasible,0.7735232422862923,0.7968653871662044,0.8291260025639684,0.05560276027767608,0.6261414207999999,0.658146792896,0.7139509631999997,0.08780954239999983,0.187393430175,0.24602449879245594,0.3275306374309524,0.1401372072559524,0.10842747445448717,0.17374410499169446,0.25958136391002623,0.15115388945553906,0.13739100326804563,0.0,0.002610053599999884,0.0,0.004424846699744633,0.001262038676065641
27,100,100,1.0,feasible,0.7735232422862923,0.7963794780719654,0.8291260025639684,0.05560276027767608,0.6261414207999999,0.6568208475359999,0.7139509631999997,0.08780954239999983,0.187393430175,0.24343478562094523,0.3275306374309524,0.1401372072559524,0.10842747445448717,0.1736723511672106,0.25958136391002623,0.15115388945553906,0.13755351610097657,0.0,0.0,0.0,0.0,0.00016251283293094998
28,100,100,1.0,feasible,0.7727708218652434,0.796336246585736,0.8291260025639684,0.05635518069872503,0.6261414207999999,0.6558039947759998,0.7050790855999998,0.07893766479999986,0.187393430175,0.24282108323192142,0.3275306374309524,0.1401372072559524,0.10842747445448717,0.17150815062720295,0.25248083195562104,0.14405335750113388,0.13803389154117296,0.0007524204210489494,0.0,0.0,0.0,0.00048037544019638445
29,100,100,1.0,feasible,0.7727708218652434,0.7951466099279648,0.8291260025639684,0.05635518069872503,0.6261414207999999,0.654285345752,0.7050790855999998,0.07893766479999986,0.187393430175,0.23786472140250833,0.3275306374309524,0.1401372072559524,0.10842747445448717,0.17421362101325844,0.25248083195562104,0.14405335750113388,0.1381035250184694,0.0,0.0,0.0,0.0,6.963347729643798e-05
30,100,100,1.0,feasible,0.7727708218652434,0.7969706669413774,0.8291260025639684,0.05635518069872503,0.6261414207999999,0.6549656188159999,0.7050790855999998,0.07893766479999986,0.187393430175,0.2382916955678988,0.2972783620619048,0.10988493188690479,0.10842747445448717,0.16827635906045285,0.25248083195562104,0.14405335750113388,0.13819652793263604,0.0,0.0,0.0,0.0,9.300291416663997e-05
31,100,100,1.0,feasible,0.7727708218652434,0.7979604058578829,0.8291260025639684,0.05635518069872503,0.6261414207999999,0.6561633908879999,0.7063222663999998,0.08018084559999994,0.187393430175,0.2380953527721988,0.29748772337142854,0.11009429319642855,0.10842747445448717,0.16500329341340403,0.25248083195562104,0.14405335750113388,0.13825379253520073,0.0,0.0,0.0,0.0,5.72646025646939e-05
32,100,100,1.0,feasible,0.7727708218652434,0.7983087193614498,0.8291260025639684,0.05635518069872503,0.6261152007999999,0.6548854694319998,0.7060599871999999,0.07994478639999991,0.187393430175,0.2389602262114714,0.29540052963809527,0.10800709946309528,0.10842747445448717,0.16400991768857132,0.25248083195562104,0.14405335750113388,0.1383039308808458,0.0,2.6219999999965715e-05,0.0,0.0,5.0138345645073246e-05
33,100,100,1.0,feasible,0.7727708218652434,0.798253514943401,0.8291260025639684,0.05635518069872503,0.6261152007999999,0.6552129305199998,0.7060599871999999,0.07994478639999991,0.187393430175,0.23490309739562978,0.28891200908095244,0.10151857890595245,0.10842747445448717,0.16418395809045402,0.25248083195562104,0.14405335750113388,0.13835929807845898,0.0,0.0,0.0,0.0,5.536719761317643e-05
34,100,100,1.0,feasible,0.7709655108750633,0.7978325415886138,0.8291260025639684,0.058160491688905136,0.6258647263999999,0.6542365856399998,0.7060599871999999,0.08019526079999995,0.187393430175,0.23453288617303214,0.28891200908095244,0.10151857890595245,0.10842747445448717,0.16430609647363223,0.25248083195562104,0.14405335750113388,0.13910374596639638,0.001805310990180109,0.0002504744000000336,0.0,0.0,0.0007444478879373995
35,100,100,1.0,feasible,0.7703365044564213,0.7974316405455846,0.8291260025639684,0.05878949810754708,0.6255371751999999,0.6540252293839999,0.7066205095999998,0.08108333439999993,0.187393430175,0.2331918425370869,0.28891200908095244,0.10151857890595245,0.10842747445448717,0.16467466590920957,0.25248083195562104,0.14405335750113388,0.13954385633504995,0.000629006418641942,0.00032755120000005356,0.0,0.0,0.00044011036865357345
36,100,100,1.0,feasible,0.7700675398112778,0.7972033844531071,0.8291260025639684,0.059058462752690555,0.6255371751999999,0.6535850459999999,0.7066205095999998,0.08108333439999993,0.1790628023761905,0.23089069229607262,0.2869940643308333,0.10793126195464281,0.10842747445448717,0.16526842793529717,0.24993354792815664,0.14150607347366947,0.14081098384916013,0.00026896464514347684,0.0,0.008330627798809498,0.0,0.0012671275141101779
37,100,100,1.0,feasible,0.7700675398112778,0.7963195026886786,0.8275275896080792,0.057460049796801305,0.6255371751999999,0.6511223918959999,0.7066205095999998,0.08108333439999993,0.17255294961666665,0.2308007050632452,0.3022431747226191,0.12969022510595243,0.10808042005266216,0.1661684490515141,0.24993354792815664,0.14185312787549448,0.14183866585988003,0.0,0.0,0.006509852759523843,0.00034705440182500324,0.0010276820107198992
38,100,100,1.0,feasible,0.7700675398112778,0.796716190933668,0.8278779224007117,0.05781038258943383,0.6253547295999999,0.6516671060719998,0.7066205095999998,0.08126577999999984,0.17029842776190476,0.22826032423351786,0.3022431747226191,0.13194474696071432,0.10584566126140965,0.16475238209385612,0.24993354792815664,0.144087886666747,0.14249657741462635,0.0,0.00018244559999991417,0.0022545218547618817,0.0022347587912525113,0.0006579115547463155
39,100,100,1.0,feasible,0.7700675398112778,0.7973288861345122,0.8278779224007117,0.05781038258943383,0.6251281303999999,0.6517314614559999,0.7066205095999998,0.08149237919999985,0.17029842776190476,0.2278371169425464,0.30475590612738096,0.1344574783654762,0.10584566126140965,0.16289338246236862,0.24993354792815664,0.144087886666747,0.14259065795666231,0.0,0.00022659920000001055,0.0,0.0,9.408054203596805e-05
40,100,100,1.0,feasible,0.7700675398112778,0.79653843694818,0.8278779224007117,0.05781038258943383,0.6251281303999999,0.6507222343039999,0.7066205095999998,0.08149237919999985,0.17029842776190476,0.2272628546947238,0.30475590612738096,0.1344574783654762,0.10584566126140965,0.1652889358148244,0.24993354792815664,0.144087886666747,0.14264824053551678,0.0,0.0,0.0,0.0,5.758257885446483e-05
41,100,100,1.0,feasible,0.7700675398112778,0.7966770314408804,0.8276272636178117,0.05755972380653385,0.6251281303999999,0.6507666653759999,0.7067091079999999,0.08158097759999994,0.17026615303809522,0.2285118377527826,0.30475590612738096,0.13448975308928574,0.10584566126140965,0.16353080588240462,0.24993354792815664,0.144087886666747,0.14270778565505385,0.0,0.0,3.2274723809538886e-05,0.0,5.954511953706887e-05
42,100,100,1.0,feasible,0.7700675398112778,0.7964404744597354,0.8264722896063351,0.056404749795057274,0.6251136375999999,0.6499012602559999,0.7044121727999999,0.07929853519999996,0.17026615303809522,0.22966183769430404,0.30475590612738096,0.13448975308928574,0.10584566126140965,0.16287636112122794,0.24993354792815664,0.144087886666747,0.14276272862514,0.0,1.449279999998776e-05,0.0,0.0,5.4942970086152565e-05
43,100,100,1.0,feasible,0.7700675398112778,0.796893736049919,0.8264722896063351,0.056404749795057274,0.6246848207999999,0.6512594443999999,0.7044121727999999,0.07972735200000003,0.17026615303809522,0.22452787937843813,0.3004363676966667,0.13017021465857148,0.10584566126140965,0.16291571909803715,0.24993354792815664,0.144087886666747,0.14295851735735648,0.0,0.0004288168000000647,0.0,0.0,0.00019578873221648418
44,100,100,1.0,feasible,0.7693048437200214,0.7970992184884796,0.8264722896063351,0.05716744588631373,0.6246848207999999,0.6507877325839999,0.7046786511999998,0.07999383039999997,0.16849100145357143,0.2257198230593595,0.3004363676966667,0.13194536624309527,0.10584566126140965,0.16205681048777001,0.24993354792815664,0.144087886666747,0.14353773278259174,0.000762696091256454,0.0,0.001775151584523793,0.0,0.0005792154252352577
45,100,100,1.0,feasible,0.7693048437200214,0.7951712614253572,0.8264722896063351,0.05716744588631373,0.6246848207999999,0.6496555942159999,0.7046786511999998,0.07999383039999997,0.1655712836297619,0.22276533283889052,0.3004363676966667,0.1348650840669048,0.10584566126140965,0.16532639901384966,0.24993354792815664,0.144087886666747,0.14403483893930327,0.0,0.0,0.0029197178238095367,0.0,0.0004971061567115298
46,100,100,1.0,feasible,0.7693048437200214,0.7956296298240106,0.8264722896063351,0.05716744588631373,0.6244820159999999,0.6505342806639999,0.7046786511999998,0.08019663519999998,0.1655712836297619,0.22263580746068098,0.29047803140238093,0.12490674777261904,0.10584566126140965,0.16386770943882228,0.24993354792815664,0.144087886666747,0.14411784927804336,0.0,0.00020280480000001155,0.0,0.0,8.301033874008601e-05
47,100,100,1.0,feasible,0.7693048437200214,0.7964114324211187,0.8272529564997472,0.05794811277972578,0.6244820159999999,0.6514539705679998,0.7046786511999998,0.08019663519999998,0.1655712836297619,0.22397571575844766,0.3015442550380952,0.13597297140833328,0.10584566126140965,0.1620189192938793,0.24993354792815664,0.144087886666747,0.1441245276287053,0.0,0.0,0.0,0.0,6.67835066195388e-06
48,100,100,1.0,feasible,0.7693048437200214,0.7964820059407323,0.8272529564997472,0.05794811277972578,0.6243284687999998,0.6511241992879999,0.7046786511999998,0.08035018240000003,0.1655712836297619,0.22259386371870718,0.3015442550380952,0.13597297140833328,0.10584566126140965,0.16201160789867186,0.24993354792815664,0.144087886666747,0.1441693209736587,0.0,0.00015354720000004818,0.0,0.0,4.4793344953386605e-05
49,100,100,1.0,feasible,0.7693048437200214,0.7960361598503479,0.8272529564997472,0.05794811277972578,0.6243056975999999,0.6506289720559998,0.7046786511999998,0.08037295359999996,0.14776517136785716,0.22072786333853098,0.3015442550380952,0.15377908367023801,0.10584566126140965,0.16336065461052293,0.24993354792815664,0.144087886666747,0.14664824004073276,0.0,2.277119999993804e-05,0.017806112261904733,0.0,0.0024789190670740646
50,100,100,1.0,feasible,0.7693048437200214,0.7961400361563149,0.8272529564997472,0.05794811277972578,0.6243056975999999,0.6504178444639999,0.7046786511999998,0.08037295359999996,0.1431867969440476,0.21846377879311663,0.3015442550380952,0.15835745809404758,0.10584566126140965,0.1623281691463765,0.24993354792815664,0.144087886666747,0.14729771835447958,0.0,0.0,0.004578374423809567,0.0,0.0006494783137468152
51,100,100,1.0,feasible,0.7691012456177071,0.7975912492709257,0.8272529564997472,0.058151710882040075,0.6242573159999999,0.6523858586079999,0.7057294743999998,0.08147215839999988,0.1431867969440476,0.21683682207979044,0.3015442550380952,0.15835745809404758,0.10296810838482215,0.15842816431533985,0.24993354792815664,0.1469654395433345,0.1476841396886964,0.0002035981023142952,4.8381599999980374e-05,0.0,0.0028775528765875025,0.0003864213342168188
52,100,100,1.0,feasible,0.7691012456177071,0.7970804660666632,0.8272529564997472,0.058151710882040075,0.6238397271999998,0.6511778204559998,0.7057294743999998,0.08188974719999997,0.1431867969440476,0.21620817104328335,0.3015442550380952,0.15835745809404758,0.10296810838482215,0.15933151711289895,0.24993354792815664,0.1469654395433345,0.1477756828611519,0.0,0.00041758880000009047,0.0,0.0,9.154317245549382e-05
53,100,100,1.0,feasible,0.7691012456177071,0.797705014125373,0.8272529564997472,0.058151710882040075,0.6235340007999999,0.6519791837359997,0.7057294743999998,0.0821954735999999,0.1431867969440476,0.21478121383744667,0.3015442550380952,0.15835745809404758,0.10296810838482215,0.1583183741073255,0.24993354792815664,0.1469654395433345,0.14790861537778816,0.0,0.00030572639999992823,0.0,0.0,0.00013293251663626382
54,100,100,1.0,feasible,0.7691012456177071,0.7961040080259187,0.8290047876441141,0.05990354202640702,0.6235340007999999,0.6506300377999998,0.7057337471999998,0.08219974639999994,0.1431867969440476,0.21186886532244759,0.3015442550380952,0.15835745809404758,0.10296810838482215,0.1616586585268622,0.24993354792815664,0.1469654395433345,0.14793727615406352,0.0,0.0,0.0,0.0,2.866077627536323e-05
55,100,100,1.0,feasible,0.7691012456177071,0.7967262503933162,0.8290047876441141,0.05990354202640702,0.6234542351999999,0.6509551863839999,0.7057337471999998,0.08227951199999994,0.1431867969440476,0.21252553643259764,0.3015442550380952,0.15835745809404758,0.10296810838482215,0.1595348142245129,0.24993354792815664,0.1469654395433345,0.14800385224636906,0.0,7.976560000000354e-05,0.0,0.0,6.657609230553696e-05
56,100,100,1.0,feasible,0.7686756508468074,0.7957797528133885,0.8290047876441141,0.06032913679730667,0.6233920999999999,0.6478724712799999,0.7053138599999998,0.08192175999999995,0.1431867969440476,0.2116610402998643,0.3015442550380952,0.15835745809404758,0.10296810838482215,0.16066748713679785,0.24999887903676193,0.14703077065193979,0.1482324862407226,0.00042559477089965103,6.213519999997974e-05,0.0,0.0,0.0002286339943535498
57,100,100,1.0,feasible,0.7686756508468074,0.7952680937357194,0.8290047876441141,0.06032913679730667,0.6233920999999999,0.646670498608,0.7053138599999998,0.08192175999999995,0.1431867969440476,0.20984728700334312,0.3015442550380952,0.15835745809404758,0.10296810838482215,0.16253060968342228,0.24999887903676193,0.14703077065193979,0.14826883599623225,0.0,0.0,0.0,0.0,3.634975550964592e-05
58,100,100,1.0,feasible,0.7686756508468074,0.7946244900999426,0.8290047876441141,0.06032913679730667,0.6233920999999999,0.6465044739119997,0.7092818871999998,0.08588978719999996,0.1431867969440476,0.20634088696122166,0.27307729346428566,0.12989049652023807,0.10296810838482215,0.16327839980318987,0.24999887903676193,0.14703077065193979,0.1483629602808926,0.0,0.0,0.0,0.0,9.412428466035183e-05
59,100,100,1.0,feasible,0.7686011600648841,0.7961606623244903,0.8290047876441141,0.06040362757923001,0.6233920999999999,0.6477248668079999,0.7092818871999998,0.08588978719999996,0.1431867969440476,0.20729277133728355,0.27307729346428566,0.12989049652023807,0.10296810838482215,0.1594669356994916,0.253437062899382,0.15046895451455986,0.14842378544306975,7.449078192334202e-05,0.0,0.0,0.0,6.0825162177147174e-05
60,100,100,1.0,feasible,0.7686011600648841,0.795704927587079,0.8290047876441141,0.06040362757923001,0.6231283967999999,0.6478929875279998,0.7122549463999999,0.0891265496,0.1431867969440476,0.20774839495096212,0.28003684657142863,0.13685004962738104,0.10296810838482215,0.15931205174355828,0.253437062899382,0.15046895451455986,0.14858162979400785,0.0,0.00026370320000002057,0.0,0.0,0.00015784435093810223
61,100,100,1.0,feasible,0.7686011600648841,0.796860435864162,0.8290047876441141,0.06040362757923001,0.6231283967999999,0.6510209306399999,0.7122549463999999,0.0891265496,0.1431867969440476,0.20671680946032425,0.28003684657142863,0.13685004962738104,0.10296810838482215,0.15747853698381006,0.253437062899382,0.15046895451455986,0.14858468744879955,0.0,0.0,0.0,0.0,3.0576547916938424e-06
62,100,100,1.0,feasible,0.7686011600648841,0.7961766704245373,0.8290047876441141,0.06040362757923001,0.6231283967999999,0.6505431514239998,0.7122549463999999,0.0891265496,0.13848017298690476,0.20612690572342168,0.2965848547714286,0.15810468178452383,0.10296810838482215,0.15879678293029134,0.253437062899382,0.15046895451455986,0.14927635900202993,0.0,0.0,0.00470662395714283,0.0,0.000691671553230383
63,100,100,1.0,feasible,0.7686011600648841,0.7956479885790033,0.8267712273908572,0.058170067325973074,0.6231283967999999,0.6499067168399998,0.7122549463999999,0.0891265496,0.13848017298690476,0.20453541381079784,0.2965848547714286,0.15810468178452383,0.10296810838482215,0.1589499083443975,0.253437062899382,0.15046895451455986,0.14932354368264644,0.0,0.0,0.0,0.0,4.7184680616513264e-05
64,100,100,1.0,feasible,0.7686011600648841,0.7953785894415084,0.8267712273908572,0.058170067325973074,0.6226602047999998,0.6491192158239998,0.7122549463999999,0.08959474160000003,0.13848017298690476,0.2045286075136669,0.28003684657142863,0.14155667358452387,0.10296810838482215,0.15942227227363465,0.253437062899382,0.15046895451455986,0.1494835052436186,0.0,0.0004681920000000339,0.0,0.0,0.00015996156097214387
65,100,100,1.0,feasible,0.7686011600648841,0.797307236502538,0.8298806629689709,0.06127950290408679,0.6226602047999998,0.651436526176,0.7097977631999999,0.08713755840000004,0.13848017298690476,0.20517371025539308,0.28003684657142863,0.14155667358452387,0.10050419525569698,0.15579120376752081,0.253437062899382,0.15293286764368502,0.14977386956295702,0.0,0.0,0.0,0.002463913129125167,0.000290364319338432
66,100,100,1.0,feasible,0.7680855417473356,0.796276914162873,0.8298806629689709,0.06179512122163533,0.6226602047999998,0.6503839015919998,0.7169514935999999,0.09429128880000004,0.13848017298690476,0.20428066560955974,0.28003684657142863,0.14155667358452387,0.10050419525569698,0.15798520653207698,0.25607576128169696,0.15557156602599997,0.14997275558784642,0.0005156183175485385,0.0,0.0,0.0,0.00019888602488940532
67,100,100,1.0,feasible,0.7680855417473356,0.7963734153960196,0.8298806629689709,0.06179512122163533,0.6224558071999999,0.6506964680079999,0.7169514935999999,0.09449568639999995,0.13848017298690476,0.20155339107007858,0.28827928538214287,0.1497991123952381,0.10050419525569698,0.1576419207796531,0.25607576128169696,0.15557156602599997,0.15005414540707282,0.0,0.00020439759999990592,0.0,0.0,8.138981922639621e-05
68,100,100,1.0,feasible,0.7680855417473356,0.7968825506968062,0.8298806629689709,0.06179512122163533,0.6222347759999999,0.6517604263679999,0.7169514935999999,0.0947167176,0.13848017298690476,0.2016640942843166,0.28003684657142863,0.14155667358452387,0.09888498226268096,0.15480074395833715,0.25607576128169696,0.157190779019016,0.15031579758028235,0.0,0.00022103120000005472,0.0,0.0016192129930160254,0.00026165217320953116
69,100,100,1.0,feasible,0.7680855417473356,0.7959140381952804,0.8298806629689709,0.06179512122163533,0.6222347759999999,0.6496578108959998,0.7169514935999999,0.0947167176,0.13651976848690478,0.20055929262739045,0.28003684657142863,0.14351707808452385,0.09852304335081913,0.1574924327822789,0.25607576128169696,0.15755271793087783,0.15064230470619594,0.0,0.0,0.001960404499999985,0.00036193891186182825,0.00032650712591358877
70,100,100,1.0,feasible,0.7680855417473356,0.7962605479401043,0.8298806629689709,0.06179512122163533,0.6222347759999999,0.6503416818479998,0.7169514935999999,0.0947167176,0.13651976848690478,0.20036049335955236,0.28003684657142863,0.14351707808452385,0.09852304335081913,0.15735318541730986,0.25607576128169696,0.15755271793087783,0.15064835924375516,0.0,0.0,0.0,0.0,6.054537559224693e-06
71,100,100,1.0,feasible,0.7680855417473356,0.7965477299548254,0.8298806629689709,0.06179512122163533,0.6222347759999999,0.6513822690079998,0.7169514935999999,0.0947167176,0.13651976848690478,0.20042136836861432,0.28003684657142863,0.14351707808452385,0.09852304335081913,0.15651835791596994,0.25607576128169696,0.15755271793087783,0.15066565850609517,0.0,0.0,0.0,0.0,1.7299262340009225e-05
72,100,100,1.0,feasible,0.7680855417473356,0.7974750892949959,0.8299354454677063,0.06184990372037069,0.6222347759999999,0.6522867849279999,0.7169514935999999,0.0947167176,0.13651976848690478,0.20349404716387617,0.28003684657142863,0.14351707808452385,0.09844247120174854,0.1523109458147055,0.25607576128169696,0.15763329007994842,0.15064219766884485,0.0,0.0,0.0,8.057214907059018e-05,-2.346083725032755e-05
73,100,100,1.0,feasible,0.7680855417473356,0.7974475503026182,0.8299354454677063,0.06184990372037069,0.6222347759999999,0.650787811992,0.7113535287999999,0.08911875280000003,0.13651976848690478,0.20312377110500954,0.28003684657142863,0.14351707808452385,0.09844247120174854,0.15305425361818725,0.25607576128169696,0.15763329007994842,0.1506559411922377,0.0,0.0,0.0,0.0,1.374352339286733e-05
74,100,100,1.0,feasible,0.7679350135175205,0.7962913551009017,0.8299354454677063,0.062000431950185786,0.6222347759999999,0.6509955810159999,0.7078182599999999,0.08558348400000004,0.13651976848690478,0.19644947978099453,0.28003684657142863,0.14351707808452385,0.09844247120174854,0.15628146745209337,0.25607576128169696,0.15763329007994842,0.15072872432327705,0.0001505282298150945,0.0,0.0,0.0,7.278313103933898e-05
75,100,100,1.0,feasible,0.7679350135175205,0.795506624271362,0.8312647685451661,0.0633297550276456,0.6222347759999999,0.6492791437359999,0.7089786495999999,0.08674387360000002,0.13651976848690478,0.19970582631901834,0.28003684657142863,0.14351707808452385,0.09737346397121152,0.15732651075639595,0.25607576128169696,0.15870229731048544,0.15087369751014063,0.0,0.0,0.0,0.0010690072305370169,0.00014497318686357286
76,100,100,1.0,feasible,0.7679350135175205,0.7963667688416792,0.8312647685451661,0.0633297550276456,0.6222000543999998,0.6505968774079999,0.7089786495999999,0.08677859520000009,0.13651976848690478,0.19768281048796194,0.284971509702381,0.14845174121547622,0.09737346397121152,0.15617145512566874,0.25607576128169696,0.15870229731048544,0.15089035072488316,0.0,3.472160000006497e-05,0.0,0.0,1.6653214742534672e-05
77,100,100,1.0,feasible,0.7679350135175205,0.7952402136919402,0.8312647685451661,0.0633297550276456,0.6215223215999999,0.6500941082719999,0.7089786495999999,0.08745632800000003,0.13651976848690478,0.1950368215030095,0.2747606258988095,0.13824085741190473,0.09737346397121152,0.15842825559482743,0.25607576128169696,0.15870229731048544,0.1510582622587827,0.0,0.0006777327999999416,0.0,0.0,0.0001679115338995285
78,100,100,1.0,feasible,0.766518134494968,0.7961059272888212,0.8312647685451661,0.06474663405019809,0.6215223215999999,0.6505193261599999,0.7089786495999999,0.08745632800000003,0.13651976848690478,0.19687664421884643,0.2747606258988095,0.13824085741190473,0.09737346397121152,0.15586800787436705,0.25622071242773803,0.1588472484565265,0.15169694895566965,0.0014168790225524974,0.0,0.0,0.0,0.0006386866968869642
79,100,100,1.0,feasible,0.766518134494968,0.7959625078881274,0.8312647685451661,0.06474663405019809,0.6215223215999999,0.6502483826239999,0.7089786495999999,0.08745632800000003,0.13651976848690478,0.1935567282155369,0.2747606258988095,0.13824085741190473,0.09737346397121152,0.1567010362189958,0.25622071242773803,0.1588472484565265,0.15175569404556546,0.0,0.0,0.0,0.0,5.874508989581195e-05
80,100,100,1.0,feasible,0.766518134494968,0.7967531912240772,0.8314213932639142,0.0649032587689462,0.6214509447999998,0.6497396259679998,0.7089786495999999,0.08752770480000005,0.13114632261785714,0.19756374433621068,0.2747606258988095,0.14361430328095237,0.09737346397121152,0.15427195363073012,0.25622071242773803,0.1588472484565265,0.15248852109874192,0.0,7.137680000002256e-05,0.005373445869047644,0.0,0.0007328270531764547
81,100,100,1.0,feasible,0.766518134494968,0.7972739297446497,0.8314213932639142,0.0649032587689462,0.6211202583999998,0.6500915593279999,0.7089786495999999,0.08785839120000005,0.13114632261785714,0.19532710781645593,0.2747606258988095,0.14361430328095237,0.09737346397121152,0.15236331671262748,0.25622071242773803,0.1588472484565265,0.1526246591295462,0.0,0.00033068640000000205,0.0,0.0,0.00013613803080428366
82,100,100,1.0,feasible,0.766518134494968,0.7964167710786109,0.8314213932639142,0.0649032587689462,0.6208106776,0.6487261977759998,0.7089786495999999,0.08816797199999993,0.13004979986785714,0.19199758054494404,0.2747606258988095,0.14471082603095237,0.09737346397121152,0.1533939274320559,0.25622071242773803,0.1588472484565265,0.15297186127997087,0.0,0.00030958079999987564,0.0010965227499999952,0.0,0.0003472021504246636
83,100,100,1.0,feasible,0.766518134494968,0.7955452382833621,0.8314213932639142,0.0649032587689462,0.6208106776,0.6481437804,0.7089786495999999,0.08816797199999993,0.13004979986785714,0.1909307017129417,0.2747606258988095,0.14471082603095237,0.09737346397121152,0.155796932247169,0.25622071242773803,0.1588472484565265,0.15294823638826707,0.0,0.0,0.0,0.0,-2.3624891703794004e-05
84,100,100,1.0,feasible,0.766518134494968,0.7968983174820782,0.8314213932639142,0.0649032587689462,0.6207859847999999,0.6487702283919998,0.7089786495999999,0.08819266479999999,0.12983588645714286,0.1951010286462869,0.27799231798333335,0.14815643152619049,0.09737346397121152,0.1523174822762699,0.25622071242773803,0.1588472484565265,0.15297922156671687,0.0,2.4692800000059023e-05,0.00021391341071427816,0.0,3.098517844979387e-05
85,100,100,1.0,feasible,0.766518134494968,0.7972195435569392,0.8349784086826089,0.06846027418764089,0.6207322335999998,0.6494236571759999,0.7116536751999998,0.09092144159999993,0.12983588645714286,0.19595839838963214,0.27799231798333335,0.14815643152619049,0.09298773420486384,0.15173585114774707,0.25622071242773803,0.1632329782228742,0.15340602135414697,0.0,5.375120000006284e-05,0.0,0.004385729766347685,0.00042679978743009883
86,100,100,1.0,feasible,0.766518134494968,0.7984817738292084,0.8349784086826089,0.06846027418764089,0.6207322335999998,0.651226090208,0.7122325879999998,0.09150035439999993,0.12983588645714286,0.1954618524606976,0.27799231798333335,0.14815643152619049,0.09298773420486384,0.1501704339000145,0.25622071242773803,0.1632329782228742,0.15339319805677742,0.0,0.0,0.0,0.0,-1.2823297369540798e-05
87,100,100,1.0,feasible,0.766518134494968,0.7974403247126436,0.8349784086826089,0.06846027418764089,0.6207302735999998,0.6499322019279999,0.7122325879999998,0.0915023144,0.12983588645714286,0.19452299144653334,0.27863840001428575,0.14880251355714288,0.09298773420486384,0.152413440906456,0.25622071242773803,0.1632329782228742,0.15339033305664987,0.0,1.9600000000785656e-06,0.0,0.0,-2.865000127555417e-06
88,100,100,1.0,feasible,0.766518134494968,0.7984766768519002,0.8349784086826089,0.06846027418764089,0.6207302735999998,0.6511348313759998,0.7122325879999998,0.0915023144,0.12983588645714286,0.19599993191905948,0.27863840001428575,0.14880251355714288,0.09298773420486384,0.14951735808675184,0.25622071242773803,0.1632329782228742,0.15341716057186505,0.0,0.0,0.0,0.0,2.6827515215183118e-05
89,100,100,1.0,feasible,0.766518134494968,0.7975321679189996,0.8355121559136971,0.06899402141872912,0.6207302735999998,0.6499564007439999,0.7122325879999998,0.0915023144,0.12983588645714286,0.19532889878247148,0.27863840001428575,0.14880251355714288,0.09139580862426101,0.15230473666006236,0.25622071242773803,0.16482490380347703,0.1536016077239506,0.0,0.0,0.0,0.0015919255806028237,0.00018444715208554285
90,100,100,1.0,feasible,0.766518134494968,0.7969797605375614,0.8355121559136971,0.06899402141872912,0.6207302735999998,0.6494298703679998,0.7122325879999998,0.0915023144,0.12983588645714286,0.19303775857134053,0.27863840001428575,0.14880251355714288,0.09139580862426101,0.1541618634133855,0.25622071242773803,0.16482490380347703,0.15362032613121476,0.0,0.0,0.0,0.0,1.8718407264167736e-05
91,100,100,1.0,feasible,0.766518134494968,0.796511279989709,0.8355121559136971,0.06899402141872912,0.6207302735999998,0.6486036449839999,0.7122325879999998,0.0915023144,0.12983588645714286,0.19087532396963572,0.27863840001428575,0.14880251355714288,0.09139580862426101,0.15432968087759863,0.25654227751739894,0.16514646889313794,0.15366800930323632,0.0,0.0,0.0,0.0,4.7683172021556475e-05
92,100,100,1.0,feasible,0.766518134494968,0.7987642708422723,0.8355121559136971,0.06899402141872912,0.6207302735999998,0.6504383870639998,0.7109650832,0.09023480960000019,0.12983588645714286,0.19200497968585953,0.27863840001428575,0.14880251355714288,0.09139580862426101,0.14832788420618154,0.25654227751739894,0.16514646889313794,0.15366127347677744,0.0,0.0,0.0,0.0,-6.735826458881267e-06
93,100,100,1.0,feasible,0.766518134494968,0.7979233557183473,0.8355121559136971,0.06899402141872912,0.6207298351999999,0.6493516568479998,0.7109650832,0.09023524800000005,0.12983588645714286,0.1925747274544262,0.27863840001428575,0.14880251355714288,0.09139580862426101,0.1511460174588819,0.25654227751739894,0.16514646889313794,0.15365426162649087,0.0,4.3839999985806344e-07,0.0,0.0,-7.0118502865645915e-06
94,100,100,1.0,feasible,0.766518134494968,0.7983099207288997,0.8359712842516525,0.06945314975668448,0.6206930079999999,0.648494260856,0.7109650832,0.09027207520000002,0.12983588645714286,0.19433261136921903,0.27863840001428575,0.14880251355714288,0.09139580862426101,0.14954730707227878,0.25654227751739894,0.16514646889313794,0.15366063132131472,0.0,3.682719999997808e-05,0.0,0.0,6.369694823843419e-06
95,100,100,1.0,feasible,0.766518134494968,0.7986626671463206,0.8359712842516525,0.06945314975668448,0.6206930079999999,0.6486118200559998,0.7109650832,0.09027207520000002,0.12983588645714286,0.1943710159526,0.2696292175119047,0.13979333105476185,0.09129294692647696,0.14963159110285013,0.25654227751739894,0.16524933059092198,0.15369679791400945,0.0,0.0,0.0,0.00010286169778404852,3.616659269473077e-05
96,100,100,1.0,feasible,0.766518134494968,0.8011897839080458,0.8359712842516525,0.06945314975668448,0.6206632559999998,0.6526164394319999,0.7109650832,0.09030182720000013,0.12653753898809522,0.1938511218560619,0.2696292175119047,0.1430916785238095,0.09129294692647696,0.14476680585977728,0.25654227751739894,0.16524933059092198,0.154192967608071,0.0,2.9752000000105028e-05,0.003298347469047641,0.0,0.000496169694061549
97,100,100,1.0,feasible,0.766518134494968,0.7996517678963251,0.8361799214239616,0.06966178692899361,0.6203042087999999,0.6505557990399998,0.7109974519999999,0.09069324319999994,0.12653753898809522,0.19197901707317622,0.27813951942619053,0.1516019804380953,0.09104052983378792,0.14778632296783578,0.25793210526625016,0.16689157543246225,0.15434203842191588,0.0,0.00035904719999990675,0.0,0.0002524170926890418,0.00014907081384488152
98,100,100,1.0,feasible,0.7664900805818639,0.79919388348159,0.8361799214239616,0.06968984084209773,0.6203042087999999,0.6490535650719998,0.7109974519999999,0.09069324319999994,0.12653753898809522,0.19108790180507618,0.27813951942619053,0.1516019804380953,0.09104052983378792,0.14863628554299696,0.2584229675300206,0.16738243769623268,0.15442630540363103,2.80539131041202e-05,0.0,0.0,0.0,8.426698171515312e-05
99,100,100,1.0,feasible,0.7664900805818639,0.799545959299182,0.8361799214239616,0.06968984084209773,0.6203042087999999,0.6500546069919999,0.7109974519999999,0.09069324319999994,0.12653753898809522,0.19245067839770474,0.27813951942619053,0.1516019804380953,0.09104052983378792,0.1477986628457802,0.2584229675300206,0.16738243769623268,0.15439828522547305,0.0,0.0,0.0,0.0,-2.8020178157978082e-05
100,100,100,1.0,feasible,0.7664900805818639,0.8000767688312141,0.8361799214239616,0.06968984084209773,0.6203042087999999,0.6508868902239997,0.7109974519999999,0.09069324319999994,0.12653753898809522,0.19208382679760472,0.2679062285857143,0.14136868959761906,0.09104052983378792,0.1469078155066371,0.2584229675300206,0.16738243769623268,0.1543948322228224,0.0,0.0,0.0,0.0,-3.453002650644077e-06
101,100,100,1.0,feasible,0.7664900805818639,0.800136030023721,0.8371838561561404,0.07069377557427658,0.6202948751999998,0.6499907490719998,0.7109974519999999,0.09070257680000005,0.12653753898809522,0.1941137924655215,0.27442418304047617,0.14788664405238094,0.089941841346406,0.1461412779746176,0.2584229675300206,0.1684811261836146,0.1544962900849602,0.0,9.333600000105413e-06,0.0,0.001098688487381927,0.00010145786213780483
102,100,100,1.0,feasible,0.7664900805818639,0.7980896609291332,0.8371838561561404,0.07069377557427658,0.6202948751999998,0.6486460317839999,0.7109974519999999,0.09070257680000005,0.12618074791666664,0.1927897766849024,0.27469679096904764,0.148516043052381,0.089941841346406,0.15133586754491887,0.2584229675300206,0.1684811261836146,0.1545558329868042,0.0,0.0,0.00035679107142858046,0.0,5.954290184398414e-05
103,100,100,1.0,feasible,0.7664900805818639,0.7973983063340484,0.8371838561561404,0.07069377557427658,0.6202948751999998,0.6485926980719998,0.7110137656,0.09071889040000014,0.12618074791666664,0.1887950493471079,0.26638214483095235,0.1402013969142857,0.089941841346406,0.1519453131683116,0.2584229675300206,0.1684811261836146,0.15464168848231086,0.0,0.0,0.0,0.0,8.585549550665927e-05
104,100,100,1.0,feasible,0.7664900805818639,0.7979512626497829,0.8371838561561404,0.07069377557427658,0.6202948751999998,0.6502301987199998,0.7156944615999998,0.09539958640000001,0.12618074791666664,0.1868875519173031,0.26638214483095235,0.1402013969142857,0.089941841346406,0.15094530773505418,0.2584229675300206,0.1684811261836146,0.15466316421552587,0.0,0.0,0.0,0.0,2.1475733215009507e-05
105,100,100,1.0,feasible,0.7664900805818639,0.7974286239277554,0.8371838561561404,0.07069377557427658,0.6202948751999998,0.6485434165759999,0.7156944615999998,0.09539958640000001,0.12618074791666664,0.1888364783410829,0.26638214483095235,0.1402013969142857,0.089941841346406,0.15153462227704298,0.2584229675300206,0.1684811261836146,0.15468163996334347,0.0,0.0,0.0,0.0,1.8475747817603416e-05
106,100,100,1.0,feasible,0.7664900805818639,0.7979090227233878,0.8371838561561404,0.07069377557427658,0.6202948751999998,0.6483462050719999,0.7156944615999998,0.09539958640000001,0.12618074791666664,0.1886955209194769,0.26638214483095235,0.1402013969142857,0.089941841346406,0.14964066615585625,0.2584229675300206,0.1684811261836146,0.15466251008138945,0.0,0.0,0.0,0.0,-1.9129881954016437e-05
107,100,100,1.0,feasible,0.7664900805818639,0.7969321683916768,0.8371838561561404,0.07069377557427658,0.6202948751999998,0.6485218416399998,0.7156944615999998,0.09539958640000001,0.12618074791666664,0.1855381498923055,0.26638214483095235,0.1402013969142857,0.089941841346406,0.15244302829833747,0.2584229675300206,0.1684811261836146,0.15466309811020823,0.0,0.0,0.0,0.0,5.880288187765093e-07
108,100,100,1.0,feasible,0.7664900805818639,0.7969253385275494,0.8371838561561404,0.07069377557427658,0.6202948751999998,0.6482412949839998,0.7156944615999998,0.09539958640000001,0.12618074791666664,0.18697920932182618,0.26638214483095235,0.1402013969142857,0.089941841346406,0.15312521761988665,0.2584229675300206,0.1684811261836146,0.15465235236085964,0.0,0.0,0.0,0.0,-1.0745749348589628e-05
109,100,100,1.0,feasible,0.7664900805818639,0.7979318703312228,0.8371838561561404,0.07069377557427658,0.6201876023999999,0.6493010126719999,0.7156944615999998,0.0955068591999999,0.12618074791666664,0.1882537039394976,0.26638214483095235,0.1402013969142857,0.089941841346406,0.15012946273837507,0.2584229675300206,0.1684811261836146,0.15467115896472905,0.0,0.00010727279999989126,0.0,0.0,1.8806603869409022e-05
110,100,100,1.0,feasible,0.7664900805818639,0.7987392172265538,0.8371838561561404,0.07069377557427658,0.6201876023999999,0.6501969681199998,0.7156944615999998,0.0955068591999999,0.12618074791666664,0.18869887685640244,0.26638214483095235,0.1402013969142857,0.089941841346406,0.14806107856206516,0.2584229675300206,0.1684811261836146,0.15466374554287146,0.0,0.0,0.0,0.0,-7.413421857588309e-06
111,100,100,1.0,feasible,0.7664900805818639,0.7991315310292499,0.8371838561561404,0.07069377557427658,0.6201876023999999,0.6509489106799998,0.7156944615999998,0.0955068591999999,0.12618074791666664,0.18724981819981903,0.27290977709761904,0.1467290291809524,0.089941841346406,0.14842166398515427,0.2584229675300206,0.1684811261836146,0.1546734309270917,0.0,0.0,0.0,0.0,9.685384220248228e-06
112,100,100,1.0,feasible,0.7664900805818639,0.7986522113817522,0.8371838561561404,0.07069377557427658,0.6201876023999999,0.6505685823119997,0.7156944615999998,0.0955068591999999,0.12618074791666664,0.18703326360427855,0.27290977709761904,0.1467290291809524,0.08895847937249651,0.14850983434391954,0.2584229675300206,0.16946448815752407,0.15480689177339887,0.0,0.0,0.0,0.0009833619739094829,0.00013346084630716515
113,100,100,1.0,feasible,0.7664900805818639,0.798651744729039,0.8371838561561404,0.07069377557427658,0.6201876023999999,0.6501474794639998,0.7167485471999998,0.09656094479999988,0.12618074791666664,0.18691420519079047,0.27290977709761904,0.1467290291809524,0.08895847937249651,0.14839233947711913,0.2584229675300206,0.16946448815752407,0.15481016337850292,0.0,0.0,0.0,0.0,3.2716051040493355e-06
114,100,100,1.0,feasible,0.7664900805818639,0.8000361652983448,0.8371838561561404,0.07069377557427658,0.6201656655999999,0.6524590240639999,0.7167485471999998,0.09658288159999995,0.12618074791666664,0.18437442075106433,0.27290977709761904,0.1467290291809524,0.08895847937249651,0.14584450455289122,0.2584229675300206,0.16946448815752407,0.15482293474643802,0.0,2.193680000006637e-05,0.0,0.0,1.2771367935093814e-05
115,100,100,1.0,feasible,0.7664900805818639,0.7988451624300142,0.8362673276298119,0.06977724704794808,0.6201656655999999,0.6518194301759997,0.7167485471999998,0.09658288159999995,0.12618074791666664,0.18442890399780001,0.27290977709761904,0.1467290291809524,0.08895847937249651,0.1485640958595607,0.2584229675300206,0.16946448815752407,0.15479701296854312,0.0,0.0,0.0,0.0,-2.5921777894899467e-05
116,100,100,1.0,feasible,0.7664900805818639,0.7992882275678929,0.8362673276298119,0.06977724704794808,0.6201656655999999,0.6511782780079999,0.7167485471999998,0.09658288159999995,0.12618074791666664,0.1869956087342088,0.27290977709761904,0.1467290291809524,0.08895847937249651,0.148607379314349,0.2584229675300206,0.16946448815752407,0.1547740509367402,0.0,0.0,0.0,0.0,-2.29620318029089e-05
117,100,100,1.0,feasible,0.7664900805818639,0.7988586343231647,0.8362673276298119,0.06977724704794808,0.6201011815999998,0.6522009393599998,0.7170918007999999,0.09699061920000007,0.12190433355952379,0.18563438492963022,0.27290977709761904,0.15100544353809525,0.08895847937249651,0.14988267643944297,0.2584229675300206,0.16946448815752407,0.1553509880453308,0.0,6.44840000000313e-05,0.004276414357142849,0.0,0.0005769371085905806
118,100,100,1.0,feasible,0.7664900805818639,0.7985794135210088,0.8362673276298119,0.06977724704794808,0.6201011815999998,0.6514194914719998,0.7170918007999999,0.09699061920000007,0.11959780613095239,0.18561631901011194,0.27290977709761904,0.15331197096666666,0.08895847937249651,0.1498480692932606,0.2584229675300206,0.16946448815752407,0.15558442526814267,0.0,0.0,0.0023065274285714032,0.0,0.00023343722281188306
119,100,100,1.0,feasible,0.7664900805818639,0.7984849482636527,0.8367038397606962,0.07021375917883232,0.6200859927999999,0.6504135148319999,0.7170918007999999,0.09700580800000003,0.11959780613095239,0.1875303259650833,0.27290977709761904,0.15331197096666666,0.08893262994263317,0.15118024402802793,0.2584229675300206,0.1694903375873874,0.1556710975344523,0.0,1.5188799999954483e-05,0.0,2.5849429863347706e-05,8.66722663096231e-05
120,100,100,1.0,feasible,0.7664900805818639,0.7986778128154817,0.8367038397606962,0.07021375917883232,0.6193400863999999,0.6499865767359999,0.7170918007999999,0.09775171439999997,0.11959780613095239,0.1861243984665405,0.27290977709761904,0.15331197096666666,0.08893262994263317,0.14946398962704946,0.2584229675300206,0.1694903375873874,0.15595298647095926,0.0,0.0007459063999999405,0.0,0.0,0.00028188893650696323
121,100,100,1.0,feasible,0.7664900805818639,0.798915785898174,0.8367038397606962,0.07021375917883232,0.6193400863999999,0.6508275739759999,0.7170918007999999,0.09775171439999997,0.11959780613095239,0.18313275578695476,0.26638214483095235,0.14678433869999996,0.08893262994263317,0.1494712858841666,0.2584229675300206,0.1694903375873874,0.1559811669368244,0.0,0.0,0.0,0.0,2.818046586514078e-05
122,100,100,1.0,feasible,0.7664900805818639,0.7983127152277046,0.8367038397606962,0.07021375917883232,0.6193400863999999,0.6500198891999998,0.7167485471999998,0.09740846079999987,0.11959780613095239,0.18192136843418338,0.2633388421452381,0.14374103601428573,0.08893262994263317,0.1505635760129585,0.2584229675300206,0.1694903375873874,0.15596966692715455,0.0,0.0,0.0,0.0,-1.1500009669845879e-05
123,100,100,1.0,feasible,0.7664900805818639,0.796495654481712,0.8345759860813147,0.06808590549945082,0.6193057287999999,0.6469178110639998,0.7167485471999998,0.09744281839999991,0.11959780613095239,0.1808787558499333,0.2633388421452381,0.14374103601428573,0.0885482717076033,0.15379031143055824,0.2584229675300206,0.1698746958224173,0.15603706814779203,0.0,3.4357600000034516e-05,0.0,0.0003843582350298719,6.740122063747522e-05
124,100,100,1.0,feasible,0.7664900805818639,0.7967946727347253,0.8345759860813147,0.06808590549945082,0.6193057287999999,0.6475992081919999,0.7167485471999998,0.09744281839999991,0.11959780613095239,0.18308475424660953,0.2697855644190476,0.15018775828809522,0.0885482717076033,0.15205087005662127,0.2584229675300206,0.1698746958224173,0.15603317312284495,0.0,0.0,0.0,0.0,-3.895024947075942e-06
125,100,100,1.0,feasible,0.7664900805818639,0.7987003076500446,0.8345759860813147,0.06808590549945082,0.6193057287999999,0.6500922808959999,0.7167485471999998,0.09744281839999991,0.11959780613095239,0.18742619747482375,0.27261130346428564,0.15301349733333325,0.0885482717076033,0.14791205185993778,0.2584229675300206,0.1698746958224173,0.15601002215253348,0.0,0.0,0.0,0.0,-2.315097031146962e-05
126,100,100,1.0,feasible,0.7664900805818639,0.7983203513569848,0.8349582074023687,0.06846812682050485,0.6193057287999999,0.6489306442479998,0.7167485471999998,0.09744281839999991,0.11959780613095239,0.1855115599803857,0.27261130346428564,0.15301349733333325,0.0885482717076033,0.14971871912391693,0.2584229675300206,0.1698746958224173,0.1560599926558967,0.0,0.0,0.0,0.0,4.997050336322251e-05
127,100,100,1.0,feasible,0.7664900805818639,0.7988558074852178,0.8364855767184691,0.06999549613660527,0.6193057287999999,0.6511275950879998,0.7167485471999998,0.09744281839999991,0.11959780613095239,0.18433366528114764,0.27261130346428564,0.15301349733333325,0.08797284098111302,0.14919464906267807,0.2584229675300206,0.17045012654890757,0.1560741243865853,0.0,0.0,0.0,0.0005754307264902725,1.4131730688593525e-05
128,100,100,1.0,feasible,0.7664900805818639,0.798620498478189,0.8364855767184691,0.06999549613660527,0.6193057287999999,0.6514438227279998,0.7167485471999998,0.09744281839999991,0.11959780613095239,0.18396975083534456,0.2576999741690476,0.13810216803809522,0.08797284098111302,0.1485989409229601,0.2584229675300206,0.17045012654890757,0.15604965289401868,0.0,0.0,0.0,0.0,-2.447149256662451e-05
129,100,100,1.0,feasible,0.7664900805818639,0.7993744963572462,0.8364855767184691,0.06999549613660527,0.6193057287999999,0.651666425144,0.7167485471999998,0.09744281839999991,0.11959780613095239,0.1849948027972112,0.2576999741690476,0.13810216803809522,0.08797284098111302,0.14724106617567412,0.2584229675300206,0.17045012654890757,0.15605249824581696,0.0,0.0,0.0,0.0,2.8453517982862664e-06
130,100,100,1.0,feasible,0.7663249884010953,0.7989705268963775,0.8364855767184691,0.07016058831737382,0.6191360207999999,0.6513285333759998,0.7167485471999998,0.09761252639999995,0.11959780613095239,0.18716392699241763,0.2576999741690476,0.13810216803809522,0.08797284098111302,0.14761506352454354,0.255005524928379,0.167032683947266,0.15615872561992497,0.0001650921807685446,0.00016970800000004616,0.0,0.0,0.00010622737410800887
131,100,100,1.0,feasible,0.7663249884010953,0.7985694691565066,0.8372095612474492,0.07088457284635385,0.6191360207999999,0.6509443882319998,0.7176627495999999,0.09852672880000002,0.11949320291666668,0.18618383159945331,0.2620377676785714,0.14254456476190472,0.0875969072364292,0.14811616487072643,0.255005524928379,0.1674086176919498,0.1562126665650055,0.0,0.0,0.00010460321428570896,0.00037593374468382346,5.394094508051617e-05
132,100,100,1.0,feasible,0.7663249884010953,0.7982783046447944,0.8372095612474492,0.07088457284635385,0.6190674687999997,0.64997883224,0.7176627495999999,0.09859528080000013,0.11949320291666668,0.18630476975823262,0.2620377676785714,0.14254456476190472,0.0875969072364292,0.14944021709228053,0.255005524928379,0.1674086176919498,0.15629340853385856,0.0,6.855200000011052e-05,0.0,0.0,8.074196885307638e-05
133,100,100,1.0,feasible,0.7663249884010953,0.7985307625233286,0.8372015422182686,0.07087655381717328,0.6190674687999997,0.6513754048239998,0.7177345559999999,0.09866708720000017,0.11949320291666668,0.1847349328267691,0.2620377676785714,0.14254456476190472,0.08691749727736665,0.1487768868229104,0.255005524928379,0.16808802765101238,0.156329725240369,0.0,0.0,0.0,0.0006794099590625435,3.631670651044194e-05
134,100,100,1.0,feasible,0.7663249884010953,0.7994624209844242,0.8372015422182686,0.07087655381717328,0.6190674687999997,0.6514104548719999,0.7177345559999999,0.09866708720000017,0.11949320291666668,0.18714782182249523,0.2620377676785714,0.14254456476190472,0.08691749727736665,0.14646768121299886,0.255005524928379,0.16808802765101238,0.15632991026732954,0.0,0.0,0.0,0.0,1.850269605307986e-07
135,100,100,1.0,feasible,0.7663249884010953,0.8016536691887746,0.8372015422182686,0.07087655381717328,0.6188123271999999,0.6532980477359998,0.7177345559999999,0.09892222880000001,0.11949320291666668,0.18693760799058093,0.26026177251190474,0.14076856959523806,0.08691749727736665,0.14204987981741257,0.255005524928379,0.16808802765101238,0.1564498390763622,0.0,0.00025514159999984187,0.0,0.0,0.00011992880903266556
136,100,100,1.0,feasible,0.7662971639369998,0.7997303186088291,0.8372015422182686,0.07090437828126883,0.6188123271999999,0.6527339363039998,0.7177345559999999,0.09892222880000001,0.11949320291666668,0.18206849080006907,0.26026177251190474,0.14076856959523806,0.08691749727736665,0.14657432447981403,0.255005524928379,0.16808802765101238,0.15650361131477875,2.7824464095549395e-05,0.0,0.0,0.0,5.3772238416543994e-05
137,100,100,1.0,feasible,0.7661862454432876,0.8007518026834457,0.8372015422182686,0.07101529677498097,0.6188123271999999,0.6531877499279999,0.7177345559999999,0.09892222880000001,0.11949320291666668,0.1825556044018548,0.2576999741690476,0.13820677125238093,0.08691749727736665,0.1444255985068793,0.255005524928379,0.16808802765101238,0.1565752272742003,0.00011091849371214213,0.0,0.0,0.0,7.161595942156707e-05
138,100,100,1.0,feasible,0.7661862454432876,0.800802228698132,0.8372015422182686,0.07101529677498097,0.6188123271999999,0.6528770708239997,0.7177345559999999,0.09892222880000001,0.11949320291666668,0.1836202116282976,0.25857973343952384,0.13908653052285716,0.08691749727736665,0.1450739206149835,0.255005524928379,0.16808802765101238,0.15658713288423404,0.0,0.0,0.0,0.0,1.1905610033724479e-05
139,100,100,1.0,feasible,0.7661862454432876,0.7995570428557722,0.8372015422182686,0.07101529677498097,0.6185643191999999,0.6500470628959997,0.7177345559999999,0.09917023680000003,0.11949320291666668,0.18455380147263573,0.25857973343952384,0.13908653052285716,0.08691749727736665,0.1458147943508923,0.255005524928379,0.16808802765101238,0.1566569306848028,0.0,0.00024800800000002177,0.0,0.0,6.97978005687605e-05
140,100,100,1.0,feasible,0.7661862454432876,0.7987431408351212,0.8372015422182686,0.07101529677498097,0.6185643191999999,0.6488130152079998,0.7177345559999999,0.09917023680000003,0.11949320291666668,0.18575677156232862,0.2611184391333333,0.14162523621666664,0.08691749727736665,0.14765590847737486,0.255005524928379,0.16808802765101238,0.1566778614839453,0.0,0.0,0.0,0.0,2.0930799142504508e-05
141,100,100,1.0,feasible,0.7661862454432876,0.7970303296495908,0.8372015422182686,0.07101529677498097,0.6185643191999999,0.6478495603599999,0.7177345559999999,0.09917023680000003,0.11949320291666668,0.1821580638100095,0.2611184391333333,0.14162523621666664,0.08691749727736665,0.1506395026559748,0.255005524928379,0.16808802765101238,0.1566928659157248,0.0,0.0,0.0,0.0,1.5004431779486183e-05
142,100,100,1.0,feasible,0.7661862454432876,0.7989164712852983,0.8372015422182686,0.07101529677498097,0.6185643191999999,0.6495196269199998,0.7177345559999999,0.09917023680000003,0.11949320291666668,0.18151803019322613,0.2553402071404761,0.13584700422380944,0.08691749727736665,0.14657714111980627,0.255005524928379,0.16808802765101238,0.1566896864444225,0.0,0.0,0.0,0.0,-3.1794713022947896e-06
143,100,100,1.0,feasible,0.7661862454432876,0.8000838634931017,0.836531446461898,0.07034520101861041,0.6185643191999999,0.650652926312,0.7177345559999999,0.09917023680000003,0.11949320291666668,0.1828441992696238,0.2553402071404761,0.13584700422380944,0.08675126055562017,0.14358203119897614,0.255005524928379,0.16825426437275887,0.1566825013993834,0.0,0.0,0.0,0.00016623672174648219,-7.185045039104221e-06
144,100,100,1.0,feasible,0.7661862454432876,0.7991369268693425,0.836531446461898,0.07034520101861041,0.6185643191999999,0.6499810637839998,0.7177345559999999,0.09917023680000003,0.11949320291666668,0.18184216553056431,0.2553402071404761,0.13584700422380944,0.08675126055562017,0.14613275470420553,0.255005524928379,0.16825426437275887,0.15669670954411422,0.0,0.0,0.0,0.0,1.4208144730826211e-05
145,100,100,1.0,feasible,0.7661862454432876,0.7971245240611863,0.8342613276821376,0.06807508223884995,0.6185643191999999,0.6464073404399998,0.7107216079999998,0.09215728879999996,0.11949320291666668,0.18372642394663571,0.2553402071404761,0.13584700422380944,0.08666000251977636,0.15002973754902862,0.255005524928379,0.16834552240860268,0.15672190437309413,0.0,0.0,0.0,9.125803584381087e-05,2.519482897991865e-05
146,100,100,1.0,feasible,0.7661862454432876,0.7985725251295065,0.8342613276821376,0.06807508223884995,0.6185643191999999,0.6490084381039998,0.7113667191999998,0.09280239999999995,0.11949320291666668,0.18127709922645238,0.2553402071404761,0.13584700422380944,0.08663571234441762,0.1480495426086336,0.255005524928379,0.1683698125839614,0.15667815610095429,0.0,0.0,0.0,2.4290175358737676e-05,-4.3748272139848554e-05
147,100,100,1.0,feasible,0.7661862454432876,0.7971167732422865,0.8342613276821376,0.06807508223884995,0.6185643191999999,0.6455554275119998,0.7113667191999998,0.09280239999999995,0.1185051141190476,0.1835695158117619,0.2553402071404761,0.13683509302142852,0.08663571234441762,0.1505719393620139,0.255005524928379,0.1683698125839614,0.15680601689002927,0.0,0.0,0.00098808879761908,0.0,0.00012786078907497944
148,100,100,1.0,feasible,0.7658296568294002,0.7969512327612369,0.8342613276821376,0.06843167085273738,0.6185451623999999,0.6460969989119999,0.7113667191999998,0.09282155679999993,0.1185051141190476,0.18334145823944525,0.2630867224880952,0.14458160836904763,0.08663571234441762,0.15140309757634698,0.255005524928379,0.1683698125839614,0.15690937130918056,0.0003565886138874319,1.9156799999975327e-05,0.0,0.0,0.00010335441915129695
149,100,100,1.0,feasible,0.7658296568294002,0.7965204363385834,0.8342613276821376,0.06843167085273738,0.6185451623999999,0.6461001437759998,0.7113667191999998,0.09282155679999993,0.1185051141190476,0.18095204884414762,0.2630867224880952,0.14458160836904763,0.08663571234441762,0.15166178840245578,0.255005524928379,0.1683698125839614,0.15698177924788817,0.0,0.0,0.0,0.0,7.24079387076082e-05
150,100,100,1.0,feasible,0.7658296568294002,0.7976679149154937,0.8342613276821376,0.06843167085273738,0.6185451623999999,0.6475222916959998,0.7107216079999998,0.09217644559999993,0.1185051141190476,0.18007123474977857,0.24753597868571434,0.12903086456666674,0.08663571234441762,0.1484190937678977,0.255005524928379,0.1683698125839614,0.1569804936330889,0.0,0.0,0.0,0.0,-1.2856147992568179e-06
151,100,100,1.0,feasible,0.7658296568294002,0.7980936243856068,0.8340637046727016,0.06823404784330145,0.6185451623999999,0.6483151682319999,0.7129115352,0.09436637280000004,0.1185051141190476,0.1791810426476405,0.251138803297619,0.1326336891785714,0.08663571234441762,0.14700688239114215,0.255005524928379,0.1683698125839614,0.15698178971298568,0.0,0.0,0.0,0.0,1.2960798967676102e-06
152,100,100,1.0,feasible,0.7655048154640436,0.7976772581131287,0.8340637046727016,0.06855888920865805,0.6185451623999999,0.6479113172319999,0.7129115352,0.09436637280000004,0.1185051141190476,0.1816656538582571,0.251138803297619,0.1326336891785714,0.08663571234441762,0.14867824777193137,0.255005524928379,0.1683698125839614,0.1570633339522775,0.00032484136535659847,0.0,0.0,0.0,8.15442392918253e-05
153,100,100,1.0,feasible,0.7655048154640436,0.7971930883906303,0.8340637046727016,0.06855888920865805,0.6185451623999999,0.6490935884559998,0.7129115352,0.09436637280000004,0.1185051141190476,0.17818583241291436,0.2590198160190476,0.1405147019,0.08663571234441762,0.1505598134804744,0.255005524928379,0.1683698125839614,0.15707408075262969,0.0,0.0,0.0,0.0,1.0746800352179342e-05
154,100,100,1.0,feasible,0.7655048154640436,0.796407772296932,0.8340637046727016,0.06855888920865805,0.6185451623999999,0.6479083348799999,0.7129115352,0.09436637280000004,0.1185051141190476,0.17944251493745,0.2590198160190476,0.1405147019,0.08663571234441762,0.15196361374345957,0.255005524928379,0.1683698125839614,0.15704927932494123,0.0,0.0,0.0,0.0,-2.4801427688458944e-05
155,100,100,1.0,feasible,0.7655048154640436,0.7963421118814645,0.8340637046727016,0.06855888920865805,0.6185451623999999,0.6472764508639999,0.7129115352,0.09436637280000004,0.1185051141190476,0.17887270749524042,0.26366631538095237,0.14516120126190477,0.08663571234441762,0.15170299690673109,0.255005524928379,0.1683698125839614,0.1570415108048046,0.0,0.0,0.0,0.0,-7.76852013661955e-06
156,100,100,1.0,feasible,0.7655048154640436,0.7969705421048959,0.8340637046727016,0.06855888920865805,0.6183498607999998,0.6481132386559999,0.7129115352,0.09456167440000018,0.1185051141190476,0.17627426080721903,0.251138803297619,0.1326336891785714,0.08663571234441762,0.15006714590154607,0.255005524928379,0.1683698125839614,0.15709671225884095,0.0,0.00019530160000014174,0.0,0.0,5.5201454036341024e-05
157,100,100,1.0,feasible,0.7655048154640436,0.7977552657657894,0.8340637046727016,0.06855888920865805,0.6182069656,0.6479378317279999,0.7129115352,0.09470456959999995,0.1185051141190476,0.1785356106478643,0.251138803297619,0.1326336891785714,0.08663571234441762,0.14839062533337327,0.25660583286046457,0.16997012051604693,0.15715803881188206,0.0,0.00014289519999977074,0.0,0.0,6.132655304111334e-05
158,100,100,1.0,feasible,0.7655048154640436,0.7969195499188949,0.8340637046727016,0.06855888920865805,0.6182069656,0.6475832023279999,0.7129115352,0.09470456959999995,0.1185051141190476,0.17745556940566193,0.251138803297619,0.1326336891785714,0.08663571234441762,0.15163264552673097,0.25660583286046457,0.16997012051604693,0.1571237779238745,0.0,0.0,0.0,0.0,-3.426088800756455e-05
159,100,100,1.0,feasible,0.7655048154640436,0.797519920965238,0.8340637046727016,0.06855888920865805,0.6182069656,0.6471869087119999,0.7129115352,0.09470456959999995,0.1185051141190476,0.1788037171719953,0.251138803297619,0.1326336891785714,0.08663571234441762,0.15006274265661615,0.25660583286046457,0.16997012051604693,0.15712976521601021,0.0,0.0,0.0,0.0,5.987292135717359e-06
160,100,100,1.0,feasible,0.7655048154640436,0.7966678061003262,0.8340637046727016,0.06855888920865805,0.6182069656,0.6475963482079998,0.7129115352,0.09470456959999995,0.1185051141190476,0.17560527458520955,0.251138803297619,0.1326336891785714,0.08663571234441762,0.15248031914557633,0.25660583286046457,0.16997012051604693,0.1572324442958256,0.0,0.0,0.0,0.0,0.0001026790798153987
161,100,100,1.0,feasible,0.7655048154640436,0.7983450261402684,0.833757798649992,0.06825298318594841,0.6182069656,0.6501746851279999,0.7129115352,0.09470456959999995,0.1185051141190476,0.17753963394403327,0.251138803297619,0.1326336891785714,0.0859624735579538,0.14743731569382754,0.25660583286046457,0.17064335930251076,0.15733418056652962,0.0,0.0,0.0,0.0006732387864638173,0.00010173627070400593
162,100,100,1.0,feasible,0.7655048154640436,0.7984957653968919,0.833757798649992,0.06825298318594841,0.6177197191999999,0.649732916536,0.7129115352,0.09519181600000004,0.1185051141190476,0.17705532795425,0.251138803297619,0.1326336891785714,0.0859624735579538,0.14743308233877347,0.25660583286046457,0.17064335930251076,0.15750547297170997,0.0,0.00048724640000008534,0.0,0.0,0.00017129240518035105
163,100,100,1.0,feasible,0.7655048154640436,0.7977405292606352,0.833757798649992,0.06825298318594841,0.6177197191999999,0.649558356104,0.7129115352,0.09519181600000004,0.1185051141190476,0.17574645321756427,0.251138803297619,0.1326336891785714,0.0859624735579538,0.14930359293456633,0.25660583286046457,0.17064335930251076,0.15748662884481693,0.0,0.0,0.0,0.0,-1.8844126893041713e-05
164,100,100,1.0,feasible,0.7655048154640436,0.7980434515331484,0.833757798649992,0.06825298318594841,0.6177197191999999,0.6494806440799998,0.7129115352,0.09519181600000004,0.1185051141190476,0.17529579859417857,0.251138803297619,0.1326336891785714,0.08541344568922385,0.1482844486991973,0.25660583286046457,0.17119238717124072,0.15756301431900738,0.0,0.0,0.0,0.0005490278687299566,7.638547419044905e-05
165,100,100,1.0,feasible,0.76491146852598,0.7986801603980256,0.833757798649992,0.06884633012401198,0.6177197191999999,0.6491021799119998,0.7129115352,0.09519181600000004,0.1185051141190476,0.17825960981763334,0.251138803297619,0.1326336891785714,0.08541344568922385,0.1457706278042622,0.25660583286046457,0.17119238717124072,0.157780150949316,0.0005933469380635659,0.0,0.0,0.0,0.00021713663030861752
166,100,100,1.0,feasible,0.76491146852598,0.7973327307606439,0.833757798649992,0.06884633012401198,0.6177197191999999,0.6487074501039999,0.7129115352,0.09519181600000004,0.1185051141190476,0.17733123507449522,0.251138803297619,0.1326336891785714,0.08506447345293541,0.14924890883817957,0.25660583286046457,0.17154135940752915,0.15783873491609787,0.0,0.0,0.0,0.0003489722362884362,5.8583966781877717e-05
167,100,100,1.0,feasible,0.76491146852598,0.7967637503043623,0.834221614340781,0.069310145814801,0.6177197191999999,0.6481986938719999,0.7129141159999999,0.09519439679999997,0.1185051141190476,0.17511445784558333,0.251138803297619,0.1326336891785714,0.08506447345293541,0.15174539482666016,0.25660583286046457,0.17154135940752915,0.15783897991901094,0.0,0.0,0.0,0.0,2.4500291306850386e-07
168,100,100,1.0,feasible,0.76491146852598,0.7962633399778486,0.8340845788638307,0.06917311033785067,0.6177197191999999,0.6474092485599998,0.7127751287999999,0.09505540960000003,0.1185051141190476,0.1742793040162976,0.24167837154761898,0.12317325742857138,0.08506447345293541,0.15287037910284276,0.25818054383060635,0.17311607037767093,0.15787236300087792,0.0,0.0,0.0,0.0,3.3383081866983355e-05
169,100,100,1.0,feasible,0.76491146852598,0.7974465367249227,0.8340845788638307,0.06917311033785067,0.6177197191999999,0.6480909784719999,0.7127751287999999,0.09505540960000003,0.1185051141190476,0.17525218547691193,0.24167837154761898,0.12317325742857138,0.08506447345293541,0.14925082436963433,0.25818054383060635,0.17311607037767093,0.15787283295597074,0.0,0.0,0.0,0.0,4.699550928133345e-07
170,100,100,1.0,feasible,0.76491146852598,0.796715553110774,0.8340845788638307,0.06917311033785067,0.6176742319999999,0.6474145744159999,0.7127751287999999,0.0951008968,0.1185051141190476,0.17470313594732859,0.24167837154761898,0.12317325742857138,0.08506447345293541,0.1514504272068396,0.25818054383060635,0.17311607037767093,0.15792745870153785,0.0,4.548719999997175e-05,0.0,0.0,5.462574556711064e-05
171,100,100,1.0,feasible,0.76491146852598,0.7965933178413829,0.8340845788638307,0.06917311033785067,0.6176742319999999,0.6477452664239998,0.7127751287999999,0.0951008968,0.11639847539285715,0.17432589869254286,0.23836472841666667,0.12196625302380952,0.08506447345293541,0.15186692167822208,0.25818054383060635,0.17311607037767093,0.15822456948013278,0.0,0.0,0.002106638726190449,0.0,0.00029711077859492785
172,100,100,1.0,feasible,0.7646704191303437,0.7955243219620463,0.8340845788638307,0.06941415973348697,0.6176742319999999,0.6462731057199999,0.7127751287999999,0.0951008968,0.11639847539285715,0.17380454191893566,0.23836472841666667,0.12196625302380952,0.08506447345293541,0.1529903578658794,0.25818054383060635,0.17311607037767093,0.15834159238380127,0.00024104939563629468,0.0,0.0,0.0,0.00011702290366849555
173,100,100,1.0,feasible,0.7646704191303437,0.7968779297603475,0.8340845788638307,0.06941415973348697,0.6176742319999999,0.6465664682719999,0.7127751287999999,0.0951008968,0.1153512428452381,0.17672569926769766,0.24173135145238098,0.12638010860714288,0.08506447345293541,0.14836748629525146,0.25818054383060635,0.17311607037767093,0.15846407920573774,0.0,0.0,0.0010472325476190564,0.0,0.00012248682193646832
174,100,100,1.0,feasible,0.7646704191303437,0.795638125505381,0.8341238876388816,0.06945346850853784,0.6176742319999999,0.6458779040959999,0.7127751287999999,0.0951008968,0.1153512428452381,0.17306919769797144,0.23836472841666667,0.12301348557142858,0.08506447345293541,0.15147494942484088,0.25818054383060635,0.17311607037767093,0.15858158534146974,0.0,0.0,0.0,0.0,0.00011750613573199842
175,100,100,1.0,feasible,0.7646704191303437,0.7963909838496154,0.8345078285629566,0.06983740943261285,0.6174393591999998,0.6474042090479999,0.7128538303999999,0.09541447120000013,0.1153512428452381,0.17192048955154285,0.24122733969285712,0.12587609684761902,0.08506447345293541,0.15029852164969057,0.25818054383060635,0.17311607037767093,0.158647066944883,0.0,0.0002348728000001188,0.0,0.0,6.548160341326992e-05
176,100,100,1.0,feasible,0.7646704191303437,0.7962031390499363,0.8345078285629566,0.06983740943261285,0.6174393591999998,0.6447043301519999,0.7128538303999999,0.09541447120000013,0.1153512428452381,0.17557839042048332,0.2424883527357143,0.12713710989047622,0.08506447345293541,0.1501137109489597,0.25818054383060635,0.17311607037767093,0.1586509873414541,0.0,0.0,0.0,0.0,3.920396571099882e-06
177,100,100,1.0,feasible,0.7646704191303437,0.7945006822623968,0.8345078285629566,0.06983740943261285,0.6174387863999999,0.6430762056079999,0.7128538303999999,0.095415044,0.1153512428452381,0.17377718534340478,0.246466006302381,0.1311147634571429,0.08502324932636728,0.15382666980812845,0.25818054383060635,0.17315729450423906,0.1587040389814821,0.0,5.727999998761391e-07,0.0,4.122412656813734e-05,5.3051640028001223e-05
178,100,100,1.0,feasible,0.7646704191303437,0.7955159133282751,0.8348798700573842,0.07020945092704045,0.6174375423999999,0.6442591458639998,0.7128538303999999,0.09541628800000002,0.1153512428452381,0.1744946317521428,0.246466006302381,0.1311147634571429,0.08502324932636728,0.15216737200864044,0.25818054383060635,0.17315729450423906,0.15870459984781,0.0,1.2440000000113471e-06,0.0,0.0,5.608663278811044e-07
179,100,100,1.0,feasible,0.7639476786492945,0.7956255542750248,0.8348798700573842,0.0709321914080897,0.6174375423999999,0.6454449480559998,0.7140524231999998,0.09661488079999991,0.1153512428452381,0.1735906134918095,0.246466006302381,0.1311147634571429,0.08494008370182965,0.15290001329041739,0.26114644929284625,0.1762063655910166,0.15896727266695343,0.0007227404810492555,0.0,0.0,8.31656245376261e-05,0.0002626728191434391
180,100,100,1.0,feasible,0.7639476786492945,0.7963246896272653,0.8348798700573842,0.0709321914080897,0.6174375423999999,0.6462395852399999,0.7149255751999999,0.09748803279999996,0.1153512428452381,0.1753472509902619,0.26084504676666664,0.14549380392142855,0.08494008370182965,0.15167873701716328,0.26114644929284625,0.1762063655910166,0.15894258183115284,0.0,0.0,0.0,0.0,-2.4690835800589284e-05
181,100,100,1.0,feasible,0.7639476786492945,0.7958535951572395,0.8348798700573842,0.0709321914080897,0.6174342784,0.6452801822319998,0.7149255751999999,0.0974912967999999,0.1153512428452381,0.1753568766834524,0.26084504676666664,0.14549380392142855,0.08494008370182965,0.15194259326823428,0.26114644929284625,0.1762063655910166,0.15896929561165551,0.0,3.263999999947309e-06,0.0,0.0,2.6713780502674034e-05
182,100,100,1.0,feasible,0.7639476786492945,0.7949133463031762,0.8348798700573842,0.0709321914080897,0.6174105559999998,0.6434578043199999,0.7149255751999999,0.09751501920000005,0.1153512428452381,0.17596319827752382,0.26084504676666664,0.14549380392142855,0.08494008370182965,0.15334869121084746,0.26114644929284625,0.1762063655910166,0.15896379570852903,0.0,2.3722400000147914e-05,0.0,0.0,-5.499903126482408e-06
183,100,100,1.0,feasible,0.7639476786492945,0.796406741980186,0.8348798700573842,0.0709321914080897,0.6174105559999998,0.6449573614319998,0.7149255751999999,0.09751501920000005,0.1153512428452381,0.17673695607355952,0.26084504676666664,0.14549380392142855,0.08464563524643244,0.14999628237764545,0.26114644929284625,0.17650081404641382,0.15901659046395195,0.0,0.0,0.0,0.00029444845539720876,5.2794755422913564e-05
184,100,100,1.0,feasible,0.7639476786492945,0.7965988906415155,0.8348798700573842,0.0709321914080897,0.6173824687999999,0.6456178643439999,0.7149255751999999,0.09754310639999997,0.1153512428452381,0.17544997387819045,0.26190454277619046,0.14655329993095237,0.08464563524643244,0.15055201591140333,0.26114644929284625,0.17650081404641382,0.1590366437748303,0.0,2.808719999991549e-05,0.0,0.0,2.0053310878342945e-05
185,100,100,1.0,feasible,0.7639476786492945,0.7966788526093173,0.8348798700573842,0.0709321914080897,0.6173122807999999,0.6455489856239999,0.7149255751999999,0.0976132944,0.1153512428452381,0.17544659266263948,0.26190454277619046,0.14655329993095237,0.08464563524643244,0.15019173492020158,0.26114644929284625,0.17650081404641382,0.15906371176844536,0.0,7.018800000002656e-05,0.0,0.0,2.706799361507084e-05
186,100,100,1.0,feasible,0.7639476786492945,0.7976803651535765,0.8349884010953551,0.07104072244606063,0.6170440528,0.6469562615039999,0.7149255751999999,0.09788152239999992,0.1153512428452381,0.17537313032567522,0.26190454277619046,0.14655329993095237,0.08464563524643244,0.14833631600773195,0.26114644929284625,0.17650081404641382,0.15913483538716444,0.0,0.00026822799999992597,0.0,0.0,7.112361871908224e-05
187,100,100,1.0,feasible,0.7639476786492945,0.7964063990494128,0.8349884010953551,0.07104072244606063,0.6170440528,0.6456923507599999,0.7149255751999999,0.09788152239999992,0.1153512428452381,0.17776532649839286,0.26190454277619046,0.14655329993095237,0.08464563524643244,0.15122080439897384,0.26114644929284625,0.17650081404641382,0.1591564443025548,0.0,0.0,0.0,0.0,2.1608915390353145e-05
188,100,100,1.0,feasible,0.7639476786492945,0.7965676390141803,0.8349884010953551,0.07104072244606063,0.6170440528,0.6456040345359999,0.7149255751999999,0.09788152239999992,0.1153512428452381,0.17674727511622618,0.26190454277619046,0.14655329993095237,0.08464563524643244,0.15078675360532356,0.26114644929284625,0.17650081404641382,0.15914563377188204,0.0,0.0,0.0,0.0,-1.0810530672755725e-05
189,100,100,1.0,feasible,0.7639476786492945,0.79684143721417,0.8349884010953551,0.07104072244606063,0.6170440528,0.6446148540799999,0.7149255751999999,0.09788152239999992,0.1153512428452381,0.17858690594796667,0.26190454277619046,0.14655329993095237,0.08464563524643244,0.1502270655266705,0.26114644929284625,0.17650081404641382,0.1591548669669455,0.0,0.0,0.0,0.0,9.233195063462762e-06
190,100,100,1.0,feasible,0.7639476786492945,0.7966588025098982,0.8349884010953551,0.07104072244606063,0.6170440528,0.644213357688,0.7149255751999999,0.09788152239999992,0.1153512428452381,0.17934853227748332,0.26545014696238095,0.15009890411714286,0.08464563524643244,0.15064873279339053,0.26114644929284625,0.17650081404641382,0.15912671443735482,0.0,0.0,0.0,0.0,-2.8152529590680375e-05
191,100,100,1.0,feasible,0.7639476786492945,0.7961783735946139,0.8349884010953551,0.07104072244606063,0.6169135151999999,0.6439397349919999,0.7149255751999999,0.09801205999999996,0.1153512428452381,0.17697298700062622,0.26545014696238095,0.15009890411714286,0.08464563524643244,0.15187077691566495,0.26114644929284625,0.17650081404641382,0.15915596706892002,0.0,0.00013053760000003578,0.0,0.0,2.925263156519642e-05
192,100,100,1.0,feasible,0.7639476786492945,0.796460280814714,0.8349884010953551,0.07104072244606063,0.6169135151999999,0.6442330491919998,0.7149255751999999,0.09801205999999996,0.1153512428452381,0.17918096184893578,0.26545014696238095,0.15009890411714286,0.08464563524643244,0.15112953181704872,0.26114644929284625,0.17650081404641382,0.15915039284937135,0.0,0.0,0.0,0.0,-5.574219548665216e-06
193,100,100,1.0,feasible,0.7639476786492945,0.797137734359793,0.8349884010953551,0.07104072244606063,0.6169135151999999,0.644477911136,0.7158925391999998,0.09897902399999992,0.1153512428452381,0.17955969185135004,0.26545014696238095,0.15009890411714286,0.08464563524643244,0.14903295401987968,0.26114644929284625,0.17650081404641382,0.15914399900599177,0.0,0.0,0.0,0.0,-6.393843379581821e-06
194,100,100,1.0,feasible,0.7639476786492945,0.7977285411761115,0.8349884010953551,0.07104072244606063,0.6169135151999999,0.645188892712,0.7158925391999998,0.09897902399999992,0.1153512428452381,0.18044588033644526,0.26545014696238095,0.15009890411714286,0.08456633029617669,0.1478584747634533,0.26114644929284625,0.17658011899666956,0.15917334223525606,0.0,0.0,0.0,7.930495025575135e-05,2.9343229264289228e-05
195,100,100,1.0,feasible,0.7639476786492945,0.7959591402525596,0.8349884010953551,0.07104072244606063,0.6169135151999999,0.6435723334079998,0.7158925391999998,0.09897902399999992,0.1153512428452381,0.181427540698381,0.2682131945452381,0.15286195170000003,0.08456633029617669,0.15258663725787774,0.26114644929284625,0.17658011899666956,0.1591436539094619,0.0,0.0,0.0,0.0,-2.9688325794169357e-05
196,100,100,1.0,feasible,0.7639476786492945,0.7957311086834808,0.8349884010953551,0.07104072244606063,0.6169135151999999,0.6437836412479999,0.7158925391999998,0.09897902399999992,0.1153512428452381,0.1802750024257095,0.2682131945452381,0.15286195170000003,0.08456633029617669,0.15228542459095715,0.26114644929284625,0.17658011899666956,0.15911865479885975,0.0,0.0,0.0,0.0,-2.4999110602136332e-05
197,100,100,1.0,feasible,0.7639476786492945,0.7965200275260321,0.8349884010953551,0.07104072244606063,0.6169135151999999,0.6454910671279999,0.7158925391999998,0.09897902399999992,0.1153512428452381,0.17827603228662142,0.2682131945452381,0.15286195170000003,0.08456633029617669,0.15108495549200252,0.26114644929284625,0.17658011899666956,0.15911245087924777,0.0,0.0,0.0,0.0,-6.20391961198008e-06
198,100,100,1.0,feasible,0.7639476786492945,0.7968426388362724,0.8349884010953551,0.07104072244606063,0.6169135151999999,0.6446213245039998,0.7158925391999998,0.09897902399999992,0.1153512428452381,0.18129799301555,0.2682131945452381,0.15286195170000003,0.08456633029617669,0.14979825488608672,0.26114644929284625,0.17658011899666956,0.15913770680097256,0.0,0.0,0.0,0.0,2.5255921724781638e-05
199,100,100,1.0,feasible,0.7639476786492945,0.7977207952932867,0.8349884010953551,0.07104072244606063,0.6169135151999999,0.6458346593679998,0.7132204576,0.09630694240000004,0.1153512428452381,0.18252280772624052,0.26658120444285716,0.15122996159761906,0.08456633029617669,0.14805306110034352,0.26114644929284625,0.17658011899666956,0.1591095865810776,0.0,0.0,0.0,0.0,-2.8120219894955945e-05
200,100,100,1.0,feasible,0.7637392514782064,0.7962367160893377,0.8349884010953551,0.07124914961714868,0.6168382879999998,0.6444503979839997,0.7132204576,0.09638216960000012,0.1153512428452381,0.18142852302700713,0.26658120444285716,0.15122996159761906,0.08456633029617669,0.15263284054117263,0.2616104548008895,0.17704412450471282,0.15922256525816353,0.00020842717108804365,7.52272000000831e-05,0.0,0.0,0.00011297867708592868
201,100,100,1.0,feasible,0.7637392514782064,0.7958005360141628,0.8349884010953551,0.07124914961714868,0.6168382879999998,0.6433373516799997,0.7132204576,0.09638216960000012,0.1153512428452381,0.1812661810587857,0.26658120444285716,0.15122996159761906,0.08456633029617669,0.15326666628031113,0.2616104548008895,0.17704412450471282,0.1592840120743593,0.0,0.0,0.0,0.0,6.144681619577042e-05
202,100,100,1.0,feasible,0.7637392514782064,0.7970425775896952,0.8349884010953551,0.07124914961714868,0.6168382879999998,0.6452241734799999,0.7132204576,0.09638216960000012,0.1153512428452381,0.18100443385222623,0.26658120444285716,0.15122996159761906,0.08456633029617669,0.14914080415436617,0.2616104548008895,0.17704412450471282,0.15925844553237736,0.0,0.0,0.0,0.0,-2.5566541981936197e-05
203,100,100,1.0,feasible,0.7637392514782064,0.7970519130596689,0.8349884010953551,0.07124914961714868,0.6168382879999998,0.6462716331919998,0.7132204576,0.09638216960000012,0.1153512428452381,0.18197803619102385,0.26658120444285716,0.15122996159761906,0.08456633029617669,0.15028486842641814,0.2616104548008895,0.17704412450471282,0.15924977699006332,0.0,0.0,0.0,0.0,-8.668542314044236e-06
204,100,100,1.0,feasible,0.7637392514782064,0.7987623205649451,0.8349884010953551,0.07124914961714868,0.6168256967999999,0.6471596284159997,0.7132204576,0.09639476080000009,0.1153512428452381,0.18580686463786908,0.26658120444285716,0.15122996159761906,0.08456633029617669,0.1460353871103574,0.2616104548008895,0.17704412450471282,0.1592030384689943,0.0,1.2591199999967273e-05,0.0,0.0,-4.6738521069011885e-05
205,100,100,1.0,feasible,0.7637392514782064,0.7975067440113025,0.8349884010953551,0.07124914961714868,0.6168256967999999,0.6477489804959999,0.7132204576,0.09639476080000009,0.1153512428452381,0.1810505689266548,0.26658120444285716,0.15122996159761906,0.08456633029617669,0.1495468869007678,0.2616104548008895,0.17704412450471282,0.15920801044301863,0.0,0.0,0.0,0.0,4.97197402432592e-06
206,100,100,1.0,feasible,0.7637392514782064,0.7979665645247935,0.8349884010953551,0.07124914961714868,0.6166555391999999,0.6479517207199997,0.7132204576,0.09656491840000003,0.1153512428452381,0.17979313630498572,0.2605588666523809,0.14520762380714283,0.08456633029617669,0.14814577641912657,0.2616104548008895,0.17704412450471282,0.15930425454285702,0.0,0.00017015759999994273,0.0,0.0,9.624409983838289e-05
207,100,100,1.0,feasible,0.7637392514782064,0.798192163823627,0.8349884010953551,0.07124914961714868,0.6165818895999999,0.6479923017359998,0.7132204576,0.09663856800000004,0.1153512428452381,0.17788172699055949,0.2605588666523809,0.14520762380714283,0.08456633029617669,0.14729912591423414,0.2616104548008895,0.17704412450471282,0.15941210666264574,0.0,7.364960000000309e-05,0.0,0.0,0.00010785211978872611
208,100,100,1.0,feasible,0.7637392514782064,0.7974370955775906,0.8339893539497324,0.07025010247152597,0.6165818895999999,0.6463185563279998,0.7120939719999999,0.09551208239999998,0.1153512428452381,0.18078119838030957,0.26888165474047615,0.15353041189523806,0.08456633029617669,0.1484879458092216,0.2616104548008895,0.17704412450471282,0.15939822926662767,0.0,0.0,0.0,0.0,-1.3877396018074917e-05
209,100,100,1.0,feasible,0.7637392514782064,0.7964163037761849,0.8339893539497324,0.07025010247152597,0.6165818895999999,0.6457601635519999,0.7120939719999999,0.09551208239999998,0.1153512428452381,0.17777074256619044,0.26888165474047615,0.15353041189523806,0.08456633029617669,0.15101448180948643,0.2616104548008895,0.17704412450471282,0.15939060661563745,0.0,0.0,0.0,0.0,-7.62265099021886e-06
210,100,100,1.0,feasible,0.7637392514782064,0.7957984358920693,0.8339893539497324,0.07025010247152597,0.6165818895999999,0.6458625465039998,0.7120939719999999,0.09551208239999998,0.1153512428452381,0.17561140617410714,0.25889451906428573,0.14354327621904764,0.08456633029617669,0.15216031466875385,0.2616104548008895,0.17704412450471282,0.15938796903905178,0.0,0.0,0.0,0.0,-2.637576585667878e-06
211,100,100,1.0,feasible,0.7637392514782064,0.7967128099201161,0.8344748377025446,0.07073558622433818,0.6164623023999999,0.6467601028559998,0.7120939719999999,0.09563166960000002,0.1153512428452381,0.1750040707197738,0.25889451906428573,0.14354327621904764,0.08444066887699388,0.15040075930070235,0.2616104548008895,0.17716978592389565,0.1594366821652774,0.0,0.00011958720000004863,0.0,0.0001256614191828126,4.8713126225619074e-05
212,100,100,1.0,feasible,0.7637392514782064,0.7974013041982801,0.8344748377025446,0.07073558622433818,0.6164623023999999,0.647355574192,0.7120939719999999,0.09563166960000002,0.11323108755952381,0.17468593465059523,0.2609400599547619,0.14770897239523806,0.08444066887699388,0.148972934965241,0.2616104548008895,0.17716978592389565,0.15977730298119439,0.0,0.0,0.002120155285714284,0.0,0.00034062081591698656
213,100,100,1.0,feasible,0.7637392514782064,0.7981128398627316,0.8344748377025446,0.07073558622433818,0.6164623023999999,0.6478880861759998,0.7120939719999999,0.09563166960000002,0.11323108755952381,0.17780258077122618,0.2631274270190477,0.14989633945952385,0.08444066887699388,0.1475737294338027,0.2616104548008895,0.17716978592389565,0.15973704089493257,0.0,0.0,0.0,0.0,-4.026208626181638e-05
214,100,100,1.0,feasible,0.7637392514782064,0.7978919573666122,0.8344748377025446,0.07073558622433818,0.6164623023999999,0.6479193196159998,0.7120939719999999,0.09563166960000002,0.11323108755952381,0.17774190567805948,0.2631274270190477,0.14989633945952385,0.08444066887699388,0.14867356850990215,0.2616104548008895,0.17716978592389565,0.15973220370427652,0.0,0.0,0.0,0.0,-4.837190656054036e-06
215,100,100,1.0,feasible,0.7637392514782064,0.7981215971744022,0.8344748377025446,0.07073558622433818,0.6164623023999999,0.6474065883279998,0.7120939719999999,0.09563166960000002,0.11323108755952381,0.1795315221179333,0.2631274270190477,0.14989633945952385,0.08444066887699388,0.14800763383639795,0.2616104548008895,0.17716978592389565,0.1597494398821269,0.0,0.0,0.0,0.0,1.723617785037712e-05
216,100,100,1.0,feasible,0.7637392514782064,0.7962660477456264,0.8344748377025446,0.07073558622433818,0.6163469559999999,0.6447635372559998,0.7116917847999998,0.09534482879999995,0.11323108755952381,0.1763425967674452,0.2695481248666666,0.1563170373071428,0.08444066887699388,0.15214946989780034,0.2616104548008895,0.17716978592389565,0.159818305584503,0.0,0.00011534639999999374,0.0,0.0,6.886570237610301e-05
217,100,100,1.0,feasible,0.7637392514782064,0.7980317281155707,0.8344748377025446,0.07073558622433818,0.6163469559999999,0.6457985534559998,0.7116917847999998,0.09534482879999995,0.11323108755952381,0.17663294386888573,0.2610722590738095,0.14784117151428566,0.08444066887699388,0.14639827592399438,0.2616104548008895,0.17716978592389565,0.15985645100217535,0.0,0.0,0.0,0.0,3.814541767235835e-05
218,100,100,1.0,feasible,0.7637392514782064,0.7982112306760505,0.8344748377025446,0.07073558622433818,0.6163469559999999,0.646190919616,0.7116917847999998,0.09534482879999995,0.11323108755952381,0.17421259374229048,0.25400707554047625,0.14077598798095242,0.08444066887699388,0.1455660763229426,0.2616104548008895,0.17716978592389565,0.15983453706803447,0.0,0.0,0.0,0.0,-2.1913934140888047e-05
219,100,100,1.0,feasible,0.7637392514782064,0.8000869969650986,0.8344748377025446,0.07073558622433818,0.6163469559999999,0.6489172577519997,0.7116917847999998,0.09534482879999995,0.11294767018095239,0.17510607898462383,0.25400707554047625,0.14105940535952385,0.08444066887699388,0.14208308742305356,0.2616104548008895,0.17716978592389565,0.15978251700916418,0.0,0.0,0.00028341737857141835,0.0,-5.202005887028349e-05
220,100,100,1.0,feasible,0.7637392514782064,0.7979791465552125,0.8344748377025446,0.07073558622433818,0.6163469559999999,0.6467621510639999,0.7116917847999998,0.09534482879999995,0.1102443733095238,0.17628464094503812,0.2598030998857143,0.14955872657619051,0.08444066887699388,0.1469963359297445,0.2616104548008895,0.17716978592389565,0.16016475596833937,0.0,0.0,0.00270329687142859,0.0,0.0003822389591751907
221,100,100,1.0,feasible,0.7637392514782064,0.7973286541093263,0.8344748377025446,0.07073558622433818,0.6163469559999999,0.6458721195359998,0.7116917847999998,0.09534482879999995,0.1102443733095238,0.17619940288290234,0.2598030998857143,0.14955872657619051,0.08444066887699388,0.14885804864616975,0.2616104548008895,0.17716978592389565,0.16018836762258112,0.0,0.0,0.0,0.0,2.3611654241750824e-05
222,100,100,1.0,feasible,0.7637299431392042,0.7954562878874296,0.8344748377025446,0.07074489456334043,0.6163469559999999,0.6449614146879997,0.7116917847999998,0.09534482879999995,0.1102443733095238,0.17565909000010474,0.2598030998857143,0.14955872657619051,0.08444066887699388,0.1533964554582085,0.26173449044969194,0.17729382157269807,0.16016792075511094,9.30833900225636e-06,0.0,0.0,0.0,-2.0446867470186314e-05
223,100,100,1.0,feasible,0.7637299431392042,0.7958126931243785,0.8344748377025446,0.07074489456334043,0.6163469559999999,0.6444122115359998,0.7116917847999998,0.09534482879999995,0.1102443733095238,0.17643492369129526,0.2598030998857143,0.14955872657619051,0.08444066887699388,0.15271550677667017,0.26173449044969194,0.17729382157269807,0.16015706572986224,0.0,0.0,0.0,0.0,-1.0855025248696082e-05
224,100,100,1.0,feasible,0.7637299431392042,0.7969101468560864,0.8344748377025446,0.07074489456334043,0.6163469559999999,0.6448183976239997,0.7116917847999998,0.09534482879999995,0.1102443733095238,0.17871502486044286,0.2598030998857143,0.14955872657619051,0.08444066887699388,0.15014042019051835,0.26173449044969194,0.17729382157269807,0.1601702065441391,0.0,0.0,0.0,0.0,1.3140814276862978e-05
225,100,100,1.0,feasible,0.7637299431392042,0.7963403781696405,0.8344748377025446,0.07074489456334043,0.6163469559999999,0.6436221560239999,0.7116917847999998,0.09534482879999995,0.1102443733095238,0.17854453157129524,0.2598030998857143,0.14955872657619051,0.08444066887699388,0.1513563579585273,0.26173449044969194,0.17729382157269807,0.16021565967067633,0.0,0.0,0.0,0.0,4.5453126537225996e-05
226,100,100,1.0,feasible,0.7637299431392042,0.7973238727861791,0.8344748377025446,0.07074489456334043,0.6162407223999999,0.6441346730319999,0.7116917847999998,0.0954510623999999,0.1102443733095238,0.17880293003312622,0.2598030998857143,0.14955872657619051,0.08444066887699388,0.14855916671686095,0.26173449044969194,0.17729382157269807,0.1602302227408467,0.0,0.00010623359999994975,0.0,0.0,1.4563070170364734e-05
227,100,100,1.0,feasible,0.7637299431392042,0.7978605875961488,0.8344748377025446,0.07074489456334043,0.6162407223999999,0.6458579999119998,0.7116917847999998,0.0954510623999999,0.1102443733095238,0.178587340371281,0.263010031147619,0.1527656578380952,0.08444066887699388,0.14779438557902191,0.26173449044969194,0.17729382157269807,0.16020850759985578,0.0,0.0,0.0,0.0,-2.171514099091887e-05
228,100,100,1.0,feasible,0.7637299431392042,0.7966675632462978,0.8344748377025446,0.07074489456334043,0.6162002983999999,0.6440205009119998,0.7116917847999998,0.09549148639999994,0.1102443733095238,0.18148036089340713,0.263010031147619,0.1527656578380952,0.08444066887699388,0.14964843269896247,0.26173449044969194,0.17729382157269807,0.16022061452563535,0.0,4.042400000003887e-05,0.0,0.0,1.2106925779575839e-05
229,100,100,1.0,feasible,0.7637299431392042,0.7962761622643153,0.8344748377025446,0.07074489456334043,0.6162002983999999,0.6448978477759999,0.7116917847999998,0.09549148639999994,0.1102443733095238,0.17891410987257383,0.263010031147619,0.1527656578380952,0.08444066887699388,0.151707877874202,0.26173449044969194,0.17729382157269807,0.1602612188327176,0.0,0.0,0.0,0.0,4.060430708224816e-05
230,100,100,1.0,feasible,0.7637299431392042,0.7955487387935394,0.8344748377025446,0.07074489456334043,0.6162002983999999,0.6440614228559999,0.7116917847999998,0.09549148639999994,0.1102443733095238,0.17953551687959762,0.263010031147619,0.1527656578380952,0.08444066887699388,0.15427737034108688,0.26173449044969194,0.17729382157269807,0.16019116586941906,0.0,0.0,0.0,0.0,-7.005296329853916e-05
231,100,100,1.0,feasible,0.7637299431392042,0.7962044040665934,0.8344748377025446,0.07074489456334043,0.6162002983999999,0.6444605943199998,0.7116917847999998,0.09549148639999994,0.1102443733095238,0.17813818606448092,0.27244531686190476,0.16220094355238096,0.08444066887699388,0.15253760531219934,0.26173449044969194,0.17729382157269807,0.1600965925422717,0.0,0.0,0.0,0.0,-9.457332714735145e-05
232,100,100,1.0,feasible,0.7637299431392042,0.7960468110311687,0.8344748377025446,0.07074489456334043,0.6162002983999999,0.643556637056,0.7116917847999998,0.09549148639999994,0.1102443733095238,0.17946116343829047,0.27244531686190476,0.16220094355238096,0.08442270467331646,0.15288276364136613,0.26173449044969194,0.17731178577637546,0.16011211709894624,0.0,0.0,0.0,1.7964203677417467e-05,1.552455667452879e-05
233,100,100,1.0,feasible,0.7637299431392042,0.796045930228664,0.8344748377025446,0.07074489456334043,0.6162002983999999,0.644143929448,0.7116917847999998,0.09549148639999994,0.1102443733095238,0.17901496274904283,0.2812083091976191,0.17096393588809528,0.08442270467331646,0.1530724150517101,0.26173449044969194,0.17731178577637546,0.16014666111025694,0.0,0.0,0.0,0.0,3.454401131069984e-05
234,100,100,1.0,feasible,0.7637299431392042,0.7971818350173546,0.8344748377025446,0.07074489456334043,0.6162002983999999,0.6461241611679998,0.7116917847999998,0.09549148639999994,0.1102443733095238,0.18039194373884762,0.2812083091976191,0.17096393588809528,0.08442270467331646,0.15047239726765166,0.26173449044969194,0.17731178577637546,0.16013996736905173,0.0,0.0,0.0,0.0,-6.6937412052103795e-06
235,100,100,1.0,feasible,0.7637299431392042,0.7973381815481484,0.8344748377025446,0.07074489456334043,0.6162002983999999,0.646002600368,0.7119174192,0.09571712080000006,0.1102443733095238,0.17933748897100002,0.2812083091976191,0.17096393588809528,0.08442270467331646,0.1495762938110593,0.26173449044969194,0.17731178577637546,0.16012627785181663,0.0,0.0,0.0,0.0,-1.3689517235099258e-05
236,100,100,1.0,feasible,0.7637299431392042,0.7975405913923918,0.8344748377025446,0.07074489456334043,0.6160630943999998,0.6471143775759998,0.7119174192,0.09585432480000011,0.1102443733095238,0.17918746843150957,0.2812083091976191,0.17096393588809528,0.08442270467331646,0.14963015060793328,0.26173449044969194,0.17731178577637546,0.16014348558494537,0.0,0.0001372040000000574,0.0,0.0,1.7207733128743463e-05
237,100,100,1.0,feasible,0.7637299431392042,0.7970786100893029,0.8345298667434113,0.07079992360420717,0.6160630943999998,0.6464676758159998,0.7119174192,0.09585432480000011,0.1102443733095238,0.17765133969097138,0.2812083091976191,0.17096393588809528,0.08433038176895286,0.149999326651921,0.26173449044969194,0.17740410868073908,0.16021441167473993,0.0,0.0,0.0,9.232290436360369e-05,7.092608979455961e-05
238,100,100,1.0,feasible,0.7637299431392042,0.7948686200861634,0.8345298667434113,0.07079992360420717,0.6157389407999998,0.6432966722959997,0.7119174192,0.09617847840000016,0.1102443733095238,0.1789717993319595,0.2812083091976191,0.17096393588809528,0.08433038176895286,0.15602044931311007,0.26173449044969194,0.17740410868073908,0.160320773136034,0.0,0.00032415360000004334,0.0,0.0,0.00010636146129405777
239,100,100,1.0,feasible,0.7637299431392042,0.7957110713149496,0.8345298667434113,0.07079992360420717,0.6157389407999998,0.644517018608,0.7119174192,0.09617847840000016,0.1102443733095238,0.1777202230930643,0.2812083091976191,0.17096393588809528,0.08433038176895286,0.1533414686116446,0.26173449044969194,0.17740410868073908,0.1602978446044586,0.0,0.0,0.0,0.0,-2.2928531575400202e-05
240,100,100,1.0,feasible,0.7637299431392042,0.7954882786789458,0.8345298667434113,0.07079992360420717,0.6157389407999998,0.6438808121279999,0.7119174192,0.09617847840000016,0.1102443733095238,0.17831404898824996,0.2812083091976191,0.17096393588809528,0.08433038176895286,0.15365193520912393,0.26173449044969194,0.17740410868073908,0.160334235901063,0.0,0.0,0.0,0.0,3.639129660440443e-05
241,100,100,1.0,feasible,0.7637299431392042,0.7962852559965463,0.8345298667434113,0.07079992360420717,0.6157389407999998,0.6453493307999999,0.7119174192,0.09617847840000016,0.1102443733095238,0.17898335154524042,0.2812083091976191,0.17096393588809528,0.08433038176895286,0.15120616080067484,0.26173449044969194,0.17740410868073908,0.16035425703465794,0.0,0.0,0.0,0.0,2.0021133594949614e-05
242,100,100,1.0,feasible,0.7637299431392042,0.7962209997976731,0.8345298667434113,0.07079992360420717,0.6157389407999998,0.6442583307919999,0.7119174192,0.09617847840000016,0.1102443733095238,0.17876266336468094,0.2812083091976191,0.17096393588809528,0.08433038176895286,0.15100282206971674,0.26173449044969194,0.17740410868073908,0.16040088341973358,0.0,0.0,0.0,0.0,4.6626385075632104e-05
243,100,100,1.0,feasible,0.7637299431392042,0.796645055807301,0.8344682435072297,0.07073830036802553,0.6157389407999998,0.6456891269759999,0.7119174192,0.09617847840000016,0.1102443733095238,0.1806329688723643,0.2818967196690476,0.1716523463595238,0.08432499973103606,0.15043024009413009,0.26173449044969194,0.17740949071865586,0.16041056257160513,0.0,0.0,0.0,5.3820379167929255e-06,9.679151871555547e-06
244,100,100,1.0,feasible,0.7637299431392042,0.7967032419967556,0.8344682435072297,0.07073830036802553,0.6157389407999998,0.6447307712559999,0.7119174192,0.09617847840000016,0.1102443733095238,0.1797986830308643,0.2818967196690476,0.1716523463595238,0.08432499973103606,0.15002736824793353,0.26173449044969194,0.17740949071865586,0.16043036277334882,0.0,0.0,0.0,0.0,1.980020174369157e-05
245,100,100,1.0,feasible,0.7637299431392042,0.7984337873946942,0.8344682435072297,0.07073830036802553,0.6157389407999998,0.6452337581999998,0.7119174192,0.09617847840000016,0.1102443733095238,0.17712577238678098,0.28435511031904764,0.17411073700952384,0.08432499973103606,0.14447157191421123,0.26173449044969194,0.17740949071865586,0.1604708871693144,0.0,0.0,0.0,0.0,4.0524395965579885e-05
246,100,100,1.0,feasible,0.7637299431392042,0.7970275725733872,0.8344682435072297,0.07073830036802553,0.6157389407999998,0.6423053627199999,0.7119929928,0.09625405200000015,0.1102443733095238,0.17710631052590003,0.2598030998857143,0.14955872657619051,0.08432499973103606,0.147740689292975,0.26173449044969194,0.17740949071865586,0.1605223641276506,0.0,0.0,0.0,0.0,5.147695833621069e-05
247,100,100,1.0,feasible,0.7637296813353567,0.7965176541433381,0.8344682435072297,0.07073856217187302,0.6157389407999998,0.6418850253759999,0.7119929928,0.09625405200000015,0.1102443733095238,0.17710905699273333,0.2655670636214286,0.15532269031190482,0.08432499973103606,0.14863366221500926,0.26173852278359727,0.1774135230525612,0.16055968467225973,2.61803847489972e-07,0.0,0.0,0.0,3.732054460911516e-05
248,100,100,1.0,feasible,0.7637296813353567,0.7960957851673557,0.8344682435072297,0.07073856217187302,0.6157389407999998,0.6418798316479999,0.7119929928,0.09625405200000015,0.1102443733095238,0.17645433274516903,0.2655670636214286,0.15532269031190482,0.08432499973103606,0.15075895406003456,0.26173852278359727,0.1774135230525612,0.16056396654230423,0.0,0.0,0.0,0.0,4.281870044503533e-06
249,100,100,1.0,feasible,0.7637296813353567,0.7966964191835417,0.8344682435072297,0.07073856217187302,0.6157389407999998,0.6426837102079999,0.7119929928,0.09625405200000015,0.1102443733095238,0.17535299280890476,0.2621202152261904,0.1518758419166666,0.08432499973103606,0.14936208530838374,0.26173852278359727,0.1774135230525612,0.16057605784425907,0.0,0.0,0.0,0.0,1.2091301954841871e-05
250,100,100,1.0,feasible,0.7637296813353567,0.7969329277588824,0.8344682435072297,0.07073856217187302,0.6157389407999998,0.6441440503199998,0.7119929928,0.09625405200000015,0.1102443733095238,0.17559771551288095,0.2621202152261904,0.1518758419166666,0.08432499973103606,0.1491047521358718,0.26173852278359727,0.1774135230525612,0.1605431755390215,0.0,0.0,0.0,0.0,-3.28823052375693e-05
251,100,100,1.0,feasible,0.7637296813353567,0.7975057067674811,0.8344682435072297,0.07073856217187302,0.6157389407999998,0.6450459476959999,0.7119929928,0.09625405200000015,0.1102443733095238,0.17600303210314522,0.2586435356190476,0.14839916230952382,0.08432499973103606,0.14795970954171492,0.26173852278359727,0.1774135230525612,0.16051683826755583,0.0,0.0,0.0,0.0,-2.6337271465670664e-05
252,100,100,1.0,feasible,0.7637296813353567,0.7960776762109082,0.8344682435072297,0.07073856217187302,0.6157389407999998,0.6431508792319999,0.7119929928,0.09625405200000015,0.1102443733095238,0.1746605713871214,0.2600600742714285,0.14981570096190472,0.08432499973103606,0.15172408121167055,0.26173852278359727,0.1774135230525612,0.1605498571074871,0.0,0.0,0.0,0.0,3.30188399312592e-05
253,100,100,1.0,feasible,0.7637296813353567,0.7987244557636963,0.8344682435072297,0.07073856217187302,0.6157251471999999,0.6454982149119999,0.7119929928,0.09626784560000001,0.1102443733095238,0.1741850703739071,0.2586435356190476,0.14839916230952382,0.08432499973103606,0.1437436561189764,0.26173852278359727,0.1774135230525612,0.1605839537214126,0.0,1.379359999986729e-05,0.0,0.0,3.4096613925505004e-05
254,100,100,1.0,feasible,0.7637296813353567,0.7972454437714755,0.8344682435072297,0.07073856217187302,0.6157251471999999,0.6433381031199998,0.7119929928,0.09626784560000001,0.1102443733095238,0.17752265171358808,0.2593490491333333,0.14910467582380948,0.08432499973103606,0.14730966632312917,0.26173852278359727,0.1774135230525612,0.16058319199446563,0.0,0.0,0.0,0.0,-7.617269469628596e-07
255,100,100,1.0,feasible,0.7637296813353567,0.797271720652155,0.8344682435072297,0.07073856217187302,0.6157251471999999,0.6449642980319998,0.7119929928,0.09626784560000001,0.1102443733095238,0.17704941076714997,0.2593490491333333,0.14910467582380948,0.08432499973103606,0.14855132359218037,0.26173852278359727,0.1774135230525612,0.16056103885194717,0.0,0.0,0.0,0.0,-2.215314251846623e-05
256,100,100,1.0,feasible,0.7637296813353567,0.7996526948258419,0.8344682435072297,0.07073856217187302,0.6157251471999999,0.6468424994319997,0.7119929928,0.09626784560000001,0.1102443733095238,0.17696228873771194,0.2593490491333333,0.14910467582380948,0.08432499973103606,0.14218529897324314,0.26173852278359727,0.1774135230525612,0.1605605806258029,0.0,0.0,0.0,0.0,-4.582261442787061e-07
257,100,100,1.0,feasible,0.7637296813353567,0.7971572119625695,0.8344682435072297,0.07073856217187302,0.6157251471999999,0.6443065690879999,0.7119929928,0.09626784560000001,0.1102443733095238,0.17585626897035478,0.26742121216666664,0.15717683885714284,0.08432499973103606,0.14809991811353854,0.26173852278359727,0.1774135230525612,0.16058583623684725,0.0,0.0,0.0,0.0,2.5255611044355808e-05
258,100,100,1.0,feasible,0.7637296813353567,0.796799734974622,0.8344682435072297,0.07073856217187302,0.6156567271999999,0.6443917757519999,0.7119929928,0.09633626560000008,0.1102443733095238,0.1754630021317643,0.2692780626404762,0.1590336893309524,0.08432499973103606,0.14974195500270115,0.26173852278359727,0.1774135230525612,0.16061036309255836,0.0,6.842000000006898e-05,0.0,0.0,2.4526855711110018e-05
259,100,100,1.0,feasible,0.7637296813353567,0.7967206541851989,0.8344682435072297,0.07073856217187302,0.6156567271999999,0.6434167936319999,0.7119929928,0.09633626560000008,0.1102443733095238,0.17341401205907617,0.2692780626404762,0.1590336893309524,0.08432499973103606,0.1492782593754523,0.26173852278359727,0.1774135230525612,0.16066355935836202,0.0,0.0,0.0,0.0,5.319626580366221e-05
260,100,100,1.0,feasible,0.7637296813353567,0.7956017701140705,0.8344682435072297,0.07073856217187302,0.6156567271999999,0.6426087598239998,0.7116279471999999,0.09597122000000002,0.1102443733095238,0.1735221303478381,0.2692780626404762,0.1590336893309524,0.08432499973103606,0.15181479995019498,0.26173852278359727,0.1774135230525612,0.16065196425655529,0.0,0.0,0.0,0.0,-1.1595101806732844e-05
261,100,100,1.0,feasible,0.7637296813353567,0.7974193662829434,0.8344682435072297,0.07073856217187302,0.6155793079999998,0.6455327730399999,0.7116279471999999,0.09604863920000006,0.1102443733095238,0.17325090688359043,0.2692780626404762,0.1590336893309524,0.08432499973103606,0.14807224181296713,0.26173852278359727,0.1774135230525612,0.16068445020393873,0.0,7.741920000003955e-05,0.0,0.0,3.248594738344823e-05
262,100,100,1.0,feasible,0.7637296813353567,0.7970447542619433,0.8344682435072297,0.07073856217187302,0.6154724279999999,0.6445374311679999,0.7116279471999999,0.09615551919999998,0.1102443733095238,0.1723683204318286,0.2670614146452381,0.15681704133571428,0.08432499973103606,0.14838186388620497,0.26173852278359727,0.1774135230525612,0.16075249005785036,0.0,0.00010687999999992037,0.0,0.0,6.803985391162781e-05
263,100,100,1.0,feasible,0.7637296813353567,0.7969759449967733,0.8344682435072297,0.07073856217187302,0.6154724279999999,0.6445593078399999,0.7116279471999999,0.09615551919999998,0.1102443733095238,0.17049768690480238,0.2591456693309524,0.1489012960214286,0.08432499973103606,0.14858503170073448,0.26173852278359727,0.1774135230525612,0.16075079961524852,0.0,0.0,0.0,0.0,-1.690442601842701e-06
264,100,100,1.0,feasible,0.7637296813353567,0.796038865159681,0.8344682435072297,0.07073856217187302,0.6154724279999999,0.6438144978559999,0.7116279471999999,0.09615551919999998,0.1102443733095238,0.16883790120956185,0.25357426344999995,0.14332989014047615,0.08432499973103606,0.15014558175007195,0.26173852278359727,0.1774135230525612,0.1607486995306068,0.0,0.0,0.0,0.0,-2.100084641715183e-06
265,100,100,1.0,feasible,0.7637296813353567,0.797140326815272,0.8332006177070796,0.06947093637172297,0.6154724279999999,0.6443908545999999,0.7098940183999999,0.09442159039999998,0.1102443733095238,0.16962435896990477,0.25357426344999995,0.14332989014047615,0.08422040815819604,0.1473056255320489,0.26173852278359727,0.17751811462540124,0.16071132175300973,0.0,0.0,0.0,0.00010459157284002651,-3.737777759707517e-05
266,100,100,1.0,feasible,0.7637296813353567,0.7954496085404564,0.8332006177070796,0.06947093637172297,0.6154724279999999,0.6421243280719999,0.7098940183999999,0.09442159039999998,0.1102443733095238,0.1692990065492143,0.25357426344999995,0.14332989014047615,0.08422040815819604,0.1506929054992763,0.26173852278359727,0.17751811462540124,0.16074964416746176,0.0,0.0,0.0,0.0,3.832241445203555e-05
267,100,100,1.0,feasible,0.7637296813353567,0.7943933633840894,0.8332006177070796,0.06947093637172297,0.6154724279999999,0.6408347085279997,0.7098940183999999,0.09442159039999998,0.1102443733095238,0.16798471966975234,0.2520366981547619,0.14179232484523807,0.08422040815819604,0.15202074397679177,0.26173852278359727,0.17751811462540124,0.16075713678772857,0.0,0.0,0.0,0.0,7.49262026680797e-06
268,100,100,1.0,feasible,0.7637296813353567,0.7947457548244466,0.8332006177070796,0.06947093637172297,0.6154724279999999,0.6413853226559999,0.7098940183999999,0.09442159039999998,0.1102443733095238,0.16854841397335715,0.2520366981547619,0.14179232484523807,0.08422040815819604,0.15173698965069377,0.26173852278359727,0.17751811462540124,0.16074343314523992,0.0,0.0,0.0,0.0,-1.3703642488649415e-05
269,100,100,1.0,feasible,0.7637296813353567,0.7953330612771005,0.8332006177070796,0.06947093637172297,0.6154712975999999,0.6423317912479999,0.7098940183999999,0.09442272080000003,0.1102443733095238,0.16983286961109523,0.2445224034547619,0.1342780301452381,0.08422040815819604,0.15043143588615387,0.26173852278359727,0.17751811462540124,0.16065356387216947,0.0,1.1304000000489367e-06,0.0,0.0,-8.986927307044756e-05
270,100,100,1.0,feasible,0.7637296813353567,0.7948309597779638,0.8332006177070796,0.06947093637172297,0.6154712975999999,0.643092582672,0.7098940183999999,0.09442272080000003,0.1102443733095238,0.1669007455764524,0.2445224034547619,0.1342780301452381,0.08422040815819604,0.15241176324544503,0.26173852278359727,0.17751811462540124,0.1606892239019195,0.0,0.0,0.0,0.0,3.566002975002869e-05
271,100,100,1.0,feasible,0.7637296813353567,0.7956561719480928,0.8332006177070796,0.06947093637172297,0.6154712975999999,0.643697024208,0.7098940183999999,0.09442272080000003,0.1102443733095238,0.16566001539273809,0.2445224034547619,0.1342780301452381,0.08422040815819604,0.1503811883986805,0.26173852278359727,0.17751811462540124,0.16067615597572904,0.0,0.0,0.0,0.0,-1.3067926190463153e-05
272,100,100,1.0,feasible,0.7637296813353567,0.7946966441246752,0.8332006177070796,0.06947093637172297,0.6154712975999999,0.641597262016,0.7098940183999999,0.09442272080000003,0.1102443733095238,0.16687687233033338,0.2445224034547619,0.1342780301452381,0.08422040815819604,0.1519292291401989,0.26173852278359727,0.17751811462540124,0.16066038126194,0.0,0.0,0.0,0.0,-1.577471378905182e-05
273,100,100,1.0,feasible,0.7637296813353567,0.7952103234995552,0.8322501045645613,0.0685204232292046,0.6153298359999999,0.6426164948719999,0.7085144239999999,0.09318458799999996,0.1102443733095238,0.16585312380845238,0.2283042689642857,0.11805989565476191,0.08394008691826416,0.15137751732475332,0.26173852278359727,0.17779843586533312,0.1607365079505205,0.0,0.000141461599999948,0.0,0.00028032123993187996,7.612668858050786e-05
274,100,100,1.0,feasible,0.7637296813353567,0.7947309419592555,0.8322501045645613,0.0685204232292046,0.6153298359999999,0.6415374834159998,0.7085144239999999,0.09318458799999996,0.1102443733095238,0.16516944612419046,0.2283042689642857,0.11805989565476191,0.08394008691826416,0.15190932356051984,0.26173852278359727,0.17779843586533312,0.16076460641358406,0.0,0.0,0.0,0.0,2.8098463063563894e-05
275,100,100,1.0,feasible,0.7637296813353567,0.7954828794446479,0.8322501045645613,0.0685204232292046,0.6153298359999999,0.6420017784,0.7085144239999999,0.09318458799999996,0.1102443733095238,0.16789294307909525,0.23121786771190475,0.12097349440238095,0.08394008691826416,0.14986553459597338,0.26173852278359727,0.17779843586533312,0.16076517665043405,0.0,0.0,0.0,0.0,5.702368499893584e-07
276,100,100,1.0,feasible,0.7637296813353567,0.7946225560148605,0.8322501045645613,0.0685204232292046,0.6153298359999999,0.6421235478719999,0.7085144239999999,0.09318458799999996,0.1102443733095238,0.16793011154023804,0.23512720847142854,0.12488283516190474,0.08394008691826416,0.15199470662343278,0.26173852278359727,0.17779843586533312,0.16075185654162966,0.0,0.0,0.0,0.0,-1.3320108804393271e-05
277,100,100,1.0,feasible,0.7637296813353567,0.7944732236975214,0.8322501045645613,0.0685204232292046,0.6153298359999999,0.6440174504639999,0.7085144239999999,0.09318458799999996,0.1102443733095238,0.1657765658265714,0.23512720847142854,0.12488283516190474,0.08394008691826416,0.15377409503055675,0.26173852278359727,0.17779843586533312,0.16071475846211658,0.0,0.0,0.0,0.0,-3.709807951307598e-05
278,100,100,1.0,feasible,0.7637296813353567,0.7942529147445625,0.8322501045645613,0.0685204232292046,0.6153298359999999,0.644406677992,0.7085144239999999,0.09318458799999996,0.1102443733095238,0.16422551421880954,0.2291574157,0.1189130423904762,0.08394008691826416,0.15504558006394006,0.26173852278359727,0.17779843586533312,0.16072011118907772,0.0,0.0,0.0,0.0,5.352726961144194e-06
279,100,100,1.0,feasible,0.7637296813353567,0.7945586319562905,0.8322501045645613,0.0685204232292046,0.6152863111999999,0.6438700347599999,0.7085144239999999,0.09322811279999998,0.11019687053571428,0.1656174625757429,0.2291574157,0.11896054516428572,0.08394008691826416,0.15381301991727286,0.26173852278359727,0.17779843586533312,0.1607422795334466,0.0,4.3524800000027675e-05,4.750277380952128e-05,0.0,2.2168344368883597e-05
280,100,100,1.0,feasible,0.7637296813353567,0.7950537637442658,0.8322501045645613,0.0685204232292046,0.6152863111999999,0.645064008936,0.7087227303999998,0.0934364191999999,0.11019687053571428,0.16493985435993339,0.2291574157,0.11896054516428572,0.08394008691826416,0.15305849916235167,0.26173852278359727,0.17779843586533312,0.16068728636996066,0.0,0.0,0.0,0.0,-5.499316348595018e-05
281,100,100,1.0,feasible,0.7637296813353567,0.7956175106675039,0.8322501045645613,0.0685204232292046,0.6152863111999999,0.6453220457919998,0.7089449871999999,0.093658676,0.11019687053571428,0.16553296057393332,0.2291574157,0.11896054516428572,0.0836360757250245,0.1500079649342697,0.26173852278359727,0.17810244705857275,0.1606949822030116,0.0,0.0,0.0,0.0003040111932396533,7.695833050935796e-06
282,100,100,1.0,feasible,0.7637296813353567,0.7966669154291596,0.8322501045645613,0.0685204232292046,0.6152863111999999,0.6469632983839999,0.7089449871999999,0.093658676,0.11019687053571428,0.16664084279519525,0.2291574157,0.11896054516428572,0.0836360757250245,0.14801521955141664,0.26173852278359727,0.17810244705857275,0.16068654879346173,0.0,0.0,0.0,0.0,-8.433409549868376e-06
283,100,100,1.0,feasible,0.7637296813353567,0.7967550106378526,0.8322501045645613,0.0685204232292046,0.6152863111999999,0.6485940941759999,0.7089449871999999,0.093658676,0.11019687053571428,0.1645081022378143,0.2427095033714286,0.13251263283571432,0.0836360757250245,0.14918507366079548,0.26173852278359727,0.17810244705857275,0.160632561987367,0.0,0.0,0.0,0.0,-5.3986806094724615e-05
284,100,100,1.0,feasible,0.7637296813353567,0.796384547803185,0.8322501045645613,0.0685204232292046,0.6152863111999999,0.6469279182479998,0.7089449871999999,0.093658676,0.11019687053571428,0.1668560189028381,0.23610007332142854,0.12590320278571426,0.0836360757250245,0.14861847947575382,0.26173852278359727,0.17810244705857275,0.1606628946065089,0.0,0.0,0.0,0.0,3.0332619141898443e-05
285,100,100,1.0,feasible,0.7637296813353567,0.7959260321411753,0.8322501045645613,0.0685204232292046,0.6152863111999999,0.645041701952,0.7089449871999999,0.093658676,0.10984159282142858,0.16771769269554762,0.23610007332142854,0.12625848049999996,0.0836360757250245,0.15059622205043996,0.26173852278359727,0.17810244705857275,0.1607257680796636,0.0,0.0,0.0003552777142857011,0.0,6.287347315470093e-05
286,100,100,1.0,feasible,0.7637296813353567,0.7956184772391117,0.8322501045645613,0.0685204232292046,0.6152863111999999,0.6453236063040001,0.7089449871999999,0.093658676,0.10984159282142858,0.1667060135879381,0.23610007332142854,0.12625848049999996,0.0836360757250245,0.15074323065727954,0.26173852278359727,0.17810244705857275,0.16078505441788557,0.0,0.0,0.0,0.0,5.9286338221969936e-05
287,100,100,1.0,feasible,0.7637296813353567,0.7955884964653864,0.8331057376205676,0.06937605628521093,0.6152863111999999,0.6448564953439999,0.7089449871999999,0.093658676,0.10984159282142858,0.16528840115227855,0.24260834770238088,0.1327667548809523,0.0836360757250245,0.15022832232923522,0.26173852278359727,0.17810244705857275,0.16078783063197283,0.0,0.0,0.0,0.0,2.776214087257811e-06
288,100,100,1.0,feasible,0.7637296813353567,0.7959729984694677,0.8331057376205676,0.06937605628521093,0.6152863111999999,0.6443819227999998,0.7089449871999999,0.093658676,0.10984159282142858,0.16905534731346905,0.24260834770238088,0.1327667548809523,0.0836360757250245,0.14795656132862642,0.26173852278359727,0.17810244705857275,0.16076579070115393,0.0,0.0,0.0,0.0,-2.203993081889566e-05
289,100,100,1.0,feasible,0.7637296813353567,0.7957745264158512,0.8331057376205676,0.06937605628521093,0.6152863111999999,0.64401429772,0.7087440528,0.09345774160000009,0.10984159282142858,0.16722004285385236,0.24260834770238088,0.1327667548809523,0.0836360757250245,0.1494291345884549,0.26173852278359727,0.17810244705857275,0.16078202605705044,0.0,0.0,0.0,0.0,1.623535589651004e-05
290,100,100,1.0,feasible,0.7637296813353567,0.7948354969834126,0.8331057376205676,0.06937605628521093,0.6152863111999999,0.6427421187439998,0.7087440528,0.09345774160000009,0.10984159282142858,0.1662683438124524,0.23610007332142854,0.12625848049999996,0.0836360757250245,0.15144386786905117,0.26173852278359727,0.17810244705857275,0.16080805523800298,0.0,0.0,0.0,0.0,2.6029180952541475e-05
291,100,100,1.0,feasible,0.7637296813353567,0.7951572971177159,0.8331057376205676,0.06937605628521093,0.6152863111999999,0.6422710682079998,0.7087440528,0.09345774160000009,0.10984159282142858,0.16628882245997617,0.23610007332142854,0.12625848049999996,0.0836360757250245,0.151585706692641,0.26173852278359727,0.17810244705857275,0.16077820088917263,0.0,0.0,0.0,0.0,-2.985434883034932e-05
292,100,100,1.0,feasible,0.7637296813353567,0.7960348577703941,0.8331057376205676,0.06937605628521093,0.6152863111999999,0.6421874609199999,0.7087440528,0.09345774160000009,0.10984159282142858,0.16658970977330953,0.23610007332142854,0.12625848049999996,0.0836360757250245,0.14817871389954773,0.26173852278359727,0.17810244705857275,0.16079721183881293,0.0,0.0,0.0,0.0,1.9010949640296815e-05
293,100,100,1.0,feasible,0.7637296813353567,0.795210940158373,0.8331057376205676,0.06937605628521093,0.6152863111999999,0.6406961425279998,0.7087440528,0.09345774160000009,0.10984159282142858,0.168202286967769,0.23610007332142854,0.12625848049999996,0.0836360757250245,0.14976308582110923,0.26173852278359727,0.17810244705857275,0.1608105529593431,0.0,0.0,0.0,0.0,1.3341120530169226e-05
294,100,100,1.0,feasible,0.7637296813353567,0.7951880742478155,0.8331057376205676,0.06937605628521093,0.6152863111999999,0.6415148843359999,0.7087440528,0.09345774160000009,0.10984159282142858,0.16589763259519763,0.23610007332142854,0.12625848049999996,0.0836360757250245,0.15091253140376973,0.26173852278359727,0.17810244705857275,0.1607705706155754,0.0,0.0,0.0,0.0,-3.998234376770271e-05
295,100,100,1.0,feasible,0.7637296813353567,0.7953854371086458,0.8331057376205676,0.06937605628521093,0.6152863111999999,0.6409423836479999,0.7087440528,0.09345774160000009,0.10984159282142858,0.16803576372895956,0.23610007332142854,0.12625848049999996,0.0836360757250245,0.1503237836888859,0.26173852278359727,0.17810244705857275,0.1607700630715544,0.0,0.0,0.0,0.0,-5.075440210056126e-07
296,100,100,1.0,feasible,0.7637296813353567,0.7951116974395201,0.8331057376205676,0.06937605628521093,0.6152863111999999,0.6405904749999999,0.7087440528,0.09345774160000009,0.10984159282142858,0.1686103953898595,0.23610007332142854,0.12625848049999996,0.0836360757250245,0.15071193048882517,0.26173852278359727,0.17810244705857275,0.16076247927564796,0.0,0.0,0.0,0.0,-7.583795906429547e-06
297,100,100,1.0,feasible,0.7637296813353567,0.7943197417124517,0.8331057376205676,0.06937605628521093,0.6152863111999999,0.6400616068719998,0.7087440528,0.09345774160000009,0.10984159282142858,0.16884567113634044,0.23610007332142854,0.12625848049999996,0.0836360757250245,0.1531298207419658,0.26173852278359727,0.17810244705857275,0.16079198274867496,0.0,0.0,0.0,0.0,2.9503473026992744e-05
298,100,100,1.0,feasible,0.7637296813353567,0.7960088969633545,0.8331057376205676,0.06937605628521093,0.6152863111999999,0.6409189484639998,0.7087440528,0.09345774160000009,0.10984159282142858,0.1693543146083404,0.23610007332142854,0.12625848049999996,0.0836360757250245,0.14789138898224266,0.26173852278359727,0.17810244705857275,0.1608308444958096,0.0,0.0,0.0,0.0,3.8861747134633084e-05
299,100,100,1.0,feasible,0.7637296813353567,0.7948627591360997,0.8331057376205676,0.06937605628521093,0.6152863111999999,0.6396397769119998,0.7087440528,0.09345774160000009,0.10984159282142858,0.1709917424324,0.23673378716190477,0.1268921943404762,0.0836360757250245,0.1506108239098458,0.26173852278359727,0.17810244705857275,0.160865987870796,0.0,0.0,0.0,0.0,3.5143374986418285e-05
300,100,100,1.0,feasible,0.7637296813353567,0.795140870475119,0.8331057376205676,0.06937605628521093,0.6152797999999999,0.6399216526239999,0.7087440528,0.09346425280000004,0.10984159282142858,0.1694884227987312,0.23764210473095235,0.12780051190952377,0.0836360757250245,0.14977170359372471,0.26173852278359727,0.17810244705857275,0.16088516020441138,0.0,6.51119999994787e-06,0.0,0.0,1.9172333615369297e-05
301,100,100,1.0,feasible,0.7637296813353567,0.796511715559102,0.8331057376205676,0.06937605628521093,0.6152797999999999,0.6413226258399999,0.7087440528,0.09346425280000004,0.10984159282142858,0.1701903925057857,0.23764210473095235,0.12780051190952377,0.0836360757250245,0.14659229598549836,0.26173852278359727,0.17810244705857275,0.16083177681532496,0.0,0.0,0.0,0.0,-5.338338908641993e-05
302,100,100,1.0,feasible,0.7637296813353567,0.7959301559511972,0.8331057376205676,0.06937605628521093,0.6152797999999999,0.6408599625439999,0.7087440528,0.09346425280000004,0.10984159282142858,0.1696103951219048,0.23673378716190477,0.1268921943404762,0.0836360757250245,0.14810669660416279,0.26173852278359727,0.17810244705857275,0.16082651324649053,0.0,0.0,0.0,0.0,-5.263568834429355e-06
303,100,100,1.0,feasible,0.7637296813353567,0.7964569836751957,0.8331057376205676,0.06937605628521093,0.6152797999999999,0.6419336904559998,0.7087440528,0.09346425280000004,0.10984159282142858,0.16707091709647617,0.23673378716190477,0.1268921943404762,0.0836360757250245,0.14697274579693143,0.26173852278359727,0.17810244705857275,0.1608825743065548,0.0,0.0,0.0,0.0,5.606106006428302e-05
304,100,100,1.0,feasible,0.7637296813353567,0.7954149058003243,0.8331057376205676,0.06937605628521093,0.6152797999999999,0.640913260008,0.7087440528,0.09346425280000004,0.10984159282142858,0.16806459218640474,0.2387670880952381,0.12892549527380953,0.0836360757250245,0.14856834265796462,0.26173852278359727,0.17810244705857275,0.16088145534646167,0.0,0.0,0.0,0.0,-1.118960093138277e-06
305,100,100,1.0,feasible,0.7637296813353567,0.7954076137372891,0.8331057376205676,0.06937605628521093,0.6152797999999999,0.6403204521119998,0.7087440528,0.09346425280000004,0.10984159282142858,0.1689399391151905,0.2387670880952381,0.12892549527380953,0.0836360757250245,0.14866713696080902,0.26173852278359727,0.17810244705857275,0.16086762100017363,0.0,0.0,0.0,0.0,-1.3834346288044141e-05
306,100,100,1.0,feasible,0.7637296813353567,0.7948310666832364,0.8331057376205676,0.06937605628521093,0.6152797999999999,0.6398662039759998,0.7087440528,0.09346425280000004,0.10984159282142858,0.16801392135890475,0.2387670880952381,0.12892549527380953,0.08359686794068685,0.1505179968365962,0.26173852278359727,0.17814165484291042,0.1608868548983483,0.0,0.0,0.0,3.920778433764982e-05,1.9233898174680908e-05
307,100,100,1.0,feasible,0.7636279782149898,0.7947650646015383,0.8331057376205676,0.06947775940557777,0.6151193439999999,0.6401450405199998,0.7092286879999998,0.09410934399999993,0.10984159282142858,0.16785924995426188,0.2387670880952381,0.12892549527380953,0.08322145593808855,0.15137654680220333,0.26226292803639983,0.17904147209831128,0.16098299923866444,0.00010170312036683615,0.00016045600000003102,0.0,0.0003754120025983021,9.614434031612884e-05
308,100,100,1.0,feasible,0.7636279782149898,0.794624435970558,0.8331057376205676,0.06947775940557777,0.6151193439999999,0.6397889245679999,0.7092286879999998,0.09410934399999993,0.10984159282142858,0.1696821527892619,0.2387670880952381,0.12892549527380953,0.08322145593808855,0.15067979591926775,0.26226292803639983,0.17904147209831128,0.16097006231708236,0.0,0.0,0.0,0.0,-1.2936921582079597e-05
309,100,100,1.0,feasible,0.7636279782149898,0.7945988635000785,0.8331057376205676,0.06947775940557777,0.6151193439999999,0.6402436369439998,0.7092286879999998,0.09410934399999993,0.10984159282142858,0.16752935313504763,0.24150854939523808,0.1316669565738095,0.08322145593808855,0.1514873416824985,0.26226292803639983,0.17904147209831128,0.16096342738906683,0.0,0.0,0.0,0.0,-6.634928015530894e-06
310,100,100,1.0,feasible,0.7635043300542448,0.7945754019814069,0.8331057376205676,0.06960140756632283,0.6151146311999999,0.6405515733439999,0.7092286879999998,0.09411405679999996,0.10984159282142858,0.1683909382807143,0.24150854939523808,0.1316669565738095,0.08322145593808855,0.15163369504999505,0.2591573487515744,0.17593589281348587,0.1610236753666263,0.00012364816074506013,4.712800000028494e-06,0.0,0.0,6.024797755946332e-05
311,100,100,1.0,feasible,0.7635043300542448,0.7964088100055815,0.8331057376205676,0.06960140756632283,0.6150944679999999,0.642804986032,0.7092286879999998,0.09413421999999994,0.10984159282142858,0.168481827569381,0.24150854939523808,0.1316669565738095,0.08281469181762958,0.14753302602221025,0.2591573487515744,0.17634265693394485,0.16107932316931858,0.0,2.016319999997851e-05,0.0,0.00040676412045896615,5.5647802692293524e-05
312,100,100,1.0,feasible,0.7635043300542448,0.7959508151858441,0.8331057376205676,0.06960140756632283,0.6150944679999999,0.6406578717279997,0.7092286879999998,0.09413421999999994,0.10984159282142858,0.17133434885622859,0.24150854939523808,0.1316669565738095,0.08281469181762958,0.14780245116863305,0.2591573487515744,0.17634265693394485,0.16109506918407007,0.0,0.0,0.0,0.0,1.5746014751488735e-05
313,100,100,1.0,feasible,0.7635043300542448,0.795664692452863,0.8331057376205676,0.06960140756632283,0.6150944679999999,0.6417775243999999,0.7092286879999998,0.09413421999999994,0.10984159282142858,0.16857429986734762,0.2387670880952381,0.12892549527380953,0.08281469181762958,0.14819500145176548,0.2591573487515744,0.17634265693394485,0.16112160590846417,0.0,0.0,0.0,0.0,2.6536724394093936e-05
314,100,100,1.0,feasible,0.7635043300542448,0.7957777657169518,0.8331057376205676,0.06960140756632283,0.6150944679999999,0.64276450832,0.7092286879999998,0.09413421999999994,0.10984159282142858,0.16644930512223333,0.2387670880952381,0.12892549527380953,0.08281469181762958,0.14863613066474016,0.2591573487515744,0.17634265693394485,0.1611167163332429,0.0,0.0,0.0,0.0,-4.889575221267428e-06
315,100,100,1.0,feasible,0.7635043300542448,0.7967059963232341,0.8331057376205676,0.06960140756632283,0.6150944679999999,0.6431632949599999,0.7092286879999998,0.09413421999999994,0.10984159282142858,0.16816355547375714,0.2387670880952381,0.12892549527380953,0.08281469181762958,0.14519546267088063,0.2591573487515744,0.17634265693394485,0.16108745790799653,0.0,0.0,0.0,0.0,-2.9258425246370123e-05
316,100,100,1.0,feasible,0.7635043300542448,0.795650270465526,0.8330526665271308,0.06954833647288605,0.6150944679999999,0.641758838896,0.7092286879999998,0.09413421999999994,0.10984159282142858,0.16888161259908568,0.2387670880952381,0.12892549527380953,0.08264418230176122,0.14753981237525488,0.2591573487515744,0.17651316644981319,0.1611550377449881,0.0,0.0,0.0,0.00017050951586836116,6.757983699157144e-05
317,100,100,1.0,feasible,0.7635043300542448,0.7959012243638045,0.8330526665271308,0.06954833647288605,0.6150944679999999,0.6419584475359998,0.7092286879999998,0.09413421999999994,0.10984159282142858,0.16932189097803807,0.2387670880952381,0.12892549527380953,0.08264418230176122,0.1469967680500709,0.2591573487515744,0.17651316644981319,0.1611329428012327,0.0,0.0,0.0,0.0,-2.2094943755407437e-05
318,100,100,1.0,feasible,0.7635043300542448,0.7961138302862227,0.8330526665271308,0.06954833647288605,0.6150944679999999,0.6417499867599998,0.7092286879999998,0.09413421999999994,0.10984159282142858,0.16846043269200475,0.2387670880952381,0.12892549527380953,0.08264418230176122,0.146091769669808,0.2591573487515744,0.17651316644981319,0.16111293353350856,0.0,0.0,0.0,0.0,-2.0009267724135915e-05
319,100,100,1.0,feasible,0.7635043300542448,0.7959681844653166,0.8330526665271308,0.06954833647288605,0.6150944679999999,0.6425592965679998,0.7092286879999998,0.09413421999999994,0.10984159282142858,0.16903544431262382,0.2387670880952381,0.12892549527380953,0.08264418230176122,0.14672520979959816,0.2591573487515744,0.17651316644981319,0.1611029582874135,0.0,0.0,0.0,0.0,-9.9752460950564e-06
320,100,100,1.0,feasible,0.7635043300542448,0.7946877593558683,0.8330526665271308,0.06954833647288605,0.6150944679999999,0.6413581128319998,0.7092286879999998,0.09413421999999994,0.10984159282142858,0.16768101270951902,0.2387670880952381,0.12892549527380953,0.08264418230176122,0.1503412111714041,0.2591573487515744,0.17651316644981319,0.16112607357818343,0.0,0.0,0.0,0.0,2.3115290769926133e-05
321,100,100,1.0,feasible,0.7635043300542448,0.7952006724861771,0.8330526665271308,0.06954833647288605,0.6149832711999998,0.6420262716159998,0.7092286879999998,0.09424541679999998,0.10984159282142858,0.1677707034536619,0.2387670880952381,0.12892549527380953,0.08264418230176122,0.14977896896808296,0.2591573487515744,0.17651316644981319,0.1611636967581329,0.0,0.00011119680000004628,0.0,0.0,3.7623179949486385e-05
322,100,100,1.0,feasible,0.7635043300542448,0.7958663135367066,0.8330526665271308,0.06954833647288605,0.6149832711999998,0.6421941488959999,0.7093576151999998,0.094374344,0.10984159282142858,0.16917379141197617,0.24118875223333333,0.13134715941190475,0.08264418230176122,0.14772685245560874,0.2591573487515744,0.17651316644981319,0.1612373820085748,0.0,0.0,0.0,0.0,7.368525044187946e-05
323,100,100,1.0,feasible,0.7635043300542448,0.7953742719829766,0.8330526665271308,0.06954833647288605,0.6149832711999998,0.6428655924239999,0.7093576151999998,0.094374344,0.10984159282142858,0.1676419962957429,0.24118875223333333,0.13134715941190475,0.08264418230176122,0.14903862799238055,0.2591573487515744,0.17651316644981319,0.16117681286062685,0.0,0.0,0.0,0.0,-6.056914794794199e-05
324,100,100,1.0,feasible,0.7635043300542448,0.7945644218443131,0.8330526665271308,0.06954833647288605,0.6149832711999998,0.6413902933279999,0.7093576151999998,0.094374344,0.10809467447619049,0.16814825048285711,0.24118875223333333,0.13309407775714283,0.08264418230176122,0.1502907944008899,0.2591573487515744,0.17651316644981319,0.16148005676848914,0.0,0.0,0.0017469183452380882,0.0,0.00030324390786229394
325,100,100,1.0,feasible,0.7635043300542448,0.7953885675187063,0.8330526665271308,0.06954833647288605,0.6149832711999998,0.6422262768639999,0.7093576151999998,0.094374344,0.10809467447619049,0.16716765646239523,0.24118875223333333,0.13309407775714283,0.08264418230176122,0.14857584943944546,0.2591573487515744,0.17651316644981319,0.16145504317887782,0.0,0.0,0.0,0.0,-2.5013589611322384e-05
326,100,100,1.0,feasible,0.7635043300542448,0.7953439843240367,0.8330526665271308,0.06954833647288605,0.6149832711999998,0.642027012208,0.7093576151999998,0.094374344,0.10809467447619049,0.16793910791541905,0.24118875223333333,0.13309407775714283,0.08264418230176122,0.1483697821743487,0.2591573487515744,0.17651316644981319,0.16146266285247418,0.0,0.0,0.0,0.0,7.619673596359622e-06
327,100,100,1.0,feasible,0.7635043300542448,0.7956575487982489,0.8330526665271308,0.06954833647288605,0.6149832711999998,0.6430106674479998,0.7093576151999998,0.094374344,0.10809467447619049,0.1657122779272619,0.24118875223333333,0.13309407775714283,0.08264418230176122,0.14862130493005657,0.2591573487515744,0.17651316644981319,0.16148468423509132,0.0,0.0,0.0,0.0,2.202138261714337e-05
328,100,100,1.0,feasible,0.7635043300542448,0.7957591571171926,0.8330526665271308,0.06954833647288605,0.6149832711999998,0.6431052589119999,0.7093576151999998,0.094374344,0.10809467447619049,0.17039367461338095,0.24118875223333333,0.13309407775714283,0.08264418230176122,0.14796162859128367,0.2591573487515744,0.17651316644981319,0.16147580833793249,0.0,0.0,0.0,0.0,-8.875897158838741e-06
329,100,100,1.0,feasible,0.7635043300542448,0.796019604668341,0.8330526665271308,0.06954833647288605,0.6148833976,0.644825985136,0.7093576151999998,0.09447421759999985,0.10809467447619049,0.16784681734490475,0.24118875223333333,0.13309407775714283,0.08264418230176122,0.14811702499136747,0.2591573487515744,0.17651316644981319,0.16150650874963185,0.0,9.987359999985568e-05,0.0,0.0,3.070041169936366e-05
330,100,100,1.0,feasible,0.7635043300542448,0.7961762574634154,0.8330526665271308,0.06954833647288605,0.6148833976,0.6441038065519998,0.7093576151999998,0.09447421759999985,0.10809467447619049,0.16552186446130956,0.24118875223333333,0.13309407775714283,0.08264418230176122,0.14622935938261622,0.2591573487515744,0.17651316644981319,0.1614912614710869,0.0,0.0,0.0,0.0,-1.5247278544960885e-05
331,100,100,1.0,feasible,0.7635043300542448,0.795914774803342,0.8330526665271308,0.06954833647288605,0.6148724087999999,0.642820933704,0.7093576151999998,0.09448520639999991,0.10809467447619049,0.16867009476230713,0.24118875223333333,0.13309407775714283,0.08264418230176122,0.14687142707205433,0.2591573487515744,0.17651316644981319,0.1614570908787148,0.0,1.0988800000055754e-05,0.0,0.0,-3.4170592372095854e-05
332,100,100,1.0,feasible,0.7631537381612685,0.7949781757835801,0.8330526665271308,0.06989892836586231,0.6148724087999999,0.6423300408719999,0.7094995071999999,0.09462709839999994,0.10809467447619049,0.16780482895885482,0.24322598415476188,0.1351313096785714,0.08264418230176122,0.14942106453724727,0.2594132871641564,0.17676910486239517,0.16165632173077354,0.0003505918929762597,0.0,0.0,0.0,0.00019923085205875157
333,100,100,1.0,feasible,0.7631537381612685,0.7954672156742189,0.8332040748783424,0.07005033671707384,0.6148724087999999,0.643920821104,0.7095605415999999,0.09468813279999999,0.10777792260714285,0.1682467727305429,0.24322598415476188,0.13544806154761901,0.08264418230176122,0.149084038847134,0.2594132871641564,0.17676910486239517,0.16166549685502135,0.0,0.0,0.0003167518690476434,0.0,9.175124247806643e-06
334,100,100,1.0,feasible,0.7631537381612685,0.7942936957031727,0.8332040748783424,0.07005033671707384,0.6148724087999999,0.6433575867679998,0.7091754239999999,0.09430301519999995,0.10777792260714285,0.16622748580654292,0.24322598415476188,0.13544806154761901,0.08264418230176122,0.15243998578850115,0.2594132871641564,0.17676910486239517,0.16168322177606823,0.0,0.0,0.0,0.0,1.7724921046874398e-05
335,100,100,1.0,feasible,0.7631537381612685,0.7954814019657092,0.8332040748783424,0.07005033671707384,0.6148724087999999,0.6433703327039999,0.7091754239999999,0.09430301519999995,0.10777792260714285,0.1658078781503357,0.24322598415476188,0.13544806154761901,0.08264418230176122,0.14967162298694553,0.2594132871641564,0.17676910486239517,0.16175161662512078,0.0,0.0,0.0,0.0,6.839484905254989e-05
336,100,100,1.0,feasible,0.7631537381612685,0.7956725997348819,0.8332040748783424,0.07005033671707384,0.6148724087999999,0.642530360616,0.7091754239999999,0.09430301519999995,0.10777792260714285,0.16610966049685238,0.24322598415476188,0.13544806154761901,0.08264418230176122,0.14900503376261162,0.2594132871641564,0.17676910486239517,0.16178163635380433,0.0,0.0,0.0,0.0,3.0019728683550184e-05
337,100,100,1.0,feasible,0.7631537381612685,0.7954886085395846,0.8332040748783424,0.07005033671707384,0.6148724087999999,0.640385982264,0.7091754239999999,0.09430301519999995,0.10777792260714285,0.1698547683067095,0.24322598415476188,0.13544806154761901,0.08264418230176122,0.14782240533909485,0.2594132871641564,0.17676910486239517,0.16180974636352854,0.0,0.0,0.0,0.0,2.8110009724219287e-05
338,100,100,1.0,feasible,0.7631537381612685,0.7960054808199466,0.8332040748783424,0.07005033671707384,0.6148724087999999,0.6421003393439999,0.7092359119999998,0.09436350319999987,0.10777792260714285,0.1676826075400452,0.24322598415476188,0.13544806154761901,0.08212715853843623,0.14701850317650927,0.2594132871641564,0.17728612862572019,0.16186043376684278,0.0,0.0,0.0,0.0005170237633249919,5.068740331423682e-05
339,100,100,1.0,feasible,0.7631537381612685,0.7962933602087803,0.8332040748783424,0.07005033671707384,0.6148724087999999,0.6427255019839998,0.7092359119999998,0.09436350319999987,0.10777792260714285,0.16693910712344998,0.24322598415476188,0.13544806154761901,0.08212715853843623,0.1462315359886011,0.2594132871641564,0.17728612862572019,0.16188267822269362,0.0,0.0,0.0,0.0,2.22444558508339e-05
340,100,100,1.0,feasible,0.7631537381612685,0.7960183079849302,0.8332040748783424,0.07005033671707384,0.6148724087999999,0.6420135552559999,0.7092359119999998,0.09436350319999987,0.10535275466666666,0.16561583425480716,0.24322598415476188,0.13787322948809522,0.08212715853843623,0.14654176307143776,0.2594132871641564,0.17728612862572019,0.16228893308960102,0.0,0.0,0.002425167940476189,0.0,0.00040625486690740176
341,100,100,1.0,feasible,0.7631537381612685,0.7959422980648142,0.8332040748783424,0.07005033671707384,0.6148724087999999,0.6416762832399998,0.7092359119999998,0.09436350319999987,0.10535275466666666,0.16690308432264048,0.24322598415476188,0.13787322948809522,0.08212715853843623,0.14751745519863785,0.2594132871641564,0.17728612862572019,0.16225639679439346,0.0,0.0,0.0,0.0,-3.2536295207552524e-05
342,100,100,1.0,feasible,0.7631537381612685,0.7957697225672824,0.8332040748783424,0.07005033671707384,0.6148724087999999,0.6414918086959999,0.7092359119999998,0.09436350319999987,0.10535275466666666,0.1661961732338762,0.24322598415476188,0.13787322948809522,0.08212715853843623,0.1484831512455502,0.2594132871641564,0.17728612862572019,0.16223076040064444,0.0,0.0,0.0,0.0,-2.563639374902893e-05
343,100,100,1.0,feasible,0.7631537381612685,0.7955016486491202,0.8332040748783424,0.07005033671707384,0.6148724087999999,0.641408428648,0.7092359119999998,0.09436350319999987,0.10535275466666666,0.16651912374021907,0.24322598415476188,0.13787322948809522,0.08212715853843623,0.14896831889543016,0.2594132871641564,0.17728612862572019,0.16227262104632287,0.0,0.0,0.0,0.0,4.186064567843206e-05
344,100,100,1.0,feasible,0.763002006959343,0.7954960890717389,0.8328889366507947,0.06988692969145172,0.6148724087999999,0.6413557598639998,0.7092359119999998,0.09436350319999987,0.10535275466666666,0.1655327187646262,0.24322598415476188,0.13787322948809522,0.08212715853843623,0.14897201974981705,0.2594132871641564,0.17728612862572019,0.16236960044314236,0.00015173120192557565,0.0,0.0,0.0,9.697939681949097e-05
345,100,100,1.0,feasible,0.763002006959343,0.7963288816135561,0.8328889366507947,0.06988692969145172,0.6148724087999999,0.6428593957279999,0.7092359119999998,0.09436350319999987,0.10535275466666666,0.16480752616515,0.24322598415476188,0.13787322948809522,0.08200852375653962,0.14740610976862184,0.2594132871641564,0.1774047634076168,0.16239401428133396,0.0,0.0,0.0,0.00011863478189660936,2.4413838191600368e-05
346,100,100,1.0,feasible,0.7629080777213821,0.7971708686995274,0.8328889366507947,0.06998085892941253,0.6148724087999999,0.6434555545359999,0.7092359119999998,0.09436350319999987,0.10535275466666666,0.1693196136696976,0.24322598415476188,0.13787322948809522,0.08200852375653962,0.14477797648678958,0.26006601539503715,0.17805749163849754,0.162275611778463,9.392923796081032e-05,0.0,0.0,0.0,-0.00011840250287095677
347,100,100,1.0,feasible,0.7629080777213821,0.7968176779280696,0.8328889366507947,0.06998085892941253,0.6148724087999999,0.6439086434079999,0.7092359119999998,0.09436350319999987,0.10535275466666666,0.16928983917544527,0.24322598415476188,0.13787322948809522,0.08155340895328769,0.14588753936476664,0.26006601539503715,0.17851260644174946,0.16231499610819758,0.0,0.0,0.0,0.00045511480325192977,3.9384329734576395e-05
348,100,100,1.0,feasible,0.7629080777213821,0.7965998017206495,0.8328889366507947,0.06998085892941253,0.6148724087999999,0.6429123318239999,0.7092359119999998,0.09436350319999987,0.10535275466666666,0.1703619179912548,0.24322598415476188,0.13787322948809522,0.08155340895328769,0.14635576360008545,0.26006601539503715,0.17851260644174946,0.16236681809991804,0.0,0.0,0.0,0.0,5.18219917204632e-05
349,100,100,1.0,feasible,0.7629080777213821,0.7958334276149861,0.8328889366507947,0.06998085892941253,0.6148724087999999,0.6412045529599999,0.7110867327999999,0.09621432399999996,0.10535275466666666,0.1717785931712762,0.2511438566928571,0.14579110202619044,0.08155340895328769,0.14795924566470575,0.26006601539503715,0.17851260644174946,0.16240053687307787,0.0,0.0,0.0,0.0,3.371877315982985e-05
350,100,100,1.0,feasible,0.7629080777213821,0.7954957156192769,0.8328889366507947,0.06998085892941253,0.6148724087999999,0.6414677062959998,0.7110867327999999,0.09621432399999996,0.10535275466666666,0.17052052041276902,0.2548678495261905,0.14951509485952386,0.08155340895328769,0.14870327224890878,0.26006601539503715,0.17851260644174946,0.16242150484657963,0.0,0.0,0.0,0.0,2.096797350176205e-05
351,100,100,1.0,feasible,0.7629080777213821,0.7954945365600962,0.8328889366507947,0.06998085892941253,0.6148724087999999,0.6425109425039999,0.7113599255999998,0.0964875167999999,0.10535275466666666,0.16939955143561192,0.2548678495261905,0.14951509485952386,0.08155340895328769,0.14865644866538197,0.26006601539503715,0.17851260644174946,0.16241922443741813,0.0,0.0,0.0,0.0,-2.280409161503627e-06
352,100,100,1.0,feasible,0.7629080777213821,0.7961600763731185,0.8328889366507947,0.06998085892941253,0.6148724087999999,0.6418322663279998,0.7113599255999998,0.0964875167999999,0.10535275466666666,0.17172036911938807,0.2614609452500001,0.15610819058333342,0.08155340895328769,0.14659528369588545,0.26006601539503715,0.17851260644174946,0.16238377244999502,0.0,0.0,0.0,0.0,-3.54519874231074e-05
353,100,100,1.0,feasible,0.7627477167599812,0.7940761855301485,0.8328889366507947,0.07014121989081346,0.6147736208,0.6396172689519999,0.7116455703999999,0.0968719495999999,0.10535275466666666,0.17261185420795713,0.2614609452500001,0.15610819058333342,0.08155340895328769,0.15140222513819976,0.26124327361865035,0.17968986466536266,0.16248326933005205,0.00016036096140092937,9.87879999999608e-05,0.0,0.0,9.949688005703172e-05
354,100,100,1.0,feasible,0.7627477167599812,0.7962219560820121,0.8328889366507947,0.07014121989081346,0.6147736208,0.6430355927759999,0.7116455703999999,0.0968719495999999,0.10535275466666666,0.1685816445815286,0.2614609452500001,0.15610819058333342,0.08155340895328769,0.14619584349312903,0.26124327361865035,0.17968986466536266,0.16250151136680133,0.0,0.0,0.0,0.0,1.824203674927194e-05
355,100,100,1.0,feasible,0.7627477167599812,0.7958677730844367,0.8328889366507947,0.07014121989081346,0.6147736208,0.6427861499759997,0.7116455703999999,0.0968719495999999,0.10535275466666666,0.16748643352287618,0.2614609452500001,0.15610819058333342,0.08155340895328769,0.14664499174250412,0.26124327361865035,0.17968986466536266,0.162499825302588,0.0,0.0,0.0,0.0,-1.686064213329841e-06
356,100,100,1.0,feasible,0.7627477167599812,0.795369022671934,0.8328889366507947,0.07014121989081346,0.6147736208,0.6417257035839998,0.7116455703999999,0.0968719495999999,0.10535275466666666,0.16684082018099286,0.25694297971190483,0.15159022504523817,0.08155340895328769,0.1478227237160751,0.26124327361865035,0.17968986466536266,0.16249989319977196,0.0,0.0,0.0,0.0,6.789718395849853e-08
357,100,100,1.0,feasible,0.7627477167599812,0.7944137396298817,0.8328889366507947,0.07014121989081346,0.6147736208,0.640683017,0.7116455703999999,0.0968719495999999,0.10535275466666666,0.1647419832626595,0.25694297971190483,0.15159022504523817,0.08155340895328769,0.14990529910720377,0.26124327361865035,0.17968986466536266,0.1625769972695078,0.0,0.0,0.0,0.0,7.710406973585049e-05
358,100,100,1.0,feasible,0.7627477167599812,0.7949929949217729,0.8328889366507947,0.07014121989081346,0.6147736208,0.6418089487519998,0.7116455703999999,0.0968719495999999,0.10535275466666666,0.16655841126422857,0.25694297971190483,0.15159022504523817,0.08136888399668063,0.1483195631330908,0.26124327361865035,0.17987438962196972,0.16261155812181338,0.0,0.0,0.0,0.0001845249566070628,3.456085230557626e-05
359,100,100,1.0,feasible,0.7627477167599812,0.7944685249681683,0.8328889366507947,0.07014121989081346,0.6147736208,0.641209819392,0.7116455703999999,0.0968719495999999,0.10535275466666666,0.1656845112531595,0.25694297971190483,0.15159022504523817,0.08136888399668063,0.14925290585533565,0.26124327361865035,0.17987438962196972,0.16261869646511184,0.0,0.0,0.0,0.0,7.138343298462857e-06
360,100,100,1.0,feasible,0.7627477167599812,0.7941180908124464,0.8328889366507947,0.07014121989081346,0.6147736208,0.6418790320559999,0.7116455703999999,0.0968719495999999,0.10535275466666666,0.16647460276075715,0.25694297971190483,0.15159022504523817,0.08136888399668063,0.15047453846071351,0.26124327361865035,0.17987438962196972,0.1625935365955941,0.0,0.0,0.0,0.0,-2.5159869517732414e-05
361,100,100,1.0,feasible,0.7627477167599812,0.794435126271955,0.8328889366507947,0.07014121989081346,0.6147736208,0.6415564126319999,0.7116455703999999,0.0968719495999999,0.10535275466666666,0.1653192344588024,0.26187286540476196,0.1565201107380953,0.08136888399668063,0.14936352472360834,0.26124327361865035,0.17987438962196972,0.16258840850902073,0.0,0.0,0.0,0.0,-5.128086573380486e-06
362,100,100,1.0,feasible,0.7627477167599812,0.7939232638585108,0.8328889366507947,0.07014121989081346,0.6147736208,0.6414248413359998,0.7116455703999999,0.0968719495999999,0.10535275466666666,0.163232098583281,0.2514581084904762,0.14610535382380951,0.08136888399668063,0.1510626708219611,0.26124327361865035,0.17987438962196972,0.16257802245145006,0.0,0.0,0.0,0.0,-1.038605757067157e-05
363,100,100,1.0,feasible,0.7627477167599812,0.7950261332094953,0.8328889366507947,0.07014121989081346,0.6147736208,0.6418228842639999,0.7116455703999999,0.0968719495999999,0.10535275466666666,0.16299711873973333,0.25274360399047624,0.14739084932380958,0.08136888399668063,0.148259010422479,0.26124327361865035,0.17987438962196972,0.1625845337770512,0.0,0.0,0.0,0.0,6.51132560114398e-06
364,100,100,1.0,feasible,0.7627477167599812,0.795892602462805,0.8328889366507947,0.07014121989081346,0.6147736208,0.64366898696,0.7116455703999999,0.0968719495999999,0.10535275466666666,0.1628288283110381,0.25274360399047624,0.14739084932380958,0.08136888399668063,0.14599534313833873,0.26124327361865035,0.17987438962196972,0.1625744667838687,0.0,0.0,0.0,0.0,-1.0066993182511474e-05
365,100,100,1.0,feasible,0.7627477167599812,0.7953068565119564,0.8328889366507947,0.07014121989081346,0.6147736208,0.6421558554959997,0.7116455703999999,0.0968719495999999,0.10535275466666666,0.16556347498985244,0.25274360399047624,0.14739084932380958,0.08136888399668063,0.14734547830328681,0.26124327361865035,0.17987438962196972,0.1625857463655074,0.0,0.0,0.0,0.0,1.1279581638712344e-05
366,100,100,1.0,feasible,0.7627477167599812,0.7954984742504319,0.8322613434671132,0.06951362670713201,0.6147736208,0.6420948252959998,0.7116455703999999,0.0968719495999999,0.10535275466666666,0.1659179612356048,0.25274360399047624,0.14739084932380958,0.08136888399668063,0.1474821357161915,0.26124327361865035,0.17987438962196972,0.16258643587458052,0.0,0.0,0.0,0.0,6.895090731151576e-07
367,100,100,1.0,feasible,0.7627477167599812,0.7949580084000489,0.8322613434671132,0.06951362670713201,0.6142981799999999,0.6405610203119998,0.7116455703999999,0.09734739039999996,0.10535275466666666,0.1674468525894143,0.25274360399047624,0.14739084932380958,0.08136888399668063,0.14862507266576852,0.26124327361865035,0.17987438962196972,0.16271167480551751,0.0,0.00047544080000005984,0.0,0.0,0.0001252389309369939
368,100,100,1.0,feasible,0.7627477167599812,0.7952261459255577,0.8322613434671132,0.06951362670713201,0.6142981799999999,0.6408459438079999,0.7116455703999999,0.09734739039999996,0.10535275466666666,0.16899076187748568,0.25274360399047624,0.14739084932380958,0.08136888399668063,0.147402971204126,0.26124327361865035,0.17987438962196972,0.16270043314186972,0.0,0.0,0.0,0.0,-1.124166364779855e-05
369,100,100,1.0,feasible,0.7627477167599812,0.7950114770498665,0.8322613434671132,0.06951362670713201,0.6142981799999999,0.6409852641359999,0.7116455703999999,0.09734739039999996,0.10535275466666666,0.16826729530283813,0.25274360399047624,0.14739084932380958,0.08136888399668063,0.1488482115273616,0.26124327361865035,0.17987438962196972,0.16268988866335882,0.0,0.0,0.0,0.0,-1.0544478510898792e-05
370,100,100,1.0,feasible,0.7627477167599812,0.7952179097814523,0.8322613434671132,0.06951362670713201,0.6142981799999999,0.6425191856799998,0.7116455703999999,0.09734739039999996,0.10535275466666666,0.16543183524203336,0.25274360399047624,0.14739084932380958,0.08136888399668063,0.14874505640013405,0.26124327361865035,0.17987438962196972,0.1626874696363991,0.0,0.0,0.0,0.0,-2.419026959715742e-06
371,100,100,1.0,feasible,0.7627477167599812,0.7947182650567737,0.8322613434671132,0.06951362670713201,0.6142981799999999,0.6421090083199998,0.7116455703999999,0.09734739039999996,0.10535275466666666,0.16746257922086905,0.25274360399047624,0.14739084932380958,0.08136888399668063,0.1492515292207778,0.26124327361865035,0.17987438962196972,0.162617900131801,0.0,0.0,0.0,0.0,-6.956950459810485e-05
372,100,100,1.0,feasible,0.7627477167599812,0.7951809515096018,0.8322613434671132,0.06951362670713201,0.6142981799999999,0.6431119641599998,0.7110257071999999,0.0967275272,0.10535275466666666,0.16598075221208095,0.25274360399047624,0.14739084932380958,0.08136888399668063,0.14772277752823276,0.26124327361865035,0.17987438962196972,0.16259994777325937,0.0,0.0,0.0,0.0,-1.7952358541628577e-05
373,100,100,1.0,feasible,0.7627477167599812,0.7948617257757314,0.8322613434671132,0.06951362670713201,0.6142981799999999,0.642349257624,0.7110257071999999,0.0967275272,0.10535275466666666,0.16798984653261662,0.25274360399047624,0.14739084932380958,0.08136888399668063,0.1488577852098234,0.26124327361865035,0.17987438962196972,0.1626055347983945,0.0,0.0,0.0,0.0,5.587025135145307e-06
374,100,100,1.0,feasible,0.7627477167599812,0.7960308282673155,0.8322613434671132,0.06951362670713201,0.6142981799999999,0.6436342660159999,0.7110257071999999,0.0967275272,0.10535275466666666,0.16605060029004523,0.25274360399047624,0.14739084932380958,0.08136888399668063,0.14662680706513095,0.26124327361865035,0.17987438962196972,0.1626465968991427,0.0,0.0,0.0,0.0,4.106210074819594e-05
375,100,100,1.0,feasible,0.7627477167599812,0.7931921675448694,0.8319982735946139,0.06925055683463266,0.6142949432,0.6391230897199999,0.7110257071999999,0.09673076399999991,0.10535275466666666,0.16631322695,0.25274360399047624,0.14739084932380958,0.08113540361255407,0.1528304068313027,0.26124327361865035,0.1801078700060963,0.1627086153221812,0.0,3.236799999917217e-06,0.0,0.00023348038412655814,6.201842303849014e-05
376,100,100,1.0,feasible,0.7627477167599812,0.7937128264254446,0.8319982735946139,0.06925055683463266,0.6142949432,0.6400273908799998,0.7110257071999999,0.09673076399999991,0.10535275466666666,0.16762408161735715,0.25274360399047624,0.14739084932380958,0.08113540361255407,0.1526672665121192,0.26124327361865035,0.1801078700060963,0.16274545382744057,0.0,0.0,0.0,0.0,3.683850525937338e-05
377,100,100,1.0,feasible,0.7627477167599812,0.7948715389531336,0.8319982735946139,0.06925055683463266,0.6142949432,0.6415803568159998,0.7110257071999999,0.09673076399999991,0.1051103855595238,0.16517029931869046,0.25274360399047624,0.14763321843095245,0.08113540361255407,0.148991045050594,0.26124327361865035,0.1801078700060963,0.1627947408064626,0.0,0.0,0.0002423691071428563,0.0,4.92869790220396e-05
378,100,100,1.0,feasible,0.7627477167599812,0.7947955097195334,0.8319982735946139,0.06925055683463266,0.6142949432,0.6432921178559999,0.7110257071999999,0.09673076399999991,0.1051103855595238,0.16338138913169042,0.25274360399047624,0.14763321843095245,0.08113540361255407,0.1502545135755172,0.26124327361865035,0.1801078700060963,0.1627336373104757,0.0,0.0,0.0,0.0,-6.1103495986925e-05
379,100,100,1.0,feasible,0.7627477167599812,0.7965608647637487,0.8319982735946139,0.06925055683463266,0.6142949432,0.6447055226719999,0.7110257071999999,0.09673076399999991,0.1051103855595238,0.16534856655466668,0.25274360399047624,0.14763321843095245,0.08113540361255407,0.14530969877674885,0.26124327361865035,0.1801078700060963,0.16269977502026295,0.0,0.0,0.0,0.0,-3.3862290212738344e-05
380,100,100,1.0,feasible,0.7627477167599812,0.7941673308757606,0.8319982735946139,0.06925055683463266,0.6142875399999999,0.6416611618399999,0.7110257071999999,0.09673816720000006,0.1051103855595238,0.16681993243326193,0.25274360399047624,0.14763321843095245,0.08113540361255407,0.15167633004034986,0.26124327361865035,0.1801078700060963,0.1627271929640855,0.0,7.403200000144494e-06,0.0,0.0,2.7417943822549695e-05
381,100,100,1.0,feasible,0.7627477167599812,0.7953027629872845,0.8318084778399877,0.06906076108000647,0.6142875399999999,0.6432869440159998,0.7110257071999999,0.09673816720000006,0.1051103855595238,0.16576983592626193,0.25274360399047624,0.14763321843095245,0.08113540361255407,0.14926180108483755,0.26124327361865035,0.1801078700060963,0.16266979848914034,0.0,0.0,0.0,0.0,-5.739447494515493e-05
382,100,100,1.0,feasible,0.7627477167599812,0.794403351493904,0.8318084778399877,0.06906076108000647,0.6142875399999999,0.6419118250319998,0.7110257071999999,0.09673816720000006,0.1051103855595238,0.16586889654661907,0.25274360399047624,0.14763321843095245,0.08113540361255407,0.15094968163080516,0.26124327361865035,0.1801078700060963,0.16265777923832206,0.0,0.0,0.0,0.0,-1.201925081828481e-05
383,100,100,1.0,feasible,0.7627477167599812,0.7969583386417943,0.8318093583974324,0.06906164163745121,0.6142875399999999,0.6442227406319999,0.7110257071999999,0.09673816720000006,0.1051103855595238,0.16834061275583334,0.25274360399047624,0.14763321843095245,0.08113540361255407,0.1445729239517121,0.26124327361865035,0.1801078700060963,0.1626332490901422,0.0,0.0,0.0,0.0,-2.4530148179852107e-05
384,100,100,1.0,feasible,0.7627477167599812,0.7961063553764849,0.8318093583974324,0.06906164163745121,0.6142875399999999,0.6429258790959997,0.7110257071999999,0.09673816720000006,0.1051103855595238,0.17014303796902383,0.25274360399047624,0.14763321843095245,0.08113540361255407,0.1467511992424743,0.26124327361865035,0.1801078700060963,0.16259124441196066,0.0,0.0,0.0,0.0,-4.200467818155085e-05
385,100,100,1.0,feasible,0.7627477167599812,0.7959399326958296,0.8318093583974324,0.06906164163745121,0.6142875399999999,0.643695904232,0.7110257071999999,0.09673816720000006,0.1051103855595238,0.16650171215578566,0.25274360399047624,0.14763321843095245,0.08113540361255407,0.14794267544231496,0.26124327361865035,0.1801078700060963,0.16266678865704817,0.0,0.0,0.0,0.0,7.554424508751656e-05
386,100,100,1.0,feasible,0.7627477167599812,0.7958285768693422,0.8318263872464374,0.06907867048645622,0.6142875399999999,0.6437619927519997,0.7110257071999999,0.09673816720000006,0.1051103855595238,0.16526572576283327,0.25274360399047624,0.14763321843095245,0.08113540361255407,0.14761876839702245,0.26124327361865035,0.1801078700060963,0.16272200426349498,0.0,0.0,0.0,0.0,5.5215606446806786e-05
387,100,100,1.0,feasible,0.7627477167599812,0.7966959772016117,0.8318263872464374,0.06907867048645622,0.6141855279999999,0.6437226863759998,0.7110257071999999,0.09684017919999999,0.1051103855595238,0.16581688447402382,0.25274360399047624,0.14763321843095245,0.08113540361255407,0.14463210702892065,0.26124327361865035,0.1801078700060963,0.16275507963896674,0.0,0.00010201199999992916,0.0,0.0,3.307537547175832e-05
388,100,100,1.0,feasible,0.7624825214100082,0.7944591040988611,0.8318263872464374,0.06934386583642926,0.6141855279999999,0.64152412004,0.7090517127999999,0.09486618479999998,0.1051103855595238,0.16663232373811904,0.25274360399047624,0.14763321843095245,0.08113540361255407,0.15130480523679135,0.26460307013461404,0.18346766652205998,0.1628826085974442,0.0002651953499730464,0.0,0.0,0.0,0.00012752895847745194
389,100,100,1.0,feasible,0.762395255699161,0.7952123038058362,0.8318263872464374,0.06943113154727643,0.6141855279999999,0.642033725944,0.7090517127999999,0.09486618479999998,0.1051103855595238,0.16579031702664285,0.25274360399047624,0.14763321843095245,0.08113540361255407,0.14934728745630838,0.26578847936695343,0.18465307575439938,0.16292854546869595,8.726571084716195e-05,0.0,0.0,0.0,4.59368712517616e-05
390,100,100,1.0,feasible,0.762395255699161,0.7961266066410271,0.8318263872464374,0.06943113154727643,0.6141818951999999,0.6451874355119998,0.7090517127999999,0.09486981760000002,0.1051103855595238,0.1631408686792619,0.24424044207380954,0.13913005651428573,0.08113540361255407,0.14797672110176355,0.26578847936695343,0.18465307575439938,0.16295220724227563,0.0,3.632800000041847e-06,0.0,0.0,2.366177357968069e-05
391,100,100,1.0,feasible,0.762395255699161,0.796452932851063,0.8318263872464374,0.06943113154727643,0.6141818951999999,0.645102286528,0.7098776207999998,0.09569572559999995,0.1051103855595238,0.16313661457026193,0.24104014893095235,0.13592976337142854,0.08113540361255407,0.14708123363300726,0.26578847936695343,0.18465307575439938,0.16294659522078397,0.0,0.0,0.0,0.0,-5.612021491657737e-06
392,100,100,1.0,feasible,0.7622800514537875,0.7962220783292346,0.8318263872464374,0.0695463357926499,0.6141818951999999,0.6440526370319999,0.7098776207999998,0.09569572559999995,0.1051103855595238,0.1655798006225714,0.24104014893095235,0.13592976337142854,0.08113540361255407,0.14722413101353396,0.2664973382034804,0.18536193459092637,0.16300678814253858,0.00011520424537347917,0.0,0.0,0.0,6.019292175460378e-05
393,100,100,1.0,feasible,0.7622800514537875,0.7947957303158739,0.8318263872464374,0.0695463357926499,0.6141818951999999,0.6428680579599999,0.7098776207999998,0.09569572559999995,0.1051103855595238,0.16792971029423812,0.24104014893095235,0.13592976337142854,0.08113540361255407,0.15079240720798537,0.2664973382034804,0.18536193459092637,0.16296269262849544,0.0,0.0,0.0,0.0,-4.4095514043135386e-05
394,100,100,1.0,feasible,0.7622800514537875,0.796002854782586,0.8318263872464374,0.0695463357926499,0.6141654176,0.6434804435039997,0.7098776207999998,0.09571220319999985,0.1051103855595238,0.16637144479694763,0.24104014893095235,0.13592976337142854,0.08113540361255407,0.1472513724783832,0.2664973382034804,0.18536193459092637,0.163027044607494,0.0,1.647759999989784e-05,0.0,0.0,6.435197899856693e-05
395,100,100,1.0,feasible,0.7622800514537875,0.7953969467566674,0.8318263872464374,0.0695463357926499,0.6141654176,0.6437639981999999,0.7098776207999998,0.09571220319999985,0.1051103855595238,0.16530421545042384,0.24104014893095235,0.13592976337142854,0.08113540361255407,0.14949462444392883,0.2664973382034804,0.18536193459092637,0.16305353600848768,0.0,0.0,0.0,0.0,2.649140099367231e-05
396,100,100,1.0,feasible,0.7622800514537875,0.7944281229649591,0.8318263872464374,0.0695463357926499,0.6141654176,0.6427049689999998,0.7090517127999999,0.09488629519999991,0.1051103855595238,0.16407896729199525,0.2410401489309524,0.1359297633714286,0.08113540361255407,0.15229452169716992,0.2664973382034804,0.18536193459092637,0.16297245943549196,0.0,0.0,0.0,0.0,-8.107657299571969e-05
397,100,100,1.0,feasible,0.7622800514537875,0.7952035858850922,0.8316360587270855,0.06935600727329794,0.6141654176,0.6428133395439999,0.7074443791999999,0.09327896159999993,0.1051103855595238,0.1634856126214138,0.2410401489309524,0.1359297633714286,0.08113540361255407,0.14965214827834386,0.2664973382034804,0.18536193459092637,0.16298027133409954,0.0,0.0,0.0,0.0,7.811898607573697e-06
398,100,100,1.0,feasible,0.7622800514537875,0.7952355935726371,0.8316360587270855,0.06935600727329794,0.6141654176,0.6415844092079999,0.7074443791999999,0.09327896159999993,0.1051103855595238,0.16754574865470953,0.2410401489309524,0.1359297633714286,0.08113540361255407,0.14820346483050112,0.2664973382034804,0.18536193459092637,0.1629938230166809,0.0,0.0,0.0,0.0,1.3551682581353086e-05
399,100,100,1.0,feasible,0.7622800514537875,0.7951513896150558,0.8317380533898453,0.06945800193605778,0.6141654176,0.6414980131999998,0.7080860087999998,0.09392059119999985,0.1051103855595238,0.16550582287265717,0.2410401489309524,0.1359297633714286,0.0811093374980396,0.1482293436365626,0.2664973382034804,0.18538800070544081,0.16304170215028646,0.0,0.0,0.0,2.6066114514472494e-05,4.787913360557172e-05
400,100,100,1.0,feasible,0.7622800514537875,0.7941796786397013,0.8319785763870721,0.06969852493328454,0.6141654176,0.640440353936,0.7080860087999998,0.09392059119999985,0.10506611241666668,0.1644855699110238,0.2410401489309524,0.13597403651428575,0.08079993100123727,0.15168153817184657,0.2664973382034804,0.18569740720224315,0.16306733945320678,0.0,0.0,4.427314285712636e-05,0.00030940649680233356,2.5637302920322735e-05
401,100,100,1.0,feasible,0.7622800514537875,0.7931118302042454,0.8319785763870721,0.06969852493328454,0.6141654176,0.6389822340719999,0.7080860087999998,0.09392059119999985,0.10506611241666668,0.16611146853642147,0.2410401489309524,0.13597403651428575,0.08079993100123727,0.15317707042409626,0.2664973382034804,0.18569740720224315,0.16309821254795942,0.0,0.0,0.0,0.0,3.0873094752637e-05
402,100,100,1.0,feasible,0.7622800514537875,0.7937871865862592,0.8320910952679959,0.06981104381420833,0.6141654176,0.6395918673839998,0.7080860087999998,0.09392059119999985,0.10506611241666668,0.16578679974972618,0.2422823844047619,0.13721627198809522,0.08076722989851348,0.15201932755020828,0.2664973382034804,0.18573010830496695,0.16307224947364782,0.0,0.0,0.0,3.2701102723783904e-05,-2.5963074311602385e-05
403,100,100,1.0,feasible,0.7622800514537875,0.7936510707533183,0.8320910952679959,0.06981104381420833,0.6141654176,0.6399576491839999,0.7080860087999998,0.09392059119999985,0.10506611241666668,0.16559258611674046,0.2422823844047619,0.13721627198809522,0.08076722989851348,0.15214602291602916,0.2664973382034804,0.18573010830496695,0.16311353630561637,0.0,0.0,0.0,0.0,4.1286831968551096e-05
404,100,100,1.0,feasible,0.7622800514537875,0.7934668094718573,0.8320910952679959,0.06981104381420833,0.6141654176,0.640319778768,0.7080860087999998,0.09392059119999985,0.10506611241666668,0.1633973363660643,0.2422823844047619,0.13721627198809522,0.08058675043355126,0.15324993823991848,0.2664973382034804,0.18591058776992916,0.16314919059383715,0.0,0.0,0.0,0.00018047946496221878,3.565428822077665e-05
405,100,100,1.0,feasible,0.7622800514537875,0.7947207378412083,0.8320910952679959,0.06981104381420833,0.6141654176,0.6406894891359998,0.7080860087999998,0.09392059119999985,0.10506611241666668,0.16637020940136668,0.2422823844047619,0.13721627198809522,0.08058675043355126,0.14960792301422093,0.2664973382034804,0.18591058776992916,0.16315135079100515,0.0,0.0,0.0,0.0,2.1601971680051957e-06
406,100,100,1.0,feasible,0.7622800514537875,0.7948111690134826,0.8320910952679959,0.06981104381420833,0.6141654176,0.6412114118319998,0.7080860087999998,0.09392059119999985,0.10506611241666668,0.16610416758624283,0.24600474584999996,0.1409386334333333,0.08058675043355126,0.1495283025836761,0.2664973382034804,0.18591058776992916,0.16313424366751397,0.0,0.0,0.0,0.0,-1.7107123491177934e-05
407,100,100,1.0,feasible,0.7622800514537875,0.7945190809411683,0.8311396740097325,0.06885962255594502,0.6141654176,0.6421329446159999,0.7065397079999999,0.09237429039999989,0.10506611241666668,0.16472059049745713,0.2489628663761905,0.14389675395952384,0.08044997026093317,0.15033328373665397,0.2664973382034804,0.18604736794254725,0.16315224632902245,0.0,0.0,0.0,0.0001367801726180895,1.800266150847607e-05
408,100,100,1.0,feasible,0.7622800514537875,0.7945203138829297,0.8311396740097325,0.06885962255594502,0.6141654176,0.6420361216559998,0.7065397079999999,0.09237429039999989,0.10506611241666668,0.1630092948089238,0.2489628663761905,0.14389675395952384,0.08044997026093317,0.15027848880404765,0.2664973382034804,0.18604736794254725,0.16314215304077292,0.0,0.0,0.0,0.0,-1.0093288249524157e-05
409,100,100,1.0,feasible,0.7622800514537875,0.7942611451842744,0.8311396740097325,0.06885962255594502,0.6141654176,0.641325295688,0.7065397079999999,0.09237429039999989,0.10506611241666668,0.16277331474759285,0.2489628663761905,0.14389675395952384,0.08044997026093317,0.1500064828021725,0.2664973382034804,0.18604736794254725,0.163144341204171,0.0,0.0,0.0,0.0,2.1881633980869175e-06
410,100,100,1.0,feasible,0.7622800514537875,0.7941769809961106,0.8311396740097325,0.06885962255594502,0.6141654176,0.6416851663199999,0.7065397079999999,0.09237429039999989,0.10501644934523811,0.16230654078109524,0.2489628663761905,0.1439464170309524,0.08044997026093317,0.15056041353545513,0.2664973382034804,0.18604736794254725,0.1631578912447329,0.0,0.0,4.9663071428562855e-05,0.0,1.3550040561888244e-05
411,100,100,1.0,feasible,0.7622800514537875,0.7940874467618997,0.8311396740097325,0.06885962255594502,0.6141654176,0.6411194872959999,0.7065397079999999,0.09237429039999989,0.10501644934523811,0.16290056010295,0.2489628663761905,0.1439464170309524,0.08044997026093317,0.15059784587582853,0.2664973382034804,0.18604736794254725,0.16317149148500165,0.0,0.0,0.0,0.0,1.360024026875184e-05
412,100,100,1.0,feasible,0.7622800514537875,0.7930707473235309,0.8311396740097325,0.06885962255594502,0.6141215407999999,0.6397022203599999,0.7065397079999999,0.09241816719999996,0.10501644934523811,0.16339001246366433,0.2489628663761905,0.1439464170309524,0.08044997026093317,0.15311538384961731,0.2664973382034804,0.18604736794254725,0.16319018870341032,0.0,4.387680000006444e-05,0.0,0.0,1.869721840866423e-05
413,100,100,1.0,feasible,0.7622800514537875,0.7951128480953379,0.8311396740097325,0.06885962255594502,0.6141215407999999,0.6412722498479998,0.7065397079999999,0.09241816719999996,0.10501644934523811,0.16110562896316188,0.2489628663761905,0.1439464170309524,0.08044997026093317,0.1478073271012326,0.2664973382034804,0.18604736794254725,0.16320667899672903,0.0,0.0,0.0,0.0,1.6490293318710547e-05
414,100,100,1.0,feasible,0.7622800514537875,0.7937325617663477,0.8311396740097325,0.06885962255594502,0.6141215407999999,0.6406813347919998,0.7065397079999999,0.09241816719999996,0.10501644934523811,0.16086235040039046,0.2489628663761905,0.1439464170309524,0.08044997026093317,0.1521347111364718,0.2664973382034804,0.18604736794254725,0.16319891163605751,0.0,0.0,0.0,0.0,-7.767360671512291e-06
415,100,100,1.0,feasible,0.7622800514537875,0.7933106987267368,0.8311396740097325,0.06885962255594502,0.6141215407999999,0.6411734442959998,0.7065397079999999,0.09241816719999996,0.10501644934523811,0.15973007351463575,0.2489628663761905,0.1439464170309524,0.08044997026093317,0.15403181170790936,0.2664973382034804,0.18604736794254725,0.16319956225409626,0.0,0.0,0.0,0.0,6.506180387499949e-07
416,100,100,1.0,feasible,0.7622800514537875,0.7936543563410252,0.8311396740097325,0.06885962255594502,0.6141215407999999,0.641855610352,0.7065397079999999,0.09241816719999996,0.10501644934523811,0.16111322168866427,0.24532171359047616,0.14030526424523804,0.08044997026093317,0.1523422766025097,0.2664973382034804,0.18604736794254725,0.16318615406066714,0.0,0.0,0.0,0.0,-1.3408193429126358e-05
417,100,100,1.0,feasible,0.7622800514537875,0.7946146363568974,0.8311396740097325,0.06885962255594502,0.6141215407999999,0.6435595099199999,0.7065397079999999,0.09241816719999996,0.10501644934523811,0.1615916626634238,0.2454043254095238,0.1403878760642857,0.08044997026093317,0.14991911338680716,0.2664973382034804,0.18604736794254725,0.1631898350852547,0.0,0.0,0.0,0.0,3.6810245875595893e-06
418,100,100,1.0,feasible,0.7622800514537875,0.7944430958418363,0.8311396740097325,0.06885962255594502,0.6141215407999999,0.6423224231519998,0.7065397079999999,0.09241816719999996,0.10501644934523811,0.1629092605018857,0.2454043254095238,0.1403878760642857,0.08044997026093317,0.14999978703973896,0.2664973382034804,0.18604736794254725,0.16320308745193812,0.0,0.0,0.0,0.0,1.3252366683424999e-05
419,100,100,1.0,feasible,0.7622800514537875,0.7940081839106622,0.8311396740097325,0.06885962255594502,0.6141215407999999,0.64149132684,0.7065397079999999,0.09241816719999996,0.10501644934523811,0.1615255256357619,0.2454043254095238,0.1403878760642857,0.08044997026093317,0.1515682620557395,0.2664973382034804,0.18604736794254725,0.16320586487022315,0.0,0.0,0.0,0.0,2.777418285027089e-06
420,100,100,1.0,feasible,0.7622800514537875,0.7935625835487414,0.8311396740097325,0.06885962255594502,0.6141215407999999,0.6416445843039998,0.7065397079999999,0.09241816719999996,0.10501644934523811,0.160057239344869,0.2454043254095238,0.1403878760642857,0.08044997026093317,0.15266352217682388,0.2664973382034804,0.18604736794254725,0.16320586068844947,0.0,0.0,0.0,0.0,-4.181773677336409e-09
421,100,100,1.0,feasible,0.7622800514537875,0.7938566984555141,0.8317147629637381,0.06943471150995062,0.6141215407999999,0.6415429076639999,0.7072769631999999,0.09315542239999997,0.10501644934523811,0.1583692435281667,0.23751628197142857,0.13249983262619047,0.08025302430052267,0.15161192789025305,0.2664973382034804,0.18624431390295776,0.16324618454879125,0.0,0.0,0.0,0.00019694596041050505,4.032386034177882e-05
422,100,100,1.0,feasible,0.7622800514537875,0.7942936451825302,0.8317147629637381,0.06943471150995062,0.6138246031999998,0.6423842433519998,0.7072769631999999,0.09345236000000012,0.10501644934523811,0.16006724239261907,0.22482254898333334,0.11980609963809523,0.08025302430052267,0.15060139547919854,0.2664973382034804,0.18624431390295776,0.16330787913724873,0.0,0.0002969376000001578,0.0,0.0,6.169458845747822e-05
423,100,100,1.0,feasible,0.7622800514537875,0.7937205440610119,0.8317147629637381,0.06943471150995062,0.6138246031999998,0.6405904939279998,0.7072769631999999,0.09345236000000012,0.10501644934523811,0.16134210866840476,0.23964659192142856,0.13463014257619044,0.08025302430052267,0.15137904264743057,0.2664973382034804,0.18624431390295776,0.16330034285108408,0.0,0.0,0.0,0.0,-7.5362861646499635e-06
424,100,100,1.0,feasible,0.7622800514537875,0.7949222210646576,0.8317147629637381,0.06943471150995062,0.613646352,0.641338567192,0.7072769631999999,0.09363061119999994,0.10501644934523811,0.1611146528845357,0.23964659192142856,0.13463014257619044,0.08025302430052267,0.1476396370366697,0.2664973382034804,0.18624431390295776,0.16337238605437948,0.0,0.00017825119999981265,0.0,0.0,7.204320329540215e-05
425,100,100,1.0,feasible,0.7622800514537875,0.7935385211797743,0.8317147629637381,0.06943471150995062,0.613646352,0.6407888023120001,0.7072769631999999,0.09363061119999994,0.10501644934523811,0.16085259466339763,0.24322601515952383,0.13820956581428573,0.08025302430052267,0.1518055415337184,0.2664973382034804,0.18624431390295776,0.16340526000389607,0.0,0.0,0.0,0.0,3.287394951659306e-05
426,100,100,1.0,feasible,0.7622800514537875,0.7936045717893709,0.8317147629637381,0.06943471150995062,0.613646352,0.6403132241359999,0.7072769631999999,0.09363061119999994,0.10501644934523811,0.16140147955433332,0.24322601515952383,0.13820956581428573,0.08025302430052267,0.15154014154490597,0.2664973382034804,0.18624431390295776,0.1634324749300377,0.0,0.0,0.0,0.0,2.7214926141633233e-05
427,100,100,1.0,feasible,0.7622800514537875,0.7923608934941481,0.8317147629637381,0.06943471150995062,0.613646352,0.6391315460879998,0.7072769631999999,0.09363061119999994,0.10501644934523811,0.16061406934661665,0.24322601515952383,0.13820956581428573,0.08025302430052267,0.15553212273173242,0.2664973382034804,0.18624431390295776,0.16341575795369678,0.0,0.0,0.0,0.0,-1.6716976340924727e-05
428,100,100,1.0,feasible,0.7622800514537875,0.7940863706425617,0.8317147629637381,0.06943471150995062,0.613646352,0.6397686629519999,0.7072769631999999,0.09363061119999994,0.10501644934523811,0.16007676474483332,0.24133157722142862,0.1363151278761905,0.08025302430052267,0.15051808931104088,0.2664973382034804,0.18624431390295776,0.16347181673075128,0.0,0.0,0.0,0.0,5.6058777054501796e-05
429,100,100,1.0,feasible,0.7622800514537875,0.7928008871182389,0.8317147629637381,0.06943471150995062,0.613646352,0.6391985608559999,0.7072769631999999,0.09363061119999994,0.10501644934523811,0.16062208375645237,0.24133157722142862,0.1363151278761905,0.08025302430052267,0.15492046808981985,0.2664973382034804,0.18624431390295776,0.16346323708663635,0.0,0.0,0.0,0.0,-8.579644114936613e-06
430,100,100,1.0,feasible,0.7622800514537875,0.7942072069776569,0.8317147629637381,0.06943471150995062,0.6135722191999999,0.6394747888719998,0.7072769631999999,0.09370474399999995,0.10501644934523811,0.1620113739325381,0.24366995785476192,0.1386535085095238,0.08025302430052267,0.15064002382510577,0.2664973382034804,0.18624431390295776,0.16347108265745,0.0,7.413280000001521e-05,0.0,0.0,7.84557081365267e-06
431,100,100,1.0,feasible,0.7622800514537875,0.794461128637085,0.8317147629637381,0.06943471150995062,0.6135722191999999,0.6392651912879999,0.7072769631999999,0.09370474399999995,0.10501644934523811,0.16171120224569524,0.24366995785476192,0.1386535085095238,0.08025302430052267,0.14936656077113988,0.2664973382034804,0.18624431390295776,0.16348808655874397,0.0,0.0,0.0,0.0,1.7003901293971557e-05
432,100,100,1.0,feasible,0.7622800514537875,0.7938481494470898,0.8317147629637381,0.06943471150995062,0.6135722191999999,0.6374031205759999,0.7072769631999999,0.09370474399999995,0.10501644934523811,0.16151500444923336,0.23794508157619051,0.13292863223095241,0.08025302430052267,0.14995736010897895,0.2664973382034804,0.18624431390295776,0.16353916743675848,0.0,0.0,0.0,0.0,5.108087801450334e-05
433,100,100,1.0,feasible,0.7622800514537875,0.7948268613826244,0.8317147629637381,0.06943471150995062,0.6135722191999999,0.6407643903279998,0.7072769631999999,0.09370474399999995,0.10501644934523811,0.1587587484023643,0.23794508157619051,0.13292863223095241,0.08025302430052267,0.14734969694584368,0.2664973382034804,0.18624431390295776,0.16350299760959888,0.0,0.0,0.0,0.0,-3.616982715959338e-05
434,100,100,1.0,feasible,0.7622800514537875,0.7943629760783492,0.8317147629637381,0.06943471150995062,0.6124593655999999,0.6396050434959999,0.7072769631999999,0.09481759759999997,0.10501644934523811,0.1622641560883643,0.2431631590738096,0.13814670972857146,0.08025302430052267,0.14819024779398265,0.2664973382034804,0.18624431390295776,0.16373568272659172,0.0,0.0011128536000000189,0.0,0.0,0.00023268511699284233
435,100,100,1.0,feasible,0.7622800514537875,0.7942886931095527,0.8317147629637381,0.06943471150995062,0.6124593655999999,0.639961783296,0.7072769631999999,0.09481759759999997,0.10501644934523811,0.15994697451441192,0.23858869745238098,0.13357224810714285,0.08025302430052267,0.14874070993131897,0.2664973382034804,0.18624431390295776,0.16379282119724178,0.0,0.0,0.0,0.0,5.713847065005884e-05
436,100,100,1.0,feasible,0.7622800514537875,0.7951812706460503,0.8317147629637381,0.06943471150995062,0.6124593655999999,0.639617853552,0.7072769631999999,0.09481759759999997,0.10501644934523811,0.16100815536687382,0.23883525742857145,0.13381880808333335,0.08025302430052267,0.14562791790900248,0.2664973382034804,0.18624431390295776,0.16384466266565229,0.0,0.0,0.0,0.0,5.1841468410501745e-05
437,100,100,1.0,feasible,0.7622800514537875,0.7928432544773516,0.8317147629637381,0.06943471150995062,0.611836512,0.6374600312799997,0.7072769631999999,0.09544045119999989,0.10501644934523811,0.15970203095000002,0.23883525742857145,0.13381880808333335,0.08025302430052267,0.15290521187960174,0.2664973382034804,0.18624431390295776,0.164046313178638,0.0,0.0006228535999999174,0.0,0.0,0.00020165051298570713
438,100,100,1.0,feasible,0.7622800514537875,0.7945021595608117,0.8317147629637381,0.06943471150995062,0.6118254127999999,0.641630756784,0.7074313167999999,0.09560590400000002,0.10501644934523811,0.1591525463613881,0.23883525742857145,0.13381880808333335,0.08025302430052267,0.14987399283654046,0.2664973382034804,0.18624431390295776,0.16403293306218508,0.0,1.1099200000086462e-05,0.0,0.0,-1.3380116452910151e-05
439,100,100,1.0,feasible,0.7622800514537875,0.7940595366316081,0.8317147629637381,0.06943471150995062,0.6118254127999999,0.6411400239999999,0.7074313167999999,0.09560590400000002,0.10501644934523811,0.16006908395003097,0.23883525742857145,0.13381880808333335,0.08025302430052267,0.15089784913163523,0.2664973382034804,0.18624431390295776,0.16391353024995622,0.0,0.0,0.0,0.0,-0.00011940281222885818
440,100,100,1.0,feasible,0.7622800514537875,0.7953346697730802,0.8317147629637381,0.06943471150995062,0.6118254127999999,0.642595970816,0.7074313167999999,0.09560590400000002,0.10501644934523811,0.16065653029605478,0.23883525742857145,0.13381880808333335,0.08025302430052267,0.1468006526996675,0.2664973382034804,0.18624431390295776,0.16393999425308972,0.0,0.0,0.0,0.0,2.6464003133497283e-05
441,100,100,1.0,feasible,0.7622800514537875,0.7942607431069365,0.8317147629637381,0.06943471150995062,0.6118254127999999,0.6414288842719997,0.7074313167999999,0.09560590400000002,0.10501644934523811,0.16112522666639761,0.23883525742857145,0.13381880808333335,0.08025302430052267,0.1493740522388427,0.2664973382034804,0.18624431390295776,0.16397637783025484,0.0,0.0,0.0,0.0,3.6383577165122194e-05
442,100,100,1.0,feasible,0.7622800514537875,0.7939258787600509,0.8317147629637381,0.06943471150995062,0.6118254127999999,0.6433266938239999,0.7074313167999999,0.09560590400000002,0.10501644934523811,0.15852221565070715,0.2394315822738095,0.13441513292857138,0.08025302430052267,0.15192973673663368,0.2664973382034804,0.18624431390295776,0.16395267542236902,0.0,0.0,0.0,0.0,-2.3702407885822785e-05
443,100,100,1.0,feasible,0.7622800514537875,0.7948187767646904,0.8322108371269603,0.06993078567317279,0.6118254127999999,0.6426764389359998,0.7076637431999999,0.0958383304,0.10501644934523811,0.15874961155042142,0.2394315822738095,0.13441513292857138,0.08017847188380572,0.1484083981748212,0.2664973382034804,0.1863188663196747,0.16395910051117413,0.0,0.0,0.0,7.455241671694424e-05,6.425088805106505e-06
444,100,100,1.0,feasible,0.7622800514537875,0.793792732688853,0.8322108371269603,0.06993078567317279,0.6116970535999998,0.6415025242479999,0.7076637431999999,0.0959666896000001,0.10501644934523811,0.16054820331407144,0.2523968789166667,0.14738042957142855,0.08017847188380572,0.15143683177315814,0.2664973382034804,0.1863188663196747,0.16401074134445198,0.0,0.00012835920000009438,0.0,0.0,5.164083327785507e-05
445,100,100,1.0,feasible,0.7622800514537875,0.7945542150733432,0.8322108371269603,0.06993078567317279,0.6116970535999998,0.6428276135359999,0.7076637431999999,0.0959666896000001,0.10501644934523811,0.15945911396261905,0.2523968789166667,0.14738042957142855,0.08017847188380572,0.14941190629551496,0.2664973382034804,0.1863188663196747,0.16401678261909108,0.0,0.0,0.0,0.0,6.041274639101424e-06
446,100,100,1.0,feasible,0.7622800514537875,0.795384110713725,0.8322108371269603,0.06993078567317279,0.6116970535999998,0.641738320832,0.7076637431999999,0.0959666896000001,0.10501644934523811,0.16133410064553336,0.2523968789166667,0.14738042957142855,0.08017847188380572,0.14570915736795295,0.2664973382034804,0.1863188663196747,0.16409408230861575,0.0,0.0,0.0,0.0,7.729968952466248e-05
447,100,100,1.0,feasible,0.7622800514537875,0.7960111362731759,0.8322108371269603,0.06993078567317279,0.6116970535999998,0.6428038774959998,0.7076637431999999,0.0959666896000001,0.10501644934523811,0.16049860709408337,0.2523968789166667,0.14738042957142855,0.08017847188380572,0.14418087232402774,0.2664973382034804,0.1863188663196747,0.1641274248879264,0.0,0.0,0.0,0.0,3.334257931064677e-05
448,100,100,1.0,feasible,0.7622800514537875,0.796447299689533,0.8322108371269603,0.06993078567317279,0.6116970535999998,0.6423047574239998,0.7076637431999999,0.0959666896000001,0.10497861551190474,0.16141943779956236,0.2523968789166667,0.14741826340476194,0.08017847188380572,0.143117078709655,0.2664973382034804,0.1863188663196747,0.1641233923778001,0.0,0.0,3.783383333337553e-05,0.0,-4.032510126289468e-06
449,100,100,1.0,feasible,0.7622800514537875,0.7964778278521966,0.8322108371269603,0.06993078567317279,0.6116970535999998,0.6432481113919998,0.7076637431999999,0.0959666896000001,0.10497861551190474,0.1583908187965326,0.2523968789166667,0.14741826340476194,0.08017847188380572,0.14321341889944117,0.2664973382034804,0.1863188663196747,0.16412157898131094,0.0,0.0,0.0,0.0,-1.8133964891642318e-06
450,100,100,1.0,feasible,0.7622800514537875,0.7942204842202572,0.8322108371269603,0.06993078567317279,0.6115943855999999,0.640830170744,0.7076637431999999,0.09606935760000002,0.10497861551190474,0.1605314874220593,0.2523968789166667,0.14741826340476194,0.08017847188380572,0.15046971305494197,0.26755442566425564,0.1873759537804499,0.16414203819327275,0.0,0.00010266799999991694,0.0,0.0,2.0459211961809665e-05
451,100,100,1.0,feasible,0.7622800514537875,0.795027823801301,0.8322108371269603,0.06993078567317279,0.6115943855999999,0.6404276666799998,0.7076637431999999,0.09606935760000002,0.10497861551190474,0.1644412486372976,0.2523968789166667,0.14741826340476194,0.08017847188380572,0.1475090217008592,0.26755442566425564,0.1873759537804499,0.16414092183136297,0.0,0.0,0.0,0.0,-1.1163619097753763e-06
452,100,100,1.0,feasible,0.7622800514537875,0.7956063590567386,0.8322108371269603,0.06993078567317279,0.6115943855999999,0.6408769778399999,0.7076637431999999,0.09606935760000002,0.10497861551190474,0.16430859898610714,0.2523968789166667,0.14741826340476194,0.08017847188380572,0.14644018080526536,0.26755442566425564,0.1873759537804499,0.16412381762492234,0.0,0.0,0.0,0.0,-1.7104206440632375e-05
453,100,100,1.0,feasible,0.7622800514537875,0.7955296704986659,0.8322108371269603,0.06993078567317279,0.6115943855999999,0.6411076014959999,0.7076637431999999,0.09606935760000002,0.10497861551190474,0.1636981390859643,0.2523968789166667,0.14741826340476194,0.08017847188380572,0.14695809857604833,0.26755442566425564,0.1873759537804499,0.16414061980803518,0.0,0.0,0.0,0.0,1.6802183112840652e-05
454,100,100,1.0,feasible,0.7622800514537875,0.7941584144027,0.8322108371269603,0.06993078567317279,0.6115943855999999,0.6394863293279999,0.7076637431999999,0.09606935760000002,0.10497777386904762,0.16462536967415475,0.2523968789166667,0.14741910504761907,0.08017847188380572,0.149561484271322,0.26755442566425564,0.1873759537804499,0.1641250015872337,0.0,0.0,8.416428571161871e-07,0.0,-1.561822080148323e-05
455,100,100,1.0,feasible,0.7622800514537875,0.7922531637931036,0.8323411596288349,0.0700611081750474,0.6115943855999999,0.6389479021759998,0.7078163719999999,0.09622198640000001,0.10497777386904762,0.1640373335726143,0.2523968789166667,0.14741910504761907,0.08003940687238222,0.15504007868883335,0.26755442566425564,0.18751501879187343,0.16409984411726206,0.0,0.0,0.0,0.0001390650114235087,-2.515746997164281e-05
456,100,100,1.0,feasible,0.7621564397467427,0.7921637657230565,0.8323411596288349,0.07018471988209218,0.6115408583999999,0.6382987395599999,0.7078163719999999,0.09627551359999997,0.10497777386904762,0.1626011253571667,0.2523968789166667,0.14741910504761907,0.08003940687238222,0.15457091304350432,0.267912246037424,0.18787283916504177,0.1642024562905021,0.00012361170704477953,5.35271999999587e-05,0.0,0.0,0.00010261217324003535
457,100,100,1.0,feasible,0.7621564397467427,0.7938812962552108,0.8323411596288349,0.07018471988209218,0.6115408583999999,0.6396792348479999,0.7078163719999999,0.09627551359999997,0.10497777386904762,0.1627060168825048,0.2523968789166667,0.14741910504761907,0.08003940687238222,0.14964336727811417,0.267912246037424,0.18787283916504177,0.16421864198662367,0.0,0.0,0.0,0.0,1.618569612157894e-05
458,100,100,1.0,feasible,0.7621564397467427,0.7946627902830831,0.8323411596288349,0.07018471988209218,0.6115408583999999,0.6408849653359998,0.7078163719999999,0.09627551359999997,0.10497777386904762,0.1644108912838,0.25671669329761904,0.15173891942857143,0.08003940687238222,0.14779373209375388,0.267912246037424,0.18787283916504177,0.16421833193915167,0.0,0.0,0.0,0.0,-3.100474720019175e-07
459,100,100,1.0,feasible,0.7621564397467427,0.7934065142108385,0.8323411596288349,0.07018471988209218,0.6115408583999999,0.6393113646479999,0.7078163719999999,0.09627551359999997,0.10497777386904762,0.166377435827681,0.25671669329761904,0.15173891942857143,0.08003940687238222,0.15139424267185805,0.267912246037424,0.18787283916504177,0.16421741590362826,0.0,0.0,0.0,0.0,-9.160355234072437e-07
460,100,100,1.0,feasible,0.7621564397467427,0.7921656255568346,0.8323411596288349,0.07018471988209218,0.6113807247999999,0.6377495000079999,0.7078163719999999,0.09643564719999997,0.10497777386904762,0.16555213421505716,0.25671669329761904,0.15173891942857143,0.08003940687238222,0.15557311213552896,0.267912246037424,0.18787283916504177,0.16431094295569715,0.0,0.00016013360000000088,0.0,0.0,9.35270520688869e-05
461,100,100,1.0,feasible,0.7621564397467427,0.7930935402970367,0.8323411596288349,0.07018471988209218,0.6113807247999999,0.638102622896,0.7078163719999999,0.09643564719999997,0.10497777386904762,0.16336338383654286,0.25671669329761904,0.15173891942857143,0.08003940687238222,0.1523135531408318,0.267912246037424,0.18787283916504177,0.1643077721495076,0.0,0.0,0.0,0.0,-3.170806189556341e-06
462,100,100,1.0,feasible,0.7621564397467427,0.7930974170233547,0.8323411596288349,0.07018471988209218,0.6113807247999999,0.6368734982239999,0.7078163719999999,0.09643564719999997,0.10497777386904762,0.16753611618412378,0.2574931354,0.1525153615309524,0.08003940687238222,0.15226801403666518,0.267912246037424,0.18787283916504177,0.16432558146900275,0.0,0.0,0.0,0.0,1.780931949516007e-05
463,100,100,1.0,feasible,0.7621564397467427,0.7934550029572849,0.8323411596288349,0.07018471988209218,0.6113807247999999,0.637590592624,0.7078163719999999,0.09643564719999997,0.1036307085952381,0.16543592131880952,0.25671669329761904,0.15308598470238094,0.08003940687238222,0.15116806508576258,0.267912246037424,0.18787283916504177,0.16442841426082014,0.0,0.0,0.0013470652738095251,0.0,0.00010283279181738658
464,100,100,1.0,feasible,0.7621564397467427,0.7948428091430764,0.8323411596288349,0.07018471988209218,0.6113807247999999,0.6382300692559999,0.7078163719999999,0.09643564719999997,0.1036307085952381,0.1673313245699048,0.25671669329761904,0.15308598470238094,0.08003940687238222,0.14686350335245638,0.267912246037424,0.18787283916504177,0.16446816062604183,0.0,0.0,0.0,0.0,3.974636522169339e-05
465,100,100,1.0,feasible,0.7621564397467427,0.7949700657588127,0.8323411596288349,0.07018471988209218,0.6113807247999999,0.6393255365679998,0.7078163719999999,0.09643564719999997,0.1036307085952381,0.16466165473680952,0.25671669329761904,0.15308598470238094,0.08003940687238222,0.14750637754288362,0.267912246037424,0.18787283916504177,0.16447428416858917,0.0,0.0,0.0,0.0,6.123542547337157e-06
466,100,100,1.0,feasible,0.7621564397467427,0.794222864774214,0.8323411596288349,0.07018471988209218,0.6099954823999999,0.6379856376959999,0.7078163719999999,0.09782088960000002,0.1036307085952381,0.16492117843513573,0.25671669329761904,0.15308598470238094,0.08003940687238222,0.14909840094149598,0.267912246037424,0.18787283916504177,0.16484060948133414,0.0,0.0013852424000000418,0.0,0.0,0.0003663253127449695
467,100,100,1.0,feasible,0.7621564397467427,0.7948570776376607,0.8323411596288349,0.07018471988209218,0.6098135136,0.6391965441759999,0.7078163719999999,0.09800285839999989,0.1036307085952381,0.16439182682686668,0.25671669329761904,0.15308598470238094,0.08003940687238222,0.14744527952396985,0.267912246037424,0.18787283916504177,0.16484922456182127,0.0,0.00018196879999987647,0.0,0.0,8.61508048713433e-06
468,100,100,1.0,feasible,0.7621564397467427,0.7929271088674935,0.8323411596288349,0.07018471988209218,0.6098135136,0.6361718637199999,0.7078163719999999,0.09800285839999989,0.1036307085952381,0.16579994729593334,0.25671669329761904,0.15308598470238094,0.08003940687238222,0.15217036221742647,0.267912246037424,0.18787283916504177,0.16488766996830795,0.0,0.0,0.0,0.0,3.8445406486675715e-05
469,100,100,1.0,feasible,0.7621564397467427,0.7930982225855964,0.8323411596288349,0.07018471988209218,0.6098135136,0.6360091609679998,0.7078163719999999,0.09800285839999989,0.1036307085952381,0.1669612128519572,0.25671669329761904,0.15308598470238094,0.08003940687238222,0.15166231277605968,0.267912246037424,0.18787283916504177,0.16488940497254143,0.0,0.0,0.0,0.0,1.7350042334773885e-06
470,100,100,1.0,feasible,0.7621564397467427,0.7943226980334187,0.8323411596288349,0.07018471988209218,0.6098135136,0.6375716219999998,0.7078163719999999,0.09800285839999989,0.1036307085952381,0.16256058953415,0.2560615484833333,0.1524308398880952,0.08003940687238222,0.14797327420293763,0.267912246037424,0.18787283916504177,0.16490366538200257,0.0,0.0,0.0,0.0,1.4260409461147594e-05
471,100,100,1.0,feasible,0.7621564397467427,0.7940207545793873,0.8323411596288349,0.07018471988209218,0.6098135136,0.6382698788479999,0.7078163719999999,0.09800285839999989,0.1036307085952381,0.16282281005705238,0.2560615484833333,0.1524308398880952,0.08003940687238222,0.14936662401875725,0.267912246037424,0.18787283916504177,0.1649475872242095,0.0,0.0,0.0,0.0,4.392184220691764e-05
472,100,100,1.0,feasible,0.7621564397467427,0.7948527453700313,0.8323411596288349,0.07018471988209218,0.6095332631999999,0.6399101203439999,0.7078163719999999,0.09828310880000002,0.1036307085952381,0.16259432427348097,0.25622183605238097,0.15259112745714287,0.08003940687238222,0.14808063608869854,0.267912246037424,0.18787283916504177,0.165146969439792,0.0,0.000280250400000126,0.0,0.0,0.000199382215582522
473,100,100,1.0,feasible,0.7621564397467427,0.7941708144288628,0.8323411596288349,0.07018471988209218,0.6095332631999999,0.6380486759999999,0.7078163719999999,0.09828310880000002,0.1036307085952381,0.16410678435146192,0.2560615484833333,0.1524308398880952,0.08003940687238222,0.14784658386066574,0.267912246037424,0.18787283916504177,0.16508180889543075,0.0,0.0,0.0,0.0,-6.516054436125907e-05
474,100,100,1.0,feasible,0.7621564397467427,0.7930389919897789,0.8323411596288349,0.07018471988209218,0.6095332631999999,0.6382450984319998,0.7078163719999999,0.09828310880000002,0.1036307085952381,0.16268215062439761,0.2560615484833333,0.1524308398880952,0.08003940687238222,0.15244856404643276,0.267912246037424,0.18787283916504177,0.16502888220677364,0.0,0.0,0.0,0.0,-5.292668865711225e-05
475,100,100,1.0,feasible,0.7621564397467427,0.7934410090061571,0.8323411596288349,0.07018471988209218,0.6095332631999999,0.6387071672479998,0.7078163719999999,0.09828310880000002,0.1036307085952381,0.16256540092348093,0.2560615484833333,0.1524308398880952,0.08003940687238222,0.15114410611613396,0.267912246037424,0.18787283916504177,0.1650354400485515,0.0,0.0,0.0,0.0,6.557841777860007e-06
476,100,100,1.0,feasible,0.7621564397467427,0.7940202785786545,0.8323411596288349,0.07018471988209218,0.6095332631999999,0.6379025560799999,0.7078163719999999,0.09828310880000002,0.1036307085952381,0.1650469903657214,0.2560615484833333,0.1524308398880952,0.08003940687238222,0.14860202205558581,0.267912246037424,0.18787283916504177,0.16504535378182528,0.0,0.0,0.0,0.0,9.913733273775316e-06
477,100,100,1.0,feasible,0.7621564397467427,0.7932896996468,0.8323411596288349,0.07018471988209218,0.6095332631999999,0.6368511338319999,0.7078163719999999,0.09828310880000002,0.1036307085952381,0.16526491488934048,0.2652712522999999,0.16164054370476183,0.08003940687238222,0.1508343457430148,0.267912246037424,0.18787283916504177,0.1650415975241967,0.0,0.0,0.0,0.0,-3.756257628578785e-06
478,100,100,1.0,feasible,0.7621564397467427,0.7927209147140389,0.8323411596288349,0.07018471988209218,0.6095332631999999,0.6364744611199998,0.7078163719999999,0.09828310880000002,0.1036307085952381,0.1653164443531333,0.2652712522999999,0.16164054370476183,0.08003940687238222,0.15245769387977678,0.267912246037424,0.18787283916504177,0.16505639181353782,0.0,0.0,0.0,0.0,1.4794289341119038e-05
479,100,100,1.0,feasible,0.7621564397467427,0.7941049138349642,0.8323411596288349,0.07018471988209218,0.6095332631999999,0.6381513468639998,0.7078163719999999,0.09828310880000002,0.1036307085952381,0.16412791572839286,0.2652712522999999,0.16164054370476183,0.08003940687238222,0.14803121723874269,0.267912246037424,0.18787283916504177,0.16504991661514198,0.0,0.0,0.0,0.0,-6.475198395833326e-06
480,100,100,1.0,feasible,0.7621564397467427,0.7929040004761654,0.8323411596288349,0.07018471988209218,0.6095332631999999,0.6375706112639998,0.7078163719999999,0.09828310880000002,0.1036307085952381,0.16205715643707858,0.2652712522999999,0.16164054370476183,0.08003940687238222,0.1514850638327046,0.267912246037424,0.18787283916504177,0.1650684547055618,0.0,0.0,0.0,0.0,1.8538090419822906e-05
481,100,100,1.0,feasible,0.7621564397467427,0.7947051069767846,0.8323411596288349,0.07018471988209218,0.6095332631999999,0.6394264792639999,0.7078163719999999,0.09828310880000002,0.1036307085952381,0.1635523541206619,0.2652712522999999,0.16164054370476183,0.08003940687238222,0.14736116163388802,0.267912246037424,0.18787283916504177,0.16506127775316404,0.0,0.0,0.0,0.0,-7.176952397769387e-06
482,100,100,1.0,feasible,0.7621564397467427,0.7940732685146424,0.8323411596288349,0.07018471988209218,0.6095332631999999,0.6387312833439998,0.7078163719999999,0.09828310880000002,0.1036307085952381,0.16437267587494767,0.2652712522999999,0.16164054370476183,0.08003940687238222,0.1490447633924087,0.267912246037424,0.18787283916504177,0.16505897775661457,0.0,0.0,0.0,0.0,-2.299996549465222e-06
483,100,100,1.0,feasible,0.7621564397467427,0.7933330601634312,0.8323411596288349,0.07018471988209218,0.6095332631999999,0.6379853910319999,0.7078163719999999,0.09828310880000002,0.1036307085952381,0.16434057340275715,0.2555887765333333,0.1519580679380952,0.08003940687238222,0.1505566579796271,0.267912246037424,0.18787283916504177,0.16507288794656655,0.0,0.0,0.0,0.0,1.3910189951976681e-05
484,100,100,1.0,feasible,0.7621564397467427,0.7934339318987321,0.8323411596288349,0.07018471988209218,0.6090585751999998,0.6382767063279999,0.7078163719999999,0.09875779680000007,0.1036307085952381,0.16329753570256192,0.25016524030952375,0.14653453171428565,0.08003940687238222,0.15032181805714864,0.267912246037424,0.18787283916504177,0.16523208508800705,0.0,0.0004746880000000564,0.0,0.0,0.000159197141440498
485,100,100,1.0,feasible,0.7621564397467427,0.793084635483927,0.8323411596288349,0.07018471988209218,0.6090585751999998,0.637015874104,0.7078163719999999,0.09875779680000007,0.1036307085952381,0.1604589669607286,0.24028314009047616,0.13665243149523806,0.08003940687238222,0.15111793950834243,0.267912246037424,0.18787283916504177,0.16531478827043905,0.0,0.0,0.0,0.0,8.270318243200347e-05
486,100,100,1.0,feasible,0.7621564397467427,0.7935915735222296,0.8323411596288349,0.07018471988209218,0.6090585751999998,0.6380806316079998,0.7078163719999999,0.09875779680000007,0.1036307085952381,0.15746079219826192,0.24028314009047616,0.13665243149523806,0.08003940687238222,0.14951514857592715,0.267912246037424,0.18787283916504177,0.16531636833120333,0.0,0.0,0.0,0.0,1.5800607642835196e-06
487,100,100,1.0,feasible,0.7621564397467427,0.7934521256841609,0.8323411596288349,0.07018471988209218,0.6090585751999998,0.6372134481199998,0.7078163719999999,0.09875779680000007,0.1036307085952381,0.16027548853647858,0.24129578692380949,0.1376650783285714,0.08003940687238222,0.1497595922926831,0.267912246037424,0.18787283916504177,0.1653308821742922,0.0,0.0,0.0,0.0,1.451384308887027e-05
488,100,100,1.0,feasible,0.7621564397467427,0.7933091071974254,0.8323411596288349,0.07018471988209218,0.6090585751999998,0.6375241189279999,0.7078163719999999,0.09875779680000007,0.1036307085952381,0.1596303579057643,0.24129578692380949,0.1376650783285714,0.08003940687238222,0.15134070447127457,0.267912246037424,0.18787283916504177,0.16528848208374416,0.0,0.0,0.0,0.0,-4.240009054803928e-05
489,100,100,1.0,feasible,0.7621564397467427,0.794344626670504,0.8323411596288349,0.07018471988209218,0.6090585751999998,0.6373460658639999,0.7078163719999999,0.09875779680000007,0.1036307085952381,0.16000469970424283,0.24156060368571428,0.13792989509047618,0.08003940687238222,0.14771455432203268,0.267912246037424,0.18787283916504177,0.16531900239711605,0.0,0.0,0.0,0.0,3.0520313371890095e-05
490,100,100,1.0,feasible,0.7621564397467427,0.7944230408063419,0.8323411596288349,0.07018471988209218,0.6090585751999998,0.6373349810399999,0.7078163719999999,0.09875779680000007,0.1036307085952381,0.1594297244355738,0.24156060368571428,0.13792989509047618,0.08003940687238222,0.14754079727348682,0.267912246037424,0.18787283916504177,0.16534940906874207,0.0,0.0,0.0,0.0,3.0406671626015402e-05
491,100,100,1.0,feasible,0.7621564397467427,0.7925807623105366,0.8323411596288349,0.07018471988209218,0.6090585751999998,0.6351903704799999,0.7078163719999999,0.09875779680000007,0.1036307085952381,0.16201719925424282,0.24358645709047616,0.13995574849523806,0.08003940687238222,0.15271947758463955,0.267912246037424,0.18787283916504177,0.16530813894922103,0.0,0.0,0.0,0.0,-4.127011952104187e-05
492,100,100,1.0,feasible,0.7621564397467427,0.7942153002311059,0.8323411596288349,0.07018471988209218,0.6090585751999998,0.6373462512319998,0.7078163719999999,0.09875779680000007,0.1036307085952381,0.16016201253419524,0.24358645709047616,0.13995574849523806,0.08003940687238222,0.1488142128912245,0.267912246037424,0.18787283916504177,0.16531998232411477,0.0,0.0,0.0,0.0,1.1843374893738545e-05
493,100,100,1.0,feasible,0.7621564397467427,0.7936530442825247,0.8323411596288349,0.07018471988209218,0.6090585751999998,0.6362480187199998,0.7078163719999999,0.09875779680000007,0.1036307085952381,0.16223941944207618,0.2416320516785714,0.1380013430833333,0.08003940687238222,0.15015992902118647,0.267912246037424,0.18787283916504177,0.16531573694986923,0.0,0.0,0.0,0.0,-4.245374245537281e-06
494,100,100,1.0,feasible,0.7621564397467427,0.7947487086660388,0.8323411596288349,0.07018471988209218,0.6090585751999998,0.6384300486639998,0.7078163719999999,0.09875779680000007,0.1036307085952381,0.16053379279115,0.24129578692380949,0.1376650783285714,0.08003940687238222,0.14789133295585774,0.267912246037424,0.18787283916504177,0.16531430436672975,0.0,0.0,0.0,0.0,-1.4325831394768063e-06
495,100,100,1.0,feasible,0.7621564397467427,0.7949574285995848,0.8323411596288349,0.07018471988209218,0.6090324543999999,0.639365666152,0.7078163719999999,0.09878391760000005,0.1036307085952381,0.16290912478174047,0.2456094097523809,0.1419787011571428,0.08003940687238222,0.14792663972947817,0.267912246037424,0.18787283916504177,0.16525127730025205,0.0,2.612079999997352e-05,0.0,0.0,-6.30270664777055e-05
496,100,100,1.0,feasible,0.7621564397467427,0.794663294539794,0.8323411596288349,0.07018471988209218,0.6090145328,0.6389456459599999,0.7078163719999999,0.09880183919999996,0.1036307085952381,0.1611143395617643,0.2456094097523809,0.1419787011571428,0.08003940687238222,0.14872910026991365,0.267912246037424,0.18787283916504177,0.16525505424888173,0.0,1.792159999991494e-05,0.0,0.0,3.7769486296856947e-06
497,100,100,1.0,feasible,0.7621564397467427,0.7937513432473444,0.8323411596288349,0.07018471988209218,0.6090145328,0.6374035537119999,0.7078163719999999,0.09880183919999996,0.1036307085952381,0.1619884747026286,0.2456094097523809,0.1419787011571428,0.08003940687238222,0.15163448941055255,0.267912246037424,0.18787283916504177,0.1652250525021311,0.0,0.0,0.0,0.0,-3.0001746750635272e-05
498,100,100,1.0,feasible,0.7621564397467427,0.7958685996014512,0.8323411596288349,0.07018471988209218,0.6090145328,0.6388709686399998,0.7078163719999999,0.09880183919999996,0.1036307085952381,0.16063599790317618,0.24664888726428574,0.14301817866904765,0.08003940687238222,0.14506809685826783,0.267912246037424,0.18787283916504177,0.1652280879061073,0.0,0.0,0.0,0.0,3.03540397619817e-06
499,100,100,1.0,feasible,0.7621564397467427,0.7950138951284602,0.8323411596288349,0.07018471988209218,0.6090145328,0.6365907004159999,0.7078163719999999,0.09880183919999996,0.1036307085952381,0.16387296877872143,0.24664888726428574,0.14301817866904765,0.08003940687238222,0.14678275454415746,0.267912246037424,0.18787283916504177,0.16524174892514118,0.0,0.0,0.0,0.0,1.3661019033883726e-05
500,100,100,1.0,feasible,0.7621564397467427,0.7947229744937471,0.8323411596288349,0.07018471988209218,0.6090145328,0.6370912057999999,0.7078163719999999,0.09880183919999996,0.1036307085952381,0.1632343519638857,0.24664888726428574,0.14301817866904765,0.08003940687238222,0.14858925447109195,0.267912246037424,0.18787283916504177,0.16521101001537422,0.0,0.0,0.0,0.0,-3.073890976695859e-05
501,100,100,1.0,feasible,0.7621564397467427,0.7941808241771756,0.8323411596288349,0.07018471988209218,0.6090145328,0.6362197463999999,0.7078163719999999,0.09880183919999996,0.1036307085952381,0.16328447975824287,0.24664888726428574,0.14301817866904765,0.08003940687238222,0.15005397212361699,0.267912246037424,0.18787283916504177,0.1652769208917615,0.0,0.0,0.0,0.0,6.591087638727067e-05
502,100,100,1.0,feasible,0.7621564397467427,0.7945370058038127,0.8323411596288349,0.07018471988209218,0.6090145328,0.6370395516879999,0.7078163719999999,0.09880183919999996,0.10333460775000003,0.16241880192133806,0.24664888726428574,0.14331427951428571,0.08003940687238222,0.14970405881940985,0.267912246037424,0.18787283916504177,0.1653051045715177,0.0,0.0,0.00029610084523806757,0.0,2.8183679756210722e-05
503,100,100,1.0,feasible,0.7621564397467427,0.7938760609640171,0.8323411596288349,0.07018471988209218,0.6090145328,0.6367876174079998,0.7078163719999999,0.09880183919999996,0.10333460775000003,0.16487289325289048,0.24664888726428574,0.14331427951428571,0.08003940687238222,0.1517915264937097,0.267912246037424,0.18787283916504177,0.16534754998591578,0.0,0.0,0.0,0.0,4.244541439807348e-05
504,100,100,1.0,feasible,0.7609300708143654,0.793087939661277,0.8323411596288349,0.07141108881446956,0.6089730567999999,0.6345837653279999,0.7078163719999999,0.0988433152,0.10333460775000003,0.1660226718773095,0.24664888726428574,0.14331427951428571,0.08003940687238222,0.1532024469163057,0.27000841614954746,0.18996900927716526,0.16584976427953924,0.0012263689323773752,4.147600000004026e-05,0.0,0.0,0.0005022142936234597
505,100,100,1.0,feasible,0.7609300708143654,0.7922298953386356,0.8323411596288349,0.07141108881446956,0.6089730567999999,0.6343187720239998,0.7078163719999999,0.0988433152,0.10333460775000003,0.1648183041701905,0.24664888726428574,0.14331427951428571,0.08003940687238222,0.15655318118426892,0.27000841614954746,0.18996900927716526,0.16583865934524944,0.0,0.0,0.0,0.0,-1.1104934289796198e-05
506,100,100,1.0,feasible,0.7609300708143654,0.7933278786833065,0.8323411596288349,0.07141108881446956,0.6089730567999999,0.6345156207119999,0.7078163719999999,0.0988433152,0.10333460775000003,0.16541745487023815,0.24664888726428574,0.14331427951428571,0.08003940687238222,0.15273877829415652,0.27000841614954746,0.18996900927716526,0.16582344542856076,0.0,0.0,0.0,0.0,-1.5213916688683327e-05
507,100,100,1.0,feasible,0.7609300708143654,0.7939833735466485,0.8323411596288349,0.07141108881446956,0.6089730567999999,0.635491888976,0.7078163719999999,0.0988433152,0.10333460775000003,0.16200409839954763,0.24664888726428574,0.14331427951428571,0.08003940687238222,0.1506764999565739,0.27000841614954746,0.18996900927716526,0.16582079590349555,0.0,0.0,0.0,0.0,-2.6495250652069924e-06
508,100,100,1.0,feasible,0.7609300708143654,0.7937321791490067,0.8323411596288349,0.07141108881446956,0.6089730567999999,0.63533624908,0.7078163719999999,0.0988433152,0.10333460775000003,0.16269510059404763,0.24664888726428574,0.14331427951428571,0.08003940687238222,0.15182342033897078,0.27000841614954746,0.18996900927716526,0.16581949050780434,0.0,0.0,0.0,0.0,-1.3053956912090214e-06
509,100,100,1.0,feasible,0.7609300708143654,0.7934514610869831,0.8323411596288349,0.07141108881446956,0.6089730567999999,0.6349985298799999,0.7078163719999999,0.0988433152,0.10333460775000003,0.1623914845964286,0.24664888726428574,0.14331427951428571,0.08003940687238222,0.15118415894878193,0.27000841614954746,0.18996900927716526,0.16584188429024366,0.0,0.0,0.0,0.0,2.2393782439317222e-05
510,100,100,1.0,feasible,0.7609300708143654,0.792814271105646,0.8323411596288349,0.07141108881446956,0.6089730567999999,0.6340473983359999,0.7078163719999999,0.0988433152,0.10333460775000003,0.16224406749655237,0.24664888726428574,0.14331427951428571,0.08003940687238222,0.15279770116493652,0.27000841614954746,0.18996900927716526,0.16585958712736548,0.0,0.0,0.0,0.0,1.7702837121824633e-05
511,100,100,1.0,feasible,0.7609300708143654,0.7940364964209096,0.8323411596288349,0.07141108881446956,0.6089730567999999,0.6349402457759998,0.7078163719999999,0.0988433152,0.10333460775000003,0.16482729703471904,0.25158361056190476,0.14824900281190473,0.08003940687238222,0.150654966805484,0.27000841614954746,0.18996900927716526,0.16586212466846445,0.0,0.0,0.0,0.0,2.537541098968088e-06
512,100,100,1.0,feasible,0.7609300708143654,0.7924394095660442,0.8323411596288349,0.07141108881446956,0.6089730567999999,0.6327086444159999,0.7078163719999999,0.0988433152,0.10333460775000003,0.16529847173425952,0.25158361056190476,0.14824900281190473,0.08003940687238222,0.15375895879882154,0.27000841614954746,0.18996900927716526,0.16585540648259905,0.0,0.0,0.0,0.0,-6.718185865395299e-06
513,100,100,1.0,feasible,0.7609300708143654,0.7922300082840595,0.8323411596288349,0.07141108881446956,0.6089730567999999,0.6340339647679999,0.7078163719999999,0.0988433152,0.10333460775000003,0.16570386545724286,0.25158361056190476,0.14824900281190473,0.08003940687238222,0.1551726462924923,0.27000841614954746,0.18996900927716526,0.16584412587483185,0.0,0.0,0.0,0.0,-1.128060776720008e-05
514,100,100,1.0,feasible,0.7609300708143654,0.7929404765693406,0.8323411596288349,0.07141108881446956,0.6089445271999999,0.6344262686959997,0.7078163719999999,0.0988718448,0.10333460775000003,0.16384896631781662,0.25158361056190476,0.14824900281190473,0.08003940687238222,0.15224022395204112,0.27000841614954746,0.18996900927716526,0.16584967960742913,0.0,2.8529599999993493e-05,0.0,0.0,5.55373259727987e-06
515,100,100,1.0,feasible,0.7609300708143654,0.7932921243045017,0.8323411596288349,0.07141108881446956,0.6089445271999999,0.634858026512,0.7078163719999999,0.0988718448,0.10333460775000003,0.16184203395945476,0.25158361056190476,0.14824900281190473,0.08003940687238222,0.15130257069065947,0.27000841614954746,0.18996900927716526,0.16586042613918808,0.0,0.0,0.0,0.0,1.0746531758948352e-05
516,100,100,1.0,feasible,0.7609300708143654,0.7931137713079728,0.8323411596288349,0.07141108881446956,0.6088981943999999,0.635248134312,0.7078163719999999,0.09891817759999999,0.10333460775000003,0.16134736941985953,0.24049877950476187,0.13716417175476184,0.08003940687238222,0.1524045979903212,0.27000841614954746,0.18996900927716526,0.1658877395966402,0.0,4.633279999999296e-05,0.0,0.0,2.7313457452105006e-05
517,100,100,1.0,feasible,0.7609300708143654,0.7926874205579684,0.8323411596288349,0.07141108881446956,0.6088941999999999,0.6349722346159999,0.7078163719999999,0.09892217199999997,0.10333460775000003,0.16126828797591192,0.24151843219047617,0.13818382444047614,0.08003940687238222,0.15357130399565425,0.27000841614954746,0.18996900927716526,0.16588073157572797,0.0,3.9943999999847435e-06,0.0,0.0,-7.008020912219193e-06
518,100,100,1.0,feasible,0.7609300708143654,0.7952732788917377,0.8323411596288349,0.07141108881446956,0.6088941999999999,0.637450337136,0.7078163719999999,0.09892217199999997,0.10333460775000003,0.1627747457253,0.24151843219047617,0.13818382444047614,0.08003940687238222,0.146431882271449,0.27000841614954746,0.18996900927716526,0.1658683789027966,0.0,0.0,0.0,0.0,-1.2352672931370545e-05
519,100,100,1.0,feasible,0.7609300708143654,0.7942067705283172,0.8323411596288349,0.07141108881446956,0.6088941999999999,0.636839508152,0.7078163719999999,0.09892217199999997,0.10333460775000003,0.16013266644553809,0.24151843219047617,0.13818382444047614,0.08003940687238222,0.1488075194273293,0.27000841614954746,0.18996900927716526,0.16590792263438886,0.0,0.0,0.0,0.0,3.954373159226199e-05
520,100,100,1.0,feasible,0.7609300708143654,0.7936145105541311,0.8323411596288349,0.07141108881446956,0.6088941999999999,0.6366783928959999,0.7078163719999999,0.09892217199999997,0.10333460775000003,0.15994720518399047,0.23396172657857148,0.13062711882857145,0.08003940687238222,0.15078082291821426,0.27000841614954746,0.18996900927716526,0.1659192879853662,0.0,0.0,0.0,0.0,1.1365350977343702e-05
521,100,100,1.0,feasible,0.7609300708143654,0.7960930123462928,0.8323411596288349,0.07141108881446956,0.6088941999999999,0.64012590764,0.7078163719999999,0.09892217199999997,0.10333460775000003,0.1572872837531238,0.23396172657857148,0.13062711882857145,0.08003940687238222,0.14449693155587426,0.27000841614954746,0.18996900927716526,0.16596492326947773,0.0,0.0,0.0,0.0,4.5635284111528174e-05
522,100,100,1.0,feasible,0.7609300708143654,0.7950227209800639,0.8323411596288349,0.07141108881446956,0.6088941999999999,0.6382151907439998,0.7078163719999999,0.09892217199999997,0.10333460775000003,0.15934433815735477,0.23396172657857148,0.13062711882857145,0.08003940687238222,0.1475284042668097,0.27000841614954746,0.18996900927716526,0.16597860614657658,0.0,0.0,0.0,0.0,1.3682877098852853e-05
523,100,100,1.0,feasible,0.7609300708143654,0.7947750306280852,0.8323411596288349,0.07141108881446956,0.6088941999999999,0.6389820317039999,0.7078163719999999,0.09892217199999997,0.10333460775000003,0.15874419107330712,0.23396172657857148,0.13062711882857145,0.08003940687238222,0.1486263153073096,0.27000841614954746,0.18996900927716526,0.16596890950543675,0.0,0.0,0.0,0.0,-9.696641139839146e-06
524,100,100,1.0,feasible,0.7609300708143654,0.7960345690448781,0.8323411596288349,0.07141108881446956,0.6088941999999999,0.638765218272,0.7078163719999999,0.09892217199999997,0.10333460775000003,0.16015097815889046,0.23396172657857148,0.13062711882857145,0.08003940687238222,0.14355198403197847,0.27000841614954746,0.18996900927716526,0.16598918187039868,0.0,0.0,0.0,0.0,2.0272364961937406e-05
525,100,100,1.0,feasible,0.7609300708143654,0.7934523055700906,0.8323411596288349,0.07141108881446956,0.6088941999999999,0.636692459536,0.7078163719999999,0.09892217199999997,0.10333460775000003,0.1618778821266286,0.23396172657857148,0.13062711882857145,0.08003940687238222,0.15170564427455727,0.27000841614954746,0.18996900927716526,0.1659850238954616,0.0,0.0,0.0,0.0,-4.1579749370801444e-06
526,100,100,1.0,feasible,0.7609300708143654,0.7941887054584619,0.8323411596288349,0.07141108881446956,0.6088941999999999,0.6371791010639999,0.7078163719999999,0.09892217199999997,0.10333460775000003,0.16244838551908095,0.24758849589761903,0.144253888147619,0.08003940687238222,0.148480046122001,0.27000841614954746,0.18996900927716526,0.16592969307774075,0.0,0.0,0.0,0.0,-5.5330817720855574e-05
527,100,100,1.0,feasible,0.7609300708143654,0.7949984302077339,0.8323411596288349,0.07141108881446956,0.6088941999999999,0.6391049196559997,0.7078163719999999,0.09892217199999997,0.10333460775000003,0.16236947201689758,0.24758849589761903,0.144253888147619,0.08003940687238222,0.14706847353462957,0.27000841614954746,0.18996900927716526,0.16593176714875948,0.0,0.0,0.0,0.0,2.0740710187372446e-06
528,100,100,1.0,feasible,0.7609300708143654,0.7935747510482619,0.8323411596288349,0.07141108881446956,0.6088941999999999,0.6374041538319999,0.7078163719999999,0.09892217199999997,0.10333460775000003,0.1624185383991762,0.24758849589761903,0.144253888147619,0.08003940687238222,0.15149026516852993,0.27000841614954746,0.18996900927716526,0.16593828671151906,0.0,0.0,0.0,0.0,6.519562759571551e-06
529,100,100,1.0,feasible,0.7609300708143654,0.7925149015069854,0.8323411596288349,0.07141108881446956,0.6088941999999999,0.6344445041839999,0.7078163719999999,0.09892217199999997,0.10333460775000003,0.16289933470565,0.24758849589761903,0.144253888147619,0.08003940687238222,0.15257763248694783,0.27000841614954746,0.18996900927716526,0.16595233597361148,0.0,0.0,0.0,0.0,1.4049262092419301e-05
530,100,100,1.0,feasible,0.7609300708143654,0.7927502656977657,0.8323411596288349,0.07141108881446956,0.6088941999999999,0.6352645897919998,0.7078163719999999,0.09892217199999997,0.10333460775000003,0.16013907299521907,0.24758849589761903,0.144253888147619,0.08003940687238222,0.1517335662178516,0.27000841614954746,0.18996900927716526,0.16594586392864447,0.0,0.0,0.0,0.0,-6.472044967009705e-06
531,100,100,1.0,feasible,0.7609300708143654,0.7922456849083426,0.8323411596288349,0.07141108881446956,0.6088941999999999,0.6348772862079999,0.7078163719999999,0.09892217199999997,0.10333460775000003,0.16085059678195,0.24758849589761903,0.144253888147619,0.08003940687238222,0.15293331413991093,0.27000841614954746,0.18996900927716526,0.16593429075509097,0.0,0.0,0.0,0.0,-1.1573173553491856e-05
532,100,100,1.0,feasible,0.7609300708143654,0.7929901743803741,0.8323411596288349,0.07141108881446956,0.6088941999999999,0.6360092623199999,0.7078163719999999,0.09892217199999997,0.10333460775000003,0.15928543480852858,0.24758849589761903,0.144253888147619,0.08003940687238222,0.15195349876176312,0.27000841614954746,0.18996900927716526,0.16594953623408903,0.0,0.0,0.0,0.0,1.5245478998060502e-05
533,100,100,1.0,feasible,0.7609300708143654,0.7940250443313623,0.8323411596288349,0.07141108881446956,0.6088941999999999,0.63722730824,0.7078163719999999,0.09892217199999997,0.10333460775000003,0.1618807289397762,0.24758849589761903,0.144253888147619,0.08003940687238222,0.14872908820869918,0.27000841614954746,0.18996900927716526,0.16597556773546374,0.0,0.0,0.0,0.0,2.603150137470145e-05
534,100,100,1.0,feasible,0.7609300708143654,0.7930982395697069,0.8323411596288349,0.07141108881446956,0.6088785375999999,0.6366885509359999,0.7078163719999999,0.09893783440000004,0.10333460775000003,0.16257880869530003,0.24758849589761903,0.144253888147619,0.08003940687238222,0.15052146035145336,0.27000841614954746,0.18996900927716526,0.16595560942081208,0.0,1.5662400000060472e-05,0.0,0.0,-1.995831465165243e-05
535,100,100,1.0,feasible,0.7609300708143654,0.7932812617628591,0.8323411596288349,0.07141108881446956,0.6088785375999999,0.6355998820479999,0.7078163719999999,0.09893783440000004,0.10333460775000003,0.16293710485273333,0.24758849589761903,0.144253888147619,0.08003940687238222,0.14977510446028394,0.27000841614954746,0.18996900927716526,0.16598914639432294,0.0,0.0,0.0,0.0,3.353697351085594e-05
536,100,100,1.0,feasible,0.7609300708143654,0.7931394121012332,0.8323411596288349,0.07141108881446956,0.6088785375999999,0.6366725110879998,0.7078163719999999,0.09893783440000004,0.10333460775000003,0.16209259527585235,0.24758849589761903,0.144253888147619,0.08003940687238222,0.15069742312746906,0.27000841614954746,0.18996900927716526,0.16597654866125125,0.0,0.0,0.0,0.0,-1.2597733071689765e-05
537,100,100,1.0,feasible,0.7609300708143654,0.7924982408473303,0.8323411596288349,0.07141108881446956,0.6088785375999999,0.6344589382479999,0.7078163719999999,0.09893783440000004,0.10333460775000003,0.16382342023918808,0.24758849589761903,0.144253888147619,0.08003940687238222,0.15159717010497256,0.27000841614954746,0.18996900927716526,0.16595715104010195,0.0,0.0,0.0,0.0,-1.939762114930299e-05
538,100,100,1.0,feasible,0.7609300708143654,0.7919997139387438,0.8323411596288349,0.07141108881446956,0.6088485064,0.6347696309759999,0.7078163719999999,0.09896786559999993,0.10333460775000003,0.16312704226818814,0.24758849589761903,0.144253888147619,0.08003940687238222,0.15410878762592073,0.27000841614954746,0.18996900927716526,0.165964829408978,0.0,3.0031199999891456e-05,0.0,0.0,7.678368876051778e-06
539,100,100,1.0,feasible,0.7609300708143654,0.7926485560183489,0.8323411596288349,0.07141108881446956,0.6088485064,0.6356433395999997,0.7078163719999999,0.09896786559999993,0.10333460775000003,0.1617790825609738,0.2378770115642857,0.13454240381428567,0.08003940687238222,0.15081379402063297,0.27000841614954746,0.18996900927716526,0.1659661972935869,0.0,0.0,0.0,0.0,1.367884608888259e-06
540,100,100,1.0,feasible,0.7608797153471822,0.7929003946400851,0.8323411596288349,0.07146144428165269,0.6088485064,0.6360238565759999,0.7078163719999999,0.09896786559999993,0.10333460775000003,0.1588609337340452,0.2378770115642857,0.13454240381428567,0.08003940687238222,0.15088997953401706,0.2703955681942721,0.19035616132188987,0.16601577504948217,5.0355467183127445e-05,0.0,0.0,0.0,4.95777558952859e-05
541,100,100,1.0,feasible,0.7608797153471822,0.7927736339315927,0.8323411596288349,0.07146144428165269,0.6088485064,0.6349717291520001,0.7078163719999999,0.09896786559999993,0.10333460775000003,0.1575873943332119,0.2378770115642857,0.13454240381428567,0.08003940687238222,0.15004395500490406,0.2703955681942721,0.19035616132188987,0.16602508510703126,0.0,0.0,0.0,0.0,9.31005754908898e-06
542,100,100,1.0,feasible,0.7608797153471822,0.7925958249045051,0.8323411596288349,0.07146144428165269,0.6088485064,0.6357464002959999,0.7078163719999999,0.09896786559999993,0.10333460775000003,0.15764897576109527,0.2378770115642857,0.13454240381428567,0.08003940687238222,0.15126840474740852,0.2703955681942721,0.19035616132188987,0.16602109854577102,0.0,0.0,0.0,0.0,-3.986561260244104e-06
543,100,100,1.0,feasible,0.7608797153471822,0.7913444737533356,0.8323411596288349,0.07146144428165269,0.6088485064,0.6343730358159999,0.7078163719999999,0.09896786559999993,0.10333460775000003,0.1566160762982619,0.23592916964285718,0.13259456189285715,0.08003940687238222,0.1543296859919264,0.2703955681942721,0.19035616132188987,0.1660456400000263,0.0,0.0,0.0,0.0,2.4541454255289086e-05
544,100,100,1.0,feasible,0.7608797153471822,0.7923231125808873,0.8323411596288349,0.07146144428165269,0.6088249983999999,0.6348232125679999,0.7078163719999999,0.09899137359999999,0.10333460775000003,0.15704367685211904,0.23592916964285718,0.13259456189285715,0.08003940687238222,0.15151955491290667,0.2703955681942721,0.19035616132188987,0.16611421656005892,0.0,2.3508000000060925e-05,0.0,0.0,6.857656003261825e-05
545,100,100,1.0,feasible,0.7608575572532398,0.7913170400127326,0.8323411596288349,0.07148360237559515,0.6088249983999999,0.6337246619679998,0.7078163719999999,0.09899137359999999,0.10333460775000003,0.15736230311941904,0.23592916964285718,0.13259456189285715,0.08003940687238222,0.15468493513140755,0.2707793859122809,0.1907399790398987,0.16608527774294252,2.2158093942459267e-05,0.0,0.0,0.0,-2.8938817116408444e-05
546,100,100,1.0,feasible,0.7608575572532398,0.7916179242608967,0.8323411596288349,0.07148360237559515,0.6088249983999999,0.6340666178479999,0.7078163719999999,0.09899137359999999,0.10333460775000003,0.15687351745096667,0.2369187830833333,0.13358417533333328,0.08003940687238222,0.15414878246478897,0.2707793859122809,0.1907399790398987,0.166088571337955,0.0,0.0,0.0,0.0,3.2935950124712843e-06
547,100,100,1.0,feasible,0.7608575572532398,0.7926533614698343,0.8323411596288349,0.07148360237559515,0.6088249983999999,0.6349300522959999,0.7078163719999999,0.09899137359999999,0.10333460775000003,0.15636573187871428,0.2369187830833333,0.13358417533333328,0.08003940687238222,0.15148696677246776,0.2707793859122809,0.1907399790398987,0.16608939146632157,0.0,0.0,0.0,0.0,8.201283665798531e-07
548,100,100,1.0,feasible,0.7608575572532398,0.7922663131538554,0.8323411596288349,0.07148360237559515,0.6088249983999999,0.6348337383359999,0.7078163719999999,0.09899137359999999,0.10333460775000003,0.15603489307697618,0.23592916964285718,0.13259456189285715,0.08003940687238222,0.15245614147252176,0.2707793859122809,0.1907399790398987,0.16609568333055247,0.0,0.0,0.0,0.0,6.291864230900668e-06
549,100,100,1.0,feasible,0.7608575572532398,0.7913268230120523,0.8323411596288349,0.07148360237559515,0.6088249983999999,0.633064499112,0.7078163719999999,0.09899137359999999,0.10333460775000003,0.15729615299161906,0.23592916964285718,0.13259456189285715,0.08003940687238222,0.1548022156177215,0.2707793859122809,0.1907399790398987,0.16614073839107169,0.0,0.0,0.0,0.0,4.5055060519216816e-05
550,100,100,1.0,feasible,0.7608575572532398,0.7926462464880609,0.8323411596288349,0.07148360237559515,0.6088249983999999,0.6335316805119999,0.7078163719999999,0.09899137359999999,0.10333460775000003,0.15829060683859048,0.23740458094714278,0.13406997319714276,0.08003940687238222,0.15004940693871485,0.2707793859122809,0.1907399790398987,0.1661320471628028,0.0,0.0,0.0,0.0,-8.691228268881135e-06
551,100,100,1.0,feasible,0.7608575572532398,0.7928768773088796,0.8323411596288349,0.07148360237559515,0.6088249983999999,0.6350920109679999,0.7078163719999999,0.09899137359999999,0.10333460775000003,0.15768874977975714,0.23740458094714278,0.13406997319714276,0.08003940687238222,0.15047617836816252,0.2707793859122809,0.1907399790398987,0.1661213576570504,0.0,0.0,0.0,0.0,-1.068950575239258e-05
552,100,100,1.0,feasible,0.7608575572532398,0.793158414322467,0.8323411596288349,0.07148360237559515,0.6088249983999999,0.6355348795519998,0.7078163719999999,0.09899137359999999,0.10333460775000003,0.15819013886089997,0.23740458094714278,0.13406997319714276,0.08003940687238222,0.1492833813849297,0.2707793859122809,0.1907399790398987,0.16610620035509832,0.0,0.0,0.0,0.0,-1.5157301952090085e-05
553,100,100,1.0,feasible,0.7608575572532398,0.7923362147890396,0.8323411596288349,0.07148360237559515,0.6088249983999999,0.6346380527919999,0.7078163719999999,0.09899137359999999,0.10333460775000003,0.15769111283243809,0.23740458094714278,0.13406997319714276,0.08003940687238222,0.1519160834422937,0.2707793859122809,0.1907399790398987,0.16612034838997355,0.0,0.0,0.0,0.0,1.4148034875233195e-05
554,100,100,1.0,feasible,0.7608575572532398,0.7910752079142901,0.8323411596288349,0.07148360237559515,0.6088249983999999,0.6330845802,0.7078163719999999,0.09899137359999999,0.10333460775000003,0.16128770459105474,0.23740458094714278,0.13406997319714276,0.08003940687238222,0.154997255287705,0.2707793859122809,0.1907399790398987,0.16608204789263276,0.0,0.0,0.0,0.0,-3.8300497340798545e-05
555,100,100,1.0,feasible,0.7608575572532398,0.7920767829731568,0.8323411596288349,0.07148360237559515,0.6088249983999999,0.6350158193359999,0.7078163719999999,0.09899137359999999,0.10265009809523812,0.15671900116601667,0.23740458094714278,0.13475448285190467,0.08003940687238222,0.1532687610457331,0.2707793859122809,0.1907399790398987,0.16619834242336495,0.0,0.0,0.0006845096547619112,0.0,0.0001162945307321972
556,100,100,1.0,feasible,0.7608575572532398,0.7913835087532487,0.8323411596288349,0.07148360237559515,0.6088249983999999,0.6332263636319999,0.7078163719999999,0.09899137359999999,0.10265009809523812,0.15512726808065952,0.23740458094714278,0.13475448285190467,0.08003940687238222,0.15444415929415267,0.2707793859122809,0.1907399790398987,0.16622383750006964,0.0,0.0,0.0,0.0,2.549507670468465e-05
557,100,100,1.0,feasible,0.7608294457816613,0.7927712744161305,0.8323411596288349,0.07151171384717359,0.6087420704,0.6346429429279999,0.7078163719999999,0.09907430159999997,0.10265009809523812,0.15365236074019287,0.23740458094714278,0.13475448285190467,0.08003940687238222,0.15134434802645053,0.2714114475474955,0.19137204067511332,0.1663082622709758,2.8111471578440295e-05,8.292799999998213e-05,0.0,0.0,8.442477090617184e-05
558,100,100,1.0,feasible,0.7608294457816613,0.7936776923438508,0.8323411596288349,0.07151171384717359,0.6087420704,0.6350390718319999,0.7078163719999999,0.09907430159999997,0.10265009809523812,0.15277150682885954,0.22405387688309522,0.1214037787878571,0.08003940687238222,0.1478403704769453,0.2714114475474955,0.19137204067511332,0.1663191052812154,0.0,0.0,0.0,0.0,1.0843010239597328e-05
559,100,100,1.0,feasible,0.7608294457816613,0.7933928531979838,0.8323411596288349,0.07151171384717359,0.6087420704,0.6354727086879999,0.7078163719999999,0.09907430159999997,0.10265009809523812,0.15523060603268335,0.22405387688309522,0.1214037787878571,0.08003940687238222,0.14903035167156384,0.2714114475474955,0.19137204067511332,0.1662647507027995,0.0,0.0,0.0,0.0,-5.4354578415904964e-05
560,100,100,1.0,feasible,0.7608294457816613,0.7945334967357368,0.8323411596288349,0.07151171384717359,0.6087420704,0.636730472168,0.7080788079999998,0.09933673759999984,0.10265009809523812,0.15360428385530953,0.2254099669188095,0.12275986882357137,0.08003940687238222,0.1465665554943885,0.2714114475474955,0.19137204067511332,0.16628593707876527,0.0,0.0,0.0,0.0,2.1186375965764892e-05
561,100,100,1.0,feasible,0.7606375419043135,0.793351446905796,0.8323411596288349,0.07170361772452138,0.6087420704,0.634459024128,0.7080788079999998,0.09933673759999984,0.10265009809523812,0.1553549343654833,0.2254099669188095,0.12275986882357137,0.08003940687238222,0.15020908800342736,0.27260661476725845,0.19256720789487625,0.16637144826782965,0.0001919038773477988,0.0,0.0,0.0,8.55111890643856e-05
562,100,100,1.0,feasible,0.7606375419043135,0.7930924921258263,0.8323411596288349,0.07170361772452138,0.6087420704,0.634230521744,0.7080788079999998,0.09933673759999984,0.10265009809523812,0.15673559192634762,0.2256632660045238,0.12301316790928568,0.08003940687238222,0.15171585749728272,0.27260661476725845,0.19256720789487625,0.16635383572047457,0.0,0.0,0.0,0.0,-1.7612547355078112e-05
563,100,100,1.0,feasible,0.7606375419043135,0.7939033414621597,0.8323411596288349,0.07170361772452138,0.6087420704,0.6354260502799999,0.7080788079999998,0.09933673759999984,0.10214022048809528,0.1564971729841381,0.2256632660045238,0.12352304551642852,0.08003940687238222,0.14882496542302526,0.27260661476725845,0.19256720789487625,0.16640128380028774,0.0,0.0,0.0005098776071428418,0.0,4.744807981316157e-05
564,100,100,1.0,feasible,0.7606375419043135,0.7946477915389043,0.8323411596288349,0.07170361772452138,0.6087113528,0.6365946083359999,0.7080788079999998,0.09936745519999979,0.10214022048809528,0.15372631449769286,0.21491108475476187,0.11277086426666659,0.08003940687238222,0.1473798909070391,0.27260661476725845,0.19256720789487625,0.16644296357733412,0.0,3.071759999995205e-05,0.0,0.0,4.1679777046388367e-05
565,100,100,1.0,feasible,0.7606375419043135,0.7931210765571312,0.8323411596288349,0.07170361772452138,0.6087113528,0.63485316184,0.7080788079999998,0.09936745519999979,0.10214022048809528,0.15325480400951666,0.21491108475476187,0.11277086426666659,0.07995937540160096,0.1505925003171512,0.27260661476725845,0.19264723936565747,0.16643549204688857,0.0,0.0,0.0,8.00314707812555e-05,-7.471530445557484e-06
566,100,100,1.0,feasible,0.7606375419043135,0.7929573606291315,0.8323411596288349,0.07170361772452138,0.6087113528,0.63598605288,0.7080788079999998,0.09936745519999979,0.10214022048809528,0.15105883514479523,0.21491108475476187,0.11277086426666659,0.07995937540160096,0.15212476527849386,0.27260661476725845,0.19264723936565747,0.16644313236631708,0.0,0.0,0.0,0.0,7.64031942851462e-06
567,100,100,1.0,feasible,0.7606375419043135,0.793508463602986,0.832425486194687,0.0717879442903735,0.6087113528,0.6362393064639997,0.7080788079999998,0.09936745519999979,0.10214022048809528,0.15184888101865235,0.21491108475476187,0.11277086426666659,0.07990340297153366,0.14974984007973635,0.27260661476725845,0.1927032117957248,0.1664451527934615,0.0,0.0,0.0,5.597243006730257e-05,2.0204271444224098e-06
568,100,100,1.0,feasible,0.7606375419043135,0.793112668145745,0.832425486194687,0.0717879442903735,0.6087113528,0.6353555503439999,0.7080788079999998,0.09936745519999979,0.10214022048809528,0.15185988202249526,0.21491108475476187,0.11277086426666659,0.07990340297153366,0.1499832128427132,0.27260661476725845,0.1927032117957248,0.16644211543764068,0.0,0.0,0.0,0.0,-3.0373558208285356e-06
569,100,100,1.0,feasible,0.7606375419043135,0.792212265087297,0.832425486194687,0.0717879442903735,0.6087113528,0.6349776805199999,0.7080788079999998,0.09936745519999979,0.10214022048809528,0.15345544348474524,0.21491108475476187,0.11277086426666659,0.07990340297153366,0.15323853517538708,0.27260661476725845,0.1927032117957248,0.16643163355213003,0.0,0.0,0.0,0.0,-1.0481885510643663e-05
570,100,100,1.0,feasible,0.7606375419043135,0.7927527332949612,0.832425486194687,0.0717879442903735,0.6086966055999998,0.6344546871519998,0.7078476703999999,0.09915106480000002,0.10214022048809528,0.15221901581972144,0.21536990706904768,0.11322968658095241,0.07990340297153366,0.1511206154540722,0.27260661476725845,0.1927032117957248,0.16647449916134593,0.0,1.4747200000164717e-05,0.0,0.0,4.286560921590299e-05
571,100,100,1.0,feasible,0.7606375419043135,0.7936502863935256,0.832425486194687,0.0717879442903735,0.6086528392,0.6359817462399999,0.7079707239999999,0.09931788479999992,0.10214022048809528,0.15200050975006668,0.21872843708166667,0.1165882165935714,0.07990340297153366,0.14934061933857057,0.27260661476725845,0.1927032117957248,0.16645782636779885,0.0,4.376639999981169e-05,0.0,0.0,-1.6672793547084508e-05
572,100,100,1.0,feasible,0.7606375419043135,0.7923183610616923,0.832425486194687,0.0717879442903735,0.6086473591999999,0.6340441963759998,0.7079707239999999,0.09932336480000004,0.10214022048809528,0.15426923143269525,0.21872843708166667,0.1165882165935714,0.07990340297153366,0.15279797778922016,0.27260661476725845,0.1927032117957248,0.1664605954595686,0.0,5.480000000113172e-06,0.0,0.0,2.7690917697442696e-06
573,100,100,1.0,feasible,0.7606375419043135,0.7925071018183245,0.832425486194687,0.0717879442903735,0.6086473591999999,0.6336529825199999,0.7079707239999999,0.09932336480000004,0.10214022048809528,0.15403804736112384,0.21872843708166667,0.1165882165935714,0.07990340297153366,0.15244556521361724,0.27260661476725845,0.1927032117957248,0.1664659679419906,0.0,0.0,0.0,0.0,5.372482421994729e-06
574,100,100,1.0,feasible,0.7606375419043135,0.7929103962700365,0.832425486194687,0.0717879442903735,0.6086473591999999,0.6337159027679998,0.7079707239999999,0.09932336480000004,0.10214022048809528,0.15352570558379047,0.21872843708166667,0.1165882165935714,0.07990340297153366,0.15081551281534913,0.27260661476725845,0.1927032117957248,0.16646320121733468,0.0,0.0,0.0,0.0,-2.7667246559059944e-06
575,100,100,1.0,feasible,0.7606375419043135,0.7931430161782917,0.832425486194687,0.0717879442903735,0.6086473591999999,0.6339382313599998,0.7079707239999999,0.09932336480000004,0.10214022048809528,0.1538219151835524,0.2289580204285715,0.1268177999404762,0.07990340297153366,0.15034941775260102,0.27260661476725845,0.1927032117957248,0.1664540827762101,0.0,0.0,0.0,0.0,-9.11844112458371e-06
576,100,100,1.0,feasible,0.7606375419043135,0.7916858901452916,0.832425486194687,0.0717879442903735,0.6086473591999999,0.6327386551199998,0.7079707239999999,0.09932336480000004,0.10214022048809528,0.1554102601346286,0.22912923657142864,0.12698901608333335,0.07990340297153366,0.1557527633912086,0.27260661476725845,0.1927032117957248,0.16644373128588036,0.0,0.0,0.0,0.0,-1.0351490329740809e-05
577,100,100,1.0,feasible,0.7606375419043135,0.7938154623288508,0.832425486194687,0.0717879442903735,0.6086473591999999,0.6343304460559999,0.7079707239999999,0.09932336480000004,0.10214022048809528,0.15371614621677382,0.2289580204285715,0.1268177999404762,0.07990340297153366,0.14971074974152696,0.27260661476725845,0.1927032117957248,0.16644134632244595,0.0,0.0,0.0,0.0,-2.384963434409748e-06
578,100,100,1.0,feasible,0.7606375419043135,0.7935732783667347,0.832425486194687,0.0717879442903735,0.6086473591999999,0.635835498144,0.7086311351999999,0.09998377599999997,0.10214022048809528,0.1562369678943762,0.2289580204285715,0.1268177999404762,0.07990340297153366,0.15167936923871442,0.27260661476725845,0.1927032117957248,0.1664191390974611,0.0,0.0,0.0,0.0,-2.2207224984860385e-05
579,100,100,1.0,feasible,0.7606375419043135,0.7929851286885388,0.832425486194687,0.0717879442903735,0.6086473591999999,0.633880401192,0.7086311351999999,0.09998377599999997,0.10214022048809528,0.1570405620012286,0.2289580204285715,0.1268177999404762,0.07990340297153366,0.1521396826255664,0.27260661476725845,0.1927032117957248,0.16645283241818157,0.0,0.0,0.0,0.0,3.369332072047926e-05
580,100,100,1.0,feasible,0.7606375419043135,0.7921305953116007,0.832425486194687,0.0717879442903735,0.6086473591999999,0.632646560536,0.7086311351999999,0.09998377599999997,0.10214022048809528,0.15661882402089763,0.2350423484952381,0.13290212800714285,0.07990340297153366,0.15454693351014503,0.27260661476725845,0.1927032117957248,0.16645472343496964,0.0,0.0,0.0,0.0,1.8910167880747952e-06
581,100,100,1.0,feasible,0.7605326120210002,0.7921039760495701,0.832425486194687,0.07189287417368684,0.6086473591999999,0.6334323234879998,0.7086311351999999,0.09998377599999997,0.10214022048809528,0.1592685313370762,0.2372874736761905,0.13514725318809523,0.07990340297153366,0.15498201876832315,0.27350775518703563,0.19360435221550198,0.1664764253536344,0.00010492988331334274,0.0,0.0,0.0,2.1701918664768227e-05
582,100,100,1.0,feasible,0.7605326120210002,0.7941061003654091,0.832425486194687,0.07189287417368684,0.6086473591999999,0.6348144134079998,0.7086311351999999,0.09998377599999997,0.10165324133333334,0.15763143610785713,0.2350423484952381,0.13338910716190477,0.07990340297153366,0.14818425119191525,0.27350775518703563,0.19360435221550198,0.166561078822315,0.0,0.0,0.00048697915476193787,0.0,8.465346868058443e-05
583,100,100,1.0,feasible,0.7605326120210002,0.7920042832208325,0.832425486194687,0.07189287417368684,0.6086473591999999,0.6328016388159999,0.7086311351999999,0.09998377599999997,0.10165324133333334,0.1564422925825881,0.2350423484952381,0.13338910716190477,0.07990340297153366,0.1536638017611554,0.27350775518703563,0.19360435221550198,0.1665931023436109,0.0,0.0,0.0,0.0,3.2023521295915236e-05
584,100,100,1.0,feasible,0.7605326120210002,0.7926253115177994,0.832425486194687,0.07189287417368684,0.6086473591999999,0.6329637843439998,0.7086311351999999,0.09998377599999997,0.10165324133333334,0.1574599810022881,0.2350423484952381,0.13338910716190477,0.07990340297153366,0.15197373313995624,0.27350775518703563,0.19360435221550198,0.16660221208799506,0.0,0.0,0.0,0.0,9.109744384144802e-06
585,100,100,1.0,feasible,0.7605326120210002,0.7919328956525908,0.832425486194687,0.07189287417368684,0.6086473591999999,0.6335673955199999,0.7086311351999999,0.09998377599999997,0.10165324133333334,0.15674735001848902,0.2350423484952381,0.13338910716190477,0.07990340297153366,0.15500037634167266,0.27350775518703563,0.19360435221550198,0.16660919637546348,0.0,0.0,0.0,0.0,6.9842874684256095e-06
586,100,100,1.0,feasible,0.7605326120210002,0.7926134242347338,0.832425486194687,0.07189287417368684,0.6086473591999999,0.6343611236799999,0.7093658888,0.10071852960000005,0.10165324133333334,0.15674581091046666,0.2350423484952381,0.13338910716190477,0.07990340297153366,0.1528454215382692,0.27350775518703563,0.19360435221550198,0.16660126875681205,0.0,0.0,0.0,0.0,-7.927618651426549e-06
587,100,100,1.0,feasible,0.7605326120210002,0.793347119293426,0.832425486194687,0.07189287417368684,0.6086473591999999,0.6352121630879999,0.7093658888,0.10071852960000005,0.10165324133333334,0.15554788438836428,0.2358882473333333,0.13423500599999996,0.07990340297153366,0.15111319668044254,0.27350775518703563,0.19360435221550198,0.16662745767283416,0.0,0.0,0.0,0.0,2.6188916022101827e-05
588,100,100,1.0,feasible,0.7605326120210002,0.7916409252463679,0.8324682268501562,0.071935614829156,0.6086473591999999,0.632761198432,0.7093658888,0.10071852960000005,0.10165324133333334,0.15527034053120237,0.2358882473333333,0.13423500599999996,0.07975936526539387,0.1553299750279521,0.27350775518703563,0.19374838992164176,0.1666643994314652,0.0,0.0,0.0,0.00014403770613978517,3.694175863103166e-05
589,100,100,1.0,feasible,0.7605326120210002,0.7926376261812567,0.8324682268501562,0.071935614829156,0.6086473591999999,0.6333742083919999,0.7079779871999999,0.09933062800000003,0.10165324133333334,0.15565807325859285,0.24191874467238095,0.1402655033390476,0.07975936526539387,0.1520806884248769,0.27350775518703563,0.19374838992164176,0.16664182779177422,0.0,0.0,0.0,0.0,-2.2571639690965872e-05
590,100,100,1.0,feasible,0.7605326120210002,0.791820343368566,0.8324682268501562,0.071935614829156,0.6086473591999999,0.631193852976,0.7079779871999999,0.09933062800000003,0.10165324133333334,0.15830481679824998,0.24191874467238095,0.1402655033390476,0.07975936526539387,0.15359006237335845,0.27350775518703563,0.19374838992164176,0.16670968741601838,0.0,0.0,0.0,0.0,6.785962424415981e-05
591,100,100,1.0,feasible,0.7605326120210002,0.7934053141201401,0.8324682268501562,0.071935614829156,0.6086473591999999,0.6328555055599999,0.7079779871999999,0.09933062800000003,0.10165324133333334,0.1582186532670857,0.24191874467238095,0.1402655033390476,0.07975936526539387,0.14888833307574978,0.27350775518703563,0.19374838992164176,0.16670413420007135,0.0,0.0,0.0,0.0,-5.553215947029511e-06
592,100,100,1.0,feasible,0.7605326120210002,0.7914113420080932,0.8324682268501562,0.071935614829156,0.6086473591999999,0.6300715196159998,0.7079779871999999,0.09933062800000003,0.10165324133333334,0.1584593750843405,0.24191874467238095,0.1402655033390476,0.07975936526539387,0.15395058116674995,0.27350775518703563,0.19374838992164176,0.16670380653972428,0.0,0.0,0.0,0.0,-3.2766034707698566e-07
593,100,100,1.0,feasible,0.7605326120210002,0.7929417408569235,0.8324682268501562,0.071935614829156,0.6086473591999999,0.6323422383839999,0.7079779871999999,0.09933062800000003,0.10165324133333334,0.15663355629820713,0.24191874467238095,0.1402655033390476,0.07975936526539387,0.1496832753995694,0.27350775518703563,0.19374838992164176,0.16669370851528814,0.0,0.0,0.0,0.0,-1.0098024436133723e-05
594,100,100,1.0,feasible,0.7605326120210002,0.7934389173739383,0.8324682268501562,0.071935614829156,0.6086473591999999,0.633009481456,0.7079779871999999,0.09933062800000003,0.10165324133333334,0.15725363542676,0.23660449967095237,0.13495125833761903,0.07975936526539387,0.14769338290600698,0.27350775518703563,0.19374838992164176,0.1667027654802589,0.0,0.0,0.0,0.0,9.056964970749481e-06
595,100,100,1.0,feasible,0.7605326120210002,0.7940111136928123,0.8324682268501562,0.071935614829156,0.6086473591999999,0.6342739224239998,0.7079779871999999,0.09933062800000003,0.10165324133333334,0.15590200337734286,0.23660449967095237,0.13495125833761903,0.07975936526539387,0.14688410280087466,0.27350775518703563,0.19374838992164176,0.16669570912378565,0.0,0.0,0.0,0.0,-7.056356473245096e-06
596,100,100,1.0,feasible,0.7605326120210002,0.794266779506567,0.8323135824045488,0.07178097038354858,0.6086473591999999,0.6345536699359999,0.7075612295999999,0.09891387039999999,0.10165324133333334,0.15622780984625473,0.23926158217619045,0.1376083408428571,0.07958117111555744,0.1465216328980977,0.27350775518703563,0.19392658407147817,0.16669653554024016,0.0,0.0,0.0,0.00017819414983642756,8.264164545190855e-07
597,100,100,1.0,feasible,0.7605326120210002,0.792608349120925,0.8323135824045488,0.07178097038354858,0.6086473591999999,0.6338745969999999,0.7075612295999999,0.09891387039999999,0.10165324133333334,0.15702591119674528,0.23255402756380955,0.1309007862304762,0.07958117111555744,0.1528076815326821,0.27350775518703563,0.19392658407147817,0.16668773075679255,0.0,0.0,0.0,0.0,-8.804783447613485e-06
598,100,100,1.0,feasible,0.7605326120210002,0.793538298363944,0.8323135824045488,0.07178097038354858,0.6086473591999999,0.6345766339359998,0.7075612295999999,0.09891387039999999,0.10165324133333334,0.15413680929710238,0.23255402756380955,0.1309007862304762,0.07958117111555744,0.14885239958166485,0.27350775518703563,0.19392658407147817,0.16666639464656413,0.0,0.0,0.0,0.0,-2.1336110228420413e-05
599,100,100,1.0,feasible,0.7605326120210002,0.7918601520136747,0.8323135824045488,0.07178097038354858,0.6086376056,0.6327054219919999,0.7075612295999999,0.09892362399999988,0.10165324133333334,0.1551700391542738,0.23255402756380955,0.1309007862304762,0.07958117111555744,0.15408062662038405,0.27350775518703563,0.19392658407147817,0.16664154011704416,0.0,9.753599999884344e-06,0.0,0.0,-2.4854529519974244e-05
600,100,100,1.0,feasible,0.7605326120210002,0.7920950983683046,0.8323135824045488,0.07178097038354858,0.6086376056,0.6340071169599999,0.7075612295999999,0.09892362399999988,0.10165324133333334,0.15404512974388335,0.2268492296642857,0.12519598833095236,0.07958117111555744,0.15401383525111986,0.27350775518703563,0.19392658407147817,0.16665722854825626,0.0,0.0,0.0,0.0,1.56884312121075e-05
601,100,100,1.0,feasible,0.7605326120210002,0.7916559340885702,0.8323135824045488,0.07178097038354858,0.6086376056,0.6342373794319999,0.7075612295999999,0.09892362399999988,0.10165324133333334,0.15490901187495715,0.2268492296642857,0.12519598833095236,0.07958117111555744,0.15546414053257462,0.27350775518703563,0.19392658407147817,0.16665721643902864,0.0,0.0,0.0,0.0,-1.2109227620626939e-08
602,100,100,1.0,feasible,0.7605326120210002,0.792218603635777,0.8323135824045488,0.07178097038354858,0.6086368535999999,0.6346985927519999,0.7075612295999999,0.09892437600000004,0.10165324133333334,0.1552922343994524,0.2268492296642857,0.12519598833095236,0.07958117111555744,0.15366619891965635,0.27350775518703563,0.19392658407147817,0.16667536782134576,0.0,7.520000001592919e-07,0.0,0.0,1.8151382317116438e-05
603,100,100,1.0,feasible,0.7605326120210002,0.7910430057192193,0.8323135824045488,0.07178097038354858,0.6086368535999999,0.6328614628559999,0.7075612295999999,0.09892437600000004,0.10165324133333334,0.1570757892883024,0.2268492296642857,0.12519598833095236,0.07958117111555744,0.15721028780453805,0.27350775518703563,0.19392658407147817,0.1666828514899398,0.0,0.0,0.0,0.0,7.483668594043813e-06
604,100,100,1.0,feasible,0.7605326120210002,0.7928071779306858,0.8323135824045488,0.07178097038354858,0.6086368535999999,0.6347806974079999,0.7075612295999999,0.09892437600000004,0.10165324133333334,0.1568964874933048,0.2268492296642857,0.12519598833095236,0.07958117111555744,0.1512701263477278,0.27350775518703563,0.19392658407147817,0.16668320302461523,0.0,0.0,0.0,0.0,3.515346754245918e-07
605,100,100,1.0,feasible,0.7605326120210002,0.7928411473130659,0.8323135824045488,0.07178097038354858,0.6086185583999999,0.6339297854719999,0.7075612295999999,0.0989426712,0.10165324133333334,0.1568322254041381,0.2268492296642857,0.12519598833095236,0.07958117111555744,0.15026016198542658,0.27350775518703563,0.19392658407147817,0.16668435950777938,0.0,1.829519999996254e-05,0.0,0.0,1.1564831641497353e-06
606,100,100,1.0,feasible,0.7605326120210002,0.793196438435107,0.8323135824045488,0.07178097038354858,0.6086185583999999,0.6343493339759999,0.7075612295999999,0.0989426712,0.10165324133333334,0.15381252148251903,0.2268492296642857,0.12519598833095236,0.07958117111555744,0.14843656837781224,0.27350775518703563,0.19392658407147817,0.166703572559901,0.0,0.0,0.0,0.0,1.9213052121630492e-05
607,100,100,1.0,feasible,0.7605326120210002,0.7931484583267925,0.8323135824045488,0.07178097038354858,0.6086185583999999,0.6352098859599998,0.7075612295999999,0.0989426712,0.10165324133333334,0.15668160094406425,0.23230922480714286,0.13065598347380952,0.07958117111555744,0.14988884685722814,0.27350775518703563,0.19392658407147817,0.16672989992928358,0.0,0.0,0.0,0.0,2.632736938257274e-05
608,100,100,1.0,feasible,0.7605326120210002,0.7933501831955416,0.8323135824045488,0.07178097038354858,0.6085357423999999,0.6350948395679998,0.7075612295999999,0.09902548720000004,0.10165324133333334,0.15650480255141905,0.23230922480714286,0.13065598347380952,0.07958117111555744,0.14948732194936865,0.27350775518703563,0.19392658407147817,0.16674993279922365,0.0,8.281600000004108e-05,0.0,0.0,2.0032869940067588e-05
609,100,100,1.0,feasible,0.7605326120210002,0.7916804362243386,0.8323135824045488,0.07178097038354858,0.6085357423999999,0.6318526429279999,0.7075612295999999,0.09902548720000004,0.10165324133333334,0.15727521692926666,0.23230922480714286,0.13065598347380952,0.07958117111555744,0.15362861899136024,0.27350775518703563,0.19392658407147817,0.16677103172598323,0.0,0.0,0.0,0.0,2.1098926759582914e-05
610,100,100,1.0,feasible,0.7605326120210002,0.7916757453482285,0.8323135824045488,0.07178097038354858,0.6085121599999999,0.6314251977519999,0.7075612295999999,0.09904906960000004,0.10165324133333334,0.1563659018447095,0.2388494736519047,0.13719623231857137,0.07958117111555744,0.15264524698492693,0.27350775518703563,0.19392658407147817,0.16676244390476128,0.0,2.358239999999956e-05,0.0,0.0,-8.587821221955894e-06
611,100,100,1.0,feasible,0.7605326120210002,0.7924553699588369,0.8323135824045488,0.07178097038354858,0.6085121599999999,0.6325258592079999,0.7075612295999999,0.09904906960000004,0.10165324133333334,0.1552191171784762,0.2388494736519047,0.13719623231857137,0.07958117111555744,0.1508186860581111,0.27350775518703563,0.19392658407147817,0.16676881945791555,0.0,0.0,0.0,0.0,6.375553154275293e-06
612,100,100,1.0,feasible,0.7605326120210002,0.7928561916828005,0.8323135824045488,0.07178097038354858,0.6085121599999999,0.6329106104319998,0.7075612295999999,0.09904906960000004,0.10165324133333334,0.15540387543640477,0.2388494736519047,0.13719623231857137,0.07958117111555744,0.1499101342413269,0.27350775518703563,0.19392658407147817,0.16674052064969144,0.0,0.0,0.0,0.0,-2.8298808224108685e-05
613,100,100,1.0,feasible,0.7605326120210002,0.792972344833691,0.8323135824045488,0.07178097038354858,0.6085095808,0.633668310344,0.7075612295999999,0.09905164879999995,0.10165324133333334,0.1556346195185238,0.2388494736519047,0.13719623231857137,0.07958117111555744,0.1496609799583189,0.27350775518703563,0.19392658407147817,0.16674282236415747,0.0,2.5791999999080772e-06,0.0,0.0,2.3017144660242295e-06
614,100,100,1.0,feasible,0.7605326120210002,0.7928273768553887,0.8323135824045488,0.07178097038354858,0.6085095808,0.6339282863119999,0.7075612295999999,0.09905164879999995,0.10165324133333334,0.15479843945970714,0.24080479277666667,0.13915155144333333,0.07958117111555744,0.1505250483003573,0.27350775518703563,0.19392658407147817,0.16675790029553783,0.0,0.0,0.0,0.0,1.5077931380363951e-05
615,100,100,1.0,feasible,0.7605326120210002,0.7921786310214013,0.8323135824045488,0.07178097038354858,0.6085095808,0.6319669309039999,0.7075612295999999,0.09905164879999995,0.10165324133333334,0.15936719912976668,0.24080479277666667,0.13915155144333333,0.07958117111555744,0.15242772234757282,0.27350775518703563,0.19392658407147817,0.16675786658488342,0.0,0.0,0.0,0.0,-3.3710654406826634e-08
616,100,100,1.0,feasible,0.7605326120210002,0.7936314540168838,0.8323135824045488,0.07178097038354858,0.6085095808,0.634144106856,0.7075612295999999,0.09905164879999995,0.10165324133333334,0.15923376507564999,0.24080479277666667,0.13915155144333333,0.07958117111555744,0.14805058988972714,0.27350775518703563,0.19392658407147817,0.16671912865104455,0.0,0.0,0.0,0.0,-3.873793383887825e-05
617,100,100,1.0,feasible,0.7605326120210002,0.7933816261455009,0.8323135824045488,0.07178097038354858,0.6085095808,0.6346910470159998,0.7075612295999999,0.09905164879999995,0.10165324133333334,0.15859939061560477,0.24568826417357142,0.14403502284023809,0.07958117111555744,0.15041104193017604,0.27350775518703563,0.19392658407147817,0.1667110771503519,0.0,0.0,0.0,0.0,-8.05150069263516e-06
618,100,100,1.0,feasible,0.7605326120210002,0.7925557811757628,0.8323135824045488,0.07178097038354858,0.6085095808,0.634101728864,0.7075612295999999,0.09905164879999995,0.10165324133333334,0.1585366961477881,0.24568826417357142,0.14403502284023809,0.07958117111555744,0.15198751175265449,0.27350775518703563,0.19392658407147817,0.16668357404200868,0.0,0.0,0.0,0.0,-2.7503108343235327e-05
619,100,100,1.0,feasible,0.7605326120210002,0.7943818829121098,0.8323135824045488,0.07178097038354858,0.6085095808,0.6361253976319998,0.7075612295999999,0.09905164879999995,0.10165324133333334,0.15826846882305,0.24568826417357142,0.14403502284023809,0.07958117111555744,0.14769211774203572,0.27350775518703563,0.19392658407147817,0.16665633342620262,0.0,0.0,0.0,0.0,-2.7240615806056745e-05
620,100,100,1.0,feasible,0.7605326120210002,0.7939628555081717,0.8323135824045488,0.07178097038354858,0.6085095808,0.6358144753119999,0.7075612295999999,0.09905164879999995,0.10165324133333334,0.15966782942502858,0.24568826417357142,0.14403502284023809,0.07958117111555744,0.1486473942679446,0.27350775518703563,0.19392658407147817,0.16667453938645047,0.0,0.0,0.0,0.0,1.820596024784682e-05
621,100,100,1.0,feasible,0.7605326120210002,0.7935198341339192,0.8323135824045488,0.07178097038354858,0.6085012192,0.6343738103759999,0.7075612295999999,0.0990600103999999,0.10165324133333334,0.16138848136201428,0.24568826417357142,0.14403502284023809,0.07958117111555744,0.1484788824630031,0.27350775518703563,0.19392658407147817,0.1666952616744041,0.0,8.361599999950897e-06,0.0,0.0,2.0722287953633955e-05
622,100,100,1.0,feasible,0.7603859685521427,0.7925111850129941,0.8323135824045488,0.07192761385240609,0.6085012192,0.6338593678879999,0.7075612295999999,0.0990600103999999,0.10165324133333334,0.16016604334466905,0.24568826417357142,0.14403502284023809,0.07958117111555744,0.1525664590762829,0.2745181544882941,0.19493698337273663,0.16676138463710807,0.00014664346885751023,0.0,0.0,0.0,6.612296270397389e-05
623,100,100,1.0,feasible,0.7603859685521427,0.7939252911516929,0.8323135824045488,0.07192761385240609,0.6085012192,0.6350204674879999,0.7075612295999999,0.0990600103999999,0.10165324133333334,0.15863442669533806,0.24568826417357142,0.14403502284023809,0.07958117111555744,0.14854950107096912,0.2745181544882941,0.19493698337273663,0.1667162427558994,0.0,0.0,0.0,0.0,-4.514188120866014e-05
624,100,100,1.0,feasible,0.7603859685521427,0.7937188372106815,0.8323135824045488,0.07192761385240609,0.6085012192,0.635311942,0.7075612295999999,0.0990600103999999,0.10165324133333334,0.15697712296586905,0.24366976497095238,0.14201652363761905,0.07958117111555744,0.14914760921230882,0.2745181544882941,0.19493698337273663,0.16676129316808708,0.0,0.0,0.0,0.0,4.505041218766381e-05
625,100,100,1.0,feasible,0.7603859685521427,0.7925090024139675,0.8323135824045488,0.07192761385240609,0.6085012192,0.6341486507039998,0.7075612295999999,0.0990600103999999,0.10165324133333334,0.15950153234973097,0.24366976497095238,0.14201652363761905,0.07958117111555744,0.15219480987638853,0.2745181544882941,0.19493698337273663,0.16670691322068332,0.0,0.0,0.0,0.0,-5.437994740375984e-05
626,100,100,1.0,feasible,0.7603859685521427,0.7927723762388154,0.8323135824045488,0.07192761385240609,0.6084615999999998,0.6342670339679999,0.7075612295999999,0.09909962960000007,0.10165324133333334,0.1608064367171881,0.252221364887619,0.15056812355428564,0.07958117111555744,0.15141708216094155,0.2745181544882941,0.19493698337273663,0.16676315247135787,0.0,3.9619200000173826e-05,0.0,0.0,5.6239250674550156e-05
627,100,100,1.0,feasible,0.7603859685521427,0.7933747531317042,0.8323135824045488,0.07192761385240609,0.6084615999999998,0.63376204708,0.7075612295999999,0.09909962960000007,0.10165324133333334,0.1597699625510357,0.252221364887619,0.15056812355428564,0.07958117111555744,0.14943436291378953,0.2745181544882941,0.19493698337273663,0.1667605581840519,0.0,0.0,0.0,0.0,-2.594287305979215e-06
628,100,100,1.0,feasible,0.7603859685521427,0.7934560219315228,0.8323135824045488,0.07192761385240609,0.6084615999999998,0.6339974241599999,0.7075612295999999,0.09909962960000007,0.10165324133333334,0.16056927361743573,0.252221364887619,0.15056812355428564,0.07958117111555744,0.14922676994942363,0.2745181544882941,0.19493698337273663,0.16677752745522306,0.0,0.0,0.0,0.0,1.6969271171174416e-05
629,100,100,1.0,feasible,0.7603859685521427,0.7942701051575881,0.8323135824045488,0.07192761385240609,0.6084615999999998,0.635326748808,0.7075612295999999,0.09909962960000007,0.10165324133333334,0.15879685901537383,0.25297012864952384,0.1513168873161905,0.07958117111555744,0.14790035500150123,0.2745181544882941,0.19493698337273663,0.16679523057007076,0.0,0.0,0.0,0.0,1.7703114847694712e-05
630,100,100,1.0,feasible,0.7603859685521427,0.7936634246533408,0.8323135824045488,0.07192761385240609,0.6084336392,0.6341315975039999,0.7075612295999999,0.09912759039999985,0.10165324133333334,0.1617783179765762,0.2523556565907143,0.15070241525738096,0.07958117111555744,0.14974809245657103,0.2745181544882941,0.19493698337273663,0.16679917808835812,0.0,2.7960799999782182e-05,0.0,0.0,3.947518287361618e-06
631,100,100,1.0,feasible,0.7603859685521427,0.793891201601172,0.8323135824045488,0.07192761385240609,0.6084336392,0.6347640812959999,0.7075612295999999,0.09912759039999985,0.10165324133333334,0.1619786714030595,0.2523556565907143,0.15070241525738096,0.07958117111555744,0.14842309923121355,0.2745181544882941,0.19493698337273663,0.16676645222840522,0.0,0.0,0.0,0.0,-3.2725859952897896e-05
632,100,100,1.0,feasible,0.7603859685521427,0.7942501613651823,0.8323135824045488,0.07192761385240609,0.6084336392,0.6352772277679998,0.7075612295999999,0.09912759039999985,0.10165324133333334,0.1610499024996095,0.2523556565907143,0.15070241525738096,0.07958117111555744,0.1478848674429936,0.2745181544882941,0.19493698337273663,0.1667247997986295,0.0,0.0,0.0,0.0,-4.165242977571815e-05
633,100,100,1.0,feasible,0.7603859685521427,0.7934990918328013,0.8323135824045488,0.07192761385240609,0.6083967168,0.6351379087999999,0.7075612295999999,0.09916451279999994,0.10165324133333334,0.16418400342927622,0.2523556565907143,0.15070241525738096,0.07958117111555744,0.15033865753969217,0.2745181544882941,0.19493698337273663,0.16665084377996675,0.0,3.69224000000834e-05,0.0,0.0,-7.395601866275192e-05
634,100,100,1.0,feasible,0.7603859685521427,0.7921288445380497,0.8323135824045488,0.07192761385240609,0.6083967168,0.6336617670799999,0.7075612295999999,0.09916451279999994,0.10165324133333334,0.16308039068149285,0.2523556565907143,0.15070241525738096,0.07958117111555744,0.1546196612338276,0.2745181544882941,0.19493698337273663,0.16666670589335916,0.0,0.0,0.0,0.0,1.5862113392411947e-05
635,100,100,1.0,feasible,0.7603859685521427,0.7922666685704569,0.8323135824045488,0.07192761385240609,0.6083967168,0.6331462228959999,0.7075612295999999,0.09916451279999994,0.10162001058333334,0.16268469742647856,0.2523556565907143,0.15073564600738096,0.07958117111555744,0.15280524994182332,0.2745181544882941,0.19493698337273663,0.16667629159670844,0.0,0.0,3.323075000000175e-05,0.0,9.58570334927411e-06
636,100,100,1.0,feasible,0.7603859685521427,0.7909673668419583,0.8323135824045488,0.07192761385240609,0.6083966351999999,0.6317030939839998,0.7075612295999999,0.09916459440000003,0.10162001058333334,0.16493909916951668,0.2523556565907143,0.15073564600738096,0.07958117111555744,0.1566205288733948,0.2745181544882941,0.19493698337273663,0.16671218044513525,0.0,8.160000009027613e-08,0.0,0.0,3.5888848426812725e-05
637,100,100,1.0,feasible,0.7603859685521427,0.7908871161800358,0.8323135824045488,0.07192761385240609,0.6083966351999999,0.6324015540079998,0.7075612295999999,0.09916459440000003,0.10162001058333334,0.16484372647458337,0.2523556565907143,0.15073564600738096,0.07958117111555744,0.15741365301341426,0.2745181544882941,0.19493698337273663,0.16667369925912826,0.0,0.0,0.0,0.0,-3.848118600699446e-05
638,100,100,1.0,feasible,0.7603859685521427,0.7916296564735842,0.8323135824045488,0.07192761385240609,0.6083966351999999,0.6345145336479999,0.7075612295999999,0.09916459440000003,0.10162001058333334,0.16024083131248812,0.2523556565907143,0.15073564600738096,0.07958117111555744,0.15549126392362903,0.2745181544882941,0.19493698337273663,0.1666888103799798,0.0,0.0,0.0,0.0,1.511112085153532e-05
639,100,100,1.0,feasible,0.7603859685521427,0.7922120274222523,0.8323135824045488,0.07192761385240609,0.6083966351999999,0.6340930957679999,0.7075612295999999,0.09916459440000003,0.10162001058333334,0.16121946431589287,0.25747687097071426,0.15585686038738092,0.07958117111555744,0.15348441593646267,0.2745181544882941,0.19493698337273663,0.16668741951954397,0.0,0.0,0.0,0.0,-1.3908604358237042e-06
640,100,100,1.0,feasible,0.7603859685521427,0.7909724789283661,0.8323135824045488,0.07192761385240609,0.6083966351999999,0.6336657447359998,0.7075612295999999,0.09916459440000003,0.10162001058333334,0.15813371534073098,0.2523556565907143,0.15073564600738096,0.07958117111555744,0.157111621553759,0.2745181544882941,0.19493698337273663,0.16669199190954184,0.0,0.0,0.0,0.0,4.57238999787557e-06
641,100,100,1.0,feasible,0.7603859685521427,0.7908023228315281,0.8323135824045488,0.07192761385240609,0.6083966351999999,0.6339575476239999,0.7075612295999999,0.09916459440000003,0.10162001058333334,0.15903809136993194,0.2523556565907143,0.15073564600738096,0.07958117111555744,0.158535958104721,0.2745181544882941,0.19493698337273663,0.16669357495263687,0.0,0.0,0.0,0.0,1.5830430950269925e-06
642,100,100,1.0,feasible,0.7603859685521427,0.7919520908045976,0.8323135824045488,0.07192761385240609,0.6083966351999999,0.633576345536,0.7075612295999999,0.09916459440000003,0.10162001058333334,0.15951352161582955,0.2523556565907143,0.15073564600738096,0.07958117111555744,0.15394350201523713,0.2745181544882941,0.19493698337273663,0.16675151567760632,0.0,0.0,0.0,0.0,5.794072496945191e-05
643,100,100,1.0,feasible,0.7603859685521427,0.7918369542410132,0.8323135824045488,0.07192761385240609,0.6083963367999999,0.6321508686959999,0.7075612295999999,0.09916489279999996,0.10162001058333334,0.16029768707547618,0.26485987925190474,0.1632398686685714,0.07958117111555744,0.15383697183089104,0.2745181544882941,0.19493698337273663,0.16677340097596277,0.0,2.9839999993175326e-07,0.0,0.0,2.1885298356449923e-05
644,100,100,1.0,feasible,0.7603859685521427,0.7912623260321281,0.8323135824045488,0.07192761385240609,0.6083513295999998,0.6315762098239999,0.7075612295999999,0.09920990000000007,0.10162001058333334,0.16212626248762074,0.26485987925190474,0.1632398686685714,0.07958117111555744,0.15498300146016494,0.2745181544882941,0.19493698337273663,0.16678080632892361,0.0,4.500720000011338e-05,0.0,0.0,7.4053529608431035e-06
645,100,100,1.0,feasible,0.7603859685521427,0.7917336306219803,0.8323135824045488,0.07192761385240609,0.6083513295999998,0.632247701536,0.7075612295999999,0.09920990000000007,0.10162001058333334,0.161748676936535,0.26485987925190474,0.1632398686685714,0.07958117111555744,0.153939183844419,0.2745181544882941,0.19493698337273663,0.16682538870987815,0.0,0.0,0.0,0.0,4.458238095453315e-05
646,100,100,1.0,feasible,0.7603859685521427,0.7940590255219506,0.8323135824045488,0.07192761385240609,0.6083513295999998,0.6348963032159999,0.7075612295999999,0.09920990000000007,0.10162001058333334,0.1592075044420612,0.26485987925190474,0.1632398686685714,0.07958117111555744,0.1484570990474295,0.2745181544882941,0.19493698337273663,0.16685500295362055,0.0,0.0,0.0,0.0,2.9614243742398516e-05
647,100,100,1.0,feasible,0.7603859685521427,0.7934866403441299,0.8323135824045488,0.07192761385240609,0.6083513295999998,0.632891271888,0.7075612295999999,0.09920990000000007,0.10162001058333334,0.1612918696794993,0.26485987925190474,0.1632398686685714,0.07958117111555744,0.14933295513483957,0.2745181544882941,0.19493698337273663,0.16687118637894424,0.0,0.0,0.0,0.0,1.6183425323695877e-05
648,100,100,1.0,feasible,0.7603859685521427,0.7924234985122005,0.8323135824045488,0.07192761385240609,0.6083513295999998,0.6328136044079998,0.7075612295999999,0.09920990000000007,0.10162001058333334,0.1618749290208136,0.26485987925190474,0.1632398686685714,0.07958117111555744,0.15427688557211788,0.2745181544882941,0.19493698337273663,0.16686176378890205,0.0,0.0,0.0,0.0,-9.422590042190704e-06
649,100,100,1.0,feasible,0.7603859685521427,0.7931315708884936,0.8323135824045488,0.07192761385240609,0.6083513295999998,0.6345399852319998,0.7075612295999999,0.09920990000000007,0.10162001058333334,0.15856959480940166,0.26485987925190474,0.1632398686685714,0.07958117111555744,0.15206990581400404,0.2745181544882941,0.19493698337273663,0.16686249813981238,0.0,0.0,0.0,0.0,7.343509103308055e-07
650,100,100,1.0,feasible,0.7603859685521427,0.7910149423447228,0.8323135824045488,0.07192761385240609,0.6083513295999998,0.6313664709599999,0.7075612295999999,0.09920990000000007,0.10162001058333334,0.16316813525165885,0.26485987925190474,0.1632398686685714,0.07958117111555744,0.15633757529701517,0.2745181544882941,0.19493698337273663,0.1667693429115796,0.0,0.0,0.0,0.0,-9.315522823277744e-05
651,100,100,1.0,feasible,0.7603859685521427,0.7923047848315978,0.8323135824045488,0.07192761385240609,0.6083438687999999,0.6327201301199998,0.7075612295999999,0.09921736079999999,0.10162001058333334,0.15998632555511288,0.26485987925190474,0.1632398686685714,0.07958117111555744,0.15222267784997406,0.2745181544882941,0.19493698337273663,0.16679092116641983,0.0,7.460799999914336e-06,0.0,0.0,2.1578254840226574e-05
652,100,100,1.0,feasible,0.7603859685521427,0.7915344023764674,0.8323135824045488,0.07192761385240609,0.6083438687999999,0.6320508074799999,0.7075612295999999,0.09921736079999999,0.10162001058333334,0.16025936784851763,0.26485987925190474,0.1632398686685714,0.07958117111555744,0.15514097067352434,0.2745181544882941,0.19493698337273663,0.16679174695515728,0.0,0.0,0.0,0.0,8.257887374463202e-07
653,100,100,1.0,feasible,0.7603859685521427,0.7918053170713203,0.8323135824045488,0.07192761385240609,0.6083438687999999,0.6319580753439998,0.7075612295999999,0.09921736079999999,0.10162001058333334,0.16346785655553428,0.26485987925190474,0.1632398686685714,0.07958117111555744,0.1542453769092543,0.2745181544882941,0.19493698337273663,0.1667893080825022,0.0,0.0,0.0,0.0,-2.4388726550805817e-06
654,100,100,1.0,feasible,0.7603859685521427,0.7921158579988838,0.8323135824045488,0.07192761385240609,0.6083357055999998,0.6324415962399997,0.7075612295999999,0.09922552400000006,0.10162001058333334,0.15766450830071335,0.26485987925190474,0.1632398686685714,0.07958117111555744,0.15336820875406068,0.2745181544882941,0.19493698337273663,0.16681112287277902,0.0,8.16320000007753e-06,0.0,0.0,2.181479027682509e-05
655,100,100,1.0,feasible,0.7603859685521427,0.7925007882894668,0.8323135824045488,0.07192761385240609,0.6083357055999998,0.6322856941839999,0.7075612295999999,0.09922552400000006,0.10162001058333334,0.16097082309103475,0.26485987925190474,0.1632398686685714,0.07958117111555744,0.1513403411486693,0.2745181544882941,0.19493698337273663,0.1668176371579839,0.0,0.0,0.0,0.0,6.5142852048727384e-06
656,100,100,1.0,feasible,0.7603859685521427,0.7921658405987826,0.8323135824045488,0.07192761385240609,0.6083357055999998,0.6325247578800001,0.7075612295999999,0.09922552400000006,0.10162001058333334,0.15961318131681096,0.26485987925190474,0.1632398686685714,0.07958117111555744,0.15265305877936403,0.2745181544882941,0.19493698337273663,0.16682277376267285,0.0,0.0,0.0,0.0,5.136604688954494e-06
657,100,100,1.0,feasible,0.7603859685521427,0.7920588605759336,0.8323135824045488,0.07192761385240609,0.6083357055999998,0.6327848796159999,0.7075612295999999,0.09922552400000006,0.10162001058333334,0.1617684119717419,0.26485987925190474,0.1632398686685714,0.07958117111555744,0.15361843554534305,0.2745181544882941,0.19493698337273663,0.166825513550001,0.0,0.0,0.0,0.0,2.739787328148724e-06
658,100,100,1.0,feasible,0.7603859685521427,0.7929234976043467,0.8314232123733277,0.07103724382118504,0.6083357055999998,0.633036634528,0.7053157455999999,0.09698004000000005,0.10162001058333334,0.16103040721472378,0.26485987925190474,0.1632398686685714,0.07946497325865037,0.1504710630387523,0.2745181544882941,0.1950531812296437,0.16684751436817896,0.0,0.0,0.0,0.00011619785690707152,2.2000818177964065e-05
659,100,100,1.0,feasible,0.7603859685521427,0.7920989921345474,0.8314232123733277,0.07103724382118504,0.6083357055999998,0.633627874488,0.7053157455999999,0.09698004000000005,0.10162001058333334,0.16114493705321906,0.26485987925190474,0.1632398686685714,0.07946497325865037,0.1539827547058276,0.2745181544882941,0.1950531812296437,0.1668309771386202,0.0,0.0,0.0,0.0,-1.6537229558771793e-05
660,100,100,1.0,feasible,0.7603859685521427,0.7923294634878691,0.8314232123733277,0.07103724382118504,0.6083352287999999,0.633059918248,0.7053157455999999,0.09698051679999997,0.10162001058333334,0.1617358135858334,0.26485987925190474,0.1632398686685714,0.07946497325865037,0.15277382438309478,0.2745181544882941,0.1950531812296437,0.16685520685615263,0.0,4.767999999266692e-07,0.0,0.0,2.4229717532436856e-05
661,100,100,1.0,feasible,0.7603859685521427,0.7912418217239636,0.8314232123733277,0.07103724382118504,0.6083314287999999,0.631625170336,0.7053157455999999,0.09698431679999997,0.10162001058333334,0.1641071492723762,0.26485987925190474,0.1632398686685714,0.07946497325865037,0.15593851944309173,0.2745181544882941,0.1950531812296437,0.1668077337956041,0.0,3.7999999999982492e-06,0.0,0.0,-4.747306054853073e-05
662,100,100,1.0,feasible,0.7603859685521427,0.7921633051427627,0.8314232123733277,0.07103724382118504,0.6083314287999999,0.6336481298,0.7053157455999999,0.09698431679999997,0.10162001058333334,0.16036320288748332,0.26485987925190474,0.1632398686685714,0.07946497325865037,0.15418073772099886,0.2745181544882941,0.1950531812296437,0.16682191921618766,0.0,0.0,0.0,0.0,1.4185420583567865e-05
663,100,100,1.0,feasible,0.7603859685521427,0.7907374111427973,0.8314232123733277,0.07103724382118504,0.6083314287999999,0.63117148848,0.7053157455999999,0.09698431679999997,0.10162001058333334,0.16319917601163098,0.26485987925190474,0.1632398686685714,0.07946497325865037,0.15779803658085023,0.2745181544882941,0.1950531812296437,0.16683593262655355,0.0,0.0,0.0,0.0,1.4013410365887324e-05
664,100,100,1.0,feasible,0.7603859685521427,0.7926541681117331,0.8314232123733277,0.07103724382118504,0.6083314287999999,0.6326767675359999,0.7053157455999999,0.09698431679999997,0.10162001058333334,0.16265985797780716,0.26485987925190474,0.1632398686685714,0.07946497325865037,0.15145608472446637,0.2745181544882941,0.1950531812296437,0.16682833811258657,0.0,0.0,0.0,0.0,-7.5945139669797435e-06
665,100,100,1.0,feasible,0.7603859685521427,0.7929804862914902,0.830988059930581,0.07060209137843831,0.6083314287999999,0.6327544211839998,0.7046089087999999,0.09627748000000003,0.10162001058333334,0.16537338910773575,0.26485987925190474,0.1632398686685714,0.07937017330862244,0.15035571704023737,0.2745181544882941,0.19514798117967164,0.16682860490939858,0.0,0.0,0.0,9.479995002793784e-05,2.6679681200403316e-07
666,100,100,1.0,feasible,0.7603859685521427,0.7935927362426526,0.830988059930581,0.07060209137843831,0.6083314287999999,0.6350057798479999,0.7046313967999999,0.09629996799999996,0.10162001058333334,0.16165483238859288,0.26485987925190474,0.1632398686685714,0.07937017330862244,0.15038552267586353,0.2745181544882941,0.19514798117967164,0.16680990112568664,0.0,0.0,0.0,0.0,-1.8703783711937483e-05
667,100,100,1.0,feasible,0.7603859685521427,0.7914421857708476,0.830988059930581,0.07060209137843831,0.6083314287999999,0.6327540428239998,0.7046313967999999,0.09629996799999996,0.10075946734523808,0.16396383609333567,0.26485987925190474,0.16410041190666666,0.07937017330862244,0.15678499965465098,0.2745181544882941,0.19514798117967164,0.1669329647903192,0.0,0.0,0.0008605432380952571,0.0,0.00012306366463255003
668,100,100,1.0,feasible,0.7603859685521427,0.7916331958967784,0.830988059930581,0.07060209137843831,0.6083314287999999,0.6326756105519998,0.7046313967999999,0.09629996799999996,0.10075946734523808,0.16359271269630213,0.26485987925190474,0.16410041190666666,0.07937017330862244,0.15624842439174602,0.2745181544882941,0.19514798117967164,0.16695304359083885,0.0,0.0,0.0,0.0,2.007880051965727e-05
669,100,100,1.0,feasible,0.7603859685521427,0.7919800256623585,0.830988059930581,0.07060209137843831,0.6083314287999999,0.6331890803199998,0.7046313967999999,0.09629996799999996,0.10075946734523808,0.1621548259918643,0.26485987925190474,0.16410041190666666,0.07937017330862244,0.15581294814335417,0.2745181544882941,0.19514798117967164,0.16697061201837243,0.0,0.0,0.0,0.0,1.756842753358745e-05
670,100,100,1.0,feasible,0.7603859685521427,0.793382264216071,0.830988059930581,0.07060209137843831,0.6083314287999999,0.6347671556159998,0.7046313967999999,0.09629996799999996,0.10075946734523808,0.16113196284651907,0.26485987925190474,0.16410041190666666,0.07937017330862244,0.15151964114614683,0.2745181544882941,0.19514798117967164,0.1669690620243256,0.0,0.0,0.0,0.0,-1.5499940468344242e-06
671,100,100,1.0,feasible,0.7603859685521427,0.7933240870580643,0.830988059930581,0.07060209137843831,0.6083314287999999,0.6335083077279998,0.7046313967999999,0.09629996799999996,0.10075946734523808,0.16170137713457378,0.26485987925190474,0.16410041190666666,0.07937017330862244,0.1504290198605099,0.2745181544882941,0.19514798117967164,0.16697923186564767,0.0,0.0,0.0,0.0,1.0169841322071882e-05
672,100,100,1.0,feasible,0.7603859685521427,0.7926515256850329,0.830988059930581,0.07060209137843831,0.6082834511999999,0.6335732444559999,0.7046313967999999,0.09634794559999993,0.10075946734523808,0.16079236742188094,0.26485987925190474,0.16410041190666666,0.07937017330862244,0.15358951059406928,0.2745181544882941,0.19514798117967164,0.1670488809800582,0.0,4.797759999997098e-05,0.0,0.0,6.964911441054156e-05
673,100,100,1.0,feasible,0.7603859685521427,0.7924436751940418,0.830988059930581,0.07060209137843831,0.6082834511999999,0.6331117815839999,0.7046313967999999,0.09634794559999993,0.10075946734523808,0.16246740835508805,0.26485987925190474,0.16410041190666666,0.07937017330862244,0.15433956111117433,0.2745181544882941,0.19514798117967164,0.16705037270343998,0.0,0.0,0.0,0.0,1.49172338176351e-06
674,100,100,1.0,feasible,0.7603859685521427,0.7942817451345647,0.830988059930581,0.07060209137843831,0.6082834511999999,0.6344274151999998,0.7046313967999999,0.09634794559999993,0.10075946734523808,0.16105291312004524,0.26485987925190474,0.16410041190666666,0.07937017330862244,0.1475487469044354,0.2745181544882941,0.19514798117967164,0.1670036924381025,0.0,0.0,0.0,0.0,-4.668026533746761e-05
675,100,100,1.0,feasible,0.7603859685521427,0.7922308193945895,0.830988059930581,0.07060209137843831,0.6082834511999999,0.6331091902959999,0.7046313967999999,0.09634794559999993,0.10075946734523808,0.1638882505762738,0.26485987925190474,0.16410041190666666,0.07937017330862244,0.15438230882682974,0.2745181544882941,0.19514798117967164,0.1670078106668243,0.0,0.0,0.0,0.0,4.118228721788908e-06
676,100,100,1.0,feasible,0.7603859685521427,0.7927650125922244,0.830988059930581,0.07060209137843831,0.6082834511999999,0.6351459980959998,0.7046313967999999,0.09634794559999993,0.10075946734523808,0.16192305377042335,0.26485987925190474,0.16410041190666666,0.07936955057342858,0.15380381356895798,0.2745181544882941,0.1951486039148655,0.1670123169518056,0.0,0.0,0.0,6.227351938559167e-07,4.5062849813037875e-06
677,100,100,1.0,feasible,0.7603859685521427,0.7932444706033174,0.830988059930581,0.07060209137843831,0.6082834511999999,0.6343624598719998,0.7046313967999999,0.09634794559999993,0.10075946734523808,0.16316637937310474,0.26485987925190474,0.16410041190666666,0.07936955057342858,0.15250118250999797,0.2745181544882941,0.1951486039148655,0.16701650580111302,0.0,0.0,0.0,0.0,4.188849307418252e-06
678,100,100,1.0,feasible,0.7603859685521427,0.7921009594849389,0.8309879796103466,0.07060201105820396,0.6082834511999999,0.6348906324879998,0.7046313967999999,0.09634794559999993,0.10075946734523808,0.16412839055477618,0.2650417281792857,0.1642822608340476,0.07936955057342858,0.15620269027891476,0.2745181544882941,0.1951486039148655,0.16695945802821538,0.0,0.0,0.0,0.0,-5.704777289763929e-05
679,100,100,1.0,feasible,0.7603859685521427,0.7916262666099805,0.8309879796103466,0.07060201105820396,0.6082834511999999,0.6350027265679999,0.7046313967999999,0.09634794559999993,0.10075946734523808,0.16202022842710476,0.2650417281792857,0.1642822608340476,0.07936955057342858,0.15767880258500758,0.2745181544882941,0.1951486039148655,0.16698689549719387,0.0,0.0,0.0,0.0,2.74374689784862e-05
680,100,100,1.0,feasible,0.7603859685521427,0.7907372416487887,0.8307848719759999,0.07039890342385724,0.6082834511999999,0.6326231771919999,0.7038793367999999,0.09559588559999999,0.10075946734523808,0.1642504198318305,0.2650417281792857,0.1642822608340476,0.07934561578407728,0.15892784860649653,0.2745181544882941,0.1951725387042168,0.16698741791859212,0.0,0.0,0.0,2.3934789351295893e-05,5.224213982524262e-07
681,100,100,1.0,feasible,0.7603859685521427,0.7913508747806673,0.8307848719759999,0.07039890342385724,0.6082834511999999,0.6332993375359999,0.7038793367999999,0.09559588559999999,0.10075946734523808,0.16492019286943765,0.2650417281792857,0.1642822608340476,0.07934561578407728,0.15664787375703787,0.2745181544882941,0.1951725387042168,0.16703510414327782,0.0,0.0,0.0,0.0,4.7686224685705714e-05
682,100,100,1.0,feasible,0.7603859685521427,0.7913821230582737,0.8307848719759999,0.07039890342385724,0.6082834511999999,0.6326293095519998,0.7038793367999999,0.09559588559999999,0.10075946734523808,0.16561071723219956,0.2650417281792857,0.1642822608340476,0.07934561578407728,0.1562790854453879,0.2745181544882941,0.1951725387042168,0.1670286878487824,0.0,0.0,0.0,0.0,-6.416294495437125e-06
683,100,100,1.0,feasible,0.7603859685521427,0.7928939953272982,0.8308058962552108,0.07041992770306815,0.6082834511999999,0.6341954427759999,0.7038793367999999,0.09559588559999999,0.10075946734523808,0.1653460879157157,0.2650417281792857,0.1642822608340476,0.07934561578407728,0.1525454468470691,0.2745181544882941,0.1951725387042168,0.16703235508349187,0.0,0.0,0.0,0.0,3.667234709486822e-06
684,100,100,1.0,feasible,0.7603859685521427,0.792454511564893,0.8308058962552108,0.07041992770306815,0.6082834511999999,0.6338488085999999,0.7038793367999999,0.09559588559999999,0.10075946734523808,0.165785894360661,0.2650417281792857,0.1642822608340476,0.07934561578407728,0.15352685859627735,0.2745181544882941,0.1951725387042168,0.1669932973371946,0.0,0.0,0.0,0.0,-3.905774629728298e-05
685,100,100,1.0,feasible,0.7603859685521427,0.7932161210036104,0.8308058962552108,0.07041992770306815,0.6082834511999999,0.6341160373279999,0.7038793367999999,0.09559588559999999,0.10075946734523808,0.16388062119279428,0.273292152507619,0.17253268516238093,0.07934561578407728,0.15118580190462436,0.2745181544882941,0.1951725387042168,0.16700379157305498,0.0,0.0,0.0,0.0,1.0494235860386558e-05
686,100,100,1.0,feasible,0.7603859685521427,0.7924068482034778,0.8310075484450491,0.0706215798929064,0.6082834511999999,0.6323160754559999,0.705054196,0.09677074480000003,0.10075946734523808,0.1624127247918562,0.273292152507619,0.17253268516238093,0.07931099209591413,0.15273236272703392,0.2745181544882941,0.19520716239237995,0.1670169892959861,0.0,0.0,0.0,3.462368816314898e-05,1.31977229311242e-05
687,100,100,1.0,feasible,0.7603859685521427,0.7926083359688136,0.8310075484450491,0.0706215798929064,0.6082833423999999,0.6325628000079999,0.705054196,0.09677085360000004,0.10075946734523808,0.1609452484343348,0.273292152507619,0.17253268516238093,0.07931099209591413,0.15156445936668955,0.2745181544882941,0.19520716239237995,0.1670275162397047,0.0,1.0880000000934587e-07,0.0,0.0,1.0526943718586201e-05
688,100,100,1.0,feasible,0.7603859685521427,0.793616732395828,0.8310075484450491,0.0706215798929064,0.6082833423999999,0.6339419574399998,0.705054196,0.09677085360000004,0.10075946734523808,0.16041676655302525,0.273292152507619,0.17253268516238093,0.07931099209591413,0.14947011091330575,0.2745181544882941,0.19520716239237995,0.16701256219732208,0.0,0.0,0.0,0.0,-1.495404238260889e-05
689,100,100,1.0,feasible,0.7603859685521427,0.7927343709809359,0.8310075484450491,0.0706215798929064,0.6082833423999999,0.6332266206159999,0.705054196,0.09677085360000004,0.10075946734523808,0.16265746132847528,0.273292152507619,0.17253268516238093,0.07931099209591413,0.15268166331527533,0.2745181544882941,0.19520716239237995,0.1669555189729968,0.0,0.0,0.0,0.0,-5.704322432528719e-05
690,100,100,1.0,feasible,0.7603859685521427,0.7933597460520118,0.8310075484450491,0.0706215798929064,0.6082833423999999,0.6331317926239999,0.705054196,0.09677085360000004,0.10075946734523808,0.16106338268099665,0.273292152507619,0.17253268516238093,0.07931099209591413,0.14947481823380163,0.2745181544882941,0.19520716239237995,0.1669985082434514,0.0,0.0,0.0,0.0,4.298927045459644e-05
691,100,100,1.0,feasible,0.7603859685521427,0.7936253738379293,0.8310075484450491,0.0706215798929064,0.6082833423999999,0.6344721406799999,0.705054196,0.09677085360000004,0.10075946734523808,0.16303176589257284,0.273292152507619,0.17253268516238093,0.07931099209591413,0.1510672820874733,0.2745181544882941,0.19520716239237995,0.1669463310582746,0.0,0.0,0.0,0.0,-5.217718517677716e-05
692,100,100,1.0,feasible,0.7603859685521427,0.7934711979165576,0.8310075484450491,0.0706215798929064,0.6082767496,0.6338854053919999,0.7053759327999999,0.09709918319999988,0.10075946734523808,0.1643562762230005,0.273292152507619,0.17253268516238093,0.07931099209591413,0.15136320826248298,0.2745181544882941,0.19520716239237995,0.16695688031661166,0.0,6.592799999927124e-06,0.0,0.0,1.0549258337044787e-05
693,100,100,1.0,feasible,0.7603859685521427,0.7934512594561595,0.8310075484450491,0.0706215798929064,0.6082767496,0.6345182315999999,0.7053759327999999,0.09709918319999988,0.10075946734523808,0.1646341014735676,0.273292152507619,0.17253268516238093,0.07931099209591413,0.15091770571716057,0.2745181544882941,0.19520716239237995,0.1669499607357132,0.0,0.0,0.0,0.0,-6.919580898462341e-06
694,100,100,1.0,feasible,0.7603859685521427,0.7919556504351769,0.8310075484450491,0.0706215798929064,0.6082767496,0.6330474644799999,0.7053759327999999,0.09709918319999988,0.10075946734523808,0.16233372868666288,0.2667506951861905,0.1659912278409524,0.07931099209591413,0.15525511940884779,0.2745181544882941,0.19520716239237995,0.16695253356286874,0.0,0.0,0.0,0.0,2.5728271555447435e-06
695,100,100,1.0,feasible,0.7603859685521427,0.7931379186620272,0.8310075484450491,0.0706215798929064,0.6082767496,0.6345942052319999,0.7053759327999999,0.09709918319999988,0.10075946734523808,0.16162557536638428,0.2667506951861905,0.1659912278409524,0.07931099209591413,0.15253882065099902,0.2745181544882941,0.19520716239237995,0.16695354992115258,0.0,0.0,0.0,0.0,1.0163582838396135e-06
696,100,100,1.0,feasible,0.7603859685521427,0.7918262661093961,0.8307516952714842,0.07036572671934149,0.6082767496,0.6311652977439999,0.7053759327999999,0.09709918319999988,0.10075946734523808,0.1638857415320938,0.2667506951861905,0.1659912278409524,0.07928613010401833,0.15463573087683474,0.2745181544882941,0.19523202438427575,0.16701462421630822,0.0,0.0,0.0,2.4861991895802626e-05,6.107429515564422e-05
697,100,100,1.0,feasible,0.7603859685521427,0.7936771179033016,0.8307516952714842,0.07036572671934149,0.6082689039999999,0.6333405575919998,0.7053759327999999,0.0971070288,0.10075946734523808,0.16146707517826378,0.2667506951861905,0.1659912278409524,0.07928613010401833,0.15024238320021532,0.2745181544882941,0.19523202438427575,0.16701071808588525,0.0,7.845600000111475e-06,0.0,0.0,-3.90613042297594e-06
698,100,100,1.0,feasible,0.7603859685521427,0.7925949412816352,0.8307516952714842,0.07036572671934149,0.6082689039999999,0.6325566652639999,0.7053759327999999,0.0971070288,0.10075946734523808,0.16120829757593902,0.2667506951861905,0.1659912278409524,0.07928613010401833,0.15329651048299378,0.2745181544882941,0.19523202438427575,0.16702261713353536,0.0,0.0,0.0,0.0,1.1899047650115735e-05
699,100,100,1.0,feasible,0.7603859685521427,0.7927373628555983,0.8307516952714842,0.07036572671934149,0.6082689039999999,0.6331174274239999,0.7053759327999999,0.0971070288,0.10075946734523808,0.16105027654639908,0.2667506951861905,0.1659912278409524,0.07928613010401833,0.15319804753489177,0.2745181544882941,0.19523202438427575,0.16701126756257015,0.0,0.0,0.0,0.0,-1.1349570965213385e-05
700,100,100,1.0,feasible,0.7603859685521427,0.7928255396481956,0.8307516952714842,0.07036572671934149,0.6082689039999999,0.6334821854719999,0.7053759327999999,0.0971070288,0.10075946734523808,0.16002360287550002,0.2667506951861905,0.1659912278409524,0.07928613010401833,0.15297148731633642,0.2745181544882941,0.19523202438427575,0.16702914194958818,0.0,0.0,0.0,0.0,1.787438701802979e-05
701,100,100,1.0,feasible,0.7603859685521427,0.7941577263173042,0.8307516952714842,0.07036572671934149,0.6082652336,0.6350368557679998,0.7053759327999999,0.09711069919999993,0.10075946734523808,0.16121429151210712,0.2667506951861905,0.1659912278409524,0.07928613010401833,0.14910805066291527,0.2745181544882941,0.19523202438427575,0.1670356651285847,0.0,3.670399999933238e-06,0.0,0.0,6.523178996520329e-06
702,100,100,1.0,feasible,0.7603859685521427,0.7956561610808783,0.8307516952714842,0.07036572671934149,0.6082652336,0.636571820712,0.7053759327999999,0.09711069919999993,0.10075946734523808,0.16114249250220475,0.2667506951861905,0.1659912278409524,0.07928613010401833,0.14529780917192345,0.2745181544882941,0.19523202438427575,0.16703448218365535,0.0,0.0,0.0,0.0,-1.182944929345453e-06
703,100,100,1.0,feasible,0.7603859685521427,0.7947558683280136,0.8307516952714842,0.07036572671934149,0.6082652336,0.6357491739839998,0.7053759327999999,0.09711069919999993,0.10075946734523808,0.16020248185525165,0.26392378061785715,0.16316431327261907,0.07928613010401833,0.14748280482273352,0.2745181544882941,0.19523202438427575,0.16706492290765257,0.0,0.0,0.0,0.0,3.044072399721598e-05
704,100,100,1.0,feasible,0.7603859685521427,0.7936407546125268,0.8307516952714842,0.07036572671934149,0.6082652336,0.6338305884079999,0.7053759327999999,0.09711069919999993,0.10075946734523808,0.1612226900424286,0.26392378061785715,0.16316431327261907,0.07928613010401833,0.14966626588183607,0.2745181544882941,0.19523202438427575,0.16703035126754737,0.0,0.0,0.0,0.0,-3.4571640105202084e-05
705,100,100,1.0,feasible,0.7603859685521427,0.7938696802958156,0.8310275034447876,0.07064153489264491,0.6082652336,0.6344305926959999,0.7053955783999999,0.09713034479999993,0.10075946734523808,0.16114098585803024,0.26392378061785715,0.16316431327261907,0.07924907100620096,0.1489751923825054,0.2745181544882941,0.19526908348209313,0.1669673611366575,0.0,0.0,0.0,3.705909781737127e-05,-6.299013088986727e-05
706,100,100,1.0,feasible,0.7603859685521427,0.7918224874409152,0.8310275034447876,0.07064153489264491,0.6082652336,0.632807609408,0.7053955783999999,0.09713034479999993,0.10075946734523808,0.16373913375941598,0.26392378061785715,0.16316431327261907,0.07924907100620096,0.15483305411276363,0.2745181544882941,0.19526908348209313,0.16696343006249514,0.0,0.0,0.0,0.0,-3.931074162355497e-06
707,100,100,1.0,feasible,0.7603859685521427,0.7916020372699841,0.8310275034447876,0.07064153489264491,0.6082652336,0.6345045417039998,0.7053955783999999,0.09713034479999993,0.10075946734523808,0.16290722919645884,0.26392378061785715,0.16316431327261907,0.07924907100620096,0.15625506924404717,0.2745181544882941,0.19526908348209313,0.16695526657648446,0.0,0.0,0.0,0.0,-8.16348601068162e-06
708,100,100,1.0,feasible,0.7603859685521427,0.7919585570038198,0.8310275034447876,0.07064153489264491,0.608243204,0.6342419255439998,0.7053955783999999,0.09715237439999991,0.10075946734523808,0.16082677077940238,0.26392378061785715,0.16316431327261907,0.07924907100620096,0.1555105859984385,0.2745181544882941,0.19526908348209313,0.16696457352276456,0.0,2.2029599999973115e-05,0.0,0.0,9.30694628009654e-06
709,100,100,1.0,feasible,0.7603859685521427,0.791955192227862,0.8310275034447876,0.07064153489264491,0.608243204,0.6347779730239997,0.7053955783999999,0.09715237439999991,0.10075946734523808,0.163397231925165,0.26392378061785715,0.16316431327261907,0.07924907100620096,0.1564981161076606,0.2745181544882941,0.19526908348209313,0.1669568341209329,0.0,0.0,0.0,0.0,-7.739401831657888e-06
710,100,100,1.0,feasible,0.7603859685521427,0.7924124117942546,0.8310275034447876,0.07064153489264491,0.608243204,0.6350283589359998,0.7053955783999999,0.09715237439999991,0.10075946734523808,0.16027323285090309,0.259851766927381,0.1590922995821429,0.07924907100620096,0.15472582013304853,0.2745181544882941,0.19526908348209313,0.16696714023421869,0.0,0.0,0.0,0.0,1.0306113285785123e-05
711,100,100,1.0,feasible,0.7603859685521427,0.790877083979558,0.8310275034447876,0.07064153489264491,0.608243204,0.6335776824799999,0.7053955783999999,0.09715237439999991,0.10075946734523808,0.16387469065856738,0.259851766927381,0.1590922995821429,0.07924907100620096,0.1595365567567387,0.2745181544882941,0.19526908348209313,0.16698465106306776,0.0,0.0,0.0,0.0,1.751082884907107e-05
712,100,100,1.0,feasible,0.7603859685521427,0.7903303885772591,0.8310275034447876,0.07064153489264491,0.6082425175999999,0.632569262912,0.7053955783999999,0.09715306079999997,0.10075946734523808,0.1603261247752936,0.259851766927381,0.1590922995821429,0.07924907100620096,0.16003814544166142,0.2745181544882941,0.19526908348209313,0.16700918590465427,0.0,6.864000000605941e-07,0.0,0.0,2.453484158651542e-05
713,100,100,1.0,feasible,0.7603859685521427,0.7923926956464864,0.8310275034447876,0.07064153489264491,0.6082425175999999,0.6350139074399999,0.7053955783999999,0.09715306079999997,0.10075946734523808,0.1609916479610269,0.26199231798571426,0.16123285064047618,0.07924907100620096,0.15401603985878465,0.2745181544882941,0.19526908348209313,0.16699535731354373,0.0,0.0,0.0,0.0,-1.382859111054291e-05
714,100,100,1.0,feasible,0.7603859685521427,0.791219567737603,0.8310275034447876,0.07064153489264491,0.6082425175999999,0.6340732046079998,0.7053955783999999,0.09715306079999997,0.10075946734523808,0.16235577339859833,0.26199231798571426,0.16123285064047618,0.07924907100620096,0.15708414186131822,0.2745181544882941,0.19526908348209313,0.16698539716358887,0.0,0.0,0.0,0.0,-9.960149954857389e-06
715,100,100,1.0,feasible,0.7603859685521427,0.790629081854255,0.8310275034447876,0.07064153489264491,0.6082425175999999,0.6331357840479999,0.7053955783999999,0.09715306079999997,0.10075946734523808,0.16382165305291974,0.26199231798571426,0.16123285064047618,0.07924907100620096,0.15817756679626796,0.2745181544882941,0.19526908348209313,0.16699530661318074,0.0,0.0,0.0,0.0,9.909449591866126e-06
716,100,100,1.0,feasible,0.7603859685521427,0.7916095347565973,0.8310275034447876,0.07064153489264491,0.6082425175999999,0.6332322916239999,0.7053955783999999,0.09715306079999997,0.10075946734523808,0.16026677188099117,0.26199231798571426,0.16123285064047618,0.07924907100620096,0.15501845350137566,0.2745181544882941,0.19526908348209313,0.16698992792921682,0.0,0.0,0.0,0.0,-5.378683963913611e-06
717,100,100,1.0,feasible,0.7603859685521427,0.7917103212155301,0.8310275034447876,0.07064153489264491,0.6082425175999999,0.6340965687999999,0.7053955783999999,0.09715306079999997,0.10075946734523808,0.16177863469309287,0.26199231798571426,0.16123285064047618,0.07924907100620096,0.15543685931503595,0.2745181544882941,0.19526908348209313,0.16696954311878875,0.0,0.0,0.0,0.0,-2.0384810428070166e-05
718,100,100,1.0,feasible,0.7603859685521427,0.7925090516133815,0.8310275034447876,0.07064153489264491,0.6082425175999999,0.6346172408559998,0.7053955783999999,0.09715306079999997,0.10075946734523808,0.16201336628604524,0.26199231798571426,0.16123285064047618,0.07924907100620096,0.1537072287780197,0.2745181544882941,0.19526908348209313,0.16695675990499054,0.0,0.0,0.0,0.0,-1.2783213798217563e-05
719,100,100,1.0,feasible,0.7603859685521427,0.7921378279943488,0.8310275034447876,0.07064153489264491,0.6082425175999999,0.6338086912719999,0.7053955783999999,0.09715306079999997,0.10075946734523808,0.16398890265388097,0.26199231798571426,0.16123285064047618,0.07924907100620096,0.1555218324833096,0.2745181544882941,0.19526908348209313,0.16693459655230816,0.0,0.0,0.0,0.0,-2.2163352682375015e-05
720,100,100,1.0,feasible,0.7603859685521427,0.792685072412049,0.8310275034447876,0.07064153489264491,0.6082425175999999,0.63451852644,0.7053955783999999,0.09715306079999997,0.10075946734523808,0.16247295101455245,0.26199231798571426,0.16123285064047618,0.07924907100620096,0.1530483366251586,0.2745181544882941,0.19526908348209313,0.16692967217767612,0.0,0.0,0.0,0.0,-4.9243746320370985e-06
721,100,100,1.0,feasible,0.7603859685521427,0.7916026845708405,0.8310275034447876,0.07064153489264491,0.6082420543999999,0.63301894732,0.7053955783999999,0.09715352399999999,0.10075946734523808,0.16421731011848834,0.26636300227142856,0.16560353492619048,0.07924907100620096,0.15533019816025337,0.2745181544882941,0.19526908348209313,0.1669420549688273,0.0,4.632000000226455e-07,0.0,0.0,1.2382791151177575e-05
722,100,100,1.0,feasible,0.7603859685521427,0.7925404392888912,0.8310275034447876,0.07064153489264491,0.6082420543999999,0.632249976784,0.7053955783999999,0.09715352399999999,0.10075946734523808,0.16303980161564308,0.26636300227142856,0.16560353492619048,0.07924907100620096,0.15193182892300494,0.2745181544882941,0.19526908348209313,0.16695818446662558,0.0,0.0,0.0,0.0,1.6129497798278436e-05
723,100,100,1.0,feasible,0.7603859685521427,0.7915894787295277,0.8310275034447876,0.07064153489264491,0.6082420543999999,0.6322960582399999,0.7053955783999999,0.09715352399999999,0.10075946734523808,0.16277773428039807,0.26636300227142856,0.16560353492619048,0.07924907100620096,0.1552077402331372,0.2745181544882941,0.19526908348209313,0.16692729404700118,0.0,0.0,0.0,0.0,-3.0890419624396426e-05
724,100,100,1.0,feasible,0.7603859685521427,0.7921838370127151,0.8310275034447876,0.07064153489264491,0.6082420543999999,0.633245698552,0.7053955783999999,0.09715352399999999,0.10075946734523808,0.16248655833941691,0.26636300227142856,0.16560353492619048,0.07924907100620096,0.15404109890968198,0.2745181544882941,0.19526908348209313,0.16693197520072453,0.0,0.0,0.0,0.0,4.681153723345988e-06
725,100,100,1.0,feasible,0.7603859685521427,0.7928083764245722,0.8310275034447876,0.07064153489264491,0.6082420543999999,0.6349095780959999,0.7053955783999999,0.09715352399999999,0.10075946734523808,0.16270525520152643,0.26636300227142856,0.16560353492619048,0.07924907100620096,0.15314728634139785,0.2745181544882941,0.19526908348209313,0.1668838203618474,0.0,0.0,0.0,0.0,-4.8154838877129125e-05
726,100,100,1.0,feasible,0.7603859685521427,0.7916513943967697,0.8310275034447876,0.07064153489264491,0.6082420543999999,0.6332938103839999,0.7053955783999999,0.09715352399999999,0.10075946734523808,0.16345463025063595,0.26636300227142856,0.16560353492619048,0.07924907100620096,0.155466496643109,0.2745181544882941,0.19526908348209313,0.16691710665253173,0.0,0.0,0.0,0.0,3.32862906843312e-05
727,100,100,1.0,feasible,0.7603859685521427,0.7935834755559625,0.8310275034447876,0.07064153489264491,0.6082420543999999,0.6354440483599999,0.7053955783999999,0.09715352399999999,0.10075946734523808,0.16127214273283597,0.26636300227142856,0.16560353492619048,0.07924907100620096,0.14944809459078318,0.2745181544882941,0.19526908348209313,0.1669447287819211,0.0,0.0,0.0,0.0,2.7622129389365258e-05
728,100,100,1.0,feasible,0.7603859685521427,0.7923764842760714,0.8310275034447876,0.07064153489264491,0.6082420543999999,0.6351496713759999,0.7053955783999999,0.09715352399999999,0.10059741165476191,0.1596070184568238,0.2521428395404761,0.1515454278857142,0.07924907100620096,0.15362755333956063,0.2745181544882941,0.19526908348209313,0.16697213101454592,0.0,0.0,0.00016205569047617052,0.0,2.7402232624818e-05
729,100,100,1.0,feasible,0.7603859685521427,0.7927991514930319,0.8310275034447876,0.07064153489264491,0.6082420095999999,0.6354076636079998,0.7053955783999999,0.09715356880000003,0.10059741165476191,0.15901597932061193,0.2521428395404761,0.1515454278857142,0.07924907100620096,0.15203424308516156,0.2745181544882941,0.19526908348209313,0.1669458526240173,0.0,4.480000004303264e-08,0.0,0.0,-2.6278390528627904e-05
730,100,100,1.0,feasible,0.7603859685521427,0.7917972667861441,0.8310275034447876,0.07064153489264491,0.6082420095999999,0.6339599625679999,0.7053955783999999,0.09715356880000003,0.10059741165476191,0.15719364635158334,0.2521428395404761,0.1515454278857142,0.07924907100620096,0.15475615437012682,0.2745181544882941,0.19526908348209313,0.16694964660069472,0.0,0.0,0.0,0.0,3.7939766774353068e-06
731,100,100,1.0,feasible,0.7603859685521427,0.7919572041485706,0.8310275034447876,0.07064153489264491,0.6082420095999999,0.6335255860239999,0.7053955783999999,0.09715356880000003,0.10059741165476191,0.1591290585142595,0.2521428395404761,0.1515454278857142,0.07924907100620096,0.15345547207503257,0.2745181544882941,0.19526908348209313,0.16692991051764505,0.0,0.0,0.0,0.0,-1.9736083049670672e-05
732,100,100,1.0,feasible,0.7603859685521427,0.7927229396516842,0.8310275034447876,0.07064153489264491,0.6082420095999999,0.6342309591999999,0.7078576487999999,0.09961563920000005,0.10059741165476191,0.15984217471696666,0.2521428395404761,0.1515454278857142,0.07924907100620096,0.152428808747253,0.2745181544882941,0.19526908348209313,0.16697652052491735,0.0,0.0,0.0,0.0,4.661000727229636e-05
733,100,100,1.0,feasible,0.7603859685521427,0.792439335552823,0.8310275034447876,0.07064153489264491,0.6082420095999999,0.6342394575359999,0.7078576487999999,0.09961563920000005,0.10059741165476191,0.15964182502437382,0.2521428395404761,0.1515454278857142,0.07924907100620096,0.1533754079085637,0.2745181544882941,0.19526908348209313,0.16696844028827834,0.0,0.0,0.0,0.0,-8.080236639007587e-06
734,100,100,1.0,feasible,0.7603859685521427,0.7918707522578622,0.8310275034447876,0.07064153489264491,0.6082420095999999,0.634290871032,0.7078576487999999,0.09961563920000005,0.10059741165476191,0.15840974525889762,0.2521428395404761,0.1515454278857142,0.07924907100620096,0.15491022933097706,0.2745181544882941,0.19526908348209313,0.1670049349998827,0.0,0.0,0.0,0.0,3.64947116043568e-05
735,100,100,1.0,feasible,0.7603859685521427,0.7919428764455025,0.8310275034447876,0.07064153489264491,0.6082403999999999,0.6339855042159999,0.7078576487999999,0.0996172488,0.10059741165476191,0.15855025110364523,0.23727927695476186,0.13668186529999996,0.07924907100620096,0.1540814580916094,0.2745181544882941,0.19526908348209313,0.16701458452461543,0.0,1.6095999999521382e-06,0.0,0.0,9.649524732729953e-06
736,100,100,1.0,feasible,0.7603859685521427,0.7930189671027155,0.8313607511380879,0.07097478258594525,0.6082403999999999,0.635147703368,0.7078576487999999,0.0996172488,0.10059741165476191,0.15773949250603572,0.23727927695476186,0.13668186529999996,0.07924907100620096,0.1517498044350791,0.2745181544882941,0.19526908348209313,0.1670291427422754,0.0,0.0,0.0,0.0,1.4558217659971229e-05
737,100,100,1.0,feasible,0.7603859685521427,0.7935691145788638,0.8313607511380879,0.07097478258594525,0.6082403999999999,0.6361819959599999,0.7078576487999999,0.0996172488,0.10059741165476191,0.15683651126914047,0.23727927695476186,0.13668186529999996,0.07924907100620096,0.1502590146602336,0.2745181544882941,0.19526908348209313,0.1670545606425814,0.0,0.0,0.0,0.0,2.541790030599622e-05
738,100,100,1.0,feasible,0.7603859685521427,0.7930718276577191,0.8313607511380879,0.07097478258594525,0.6082403999999999,0.6344082268159998,0.7078576487999999,0.0996172488,0.10059741165476191,0.15611474789632382,0.23727927695476186,0.13668186529999996,0.0789448921655786,0.15038852104232497,0.2745181544882941,0.1955732623227155,0.1671369348274418,0.0,0.0,0.0,0.00030417884062236555,8.237418486040093e-05
739,100,100,1.0,feasible,0.7603859685521427,0.7931630274580087,0.8313607511380879,0.07097478258594525,0.6082403999999999,0.636501234776,0.7078576487999999,0.0996172488,0.10059741165476191,0.15570630998046428,0.24400147976428568,0.14340406810952377,0.0789448921655786,0.15134667088691248,0.2745181544882941,0.1955732623227155,0.1671354921819649,0.0,0.0,0.0,0.0,-1.442645476884552e-06
740,100,100,1.0,feasible,0.7603859685521427,0.7932822785228404,0.8313607511380879,0.07097478258594525,0.6082403999999999,0.6362148752879999,0.7078576487999999,0.0996172488,0.10059741165476191,0.15487272102197763,0.26219677677857145,0.16159936512380954,0.0789448921655786,0.15016406016469674,0.2745181544882941,0.1955732623227155,0.16713602077700054,0.0,0.0,0.0,0.0,5.285950356315183e-07
741,100,100,1.0,feasible,0.7603859685521427,0.7926459945118868,0.8313607511380879,0.07097478258594525,0.6082403999999999,0.6344640131759999,0.7078576487999999,0.0996172488,0.10059741165476191,0.15807585601922525,0.26219677677857145,0.16159936512380954,0.0789448921655786,0.15129396135646345,0.2745181544882941,0.1955732623227155,0.16712407447573313,0.0,0.0,0.0,0.0,-1.1946301267412585e-05
742,100,100,1.0,feasible,0.7603859685521427,0.7933841491183088,0.8313607511380879,0.07097478258594525,0.6082403999999999,0.6353670938959999,0.7078576487999999,0.0996172488,0.10059741165476191,0.15741289204415954,0.26219677677857145,0.16159936512380954,0.0789448921655786,0.14924317808856086,0.2745181544882941,0.1955732623227155,0.16712895109218406,0.0,0.0,0.0,0.0,4.876616450932847e-06
743,100,100,1.0,feasible,0.7603859685521427,0.7923945030514713,0.8313607511380879,0.07097478258594525,0.6082403999999999,0.6343325587279998,0.7078576487999999,0.0996172488,0.10059741165476191,0.16042331897461426,0.26219677677857145,0.16159936512380954,0.0789448921655786,0.15305945454869951,0.2745181544882941,0.1955732623227155,0.16711534070469705,0.0,0.0,0.0,0.0,-1.3610387487011932e-05
744,100,100,1.0,feasible,0.7603859685521427,0.7919327036915911,0.8313607511380879,0.07097478258594525,0.6082403999999999,0.6333738809279998,0.7078576487999999,0.0996172488,0.10059741165476191,0.15982583997297856,0.26219677677857145,0.16159936512380954,0.0789448921655786,0.1540425954372474,0.2745181544882941,0.1955732623227155,0.16709148586071443,0.0,0.0,0.0,0.0,-2.3854843982623608e-05
745,100,100,1.0,feasible,0.7603859685521427,0.7931436673861476,0.8313607511380879,0.07097478258594525,0.6082356911999999,0.6345121225199999,0.7078576487999999,0.09962195760000003,0.10059741165476191,0.15904727620274525,0.26219677677857145,0.16159936512380954,0.0789448921655786,0.14995204346528937,0.2745181544882941,0.1955732623227155,0.16711094469640397,0.0,4.7088000000306e-06,0.0,0.0,1.9458835689545317e-05
746,100,100,1.0,feasible,0.7603859685521427,0.7920850396403469,0.8313607511380879,0.07097478258594525,0.6082342759999999,0.6336049318639998,0.7078576487999999,0.0996233728,0.10059741165476191,0.16042105057828096,0.26219677677857145,0.16159936512380954,0.0789448921655786,0.15325681315277243,0.2745181544882941,0.1955732623227155,0.1671055360135616,0.0,1.415199999965644e-06,0.0,0.0,-5.408682842378276e-06
747,100,100,1.0,feasible,0.7603859685521427,0.7913696444133396,0.8313607511380879,0.07097478258594525,0.6081493128,0.6326677646799999,0.7078576487999999,0.09970833599999995,0.10059741165476191,0.15700886626209287,0.26219677677857145,0.16159936512380954,0.0789448921655786,0.15541192325575767,0.2745181544882941,0.1955732623227155,0.1671403044955302,0.0,8.49631999999545e-05,0.0,0.0,3.47684819685945e-05
748,100,100,1.0,feasible,0.7603859685521427,0.7923634416557654,0.8313607511380879,0.07097478258594525,0.6081493128,0.6331565977599999,0.7078576487999999,0.09970833599999995,0.10059741165476191,0.16096294075261905,0.26219677677857145,0.16159936512380954,0.0789448921655786,0.15228925525062098,0.2745181544882941,0.1955732623227155,0.16713218482793735,0.0,0.0,0.0,0.0,-8.119667592842994e-06
749,100,100,1.0,feasible,0.7603859685521427,0.7921551305068636,0.8313607511380879,0.07097478258594525,0.6081493128,0.633625896336,0.7078576487999999,0.09970833599999995,0.10059741165476191,0.16200257844021906,0.26219677677857145,0.16159936512380954,0.0789448921655786,0.15389883173009924,0.2745181544882941,0.1955732623227155,0.1671199084866547,0.0,0.0,0.0,0.0,-1.2276341282646541e-05
750,100,100,1.0,feasible,0.7603859685521427,0.7918887108855286,0.8313607511380879,0.07097478258594525,0.6081493128,0.632990793856,0.7078576487999999,0.09970833599999995,0.10059741165476191,0.15952953107761902,0.26219677677857145,0.16159936512380954,0.0789448921655786,0.15449038449226246,0.2745181544882941,0.1955732623227155,0.16715858550855062,0.0,0.0,0.0,0.0,3.8677021895916486e-05
751,100,100,1.0,feasible,0.7603859685521427,0.7923863612143093,0.8313607511380879,0.07097478258594525,0.6081493128,0.6338774475839999,0.7078576487999999,0.09970833599999995,0.10059741165476191,0.15896411028568813,0.26219677677857145,0.16159936512380954,0.0789448921655786,0.15306581369722955,0.2745181544882941,0.1955732623227155,0.16719087104672128,0.0,0.0,0.0,0.0,3.2285538170667705e-05
752,100,100,1.0,feasible,0.7603859685521427,0.7918934459491044,0.8313607511380879,0.07097478258594525,0.6081409183999998,0.633781557248,0.7078576487999999,0.09971673040000006,0.10059741165476191,0.1575282282912857,0.26219677677857145,0.16159936512380954,0.0789448921655786,0.15483603786163788,0.2745181544882941,0.1955732623227155,0.16717224041024278,0.0,8.394400000111268e-06,0.0,0.0,-1.8630636478500495e-05
753,100,100,1.0,feasible,0.7603859685521427,0.7927655546212478,0.8313607511380879,0.07097478258594525,0.6081409183999998,0.6355406672479998,0.7078576487999999,0.09971673040000006,0.10059741165476191,0.1562034989787714,0.26219677677857145,0.16159936512380954,0.0789448921655786,0.151794092290085,0.2745181544882941,0.1955732623227155,0.16721391813308475,0.0,0.0,0.0,0.0,4.167772284197069e-05
754,100,100,1.0,feasible,0.7603859685521427,0.7921500643372927,0.8313607511380879,0.07097478258594525,0.6081409183999998,0.6353854692559999,0.7078576487999999,0.09971673040000006,0.10059741165476191,0.15609350769715238,0.26219677677857145,0.16159936512380954,0.0789448921655786,0.15285446371780625,0.2745181544882941,0.1955732623227155,0.16721336175259555,0.0,0.0,0.0,0.0,-5.563804892083635e-07
755,100,100,1.0,feasible,0.7603859685521427,0.7911144803481416,0.8313607511380879,0.07097478258594525,0.6081409183999998,0.6339900325039998,0.7078576487999999,0.09971673040000006,0.10059741165476191,0.15598515776280475,0.26219677677857145,0.16159936512380954,0.0789448921655786,0.1561144328704879,0.2745181544882941,0.1955732623227155,0.1672214833778438,0.0,0.0,0.0,0.0,8.121625248241893e-06
756,100,100,1.0,feasible,0.7603859685521427,0.7915794989569706,0.8313607511380879,0.07097478258594525,0.6081409183999998,0.633276956232,0.7078576487999999,0.09971673040000006,0.10048932779761904,0.15701094617561664,0.26219677677857145,0.1617074489809524,0.0789448921655786,0.15442215663513936,0.2745181544882941,0.1955732623227155,0.1672304705866269,0.0,0.0,0.0001080838571428655,0.0,8.987208783117762e-06
757,100,100,1.0,feasible,0.7603859685521427,0.790842252631992,0.8313607511380879,0.07097478258594525,0.6081409183999998,0.6325021456559999,0.7078576487999999,0.09971673040000006,0.10047516149999998,0.15901327536768572,0.26219677677857145,0.16172161527857148,0.0789448921655786,0.1561270064182832,0.2745181544882941,0.1955732623227155,0.1672132266931356,0.0,0.0,1.4166297619064294e-05,0.0,-1.7243893491308837e-05
758,100,100,1.0,feasible,0.7603859685521427,0.7919611169736452,0.8313607511380879,0.07097478258594525,0.6081409183999998,0.634961086208,0.7078576487999999,0.09971673040000006,0.10047516149999998,0.15623614176096665,0.26219677677857145,0.16172161527857148,0.0789448921655786,0.154391147212852,0.2745181544882941,0.1955732623227155,0.16716968318349806,0.0,0.0,0.0,0.0,-4.354350963753362e-05
759,100,100,1.0,feasible,0.7603859685521427,0.7922584638637434,0.8313607511380879,0.07097478258594525,0.6081409183999998,0.6345932693919999,0.7078576487999999,0.09971673040000006,0.10047516149999998,0.15921536829337143,0.26219677677857145,0.16172161527857148,0.0789448921655786,0.15272438964406754,0.2745181544882941,0.1955732623227155,0.16716958012084526,0.0,0.0,0.0,0.0,-1.0306265280091154e-07
760,100,100,1.0,feasible,0.7603859685521427,0.7925959557235798,0.8313607511380879,0.07097478258594525,0.6081409183999998,0.633504367232,0.7078576487999999,0.09971673040000006,0.10047516149999998,0.15913086666009524,0.26219677677857145,0.16172161527857148,0.0789448921655786,0.15135701383025435,0.2745181544882941,0.1955732623227155,0.16716513462208546,0.0,0.0,0.0,0.0,-4.445498759803046e-06
761,100,100,1.0,feasible,0.7603859685521427,0.7939672143800255,0.8313607511380879,0.07097478258594525,0.6081409183999998,0.6366564754159999,0.7078576487999999,0.09971673040000006,0.10047516149999998,0.15698847356590478,0.26219677677857145,0.16172161527857148,0.07890186836591337,0.14723105668124994,0.2745181544882941,0.19561628612238072,0.16715331269658246,0.0,0.0,0.0,4.302379966522607e-05,-1.1821925503002761e-05
762,100,100,1.0,feasible,0.7603859685521427,0.7918705668219,0.8313607511380879,0.07097478258594525,0.6081319319999999,0.6336330719439999,0.7078576487999999,0.09972571679999997,0.10047516149999998,0.15887278502710717,0.26219677677857145,0.16172161527857148,0.07890186836591337,0.15352782311970975,0.2745181544882941,0.19561628612238072,0.1671498719659535,0.0,8.986399999910688e-06,0.0,0.0,-3.4407306289674366e-06
763,100,100,1.0,feasible,0.7603859685521427,0.7927454964217816,0.8313607511380879,0.07097478258594525,0.6081319319999999,0.634172362392,0.7078576487999999,0.09972571679999997,0.10047516149999998,0.15834669099434764,0.26219677677857145,0.16172161527857148,0.07890186836591337,0.1508045829011754,0.2745181544882941,0.19561628612238072,0.16714715651593953,0.0,0.0,0.0,0.0,-2.7154500139570104e-06
764,100,100,1.0,feasible,0.7603859685521427,0.791160408277955,0.8313607511380879,0.07097478258594525,0.6081319319999999,0.632691130664,0.7078576487999999,0.09972571679999997,0.10047516149999998,0.16060813772052382,0.26219677677857145,0.16172161527857148,0.07890186836591337,0.15587868535078772,0.2745181544882941,0.19561628612238072,0.1671753289200383,0.0,0.0,0.0,0.0,2.8172404098775194e-05
765,100,100,1.0,feasible,0.7603859685521427,0.791915780315002,0.8313607511380879,0.07097478258594525,0.6081319319999999,0.6324472706319999,0.7078576487999999,0.09972571679999997,0.10047516149999998,0.1613691272142595,0.26219677677857145,0.16172161527857148,0.07890186836591337,0.15254827228671997,0.2745181544882941,0.19561628612238072,0.16717142668451784,0.0,0.0,0.0,0.0,-3.9022355204643144e-06
766,100,100,1.0,feasible,0.7603859685521427,0.7909562580381281,0.8313607511380879,0.07097478258594525,0.6081319319999999,0.6320174300399999,0.7078576487999999,0.09972571679999997,0.10047516149999998,0.16375170290518815,0.26219677677857145,0.16172161527857148,0.07890186836591337,0.15609637071866378,0.2745181544882941,0.19561628612238072,0.16714896098067233,0.0,0.0,0.0,0.0,-2.2465703845508944e-05
767,100,100,1.0,feasible,0.7603859685521427,0.7921224164102698,0.8313607511380879,0.07097478258594525,0.6081319319999999,0.6333245673439998,0.7078576487999999,0.09972571679999997,0.10047516149999998,0.1625911800458071,0.26219677677857145,0.16172161527857148,0.07890186836591337,0.15217073294922018,0.2745181544882941,0.19561628612238072,0.16714924521371793,0.0,0.0,0.0,0.0,2.8423304559987983e-07
768,100,100,1.0,feasible,0.7603859685521427,0.7908366867031202,0.8313607511380879,0.07097478258594525,0.6081319319999999,0.6311800214879999,0.7078576487999999,0.09972571679999997,0.10047516149999998,0.16134751937265712,0.26219677677857145,0.16172161527857148,0.07890186836591337,0.15580470156303725,0.2745181544882941,0.19561628612238072,0.1671606808392856,0.0,0.0,0.0,0.0,1.1435625567657315e-05
769,100,100,1.0,feasible,0.7603859685521427,0.7913493129122845,0.8313607511380879,0.07097478258594525,0.6081319319999999,0.632824748,0.7078576487999999,0.09972571679999997,0.10047516149999998,0.1614980828531857,0.26219677677857145,0.16172161527857148,0.07890186836591337,0.15612956889419569,0.2745181544882941,0.19561628612238072,0.16711155368443725,0.0,0.0,0.0,0.0,-4.912715484833852e-05
770,100,100,1.0,feasible,0.7603859685521427,0.7905865677367311,0.8313607511380879,0.07097478258594525,0.6081319319999999,0.6313727724399999,0.7078576487999999,0.09972571679999997,0.10047516149999998,0.1643970045703786,0.26219677677857145,0.16172161527857148,0.07890186836591337,0.15759008638313646,0.2745181544882941,0.19561628612238072,0.1671184035776333,0.0,0.0,0.0,0.0,6.849893196048118e-06
771,100,100,1.0,feasible,0.7603859685521427,0.7907362552613678,0.8313607511380879,0.07097478258594525,0.6081319319999999,0.6315875607039999,0.7078576487999999,0.09972571679999997,0.10047516149999998,0.16040799072107856,0.26219677677857145,0.16172161527857148,0.07890186836591337,0.1566374671035906,0.2745181544882941,0.19561628612238072,0.16713215545573032,0.0,0.0,0.0,0.0,1.3751878097018055e-05
772,100,100,1.0,feasible,0.7603859685521427,0.7915783988810982,0.8313888897319169,0.07100292117977425,0.6081319319999999,0.6316996978319999,0.7078576487999999,0.09972571679999997,0.10047516149999998,0.16132930886334523,0.26219677677857145,0.16172161527857148,0.07888972849829033,0.15295977537560088,0.2745181544882941,0.19562842599000374,0.16713277555590014,0.0,0.0,0.0,1.2139867623037204e-05,6.201001698236119e-07
773,100,100,1.0,feasible,0.7603859685521427,0.7909993205370381,0.8313888897319169,0.07100292117977425,0.6081319319999999,0.6314110969199999,0.7078576487999999,0.09972571679999997,0.10047516149999998,0.16292362917513095,0.26219677677857145,0.16172161527857148,0.07888972849829033,0.15493391754671781,0.2745181544882941,0.19562842599000374,0.16711570617730306,0.0,0.0,0.0,0.0,-1.70693785970788e-05
774,100,100,1.0,feasible,0.7603859685521427,0.7910852544250259,0.8313888897319169,0.07100292117977425,0.6081317975999999,0.6307562313439999,0.7078576487999999,0.09972585119999999,0.10047516149999998,0.16313218977719046,0.26219677677857145,0.16172161527857148,0.07888972849829033,0.1539471669473677,0.2745181544882941,0.19562842599000374,0.16712636670752756,0.0,1.3440000001807562e-07,0.0,0.0,1.0660530224498865e-05
775,100,100,1.0,feasible,0.7603859685521427,0.7913101593061589,0.8313888897319169,0.07100292117977425,0.6081317975999999,0.6308376920959998,0.7078576487999999,0.09972585119999999,0.10047516149999998,0.1602791635714429,0.26219677677857145,0.16172161527857148,0.07888972849829033,0.1529728512907134,0.2745181544882941,0.19562842599000374,0.16714249118711527,0.0,0.0,0.0,0.0,1.612447958770913e-05
776,100,100,1.0,feasible,0.7603427658591038,0.7913047641393264,0.8313888897319169,0.07104612387281317,0.6081317975999999,0.6311095517039998,0.7078576487999999,0.09972585119999999,0.10047516149999998,0.1604450730879048,0.2648602435404762,0.16438508204047625,0.07888972849829033,0.15424552852154963,0.27513374938513524,0.1962440208868449,0.16714515944026817,4.320269303892399e-05,0.0,0.0,0.0,2.6682531528987585e-06
777,100,100,1.0,feasible,0.7603427658591038,0.7906753963999792,0.8313888897319169,0.07104612387281317,0.6081317975999999,0.6316988214559999,0.7078576487999999,0.09972585119999999,0.10047516149999998,0.16215370496134285,0.2648602435404762,0.16438508204047625,0.07888972849829033,0.15644091313138747,0.27513374938513524,0.1962440208868449,0.16714231874857102,0.0,0.0,0.0,0.0,-2.8406916971479568e-06
778,100,100,1.0,feasible,0.7603427658591038,0.7924386075715557,0.8313888897319169,0.07104612387281317,0.6081305416,0.6334385004479999,0.7078576487999999,0.09972710719999989,0.10047516149999998,0.15970435620327858,0.2648602435404762,0.16438508204047625,0.07888972849829033,0.15128860829625077,0.27513374938513524,0.1962440208868449,0.167143947346784,0.0,1.2559999998940086e-06,0.0,0.0,1.6285982129826682e-06
779,100,100,1.0,feasible,0.7603427658591038,0.7916562377199868,0.8313888897319169,0.07104612387281317,0.6081305416,0.6317990497599998,0.7078576487999999,0.09972710719999989,0.10047516149999998,0.1613126430062143,0.26219677677857145,0.16172161527857148,0.07888972849829033,0.15307510487802586,0.27513374938513524,0.1962440208868449,0.16713466930103163,0.0,0.0,0.0,0.0,-9.278045752375563e-06
780,100,100,1.0,feasible,0.7603427658591038,0.7908468074014964,0.8313888897319169,0.07104612387281317,0.6081305416,0.63149661348,0.7078576487999999,0.09972710719999989,0.10047516149999998,0.16189227709736906,0.26219677677857145,0.16172161527857148,0.07888972849829033,0.15597018627910889,0.27513374938513524,0.1962440208868449,0.16716513612759565,0.0,0.0,0.0,0.0,3.0466826564018445e-05
781,100,100,1.0,feasible,0.7603427658591038,0.7902297156750911,0.8313888897319169,0.07104612387281317,0.6081305416,0.6310126097359999,0.7078576487999999,0.09972710719999989,0.10047516149999998,0.16148998566349046,0.26219677677857145,0.16172161527857148,0.07888972849829033,0.15865205386369619,0.27513374938513524,0.1962440208868449,0.16719373790370862,0.0,0.0,0.0,0.0,2.8601776112968658e-05
782,100,100,1.0,feasible,0.7603427658591038,0.7921474441796176,0.8313888897319169,0.07104612387281317,0.6081305416,0.63272089668,0.7078576487999999,0.09972710719999989,0.10047516149999998,0.1618687505900857,0.26219677677857145,0.16172161527857148,0.07888972849829033,0.15340032867841275,0.27513374938513524,0.1962440208868449,0.16721080807702746,0.0,0.0,0.0,0.0,1.707017331883942e-05
783,100,100,1.0,feasible,0.7603427658591038,0.792749971434427,0.8313888897319169,0.07104612387281317,0.6081260319999999,0.63339573028,0.7078576487999999,0.09973161679999998,0.10047516149999998,0.16182223202029283,0.26219677677857145,0.16172161527857148,0.07888972849829033,0.15166144350959962,0.27513374938513524,0.1962440208868449,0.16722934101691284,0.0,4.509600000091041e-06,0.0,0.0,1.8532939885379518e-05
784,100,100,1.0,feasible,0.7603427658591038,0.7918319429674008,0.8313888897319169,0.07104612387281317,0.6081248551999999,0.6322342298159999,0.7078576487999999,0.09973279359999998,0.1001473251904762,0.16096451193108333,0.26219677677857145,0.16204945158809525,0.07888972849829033,0.15459952678967512,0.27513374938513524,0.1962440208868449,0.16727027990000892,0.0,1.1768000000023093e-06,0.0003278363095237796,0.0,4.093888309608662e-05
785,100,100,1.0,feasible,0.7603427658591038,0.7924885673573685,0.8313888897319169,0.07104612387281317,0.6081248551999999,0.63263552212,0.7078576487999999,0.09973279359999998,0.1001473251904762,0.16462699954989282,0.26219677677857145,0.16204945158809525,0.07888972849829033,0.15234379450182395,0.27513374938513524,0.1962440208868449,0.16725330444598546,0.0,0.0,0.0,0.0,-1.6975454023460124e-05
786,100,100,1.0,feasible,0.7603427658591038,0.7924926235579858,0.8316302974726596,0.07128753161355583,0.6081139928,0.6317378525359999,0.7085320711999998,0.10041807839999983,0.1001473251904762,0.166055575432319,0.26219677677857145,0.16204945158809525,0.0788346713370716,0.15227952767603894,0.27513374938513524,0.19629907804806362,0.16728122690069497,0.0,1.0862399999922445e-05,0.0,5.5057161218730055e-05,2.792245470950583e-05
787,100,100,1.0,feasible,0.7603427658591038,0.7914413810388432,0.8316302974726596,0.07128753161355583,0.6081139928,0.631043588488,0.7085320711999998,0.10041807839999983,0.1001473251904762,0.16513118153871187,0.26219677677857145,0.16204945158809525,0.0788346713370716,0.15550953160388953,0.27513374938513524,0.19629907804806362,0.16724979515010613,0.0,0.0,0.0,0.0,-3.143175058883951e-05
788,100,100,1.0,feasible,0.7603427658591038,0.7911091907138994,0.8316302974726596,0.07128753161355583,0.6081139928,0.6318630859919999,0.7085320711999998,0.10041807839999983,0.09913766354761905,0.1643061603311619,0.26219677677857145,0.1630591132309524,0.0788346713370716,0.15586224685548888,0.27513374938513524,0.19629907804806362,0.16740019431754088,0.0,0.0,0.0010096616428571514,0.0,0.000150399167434756
789,100,100,1.0,feasible,0.7603427658591038,0.7903738375778349,0.8316302974726596,0.07128753161355583,0.6081139928,0.6293990760479999,0.7085320711999998,0.10041807839999983,0.09913766354761905,0.16594556819203332,0.26219677677857145,0.1630591132309524,0.0788346713370716,0.1567480991338476,0.27513374938513524,0.19629907804806362,0.1674491976510077,0.0,0.0,0.0,0.0,4.9003333466801635e-05
790,100,100,1.0,feasible,0.7603427658591038,0.7910351436144977,0.8316302974726596,0.07128753161355583,0.6081139928,0.630725755776,0.7085320711999998,0.10041807839999983,0.09913766354761905,0.16254375987734285,0.26219677677857145,0.1630591132309524,0.0788346713370716,0.1554520835447437,0.27513374938513524,0.19629907804806362,0.16746344936034283,0.0,0.0,0.0,0.0,1.4251709335139084e-05
791,100,100,1.0,feasible,0.7603427658591038,0.791606145120611,0.8316302974726596,0.07128753161355583,0.6081139928,0.632878889768,0.7085320711999998,0.10041807839999983,0.09913766354761905,0.16021498334481904,0.26219677677857145,0.1630591132309524,0.07842289753664193,0.15480038026603002,0.27513374938513524,0.1967108518484933,0.16751305274102635,0.0,0.0,0.0,0.00041177380042967116,4.960338068352166e-05
792,100,100,1.0,feasible,0.7603427658591038,0.7923194128259466,0.8316302974726596,0.07128753161355583,0.6081139928,0.634444561224,0.7085320711999998,0.10041807839999983,0.09913766354761905,0.1605292686648667,0.26219677677857145,0.1630591132309524,0.07842289753664193,0.15375005199630873,0.27513374938513524,0.1967108518484933,0.16749420237559035,0.0,0.0,0.0,0.0,-1.8850365436001715e-05
793,100,100,1.0,feasible,0.7603427658591038,0.7921450989883665,0.8316302974726596,0.07128753161355583,0.6081139928,0.6340644070559999,0.7085320711999998,0.10041807839999983,0.09913766354761905,0.15709229717775716,0.2579257355309523,0.15878807198333328,0.07842289753664193,0.15410490116479694,0.27513374938513524,0.1967108518484933,0.16752543233582337,0.0,0.0,0.0,0.0,3.122996023302571e-05
794,100,100,1.0,feasible,0.7603427658591038,0.7922384547320042,0.8316302974726596,0.07128753161355583,0.6081139928,0.633842198272,0.7085320711999998,0.10041807839999983,0.09913766354761905,0.1549975679059,0.2579257355309523,0.15878807198333328,0.07842289753664193,0.15260065316906604,0.27513374938513524,0.1967108518484933,0.1675273528742791,0.0,0.0,0.0,0.0,1.9205384557408056e-06
795,100,100,1.0,feasible,0.7603427658591038,0.7924955462307921,0.8316302974726596,0.07128753161355583,0.6081139928,0.634246853632,0.7085320711999998,0.10041807839999983,0.09913766354761905,0.1570316622935357,0.2579257355309523,0.15878807198333328,0.07842289753664193,0.1513432935720208,0.27513374938513524,0.1967108518484933,0.16753809127765187,0.0,0.0,0.0,0.0,1.0738403372761995e-05
796,100,100,1.0,feasible,0.7603427658591038,0.7914847062198036,0.8316302974726596,0.07128753161355583,0.6081139928,0.6331184540639999,0.7085320711999998,0.10041807839999983,0.09913766354761905,0.15840593736479763,0.2579257355309523,0.15878807198333328,0.07842289753664193,0.1532252349324954,0.27513374938513524,0.1967108518484933,0.16754019084892907,0.0,0.0,0.0,0.0,2.0995712771976205e-06
797,100,100,1.0,feasible,0.7603427658591038,0.7918502471089947,0.8316302974726596,0.07128753161355583,0.6081139928,0.6343597200399999,0.7085320711999998,0.10041807839999983,0.09913766354761905,0.15540809270089284,0.2579257355309523,0.15878807198333328,0.07842289753664193,0.1524833846084758,0.27513374938513524,0.1967108518484933,0.16754189478001358,0.0,0.0,0.0,0.0,1.7039310845068378e-06
798,100,100,1.0,feasible,0.7603427658591038,0.7909684099497671,0.8316302974726596,0.07128753161355583,0.6081139928,0.6342915675759999,0.7085320711999998,0.10041807839999983,0.09913766354761905,0.15635584690939286,0.26322097315952386,0.16408330961190482,0.07842289753664193,0.15575655265376775,0.27513374938513524,0.1967108518484933,0.16752032992006047,0.0,0.0,0.0,0.0,-2.1564859953110416e-05
799,100,100,1.0,feasible,0.7603427658591038,0.7918390662733503,0.8316302974726596,0.07128753161355583,0.6081139928,0.6346844180959998,0.7085320711999998,0.10041807839999983,0.09913766354761905,0.1557027834557024,0.26322097315952386,0.16408330961190482,0.07842289753664193,0.1530076152566806,0.27513374938513524,0.1967108518484933,0.167577200951067,0.0,0.0,0.0,0.0,5.687103100654456e-05
800,100,100,1.0,feasible,0.7603427658591038,0.7911801250937505,0.8316302974726596,0.07128753161355583,0.6081139928,0.6337979044319999,0.7085320711999998,0.10041807839999983,0.09913766354761905,0.1584871983329738,0.26322097315952386,0.16408330961190482,0.07842289753664193,0.15536198388204542,0.27513374938513524,0.1967108518484933,0.16756357956368417,0.0,0.0,0.0,0.0,-1.3621387382839467e-05
801,100,100,1.0,feasible,0.7603427658591038,0.7933452263818392,0.8316302974726596,0.07128753161355583,0.6081139928,0.6354063093279999,0.7085320711999998,0.10041807839999983,0.09913766354761905,0.15488601987387857,0.26322097315952386,0.16408330961190482,0.07842289753664193,0.14821014991826906,0.27513374938513524,0.1967108518484933,0.16757539982821568,0.0,0.0,0.0,0.0,1.1820264531503533e-05
802,100,100,1.0,feasible,0.7603427658591038,0.7934152688120278,0.8316302974726596,0.07128753161355583,0.6081139928,0.6354904761039999,0.7085320711999998,0.10041807839999983,0.09913766354761905,0.16047851247107453,0.26322097315952386,0.16408330961190482,0.07842289753664193,0.14923118882588343,0.27513374938513524,0.1967108518484933,0.16753448632896883,0.0,0.0,0.0,0.0,-4.0913499246841845e-05
803,100,100,1.0,feasible,0.7603427658591038,0.7917527032712399,0.8316302974726596,0.07128753161355583,0.6081139928,0.634076928816,0.7085320711999998,0.10041807839999983,0.09913766354761905,0.1601326153366555,0.26322097315952386,0.16408330961190482,0.07842289753664193,0.15395091802881425,0.27513374938513524,0.1967108518484933,0.1675302677226243,0.0,0.0,0.0,0.0,-4.218606344530418e-06
804,100,100,1.0,feasible,0.7603427658591038,0.7929392895792996,0.8316302974726596,0.07128753161355583,0.6081139928,0.635883875032,0.7085320711999998,0.10041807839999983,0.09913766354761905,0.15772626156527855,0.26322097315952386,0.16408330961190482,0.07842289753664193,0.15164240821489203,0.27513374938513524,0.1967108518484933,0.16753532893866777,0.0,0.0,0.0,0.0,5.061216043461547e-06
805,100,100,1.0,feasible,0.7603427658591038,0.7929725569218427,0.8316302974726596,0.07128753161355583,0.6081139928,0.634879401128,0.7085320711999998,0.10041807839999983,0.09913766354761905,0.1592668137212238,0.26322097315952386,0.16408330961190482,0.07842289753664193,0.15017811850404994,0.27513374938513524,0.1967108518484933,0.16753648587870051,0.0,0.0,0.0,0.0,1.1569400327482438e-06
806,100,100,1.0,feasible,0.7603427658591038,0.793187719416392,0.8316302974726596,0.07128753161355583,0.6081139928,0.6350749310959999,0.7085320711999998,0.10041807839999983,0.09913766354761905,0.16052794708706666,0.26322097315952386,0.16408330961190482,0.07842289753664193,0.1496635988035584,0.27513374938513524,0.1967108518484933,0.1675247005832436,0.0,0.0,0.0,0.0,-1.1785295456923084e-05
807,100,100,1.0,feasible,0.7603427658591038,0.7948191635271136,0.8316302974726596,0.07128753161355583,0.6081139928,0.6375311038959999,0.7085320711999998,0.10041807839999983,0.09913766354761905,0.15517041595305714,0.26322097315952386,0.16408330961190482,0.07842289753664193,0.14550617061046256,0.27513374938513524,0.1967108518484933,0.16754296147113187,0.0,0.0,0.0,0.0,1.826088788828284e-05
808,100,100,1.0,feasible,0.7603427658591038,0.7927663478380689,0.8316302974726596,0.07128753161355583,0.6081139928,0.6354780297679998,0.7085320711999998,0.10041807839999983,0.09913766354761905,0.1559497713831762,0.26322097315952386,0.16408330961190482,0.07842289753664193,0.15174897575109167,0.27513374938513524,0.1967108518484933,0.16752583896442755,0.0,0.0,0.0,0.0,-1.712250670432569e-05
809,100,100,1.0,feasible,0.7603427658591038,0.7934477389287146,0.8308087785394098,0.07046601268030606,0.6081139928,0.6359898330239999,0.7056900127999999,0.09757601999999987,0.09913766354761905,0.1552535434932881,0.26322097315952386,0.16408330961190482,0.07842289753664193,0.14922877921140343,0.27513374938513524,0.1967108518484933,0.16753458198590154,0.0,0.0,0.0,0.0,8.74302147399475e-06
810,100,100,1.0,feasible,0.7603427658591038,0.7938216357769522,0.8308087785394098,0.07046601268030606,0.6081139928,0.6359903746319999,0.7056900127999999,0.09757601999999987,0.09913766354761905,0.15846326759393334,0.2640195343166667,0.16488187076904764,0.07842289753664193,0.14823546672325472,0.27513374938513524,0.1967108518484933,0.1675511329957373,0.0,0.0,0.0,0.0,1.6551009835746866e-05
811,100,100,1.0,feasible,0.7603427658591038,0.7924203605567475,0.8308087785394098,0.07046601268030606,0.6081005904,0.6335833580319999,0.7056900127999999,0.0975894223999999,0.09913766354761905,0.16080361730890477,0.2640195343166667,0.16488187076904764,0.07842289753664193,0.15196552105100866,0.27513374938513524,0.1967108518484933,0.16755385281656412,0.0,1.3402400000028791e-05,0.0,0.0,2.7198208268353063e-06
812,100,100,1.0,feasible,0.7603427658591038,0.7914194211623324,0.8308087785394098,0.07046601268030606,0.6081005904,0.632270158128,0.7056900127999999,0.0975894223999999,0.09913766354761905,0.1625504721832952,0.2640195343166667,0.16488187076904764,0.07842289753664193,0.15473598563995197,0.27513374938513524,0.1967108518484933,0.16752590017877644,0.0,0.0,0.0,0.0,-2.7952637787681534e-05
813,100,100,1.0,feasible,0.7603427658591038,0.791722219602149,0.8308087785394098,0.07046601268030606,0.6081005904,0.632610206704,0.7056900127999999,0.0975894223999999,0.09913766354761905,0.16332270150885478,0.2640195343166667,0.16488187076904764,0.07842289753664193,0.15412343877658835,0.27513374938513524,0.1967108518484933,0.16752175842135403,0.0,0.0,0.0,0.0,-4.141757422415626e-06
814,100,100,1.0,feasible,0.7603427658591038,0.794215892506933,0.8309220540526401,0.07057928819353632,0.6081005904,0.635156592792,0.7056900127999999,0.0975894223999999,0.09913766354761905,0.1594034344010262,0.2640195343166667,0.16488187076904764,0.07842289753664193,0.1470812829944555,0.27513374938513524,0.1967108518484933,0.16752478824561878,0.0,0.0,0.0,0.0,3.0298242647552875e-06
815,100,100,1.0,feasible,0.7603427658591038,0.7934902030558316,0.8309220540526401,0.07057928819353632,0.6081005904,0.6353857170959999,0.7056900127999999,0.0975894223999999,0.09913766354761905,0.15740368775587618,0.2640195343166667,0.16488187076904764,0.07842289753664193,0.1493104288163586,0.27513374938513524,0.1967108518484933,0.16751319742128598,0.0,0.0,0.0,0.0,-1.159082433280223e-05
816,100,100,1.0,feasible,0.7603427658591038,0.7909897985915616,0.8309220540526401,0.07057928819353632,0.6080943976,0.631625778488,0.7056900127999999,0.09759561519999993,0.09913766354761905,0.16084092279159048,0.2640195343166667,0.16488187076904764,0.07842289753664193,0.1555255757935433,0.27513374938513524,0.1967108518484933,0.16750646619269943,0.0,6.192800000026644e-06,0.0,0.0,-6.731228586548399e-06
817,100,100,1.0,feasible,0.7603427658591038,0.7916792495979628,0.8309220540526401,0.07057928819353632,0.6080943976,0.632516826448,0.7056900127999999,0.09759561519999993,0.09913766354761905,0.16078637603764048,0.2640195343166667,0.16488187076904764,0.07842289753664193,0.15484096906855968,0.27513374938513524,0.1967108518484933,0.1675032525144168,0.0,0.0,0.0,0.0,-3.21367828262642e-06
818,100,100,1.0,feasible,0.7603427658591038,0.792560297591265,0.8309220540526401,0.07057928819353632,0.6080943976,0.6333693874959999,0.7056900127999999,0.09759561519999993,0.09913766354761905,0.16086969052225952,0.2640195343166667,0.16488187076904764,0.07842289753664193,0.15200646663162004,0.27513374938513524,0.1967108518484933,0.1674933742275074,0.0,0.0,0.0,0.0,-9.878286909403844e-06
819,100,100,1.0,feasible,0.7603427658591038,0.7938665118300108,0.8309220540526401,0.07057928819353632,0.6080943976,0.6343664175439998,0.7061454263999998,0.09805102879999983,0.09913766354761905,0.15602021668119762,0.2640195343166667,0.16488187076904764,0.07842289753664193,0.1476605233304338,0.27513374938513524,0.1967108518484933,0.16750808981919174,0.0,0.0,0.0,0.0,1.4715591684338891e-05
820,100,100,1.0,feasible,0.7603427658591038,0.792768395670905,0.8309220540526401,0.07057928819353632,0.6080943976,0.633129443456,0.7061454263999998,0.09805102879999983,0.09913766354761905,0.1591976798834476,0.2640195343166667,0.16488187076904764,0.07842289753664193,0.15123685139628765,0.27513374938513524,0.1967108518484933,0.1675014920204768,0.0,0.0,0.0,0.0,-6.597798714952363e-06
821,100,100,1.0,feasible,0.7603427658591038,0.7917137168925401,0.8309220540526401,0.07057928819353632,0.6080943976,0.6324958545759999,0.7061454263999998,0.09805102879999983,0.09913766354761905,0.16050373327732623,0.2640195343166667,0.16488187076904764,0.07842289753664193,0.15361323567849122,0.27513374938513524,0.1967108518484933,0.16736460473267897,0.0,0.0,0.0,0.0,-0.00013688728779781556
822,100,100,1.0,feasible,0.7603427658591038,0.793224862774493,0.8309220540526401,0.07057928819353632,0.6080902088,0.6340385050239999,0.7061454263999998,0.0980552175999998,0.09913766354761905,0.15600080756104523,0.2640195343166667,0.16488187076904764,0.07842289753664193,0.1491138300889194,0.27513374938513524,0.1967108518484933,0.1673900049018392,0.0,4.188799999971238e-06,0.0,0.0,2.5400169160222363e-05
823,100,100,1.0,feasible,0.7603427658591038,0.7929224252271816,0.8309220540526401,0.07057928819353632,0.6080902088,0.633241898776,0.7061454263999998,0.0980552175999998,0.09913766354761905,0.1557264777923738,0.2640195343166667,0.16488187076904764,0.07842289753664193,0.15025332626764673,0.27513374938513524,0.1967108518484933,0.16741961096078767,0.0,0.0,0.0,0.0,2.960605894847257e-05
824,100,100,1.0,feasible,0.7603427658591038,0.7921305671471928,0.8309220540526401,0.07057928819353632,0.6080902088,0.633662924232,0.7061454263999998,0.0980552175999998,0.09913766354761905,0.15740989288375473,0.2640195343166667,0.16488187076904764,0.07842289753664193,0.15273662083445794,0.27513374938513524,0.1967108518484933,0.16742563490449414,0.0,0.0,0.0,0.0,6.023943706467971e-06
825,100,100,1.0,feasible,0.7603427658591038,0.7922782867545741,0.8309520189070868,0.07060925304798304,0.6080902088,0.6340776360639999,0.7061454263999998,0.0980552175999998,0.09913766354761905,0.1590313818112714,0.2640195343166667,0.16488187076904764,0.07842289753664193,0.15293598727318478,0.27513374938513524,0.1967108518484933,0.16742871352635774,0.0,0.0,0.0,0.0,3.078621863605857e-06
826,100,100,1.0,feasible,0.7603427658591038,0.7916349620585004,0.8318832522282105,0.0715404863691067,0.6080902088,0.6326060636159999,0.7076468615999998,0.09955665279999981,0.09913766354761905,0.15845218551115237,0.2640195343166667,0.16488187076904764,0.07816066859157668,0.15418762913516487,0.27513374938513524,0.19697308079355857,0.16746697573539074,0.0,0.0,0.0,0.0002622289450652515,3.8262209032996486e-05
827,100,100,1.0,feasible,0.7603427658591038,0.7927007437540335,0.8318832522282105,0.0715404863691067,0.6080902088,0.632724532624,0.7076468615999998,0.09955665279999981,0.09913766354761905,0.15819467706965712,0.2640195343166667,0.16488187076904764,0.07816066859157668,0.15030281881466012,0.27513374938513524,0.19697308079355857,0.16748510155008806,0.0,0.0,0.0,0.0,1.8125814697317333e-05
828,100,100,1.0,feasible,0.7603427658591038,0.7911486562660248,0.8318832522282105,0.0715404863691067,0.6080902088,0.6318542159599999,0.7076468615999998,0.09955665279999981,0.09913766354761905,0.16037634993455951,0.2640195343166667,0.16488187076904764,0.07816066859157668,0.15518138590089542,0.27513374938513524,0.19697308079355857,0.1674696760813667,0.0,0.0,0.0,0.0,-1.5425468721352864e-05
829,100,100,1.0,feasible,0.7603427658591038,0.7924336351856697,0.8318832522282105,0.0715404863691067,0.6080902088,0.6331674582719999,0.7076468615999998,0.09955665279999981,0.09913766354761905,0.15845829324955002,0.2582291758142857,0.15909151226666668,0.07816066859157668,0.15110461276468984,0.27513374938513524,0.19697308079355857,0.16746303275356256,0.0,0.0,0.0,0.0,-6.64332780414556e-06
830,100,100,1.0,feasible,0.7603427658591038,0.7922212607084924,0.8318832522282105,0.0715404863691067,0.6080891815999998,0.632923935104,0.7076468615999998,0.09955767999999998,0.09913766354761905,0.15978874078446667,0.2582291758142857,0.15909151226666668,0.07816066859157668,0.1525746691958699,0.27513374938513524,0.19697308079355857,0.1674562203075017,0.0,1.02720000016987e-06,0.0,0.0,-6.812446060849853e-06
831,100,100,1.0,feasible,0.7603427658591038,0.791608639999651,0.8318832522282105,0.0715404863691067,0.6080891815999998,0.6323749437199998,0.7076468615999998,0.09955767999999998,0.09913766354761905,0.15914767605581903,0.2582291758142857,0.15909151226666668,0.07816066859157668,0.15439944883592513,0.27513374938513524,0.19697308079355857,0.1674968186854559,0.0,0.0,0.0,0.0,4.059837795419852e-05
832,100,100,1.0,feasible,0.7603427658591038,0.7920339099794184,0.8318832522282105,0.0715404863691067,0.6080891815999998,0.633210722576,0.7076468615999998,0.09955767999999998,0.09913766354761905,0.15750185695826663,0.2581667256238095,0.15902906207619044,0.07816066859157668,0.15297742026401073,0.27513374938513524,0.19697308079355857,0.16754997254265608,0.0,0.0,0.0,0.0,5.315385720017218e-05
833,100,100,1.0,feasible,0.7603427658591038,0.7933589299243018,0.8318832522282105,0.0715404863691067,0.6080831551999999,0.6345588388319999,0.7077122639999999,0.09962910879999998,0.09913766354761905,0.1570293366858857,0.2581667256238095,0.15902906207619044,0.07816066859157668,0.14903239832802226,0.27513374938513524,0.19697308079355857,0.1675405468249024,0.0,6.026399999914389e-06,0.0,0.0,-9.425717753669405e-06
834,100,100,1.0,feasible,0.7602100775295205,0.7923640576081836,0.8318832522282105,0.07167317469868995,0.6080831551999999,0.632903736872,0.7077122639999999,0.09962910879999998,0.09913766354761905,0.15998495042435715,0.2581667256238095,0.15902906207619044,0.07816066859157668,0.1512952980112749,0.2763297078239132,0.19816903923233653,0.16757284491938898,0.0001326883295832415,0.0,0.0,0.0,3.2298094486571394e-05
835,100,100,1.0,feasible,0.7602100775295205,0.793505407636963,0.8318832522282105,0.07167317469868995,0.6080831551999999,0.6346975303599999,0.7077122639999999,0.09962910879999998,0.09913766354761905,0.15835304238656667,0.2581667256238095,0.15902906207619044,0.07816066859157668,0.14870784885733535,0.2763297078239132,0.19816903923233653,0.16755323376426776,0.0,0.0,0.0,0.0,-1.9611155121224133e-05
836,100,100,1.0,feasible,0.7602100775295205,0.7919303466092825,0.8318832522282105,0.07167317469868995,0.6080831551999999,0.6334192050239998,0.7077122639999999,0.09962910879999998,0.09913766354761905,0.16093774429385238,0.2581667256238095,0.15902906207619044,0.07816066859157668,0.1540054991367206,0.2763297078239132,0.19816903923233653,0.16755342203476822,0.0,0.0,0.0,0.0,1.8827050046743565e-07
837,100,100,1.0,feasible,0.7602100775295205,0.792924698257548,0.8318832522282105,0.07167317469868995,0.6080831551999999,0.6351684595679999,0.7077122639999999,0.09962910879999998,0.09913766354761905,0.1587580633515881,0.2581667256238095,0.15902906207619044,0.07816066859157668,0.1512335106458829,0.2763297078239132,0.19816903923233653,0.16753017544926402,0.0,0.0,0.0,0.0,-2.324658550420522e-05
838,100,100,1.0,feasible,0.7602100775295205,0.7934626352807282,0.8318832522282105,0.07167317469868995,0.6080831551999999,0.635432557368,0.707781912,0.09969875680000007,0.09913766354761905,0.1588301326106119,0.2581667256238095,0.15902906207619044,0.07816066859157668,0.14907706463425158,0.2763297078239132,0.19816903923233653,0.1675427791034954,0.0,0.0,0.0,0.0,1.2603654231391204e-05
839,100,100,1.0,feasible,0.7602100775295205,0.7933644315202412,0.8318832522282105,0.07167317469868995,0.6080831551999999,0.634403915736,0.707781912,0.09969875680000007,0.09913766354761905,0.15856117809918094,0.25034315120476186,0.1512054876571428,0.07816066859157668,0.14848611180799773,0.2763297078239132,0.19816903923233653,0.1675381931624698,0.0,0.0,0.0,0.0,-4.585941025619933e-06
840,100,100,1.0,feasible,0.7602100775295205,0.7941535772007394,0.8318832522282105,0.07167317469868995,0.6080831551999999,0.636260667632,0.707781912,0.09969875680000007,0.09913766354761905,0.1570924269388976,0.25034315120476186,0.1512054876571428,0.07816066859157668,0.1469936347077058,0.2763297078239132,0.19816903923233653,0.16753355812407672,0.0,0.0,0.0,0.0,-4.635038393069335e-06
841,100,100,1.0,feasible,0.7602100775295205,0.7930798085648754,0.8318832522282105,0.07167317469868995,0.6080831551999999,0.6349465420399999,0.707781912,0.09969875680000007,0.09913766354761905,0.15874848040319522,0.25034315120476186,0.1512054876571428,0.07816066859157668,0.15012876154584154,0.2763297078239132,0.19816903923233653,0.1675434497374763,0.0,0.0,0.0,0.0,9.891613399592991e-06
842,100,100,1.0,feasible,0.7602100775295205,0.7949248493694729,0.8318832522282105,0.07167317469868995,0.6080831551999999,0.637154099456,0.707781912,0.09969875680000007,0.09913766354761905,0.15541709894522857,0.25034315120476186,0.1512054876571428,0.07816066859157668,0.1448692599135598,0.2763297078239132,0.19816903923233653,0.16753697569571532,0.0,0.0,0.0,0.0,-6.474041760989868e-06
843,100,100,1.0,feasible,0.7602100775295205,0.7937989989526102,0.8318832522282105,0.07167317469868995,0.6080831551999999,0.6360121514799998,0.707781912,0.09969875680000007,0.09913766354761905,0.15918208048564048,0.25034315120476186,0.1512054876571428,0.07816066859157668,0.14801204469910278,0.2763297078239132,0.19816903923233653,0.16754335699762515,0.0,0.0,0.0,0.0,6.381301909830217e-06
844,100,100,1.0,feasible,0.7602100775295205,0.7939474537168821,0.8318832522282105,0.07167317469868995,0.6080831551999999,0.6359407833759998,0.707781912,0.09969875680000007,0.09913766354761905,0.1552934575528976,0.25034315120476186,0.1512054876571428,0.07816066859157668,0.14686969457825597,0.2763297078239132,0.19816903923233653,0.16755957028480464,0.0,0.0,0.0,0.0,1.6213287179489555e-05
845,100,100,1.0,feasible,0.7602100775295205,0.7939185215094274,0.8318832522282105,0.07167317469868995,0.6080831551999999,0.6372742230959998,0.7079616776,0.09987852240000006,0.09913766354761905,0.15576447613376904,0.25034315120476186,0.1512054876571428,0.07814022342518587,0.1482839027835709,0.2763297078239132,0.19818948439872733,0.16753964490274195,0.0,0.0,0.0,2.044516639081173e-05,-1.992538206269101e-05
846,100,100,1.0,feasible,0.7602100775295205,0.7921963496119163,0.8318832522282105,0.07167317469868995,0.6080831551999999,0.6343424708559998,0.7079616776,0.09987852240000006,0.09913766354761905,0.15896063314921663,0.25034315120476186,0.1512054876571428,0.07814022342518587,0.1524972006999134,0.2763297078239132,0.19818948439872733,0.16757874302093148,0.0,0.0,0.0,0.0,3.909811818952891e-05
847,100,100,1.0,feasible,0.7602100775295205,0.7921234598206967,0.8318832522282105,0.07167317469868995,0.6080831551999999,0.6339651081919999,0.7079616776,0.09987852240000006,0.09913766354761905,0.1591620945316643,0.25034315120476186,0.1512054876571428,0.07814022342518587,0.1525433603886874,0.2763297078239132,0.19818948439872733,0.16759333919817737,0.0,0.0,0.0,0.0,1.459617724589024e-05
848,100,100,1.0,feasible,0.7602100775295205,0.7925060385406311,0.8318832522282105,0.07167317469868995,0.6080831551999999,0.634684213864,0.7079616776,0.09987852240000006,0.09913766354761905,0.15783111608985476,0.25034315120476186,0.1512054876571428,0.07814022342518587,0.15167996699742123,0.2763297078239132,0.19818948439872733,0.16759483092197297,0.0,0.0,0.0,0.0,1.4917237955991425e-06
849,100,100,1.0,feasible,0.7602100775295205,0.7931396575549857,0.8318832522282105,0.07167317469868995,0.6080831551999999,0.6338987738239998,0.7079616776,0.09987852240000006,0.09913766354761905,0.15843151514161666,0.2568214330333333,0.15768376948571428,0.07814022342518587,0.14961138055798834,0.2763297078239132,0.19818948439872733,0.1676167167244752,0.0,0.0,0.0,0.0,2.18858025022306e-05
850,100,100,1.0,feasible,0.7602100775295205,0.7930786568119583,0.8318832522282105,0.07167317469868995,0.6080831551999999,0.6333112357679999,0.7079616776,0.09987852240000006,0.09913766354761905,0.15800708205755,0.2568214330333333,0.15768376948571428,0.07814022342518587,0.14997610771199557,0.2763297078239132,0.19818948439872733,0.16763506992117377,0.0,0.0,0.0,0.0,1.8353196698572827e-05
851,100,100,1.0,feasible,0.7602100775295205,0.7937849603840722,0.8318832522282105,0.07167317469868995,0.6080831551999999,0.633721303472,0.7079616776,0.09987852240000006,0.09913766354761905,0.15855891676880712,0.2568214330333333,0.15768376948571428,0.07814022342518587,0.1477436535209311,0.2763297078239132,0.19818948439872733,0.16765619285841485,0.0,0.0,0.0,0.0,2.1122937241074835e-05
852,100,100,1.0,feasible,0.7602100775295205,0.7940391748870631,0.8318832522282105,0.07167317469868995,0.6080831551999999,0.6349349908319999,0.7079616776,0.09987852240000006,0.09913766354761905,0.1578472117622833,0.24359571087857143,0.14445804733095238,0.07814022342518587,0.14839244500748217,0.2763297078239132,0.19818948439872733,0.16762588763348985,0.0,0.0,0.0,0.0,-3.0305224925003538e-05
853,100,100,1.0,feasible,0.7602100775295205,0.7935902523982697,0.8318832522282105,0.07167317469868995,0.6080831551999999,0.6347193441839998,0.7079616776,0.09987852240000006,0.09913766354761905,0.15932056998332145,0.25637859759761905,0.15724093405,0.07814022342518587,0.14953137421779242,0.2763297078239132,0.19818948439872733,0.1676009817403468,0.0,0.0,0.0,0.0,-2.490589314305125e-05
854,100,100,1.0,feasible,0.7600829379240577,0.7928567112622747,0.8318832522282105,0.07180031430415279,0.6080831551999999,0.634298660048,0.7079616776,0.09987852240000006,0.09913766354761905,0.1589093602182476,0.25637859759761905,0.15724093405,0.07814022342518587,0.1516774949504706,0.27777579127038055,0.19963556784519468,0.16765460452089692,0.00012713960546284486,0.0,0.0,0.0,5.36227805501277e-05
855,100,100,1.0,feasible,0.7600829379240577,0.7928001126994922,0.8318832522282105,0.07180031430415279,0.6080831551999999,0.6343273900079999,0.7079616776,0.09987852240000006,0.09913766354761905,0.15829417176130475,0.25637859759761905,0.15724093405,0.07814022342518587,0.1517420775745851,0.27777579127038055,0.19963556784519468,0.16766329833310079,0.0,0.0,0.0,0.0,8.693812203863782e-06
856,100,100,1.0,feasible,0.7600829379240577,0.7918437679861512,0.8318832522282105,0.07180031430415279,0.6080831551999999,0.6323028655039998,0.7079616776,0.09987852240000006,0.09913766354761905,0.16010181479438096,0.25637859759761905,0.15724093405,0.07814022342518587,0.1553060286665642,0.27777579127038055,0.19963556784519468,0.16766379716751975,0.0,0.0,0.0,0.0,4.988344189660321e-07
857,100,100,1.0,feasible,0.7600829379240577,0.7929691302129664,0.8318832522282105,0.07180031430415279,0.6080831551999999,0.634044525736,0.7079616776,0.09987852240000006,0.09913766354761905,0.15908610748190474,0.25637859759761905,0.15724093405,0.07814022342518587,0.15208431040960227,0.27777579127038055,0.19963556784519468,0.1676653817835458,0.0,0.0,0.0,0.0,1.5846160260624131e-06
858,100,100,1.0,feasible,0.7600829379240577,0.7925260246446202,0.8318832522282105,0.07180031430415279,0.6080831551999999,0.6329401182479999,0.7079616776,0.09987852240000006,0.09913766354761905,0.1584050543712143,0.25637859759761905,0.15724093405,0.07814022342518587,0.15313878532522168,0.27777579127038055,0.19963556784519468,0.16766388775540653,0.0,0.0,0.0,0.0,-1.494028139287229e-06
859,100,100,1.0,feasible,0.7600829379240577,0.793011795188635,0.8318832522282105,0.07180031430415279,0.6080831551999999,0.633666081504,0.7079616776,0.09987852240000006,0.09913766354761905,0.15892130792370476,0.25637859759761905,0.15724093405,0.07814022342518587,0.1515269406631924,0.27777579127038055,0.19963556784519468,0.16766627762535724,0.0,0.0,0.0,0.0,2.3898699507141075e-06
860,100,100,1.0,feasible,0.7600829379240577,0.7921851875333579,0.832086538468247,0.0720036005441893,0.6080831551999999,0.6334129329039999,0.7085727855999998,0.10048963039999992,0.09913766354761905,0.1598160209685619,0.25637859759761905,0.15724093405,0.0779815454902492,0.15453208247027164,0.27777579127038055,0.19979424578013133,0.16767483754586787,0.0,0.0,0.0,0.0001586779349366657,8.559920510631258e-06
861,100,100,1.0,feasible,0.7600829379240577,0.7922762350443895,0.832086538468247,0.0720036005441893,0.6080831551999999,0.6325550608559998,0.7085727855999998,0.10048963039999992,0.09913766354761905,0.1591068908219667,0.25637859759761905,0.15724093405,0.0779815454902492,0.15278244344473615,0.27777579127038055,0.19979424578013133,0.16766371260032473,0.0,0.0,0.0,0.0,-1.1124945543145026e-05
862,100,100,1.0,feasible,0.7600829379240577,0.7925116628346678,0.832086538468247,0.0720036005441893,0.6080831551999999,0.63466104836,0.7085727855999998,0.10048963039999992,0.09913766354761905,0.1597496114642762,0.25637859759761905,0.15724093405,0.0779815454902492,0.15338345128647035,0.27777579127038055,0.19979424578013133,0.16762633969506827,0.0,0.0,0.0,0.0,-3.7372905256460864e-05
863,100,100,1.0,feasible,0.7600829379240577,0.7915266715722186,0.832086538468247,0.0720036005441893,0.6080831551999999,0.6344276748719999,0.7085727855999998,0.10048963039999992,0.09913766354761905,0.16378896763866424,0.25637859759761905,0.15724093405,0.0779815454902492,0.15598165546499895,0.27777579127038055,0.19979424578013133,0.16762101538946905,0.0,0.0,0.0,0.0,-5.324305599213597e-06
864,100,100,1.0,feasible,0.7600829379240577,0.7927146348010744,0.832086538468247,0.0720036005441893,0.6080831551999999,0.6364254675999999,0.7085727855999998,0.10048963039999992,0.09913766354761905,0.16102469981429285,0.259177194752381,0.16003953120476194,0.0779815454902492,0.15342088949233157,0.27777579127038055,0.19979424578013133,0.1676375679356098,0.0,0.0,0.0,0.0,1.655254614074675e-05
865,100,100,1.0,feasible,0.7600829379240577,0.7916036128599585,0.832086538468247,0.0720036005441893,0.6080831551999999,0.6347839917759998,0.7085727855999998,0.10048963039999992,0.09913766354761905,0.1627351271113881,0.259177194752381,0.16003953120476194,0.0779815454902492,0.15672192022316267,0.27777579127038055,0.19979424578013133,0.16765187095109618,0.0,0.0,0.0,0.0,1.4303015486383241e-05
866,100,100,1.0,feasible,0.7600829379240577,0.7918140752699143,0.832086538468247,0.0720036005441893,0.6080831551999999,0.6349786426799998,0.7085727855999998,0.10048963039999992,0.09913766354761905,0.16071553348707857,0.2630117696571429,0.16387410610952385,0.0779815454902492,0.15553008362723086,0.27777579127038055,0.19979424578013133,0.16766470277217357,0.0,0.0,0.0,0.0,1.2831821077391448e-05
867,100,100,1.0,feasible,0.7600829379240577,0.7907813622695481,0.832086538468247,0.0720036005441893,0.6080831551999999,0.6325602671999999,0.7085727855999998,0.10048963039999992,0.09913766354761905,0.1631525154169119,0.2630117696571429,0.16387410610952385,0.0779815454902492,0.15780581661456422,0.27777579127038055,0.19979424578013133,0.1676630675090514,0.0,0.0,0.0,0.0,-1.6352631221627778e-06
868,100,100,1.0,feasible,0.7600829379240577,0.7919322028831561,0.832086538468247,0.0720036005441893,0.6080831551999999,0.6337076967359998,0.7085727855999998,0.10048963039999992,0.09913766354761905,0.16175229629576665,0.259177194752381,0.16003953120476194,0.0779815454902492,0.15395209245657193,0.27777579127038055,0.19979424578013133,0.16766746229335147,0.0,0.0,0.0,0.0,4.394784300060239e-06
869,100,100,1.0,feasible,0.7600829379240577,0.7935613743533394,0.832086538468247,0.0720036005441893,0.6080831551999999,0.6352651440799998,0.7085727855999998,0.10048963039999992,0.09913766354761905,0.1612466429596024,0.259177194752381,0.16003953120476194,0.0779815454902492,0.14937697430990005,0.27777579127038055,0.19979424578013133,0.1676609314923515,0.0,0.0,0.0,0.0,-6.5308009999653915e-06
870,100,100,1.0,feasible,0.7600829379240577,0.7940126450342736,0.832086538468247,0.0720036005441893,0.6080724128,0.6358428921679998,0.7085727855999998,0.1005003727999998,0.09913766354761905,0.15973992264864997,0.259177194752381,0.16003953120476194,0.0779815454902492,0.14709006254933188,0.27777579127038055,0.19979424578013133,0.16768187716315897,0.0,1.0742399999874586e-05,0.0,0.0,2.094567080745957e-05
871,100,100,1.0,feasible,0.7600829379240577,0.7936102137608358,0.832086538468247,0.0720036005441893,0.6080724128,0.6363559655199998,0.7085727855999998,0.1005003727999998,0.09913766354761905,0.1584929051982619,0.259177194752381,0.16003953120476194,0.0779815454902492,0.1491239954345182,0.27777579127038055,0.19979424578013133,0.16770923862006665,0.0,0.0,0.0,0.0,2.736145690768188e-05
872,100,100,1.0,feasible,0.7600770035581602,0.7925057530061221,0.832086538468247,0.07200953491008677,0.6080724128,0.6346332357359998,0.7085727855999998,0.1005003727999998,0.09913766354761905,0.16089041361386427,0.259177194752381,0.16003953120476194,0.0779815454902492,0.15227617430020252,0.27787348062068107,0.19989193513043185,0.16770160863277225,5.934365897464211e-06,0.0,0.0,0.0,-7.629987294394125e-06
873,100,100,1.0,feasible,0.7600770035581602,0.7926703894292989,0.832086538468247,0.07200953491008677,0.6080724128,0.6354550461759999,0.7085727855999998,0.1005003727999998,0.09913766354761905,0.15989627591667382,0.259177194752381,0.16003953120476194,0.0779815454902492,0.1519177032228343,0.27787348062068107,0.19989193513043185,0.16771040030699463,0.0,0.0,0.0,0.0,8.791674222380363e-06
874,100,100,1.0,feasible,0.7599352290129592,0.790956163415485,0.832086538468247,0.0721513094552878,0.6080724128,0.6335402732079999,0.7085727855999998,0.1005003727999998,0.09913766354761905,0.16325893567764285,0.259177194752381,0.16003953120476194,0.0779815454902492,0.15625437360517347,0.278497638876629,0.20051609338637977,0.16773198097650927,0.00014177454520103439,0.0,0.0,0.0,2.1580669514631445e-05
875,100,100,1.0,feasible,0.7599352290129592,0.7922107896272655,0.832086538468247,0.0721513094552878,0.6080724128,0.6345186809759998,0.7085727855999998,0.1005003727999998,0.09913766354761905,0.1596826995401381,0.259177194752381,0.16003953120476194,0.0779815454902492,0.15124415469873734,0.278497638876629,0.20051609338637977,0.1678037049742382,0.0,0.0,0.0,0.0,7.172399772892302e-05
876,100,100,1.0,feasible,0.7599352290129592,0.7914048335539742,0.832086538468247,0.0721513094552878,0.6080724128,0.6326451888799999,0.7085727855999998,0.1005003727999998,0.09913766354761905,0.1608508747370405,0.259177194752381,0.16003953120476194,0.0779815454902492,0.15431831418297232,0.278497638876629,0.20051609338637977,0.16782094534632327,0.0,0.0,0.0,0.0,1.7240372085086664e-05
877,100,100,1.0,feasible,0.7599352290129592,0.7928417719698951,0.832086538468247,0.0721513094552878,0.6080698071999999,0.634459530672,0.7085727855999998,0.10050297839999989,0.09913766354761905,0.15855054985757616,0.259177194752381,0.16003953120476194,0.0779815454902492,0.1505748573924406,0.278497638876629,0.20051609338637977,0.16781233856370664,0.0,2.6056000000940216e-06,0.0,0.0,-8.606782616632502e-06
878,100,100,1.0,feasible,0.7599352290129592,0.7919750244623516,0.832086538468247,0.0721513094552878,0.6080698071999999,0.63331253932,0.7085727855999998,0.10050297839999989,0.09913766354761905,0.1606025098839619,0.259177194752381,0.16003953120476194,0.0779815454902492,0.15320199497579554,0.278497638876629,0.20051609338637977,0.16781997447896807,0.0,0.0,0.0,0.0,7.635915261428039e-06
879,100,100,1.0,feasible,0.7599352290129592,0.7937093542200827,0.832086538468247,0.0721513094552878,0.6080698071999999,0.6360607894639999,0.7085727855999998,0.10050297839999989,0.09913766354761905,0.15753116604166192,0.25637859759761905,0.15724093405,0.0779815454902492,0.14905004934085456,0.278497638876629,0.20051609338637977,0.16781032603081758,0.0,0.0,0.0,0.0,-9.64844815048993e-06
880,100,100,1.0,feasible,0.7599352290129592,0.7923605060567215,0.832086538468247,0.0721513094552878,0.6080698071999999,0.6335060354799998,0.7085727855999998,0.10050297839999989,0.09913766354761905,0.16246880243338094,0.25637859759761905,0.15724093405,0.0779815454902492,0.15229087322786727,0.278497638876629,0.20051609338637977,0.16779499197775852,0.0,0.0,0.0,0.0,-1.533405305906288e-05
881,100,100,1.0,feasible,0.7599352290129592,0.7933858654169502,0.832086538468247,0.0721513094552878,0.6080698071999999,0.634358966576,0.7085727855999998,0.10050297839999989,0.09913766354761905,0.1603610670391548,0.26547694529523813,0.16633928174761908,0.0779815454902492,0.14926784410923646,0.278497638876629,0.20051609338637977,0.16777518219628568,0.0,0.0,0.0,0.0,-1.9809781472840404e-05
882,100,100,1.0,feasible,0.7599352290129592,0.791201147865104,0.832086538468247,0.0721513094552878,0.6080698071999999,0.6314088314319999,0.7085727855999998,0.10050297839999989,0.09913766354761905,0.16182489963593333,0.26547694529523813,0.16633928174761908,0.0779815454902492,0.15445822541878612,0.278497638876629,0.20051609338637977,0.16777853880210158,0.0,0.0,0.0,0.0,3.356605815907354e-06
883,100,100,1.0,feasible,0.7599352290129592,0.7931774476052186,0.832086538468247,0.0721513094552878,0.6080698071999999,0.6335607888239999,0.7085727855999998,0.10050297839999989,0.09913766354761905,0.1615134435451286,0.25637859759761905,0.15724093405,0.0779815454902492,0.14882791512020538,0.278497638876629,0.20051609338637977,0.16777204832962667,0.0,0.0,0.0,0.0,-6.490472474918185e-06
884,100,100,1.0,feasible,0.7599352290129592,0.791873153627928,0.832086538468247,0.0721513094552878,0.6080698071999999,0.6328032503439999,0.7085727855999998,0.10050297839999989,0.09913766354761905,0.1621267093553405,0.25637859759761905,0.15724093405,0.0779815454902492,0.15305807107053235,0.278497638876629,0.20051609338637977,0.16775589579697814,0.0,0.0,0.0,0.0,-1.6152532648527895e-05
885,100,100,1.0,feasible,0.7599352290129592,0.7928011393699963,0.832086538468247,0.0721513094552878,0.6080698071999999,0.633454151776,0.7085727855999998,0.10050297839999989,0.09913766354761905,0.16053970519460717,0.25637859759761905,0.15724093405,0.0779815454902492,0.15008607200160096,0.278497638876629,0.20051609338637977,0.16774793446916958,0.0,0.0,0.0,0.0,-7.961327808558849e-06
886,100,100,1.0,feasible,0.7599352290129592,0.7915266059555579,0.832086538468247,0.0721513094552878,0.6080698071999999,0.6332657727919999,0.7085727855999998,0.10050297839999989,0.09913766354761905,0.1636599075515381,0.25637859759761905,0.15724093405,0.0779815454902492,0.15400970088131874,0.278497638876629,0.20051609338637977,0.16771237141321543,0.0,0.0,0.0,0.0,-3.556305595414644e-05
887,100,100,1.0,feasible,0.7599352290129592,0.7935569171838207,0.832086538468247,0.0721513094552878,0.6080698071999999,0.6358314483679999,0.7085727855999998,0.10050297839999989,0.09913766354761905,0.15961898034317856,0.25637859759761905,0.15724093405,0.0779815454902492,0.14849194903259866,0.278497638876629,0.20051609338637977,0.1677073833618789,0.0,0.0,0.0,0.0,-4.988051336529686e-06
888,100,100,1.0,feasible,0.7599352290129592,0.7930863293635428,0.832086538468247,0.0721513094552878,0.6080698071999999,0.6349745141039999,0.7085727855999998,0.10050297839999989,0.09913766354761905,0.15946450507058335,0.25637859759761905,0.15724093405,0.0779815454902492,0.14950982423068374,0.278497638876629,0.20051609338637977,0.16770876163597803,0.0,0.0,0.0,0.0,1.3782740991286069e-06
889,100,100,1.0,feasible,0.7599352290129592,0.7933960818437897,0.832086538468247,0.0721513094552878,0.6080698071999999,0.6358930116559999,0.7085727855999998,0.10050297839999989,0.09913766354761905,0.15906310036417143,0.25637859759761905,0.15724093405,0.0779815454902492,0.15021160174563652,0.278497638876629,0.20051609338637977,0.1676958137609882,0.0,0.0,0.0,0.0,-1.2947874989843733e-05
890,100,100,1.0,feasible,0.7599352290129592,0.793394390710411,0.832086538468247,0.0721513094552878,0.6080698071999999,0.6367925348719998,0.7085727855999998,0.10050297839999989,0.09913766354761905,0.16036771535564762,0.25637859759761905,0.15724093405,0.0779815454902492,0.15093724916579324,0.278497638876629,0.20051609338637977,0.16766763859017178,0.0,0.0,0.0,0.0,-2.817517081640797e-05
891,100,100,1.0,feasible,0.7599352290129592,0.7942495790417387,0.832086538468247,0.0721513094552878,0.6080698071999999,0.6381049729279998,0.7085727855999998,0.10050297839999989,0.09913766354761905,0.1582515552875762,0.25637859759761905,0.15724093405,0.0779815454902492,0.1481382675623578,0.278497638876629,0.20051609338637977,0.16767133291966663,0.0,0.0,0.0,0.0,3.6943294948466043e-06
892,100,100,1.0,feasible,0.7599352290129592,0.791448838213594,0.832086538468247,0.0721513094552878,0.6080698071999999,0.6349016778479999,0.7085727855999998,0.10050297839999989,0.09913766354761905,0.16225193940732383,0.25637859759761905,0.15724093405,0.0779815454902492,0.15539415427783504,0.278497638876629,0.20051609338637977,0.167654047734889,0.0,0.0,0.0,0.0,-1.7285184777615648e-05
893,100,100,1.0,feasible,0.7599352290129592,0.7918477287949348,0.832086538468247,0.0721513094552878,0.6080698071999999,0.6353685509439998,0.7085727855999998,0.10050297839999989,0.09913766354761905,0.15918055521181904,0.25637859759761905,0.15724093405,0.0779815454902492,0.153986240399541,0.278497638876629,0.20051609338637977,0.16765818298003476,0.0,0.0,0.0,0.0,4.135245145753252e-06
894,100,100,1.0,feasible,0.7599352290129592,0.7922543037648474,0.832086538468247,0.0721513094552878,0.6080698071999999,0.6359627251119999,0.7085727855999998,0.10050297839999989,0.09913766354761905,0.15932067012389522,0.25637859759761905,0.15724093405,0.0779815454902492,0.15253021922910645,0.278497638876629,0.20051609338637977,0.16769696627416422,0.0,0.0,0.0,0.0,3.878329412945747e-05
895,100,100,1.0,feasible,0.7599352290129592,0.7925033284556885,0.832278974848691,0.07234374583573178,0.6080698071999999,0.637055947432,0.7086279119999999,0.10055810479999994,0.09913766354761905,0.15784078459320003,0.25637859759761905,0.15724093405,0.07766401590030034,0.15259483958422732,0.278497638876629,0.20083362297632865,0.167748400006622,0.0,0.0,0.0,0.0003175295899488645,5.143373245777849e-05
896,100,100,1.0,feasible,0.7599352290129592,0.7940153774510318,0.832278974848691,0.07234374583573178,0.6080698071999999,0.6379594096319999,0.7086279119999999,0.10055810479999994,0.09913766354761905,0.15890770004097143,0.25637859759761905,0.15724093405,0.07766401590030034,0.14765535821433345,0.278497638876629,0.20083362297632865,0.16774366666851173,0.0,0.0,0.0,0.0,-4.73333811026877e-06
897,100,100,1.0,feasible,0.7599352290129592,0.7938483141175239,0.832278974848691,0.07234374583573178,0.6080698071999999,0.6372083551359998,0.7086279119999999,0.10055810479999994,0.09913766354761905,0.15879041394956905,0.25637859759761905,0.15724093405,0.07766401590030034,0.14708783756670388,0.278497638876629,0.20083362297632865,0.16774666932349397,0.0,0.0,0.0,0.0,3.002654982237063e-06
898,100,100,1.0,feasible,0.7599352290129592,0.7930777340074652,0.832278974848691,0.07234374583573178,0.6080698071999999,0.6365975446479999,0.7086279119999999,0.10055810479999994,0.09913766354761905,0.1602862324243548,0.2596154972285714,0.16047783368095236,0.07766401590030034,0.1499176326893771,0.278497638876629,0.20083362297632865,0.1677291575073665,0.0,0.0,0.0,0.0,-1.7511816127468993e-05
899,100,100,1.0,feasible,0.7599352290129592,0.7935076730181571,0.832278974848691,0.07234374583573178,0.6080698071999999,0.6379344209759998,0.7086279119999999,0.10055810479999994,0.09913766354761905,0.15811541705072857,0.2596154972285714,0.16047783368095236,0.07766401590030034,0.14962852234883836,0.278497638876629,0.20083362297632865,0.16768332791916996,0.0,0.0,0.0,0.0,-4.582958819654426e-05
900,100,100,1.0,feasible,0.7599352290129592,0.7934465595206949,0.832278974848691,0.07234374583573178,0.6080698071999999,0.6381184898799999,0.7086279119999999,0.10055810479999994,0.09913766354761905,0.15650249714168807,0.25637859759761905,0.15724093405,0.07766401590030034,0.15030954782688696,0.278497638876629,0.20083362297632865,0.16768416908237946,0.0,0.0,0.0,0.0,8.411632095028931e-07
901,100,100,1.0,feasible,0.7599352290129592,0.792531294274676,0.832278974848691,0.07234374583573178,0.6080698071999999,0.6371201096479999,0.7086279119999999,0.10055810479999994,0.09913766354761905,0.1604891127745762,0.25637859759761905,0.15724093405,0.07766401590030034,0.15319454212478034,0.278497638876629,0.20083362297632865,0.16766181820168619,0.0,0.0,0.0,0.0,-2.2350880693272623e-05
902,100,100,1.0,feasible,0.7599352290129592,0.7931462597674985,0.832278974848691,0.07234374583573178,0.6080698071999999,0.6381865552239998,0.7086279119999999,0.10055810479999994,0.09913766354761905,0.15924850882899524,0.25637859759761905,0.15724093405,0.07766401590030034,0.15117369610124504,0.278497638876629,0.20083362297632865,0.16765990742044373,0.0,0.0,0.0,0.0,-1.9107812424534742e-06
903,100,100,1.0,feasible,0.7599352290129592,0.7916190637556033,0.832278974848691,0.07234374583573178,0.6080698071999999,0.6353243048799999,0.7086279119999999,0.10055810479999994,0.09913766354761905,0.1622648382271286,0.25637859759761905,0.15724093405,0.07766401590030034,0.15488651786195587,0.278497638876629,0.20083362297632865,0.16767528708709561,0.0,0.0,0.0,0.0,1.5379666651882395e-05
904,100,100,1.0,feasible,0.7599352290129592,0.7920888667957371,0.832278974848691,0.07234374583573178,0.6080698071999999,0.6359537342399999,0.7086279119999999,0.10055810479999994,0.09913766354761905,0.15917335345334524,0.25637859759761905,0.15724093405,0.07766401590030034,0.15308878211080543,0.278497638876629,0.20083362297632865,0.16772034954359968,0.0,0.0,0.0,0.0,4.506245650406915e-05
905,100,100,1.0,feasible,0.7599352290129592,0.79297555005407,0.8319847535450787,0.07204952453211955,0.6080698071999999,0.6364637274719999,0.7082543671999998,0.10018455999999987,0.09913766354761905,0.15917685058681194,0.25637859759761905,0.15724093405,0.07755899290676575,0.1492886157762613,0.278497638876629,0.20093864596986322,0.16766774009665175,0.0,0.0,0.0,0.00010502299353458422,-5.2609446947932126e-05
906,100,100,1.0,feasible,0.7599352290129592,0.7921248130570525,0.8319847535450787,0.07204952453211955,0.6080698071999999,0.6363908350159999,0.7082543671999998,0.10018455999999987,0.09913766354761905,0.1597450877179786,0.25637859759761905,0.15724093405,0.07755899290676575,0.15364760902901767,0.278497638876629,0.20093864596986322,0.16771369269329378,0.0,0.0,0.0,0.0,4.595259664202933e-05
907,100,100,1.0,feasible,0.7599352290129592,0.7916080410923901,0.8319847535450787,0.07204952453211955,0.6080698071999999,0.6352076194719998,0.7082543671999998,0.10018455999999987,0.09913766354761905,0.16152711592064528,0.25637859759761905,0.15724093405,0.07755899290676575,0.1547194783561082,0.278497638876629,0.20093864596986322,0.1677438811357148,0.0,0.0,0.0,0.0,3.0188442421030803e-05
908,100,100,1.0,feasible,0.7599352290129592,0.7930090555666021,0.8319847535450787,0.07204952453211955,0.6080698071999999,0.637569475952,0.7082543671999998,0.10018455999999987,0.09913766354761905,0.1601706790625143,0.25637859759761905,0.15724093405,0.07755899290676575,0.151049114868011,0.278497638876629,0.20093864596986322,0.16773038222605915,0.0,0.0,0.0,0.0,-1.3498909655657032e-05
909,100,100,1.0,feasible,0.7599352290129592,0.7929521317609404,0.8319847535450787,0.07204952453211955,0.6080698071999999,0.6366141913759998,0.7082543671999998,0.10018455999999987,0.09913766354761905,0.15869785391216665,0.25637859759761905,0.15724093405,0.07755899290676575,0.15004132937892906,0.278497638876629,0.20093864596986322,0.16775707789378358,0.0,0.0,0.0,0.0,2.6695667724424554e-05
910,100,100,1.0,feasible,0.7599352290129592,0.7940404063270715,0.8319847535450787,0.07204952453211955,0.6080698071999999,0.6383208221839999,0.7082543671999998,0.10018455999999987,0.09913766354761905,0.155820669122831,0.25637859759761905,0.15724093405,0.07755899290676575,0.14774891756057573,0.278497638876629,0.20093864596986322,0.1677895982484604,0.0,0.0,0.0,0.0,3.252035467682379e-05
911,100,100,1.0,feasible,0.7599352290129592,0.7938700041729894,0.8319847535450787,0.07204952453211955,0.6080698071999999,0.6378871558479999,0.7082543671999998,0.10018455999999987,0.09913766354761905,0.15739195661259284,0.25637859759761905,0.15724093405,0.07755899290676575,0.14803756564204798,0.278497638876629,0.20093864596986322,0.1677982865773835,0.0,0.0,0.0,0.0,8.688328923089905e-06
912,100,100,1.0,feasible,0.7599352290129592,0.7919687087366786,0.8319847535450787,0.07204952453211955,0.6080698071999999,0.6362093087679999,0.7082543671999998,0.10018455999999987,0.09913766354761905,0.15821264673267144,0.25637859759761905,0.15724093405,0.07755899290676575,0.15334668004372753,0.278497638876629,0.20093864596986322,0.1677868040525403,0.0,0.0,0.0,0.0,-1.1482524843203779e-05
913,100,100,1.0,feasible,0.7599352290129592,0.7937695737603125,0.8319847535450787,0.07204952453211955,0.6080698071999999,0.638868754864,0.7082543671999998,0.10018455999999987,0.09913766354761905,0.1572317504223143,0.25637859759761905,0.15724093405,0.07755899290676575,0.14933128348877475,0.278497638876629,0.20093864596986322,0.16777605090320424,0.0,0.0,0.0,0.0,-1.0753149336045764e-05
914,100,100,1.0,feasible,0.7599352290129592,0.7917982284966772,0.8319847535450787,0.07204952453211955,0.6080698071999999,0.635667774056,0.7082543671999998,0.10018455999999987,0.09913766354761905,0.15529182136888575,0.25637859759761905,0.15724093405,0.07755899290676575,0.1531060761766905,0.278497638876629,0.20093864596986322,0.16778614618400278,0.0,0.0,0.0,0.0,1.009528079853883e-05
915,100,100,1.0,feasible,0.7599352290129592,0.791439383312403,0.8319847535450787,0.07204952453211955,0.6080698071999999,0.63511315728,0.7082543671999998,0.10018455999999987,0.09913766354761905,0.15692281672059,0.25637859759761905,0.15724093405,0.07755899290676575,0.15441198147101154,0.278497638876629,0.20093864596986322,0.16776559127590823,0.0,0.0,0.0,0.0,-2.0554908094549962e-05
916,100,100,1.0,feasible,0.7599352290129592,0.7920260216899518,0.8319847535450787,0.07204952453211955,0.6080698071999999,0.6356132693599998,0.7082543671999998,0.10018455999999987,0.09913766354761905,0.15464490383155427,0.25637859759761905,0.15724093405,0.07755899290676575,0.15294263213796783,0.278497638876629,0.20093864596986322,0.16780552099948925,0.0,0.0,0.0,0.0,3.9929723581022536e-05
917,100,100,1.0,feasible,0.7599352290129592,0.7916111795379623,0.8319847535450787,0.07204952453211955,0.6080698071999999,0.63494084948,0.7082543671999998,0.10018455999999987,0.09913766354761905,0.15556739243875664,0.25637859759761905,0.15724093405,0.07755899290676575,0.15431957691311723,0.278497638876629,0.20093864596986322,0.16782171358049044,0.0,0.0,0.0,0.0,1.619258100118981e-05
918,100,100,1.0,feasible,0.7599352290129592,0.793060954970087,0.8319847535450787,0.07204952453211955,0.6080698071999999,0.6366115131919999,0.7082543671999998,0.10018455999999987,0.09913766354761905,0.1533450125364305,0.25637859759761905,0.15724093405,0.07755899290676575,0.14965356287904905,0.278497638876629,0.20093864596986322,0.16783404454643114,0.0,0.0,0.0,0.0,1.2330965940693384e-05
919,100,100,1.0,feasible,0.7599352290129592,0.7924717135986254,0.8319847535450787,0.07204952453211955,0.6080698071999999,0.6370558361199999,0.7082543671999998,0.10018455999999987,0.09913766354761905,0.15510621651166853,0.25637859759761905,0.15724093405,0.07755899290676575,0.152049365612168,0.278497638876629,0.20093864596986322,0.16778334854433688,0.0,0.0,0.0,0.0,-5.0696002094258175e-05
920,100,100,1.0,feasible,0.7599352290129592,0.7921355457807894,0.8319847535450787,0.07204952453211955,0.6080698071999999,0.6365328249839998,0.7082543671999998,0.10018455999999987,0.09913766354761905,0.15502905927673097,0.25637859759761905,0.15724093405,0.07755899290676575,0.15318925457185198,0.278497638876629,0.20093864596986322,0.16778343878965526,0.0,0.0,0.0,0.0,9.024531838486283e-08
921,100,100,1.0,feasible,0.7599352290129592,0.7920230161198611,0.8319847535450787,0.07204952453211955,0.6080698071999999,0.6348781790639999,0.7082543671999998,0.10018455999999987,0.09913766354761905,0.15883989514040478,0.25637859759761905,0.15724093405,0.07755899290676575,0.1518983239276006,0.278497638876629,0.20093864596986322,0.1677811400326402,0.0,0.0,0.0,0.0,-2.298757015073427e-06
922,100,100,1.0,feasible,0.7599352290129592,0.7929159416583818,0.8319847535450787,0.07204952453211955,0.6080681903999999,0.6359859654079998,0.7082543671999998,0.10018617679999986,0.09913766354761905,0.15641847770893336,0.25637859759761905,0.15724093405,0.07755899290676575,0.14920542485671784,0.278497638876629,0.20093864596986322,0.1677813388157974,0.0,1.6167999999927574e-06,0.0,0.0,1.9878315721255646e-07
923,100,100,1.0,feasible,0.7599352290129592,0.7915791390656343,0.8319847535450787,0.07204952453211955,0.6080681903999999,0.6348265393599998,0.7082543671999998,0.10018617679999986,0.09913766354761905,0.1581424695566976,0.25637859759761905,0.15724093405,0.07755899290676575,0.1536341853716333,0.278497638876629,0.20093864596986322,0.16777809333313554,0.0,0.0,0.0,0.0,-3.245482661867749e-06
924,100,100,1.0,feasible,0.7599352290129592,0.7926232181335356,0.8319847535450787,0.07204952453211955,0.6080681903999999,0.6363890461599999,0.7082543671999998,0.10018617679999986,0.09913766354761905,0.15490099127040477,0.25637859759761905,0.15724093405,0.07755899290676575,0.1514126109440092,0.278497638876629,0.20093864596986322,0.16783243478086535,0.0,0.0,0.0,0.0,5.4341447729810977e-05
925,100,100,1.0,feasible,0.7599352290129592,0.7922784758716621,0.8319847535450787,0.07204952453211955,0.6080681903999999,0.6370256047999999,0.7082543671999998,0.10018617679999986,0.09913766354761905,0.15654149631024047,0.25637859759761905,0.15724093405,0.07755899290676575,0.15309336564248358,0.278497638876629,0.20093864596986322,0.16782969196398823,0.0,0.0,0.0,0.0,-2.7428168771215233e-06
926,100,100,1.0,feasible,0.7599352290129592,0.7937578201916871,0.8319847535450787,0.07204952453211955,0.6080681903999999,0.6385447420079999,0.7082543671999998,0.10018617679999986,0.09913766354761905,0.15659639966695715,0.25637859759761905,0.15724093405,0.07755899290676575,0.1485346235299317,0.278497638876629,0.20093864596986322,0.16784493301444997,0.0,0.0,0.0,0.0,1.5241050461745065e-05
927,100,100,1.0,feasible,0.7599352290129592,0.7940591789501684,0.8319847535450787,0.07204952453211955,0.6080681903999999,0.6389474575279999,0.7082543671999998,0.10018617679999986,0.09913766354761905,0.1582736146774905,0.25637859759761905,0.15724093405,0.07755899290676575,0.14771213037239533,0.278497638876629,0.20093864596986322,0.16784759301289032,0.0,0.0,0.0,0.0,2.6599984403463672e-06
928,100,100,1.0,feasible,0.7599352290129592,0.7921112602532574,0.8319847535450787,0.07204952453211955,0.6080681903999999,0.6351262894399998,0.7082543671999998,0.10018617679999986,0.09913766354761905,0.16150695169107857,0.25637859759761905,0.15724093405,0.07755899290676575,0.15257685555449538,0.278497638876629,0.20093864596986322,0.1678572598857468,0.0,0.0,0.0,0.0,9.666872856473052e-06
929,100,100,1.0,feasible,0.7599352290129592,0.7926041273080073,0.8319847535450787,0.07204952453211955,0.6080681903999999,0.6357965709440001,0.7082543671999998,0.10018617679999986,0.09913766354761905,0.15733229115780953,0.25637859759761905,0.15724093405,0.07755899290676575,0.1515453773342568,0.278497638876629,0.20093864596986322,0.1678476753165995,0.0,0.0,0.0,0.0,-9.584569147291777e-06
930,100,100,1.0,feasible,0.7599352290129592,0.7939582402673854,0.8319847535450787,0.07204952453211955,0.6080681903999999,0.637721317584,0.7082543671999998,0.10018617679999986,0.09913766354761905,0.1575202742228738,0.25637859759761905,0.15724093405,0.07755899290676575,0.1483894281692958,0.278497638876629,0.20093864596986322,0.1678676246243159,0.0,0.0,0.0,0.0,1.9949307716399245e-05
931,100,100,1.0,feasible,0.7598827340275235,0.7919796096977307,0.8319847535450787,0.07210201951755524,0.6080681903999999,0.6353456109679999,0.7082543671999998,0.10018617679999986,0.09913766354761905,0.16047487851004047,0.25637859759761905,0.15724093405,0.07755899290676575,0.15322204401124803,0.278872417412154,0.20131342450538825,0.16786889009646078,5.249498543569153e-05,0.0,0.0,0.0,1.265472144879043e-06
932,100,100,1.0,feasible,0.7598827340275235,0.7930571163823628,0.8319847535450787,0.07210201951755524,0.6080680271999999,0.6373179616719999,0.7082543671999998,0.10018633999999993,0.09913766354761905,0.15974041298855712,0.25637859759761905,0.15724093405,0.07755899290676575,0.15072794471892098,0.278872417412154,0.20131342450538825,0.16779454013480438,0.0,1.6320000006952995e-07,0.0,0.0,-7.434996165639474e-05
933,100,100,1.0,feasible,0.7598827340275235,0.7920906960903842,0.8319847535450787,0.07210201951755524,0.6080680271999999,0.6361919179119999,0.7082543671999998,0.10018633999999993,0.09913766354761905,0.1583586041406262,0.25637859759761905,0.15724093405,0.07755899290676575,0.15283225494670608,0.278872417412154,0.20131342450538825,0.16782442290384703,0.0,0.0,0.0,0.0,2.9882769042643975e-05
934,100,100,1.0,feasible,0.7598827340275235,0.7938130833420545,0.8319847535450787,0.07210201951755524,0.6080558423999999,0.6370267297679999,0.7082543671999998,0.10019852479999991,0.09913766354761905,0.15699652636007858,0.25637859759761905,0.15724093405,0.07755899290676575,0.14753569642036493,0.278872417412154,0.20131342450538825,0.16789069856244862,0.0,1.2184799999981344e-05,0.0,0.0,6.627565860159446e-05
935,100,100,1.0,feasible,0.7598827340275235,0.7925790343100835,0.8319847535450787,0.07210201951755524,0.6080558423999999,0.6347507228399999,0.7084605327999999,0.1004046904,0.09913766354761905,0.16174688565059522,0.25637859759761905,0.15724093405,0.07755899290676575,0.1512434479679791,0.278872417412154,0.20131342450538825,0.16791044479209175,0.0,0.0,0.0,0.0,1.9746229643125002e-05
936,100,100,1.0,feasible,0.7598827340275235,0.7934127922688503,0.8319847535450787,0.07210201951755524,0.6080558423999999,0.635731953632,0.7084605327999999,0.1004046904,0.09913766354761905,0.16184809866467378,0.25637859759761905,0.15724093405,0.07755899290676575,0.14919583056074856,0.278872417412154,0.20131342450538825,0.16790266500789033,0.0,0.0,0.0,0.0,-7.779784201411566e-06
937,100,100,1.0,feasible,0.7598827340275235,0.7913913241736868,0.8319847535450787,0.07210201951755524,0.6080558423999999,0.6350429948959999,0.7084605327999999,0.1004046904,0.09913766354761905,0.16306509803145952,0.25637859759761905,0.15724093405,0.07755899290676575,0.15731133562251817,0.278872417412154,0.20131342450538825,0.16784354844256733,0.0,0.0,0.0,0.0,-5.9116565323008574e-05
938,100,100,1.0,feasible,0.7598827340275235,0.793675925711196,0.8319847535450787,0.07210201951755524,0.6080366751999999,0.6365628763119998,0.7084605327999999,0.10042385759999994,0.09913766354761905,0.1593900806604024,0.25637859759761905,0.15724093405,0.07755899290676575,0.14902683738944947,0.278872417412154,0.20131342450538825,0.16786137530000203,0.0,1.916719999994765e-05,0.0,0.0,1.7826857434705135e-05
939,100,100,1.0,feasible,0.7598827340275235,0.7932779796094745,0.8319847535450787,0.07210201951755524,0.6080366751999999,0.6368301686399999,0.7084605327999999,0.10042385759999994,0.09913766354761905,0.16113054309833333,0.25637859759761905,0.15724093405,0.07755899290676575,0.150983593274045,0.278872417412154,0.20131342450538825,0.16783990144332328,0.0,0.0,0.0,0.0,-2.1473856678749792e-05
940,100,100,1.0,feasible,0.7598827340275235,0.7944423210541922,0.8319847535450787,0.07210201951755524,0.6080366751999999,0.6375892773279999,0.7084605327999999,0.10042385759999994,0.09913766354761905,0.1566424634296119,0.25637859759761905,0.15724093405,0.07755899290676575,0.1474553230775711,0.278872417412154,0.20131342450538825,0.16785073320720173,0.0,0.0,0.0,0.0,1.0831763878449419e-05
941,100,100,1.0,feasible,0.7598827340275235,0.7922402358013708,0.8319847535450787,0.07210201951755524,0.6080366751999999,0.6333944661439999,0.7084605327999999,0.10042385759999994,0.09913766354761905,0.15964225613077856,0.25637859759761905,0.15724093405,0.07755899290676575,0.15228331309423063,0.278872417412154,0.20131342450538825,0.1678652797326501,0.0,0.0,0.0,0.0,1.4546525448383418e-05
942,100,100,1.0,feasible,0.7598827340275235,0.7924464551811349,0.8319847535450787,0.07210201951755524,0.6080366751999999,0.6335901492959998,0.7084605327999999,0.10042385759999994,0.09913766354761905,0.16090114845945236,0.2517497052571428,0.15261204170952375,0.07755899290676575,0.15080939624664416,0.278872417412154,0.20131342450538825,0.16786134315945653,0.0,0.0,0.0,0.0,-3.936573193585868e-06
943,100,100,1.0,feasible,0.7598827340275235,0.7941902735981025,0.8319847535450787,0.07210201951755524,0.6080366751999999,0.6357440065599999,0.7084605327999999,0.10042385759999994,0.09913766354761905,0.15823325772237382,0.2517497052571428,0.15261204170952375,0.07755899290676575,0.14639502988953096,0.278872417412154,0.20131342450538825,0.16782724713554345,0.0,0.0,0.0,0.0,-3.40960239130772e-05
944,100,100,1.0,feasible,0.7598827340275235,0.7921850983403972,0.8319847535450787,0.07210201951755524,0.6080366751999999,0.6343363887279999,0.7084605327999999,0.10042385759999994,0.09913766354761905,0.16040506178818262,0.2578609468285714,0.15872328328095237,0.07755899290676575,0.15244657845948717,0.278872417412154,0.20131342450538825,0.16780963393101028,0.0,0.0,0.0,0.0,-1.7613204533167837e-05
945,100,100,1.0,feasible,0.7598827340275235,0.7943961611497741,0.8319847535450787,0.07210201951755524,0.6080366751999999,0.6381722277119999,0.7084605327999999,0.10042385759999994,0.09913766354761905,0.16022598683561834,0.2578609468285714,0.15872328328095237,0.07755899290676575,0.14770338335231004,0.278872417412154,0.20131342450538825,0.16779976173167266,0.0,0.0,0.0,0.0,-9.872199337623844e-06
946,100,100,1.0,feasible,0.7598827340275235,0.7930217214850086,0.8319847535450787,0.07210201951755524,0.6080366751999999,0.6354407568479999,0.7084605327999999,0.10042385759999994,0.09913766354761905,0.1620393660616381,0.2578609468285714,0.15872328328095237,0.07755899290676575,0.15128286269598182,0.278872417412154,0.20131342450538825,0.16780393091172893,0.0,0.0,0.0,0.0,4.169180056273758e-06
947,100,100,1.0,feasible,0.7598827340275235,0.7929147577747545,0.8319847535450787,0.07210201951755524,0.6080366751999999,0.635133021184,0.7084605327999999,0.10042385759999994,0.09913766354761905,0.15991911652299765,0.24771138305952378,0.14857371951190473,0.07755899290676575,0.151031908564939,0.278872417412154,0.20131342450538825,0.1677835045466194,0.0,0.0,0.0,0.0,-2.0426365109543765e-05
948,100,100,1.0,feasible,0.7598827340275235,0.7936965233696125,0.8319847535450787,0.07210201951755524,0.6080366751999999,0.636092225384,0.7084605327999999,0.10042385759999994,0.09913766354761905,0.15856130674499788,0.24771138305952378,0.14857371951190473,0.07755899290676575,0.14823681869854885,0.278872417412154,0.20131342450538825,0.16776855729330725,0.0,0.0,0.0,0.0,-1.4947253312136421e-05
949,100,100,1.0,feasible,0.7598827340275235,0.7941183671201577,0.8319847535450787,0.07210201951755524,0.6080366751999999,0.6368110014399998,0.7084605327999999,0.10042385759999994,0.09913766354761905,0.15749279783502856,0.24771138305952378,0.14857371951190473,0.07755899290676575,0.1472944837526297,0.278872417412154,0.20131342450538825,0.16781242387993484,0.0,0.0,0.0,0.0,4.386658662758336e-05
950,100,100,1.0,feasible,0.7598827340275235,0.7943622157657892,0.8319847535450787,0.07210201951755524,0.6080358615999999,0.6377057475839998,0.7084605327999999,0.10042467119999998,0.09913766354761905,0.1574935039741476,0.24916254778571428,0.15002488423809524,0.07755899290676575,0.14684623152438772,0.278872417412154,0.20131342450538825,0.16781223259063136,0.0,8.136000000380506e-07,0.0,0.0,-1.912893034805574e-07
951,100,100,1.0,feasible,0.7598827340275235,0.7939229840728725,0.8319847535450787,0.07210201951755524,0.6080358615999999,0.6371887869199998,0.7084605327999999,0.10042467119999998,0.09913766354761905,0.1598587911688119,0.24916254778571428,0.15002488423809524,0.07755899290676575,0.14841882316095134,0.278872417412154,0.20131342450538825,0.16778143312225446,0.0,0.0,0.0,0.0,-3.079946837689085e-05
952,100,100,1.0,feasible,0.7598827340275235,0.793329952409607,0.8319847535450787,0.07210201951755524,0.6080358615999999,0.6356452733839998,0.7084605327999999,0.10042467119999998,0.09913766354761905,0.16150266463700239,0.25400313596428575,0.1548654724166667,0.07755899290676575,0.14987699698670498,0.278872417412154,0.20131342450538825,0.16783654557152022,0.0,0.0,0.0,0.0,5.511244926575953e-05
953,100,100,1.0,feasible,0.7598827340275235,0.7934723651710182,0.8319847535450787,0.07210201951755524,0.6080358615999999,0.6359095695679998,0.7084605327999999,0.10042467119999998,0.09913766354761905,0.16220316336188095,0.25400313596428575,0.1548654724166667,0.07755899290676575,0.14907482277588285,0.278872417412154,0.20131342450538825,0.16785033435800112,0.0,0.0,0.0,0.0,1.3788786480894988e-05
954,100,100,1.0,feasible,0.7598827340275235,0.7940766597849408,0.8320156993354612,0.07213296530793767,0.6080358615999999,0.6367020667279999,0.7084605327999999,0.10042467119999998,0.09913766354761905,0.15971216881750952,0.25400313596428575,0.1548654724166667,0.07736350897100168,0.1473152366668259,0.278872417412154,0.20150890844115232,0.16787291686247593,0.0,0.0,0.0,0.00019548393576407364,2.2582504474816245e-05
955,100,100,1.0,feasible,0.7598827340275235,0.7933928633962987,0.8320156993354612,0.07213296530793767,0.6080358615999999,0.6363102600399999,0.7084605327999999,0.10042467119999998,0.09913766354761905,0.15954332629800952,0.25400313596428575,0.1548654724166667,0.07736350897100168,0.149631830462717,0.278872417412154,0.20150890844115232,0.16786217096876063,0.0,0.0,0.0,0.0,-1.0745893715302657e-05
956,100,100,1.0,feasible,0.7598827340275235,0.7928980391258089,0.8320156993354612,0.07213296530793767,0.6080358615999999,0.6354754149759999,0.7084605327999999,0.10042467119999998,0.09913766354761905,0.1601574881750119,0.25400313596428575,0.1548654724166667,0.07736350897100168,0.15126203654992343,0.278872417412154,0.20150890844115232,0.16789248050943856,0.0,0.0,0.0,0.0,3.030954067792524e-05
957,100,100,1.0,feasible,0.7598827340275235,0.7930614668358538,0.8320156993354612,0.07213296530793767,0.6080358615999999,0.6350702725279999,0.7084605327999999,0.10042467119999998,0.09913766354761905,0.15840192880208337,0.25400313596428575,0.1548654724166667,0.07736350897100168,0.15074344361677555,0.278872417412154,0.20150890844115232,0.16793449710078587,0.0,0.0,0.0,0.0,4.2016591347310284e-05
958,100,100,1.0,feasible,0.7598827340275235,0.793671699439241,0.8320156993354612,0.07213296530793767,0.6080358615999999,0.6359766416639999,0.7084605327999999,0.10042467119999998,0.09913766354761905,0.16068434374615476,0.25400313596428575,0.1548654724166667,0.07736350897100168,0.14930332153480078,0.278872417412154,0.20150890844115232,0.16795979890913548,0.0,0.0,0.0,0.0,2.5301808349614818e-05
959,100,100,1.0,feasible,0.7598827340275235,0.792354849955523,0.8320156993354612,0.07213296530793767,0.6080358615999999,0.633404909936,0.7084605327999999,0.10042467119999998,0.09913766354761905,0.16179260068087856,0.25400313596428575,0.1548654724166667,0.07736350897100168,0.15294746191363934,0.278872417412154,0.20150890844115232,0.16797636675457317,0.0,0.0,0.0,0.0,1.656784543768719e-05
960,100,100,1.0,feasible,0.7598827340275235,0.7920887873859733,0.8320156993354612,0.07213296530793767,0.6080358615999999,0.6333476689039998,0.7084605327999999,0.10042467119999998,0.09913766354761905,0.16075670745273574,0.25400313596428575,0.1548654724166667,0.07736350897100168,0.15352759781962574,0.278872417412154,0.20150890844115232,0.16799100846351062,0.0,0.0,0.0,0.0,1.4641708937446207e-05
961,100,100,1.0,feasible,0.7598827340275235,0.7936106453447404,0.8320164692236584,0.07213373519613486,0.6080358615999999,0.6361697024959998,0.7084605327999999,0.10042467119999998,0.09913766354761905,0.15621986582894998,0.25400313596428575,0.1548654724166667,0.0773630088492054,0.14979536010007047,0.278872417412154,0.20150940856294863,0.16801614462729256,0.0,0.0,0.0,5.001217962818938e-07,2.513616378194139e-05
962,100,100,1.0,feasible,0.7598827340275235,0.7944150346336315,0.8320164692236584,0.07213373519613486,0.6080358615999999,0.6368748499199999,0.7089724063999998,0.10093654479999992,0.09913766354761905,0.15558191015549283,0.25400313596428575,0.1548654724166667,0.0773630088492054,0.14680885434186067,0.278872417412154,0.20150940856294863,0.16799523998313964,0.0,0.0,0.0,0.0,-2.090464415291371e-05
963,100,100,1.0,feasible,0.7598827340275235,0.7941974367144577,0.8320164692236584,0.07213373519613486,0.6080358615999999,0.63578694196,0.7089724063999998,0.10093654479999992,0.09913766354761905,0.15788537561416904,0.25400313596428575,0.1548654724166667,0.0773630088492054,0.1477451382017455,0.278872417412154,0.20150940856294863,0.16790718676495361,0.0,0.0,0.0,0.0,-8.80532181860294e-05
964,100,100,1.0,feasible,0.7598827340275235,0.7946125964095723,0.8320164692236584,0.07213373519613486,0.6080358615999999,0.6368023261359999,0.7089724063999998,0.10093654479999992,0.09913766354761905,0.15846581826639047,0.25400313596428575,0.1548654724166667,0.0773630088492054,0.14679358805098708,0.278872417412154,0.20150940856294863,0.167898352144586,0.0,0.0,0.0,0.0,-8.83462036760374e-06
965,100,100,1.0,feasible,0.7598827340275235,0.7941740699928488,0.8320164692236584,0.07213373519613486,0.6080358615999999,0.6362560982319998,0.7089724063999998,0.10093654479999992,0.09913766354761905,0.15820837704179525,0.2488699545809524,0.14973229103333335,0.0773630088492054,0.1481200630230318,0.278872417412154,0.20150940856294863,0.16789713455909497,0.0,0.0,0.0,0.0,-1.217585491042339e-06
966,100,100,1.0,feasible,0.7598827340275235,0.7942872201506986,0.8320164692236584,0.07213373519613486,0.6080358615999999,0.6353763411919998,0.7089724063999998,0.10093654479999992,0.09913766354761905,0.1593081074649857,0.2488699545809524,0.14973229103333335,0.0773630088492054,0.14673372667243031,0.278872417412154,0.20150940856294863,0.16789567694817678,0.0,0.0,0.0,0.0,-1.457610918187413e-06
967,100,100,1.0,feasible,0.7598827340275235,0.7935724950778784,0.8320164692236584,0.07213373519613486,0.6080358615999999,0.6356517094639998,0.7089724063999998,0.10093654479999992,0.09913766354761905,0.15947708698429286,0.2488699545809524,0.14973229103333335,0.0773630088492054,0.14945668653498353,0.278872417412154,0.20150940856294863,0.1678414184951782,0.0,0.0,0.0,0.0,-5.425845299858456e-05
968,100,100,1.0,feasible,0.7598827340275235,0.7941336787914466,0.8320164692236584,0.07213373519613486,0.6080358615999999,0.6375420939119999,0.7089724063999998,0.10093654479999992,0.09913766354761905,0.15659522107448332,0.2488699545809524,0.14973229103333335,0.0773630088492054,0.14909152608634538,0.278872417412154,0.20150940856294863,0.16781615367557545,0.0,0.0,0.0,0.0,-2.526481960274385e-05
969,100,100,1.0,feasible,0.7598827340275235,0.7925471631032738,0.8320164692236584,0.07213373519613486,0.6080358615999999,0.6352960130559998,0.7089724063999998,0.10093654479999992,0.09913766354761905,0.1623384735473405,0.25172781885714285,0.1525901553095238,0.0773630088492054,0.15307180668221343,0.278872417412154,0.20150940856294863,0.16781549029924198,0.0,0.0,0.0,0.0,-6.633763334762399e-07
970,100,100,1.0,feasible,0.7598827340275235,0.7928423941211868,0.8320164692236584,0.07213373519613486,0.6080358615999999,0.6347056777999999,0.7089724063999998,0.10093654479999992,0.09913766354761905,0.16518945381962621,0.25172781885714285,0.1525901553095238,0.0773630088492054,0.15173488400497284,0.278872417412154,0.20150940856294863,0.16782321948060056,0.0,0.0,0.0,0.0,7.729181358578918e-06
971,100,100,1.0,feasible,0.7598827340275235,0.7919768249245633,0.8320164692236584,0.07213373519613486,0.6080358615999999,0.6349496637839999,0.7089724063999998,0.10093654479999992,0.09913766354761905,0.1661194220271738,0.25172781885714285,0.1525901553095238,0.0773630088492054,0.15469038688847978,0.278872417412154,0.20150940856294863,0.16783121712275073,0.0,0.0,0.0,0.0,7.997642150175954e-06
972,100,100,1.0,feasible,0.7598827340275235,0.7941362560401513,0.8320164692236584,0.07213373519613486,0.6080358615999999,0.6368452949679998,0.7089724063999998,0.10093654479999992,0.09913766354761905,0.16217176297674527,0.254792785797619,0.15565512224999994,0.0773630088492054,0.14741247670101834,0.278872417412154,0.20150940856294863,0.16786637271995342,0.0,0.0,0.0,0.0,3.515559720268513e-05
973,100,100,1.0,feasible,0.7598827340275235,0.7935881611253554,0.8320164692236584,0.07213373519613486,0.6080358615999999,0.6355578668639998,0.7089724063999998,0.10093654479999992,0.09913766354761905,0.1609772184145381,0.254792785797619,0.15565512224999994,0.0773630088492054,0.14875368172694853,0.278872417412154,0.20150940856294863,0.16790476174814054,0.0,0.0,0.0,0.0,3.838902818711909e-05
974,100,100,1.0,feasible,0.7598827340275235,0.7935285712722167,0.8320164692236584,0.07213373519613486,0.6080358615999999,0.6353678747279998,0.7089730511999999,0.10093718959999998,0.09913766354761905,0.16000830747357855,0.254792785797619,0.15565512224999994,0.0773630088492054,0.149567980691853,0.278872417412154,0.20150940856294863,0.167916153188134,0.0,0.0,0.0,0.0,1.139143999345782e-05
975,100,100,1.0,feasible,0.7598827340275235,0.7936078347408995,0.8320164692236584,0.07213373519613486,0.6080358615999999,0.6359683198319999,0.7089730511999999,0.10093718959999998,0.09913766354761905,0.15968311498479287,0.254792785797619,0.15565512224999994,0.0773630088492054,0.14982753778823688,0.278872417412154,0.20150940856294863,0.167931056233563,0.0,0.0,0.0,0.0,1.4903045429004447e-05
976,100,100,1.0,feasible,0.7598827340275235,0.7944688244963634,0.8320164692236584,0.07213373519613486,0.6080358615999999,0.6364130381279999,0.7089730511999999,0.10093718959999998,0.09913766354761905,0.1579583876556938,0.254792785797619,0.15565512224999994,0.0773630088492054,0.1474860474919422,0.278872417412154,0.20150940856294863,0.16792106904393841,0.0,0.0,0.0,0.0,-9.987189624582893e-06
977,100,100,1.0,feasible,0.7598827340275235,0.7936742589826106,0.8320164692236584,0.07213373519613486,0.6080358615999999,0.6359437144159998,0.7089730511999999,0.10093718959999998,0.09913766354761905,0.16077364943273573,0.26000862828809523,0.16087096474047619,0.0773630088492054,0.14988840491828254,0.278872417412154,0.20150940856294863,0.1679145303989018,0.0,0.0,0.0,0.0,-6.5386450366078375e-06
978,100,100,1.0,feasible,0.7598827340275235,0.7955304662053265,0.8320164692236584,0.07213373519613486,0.6080358615999999,0.6379904681119999,0.7089730511999999,0.10093718959999998,0.09913766354761905,0.15941844330787144,0.26000862828809523,0.16087096474047619,0.0773630088492054,0.1442538335045141,0.278872417412154,0.20150940856294863,0.16791229917333372,0.0,0.0,0.0,0.0,-2.231225568083417e-06
979,100,100,1.0,feasible,0.7598827340275235,0.7934259795737185,0.8320164692236584,0.07213373519613486,0.6080358615999999,0.6360116911599999,0.7089730511999999,0.10093718959999998,0.09913766354761905,0.1627797845588119,0.26000862828809523,0.16087096474047619,0.0773630088492054,0.15111976079641748,0.278872417412154,0.20150940856294863,0.1678758747593627,0.0,0.0,0.0,0.0,-3.6424413971031244e-05
980,100,100,1.0,feasible,0.7598827340275235,0.793846520278897,0.8320164692236584,0.07213373519613486,0.6080358615999999,0.6360957923039999,0.7089730511999999,0.10093718959999998,0.09913766354761905,0.1614914261149286,0.26000862828809523,0.16087096474047619,0.0773630088492054,0.14941626661888813,0.278872417412154,0.20150940856294863,0.1679137181808404,0.0,0.0,0.0,0.0,3.7843421477695705e-05
981,100,100,1.0,feasible,0.7598827340275235,0.7942182506130847,0.8320164692236584,0.07213373519613486,0.6080358615999999,0.6362643551759999,0.7089730511999999,0.10093718959999998,0.09913766354761905,0.15996990102354763,0.254792785797619,0.15565512224999994,0.0773630088492054,0.14783641134291015,0.278872417412154,0.20150940856294863,0.16790886437293198,0.0,0.0,0.0,0.0,-4.853807908405949e-06
982,100,100,1.0,feasible,0.7598827340275235,0.7932427858615457,0.8320164692236584,0.07213373519613486,0.6080275071999999,0.6351776725199998,0.7089730511999999,0.100945544,0.09913766354761905,0.16072727051938096,0.254792785797619,0.15565512224999994,0.0773630088492054,0.15052937551624399,0.278872417412154,0.20150940856294863,0.16793574474677944,0.0,8.3544000000213e-06,0.0,0.0,2.6880373847459893e-05
983,100,100,1.0,feasible,0.7598827340275235,0.7928786453020074,0.8320164692236584,0.07213373519613486,0.6080275071999999,0.6351088350719999,0.7089730511999999,0.100945544,0.09913766354761905,0.15878110626650002,0.254792785797619,0.15565512224999994,0.0773630088492054,0.1523082511329801,0.278872417412154,0.20150940856294863,0.16794634661692043,0.0,0.0,0.0,0.0,1.0601870140986014e-05
984,100,100,1.0,feasible,0.7598827340275235,0.7939790757949173,0.8320164692236584,0.07213373519613486,0.6080275071999999,0.6365668678719999,0.7089730511999999,0.100945544,0.09913766354761905,0.16066920933152382,0.254792785797619,0.15565512224999994,0.0773630088492054,0.14888253079757383,0.278872417412154,0.20150940856294863,0.16794154522198879,0.0,0.0,0.0,0.0,-4.801394931641667e-06
985,100,100,1.0,feasible,0.7598827340275235,0.793014174128338,0.8320164692236584,0.07213373519613486,0.6080275071999999,0.6354418969839999,0.7089730511999999,0.100945544,0.09913766354761905,0.16268587417838096,0.2565051389333333,0.15736747538571427,0.0773630088492054,0.1513837718422752,0.278872417412154,0.20150940856294863,0.1679151483271345,0.0,0.0,0.0,0.0,-2.639689485428587e-05
986,100,100,1.0,feasible,0.7598827340275235,0.7945526096454049,0.8320164692236584,0.07213373519613486,0.6080245519999999,0.6373758926479999,0.7089730511999999,0.10094849919999993,0.09913766354761905,0.16171457576957146,0.2565051389333333,0.15736747538571427,0.0773630088492054,0.14575207828723127,0.278872417412154,0.20150940856294863,0.16793174118589804,0.0,2.955199999932212e-06,0.0,0.0,1.6592858763542218e-05
987,100,100,1.0,feasible,0.7598827340275235,0.7925081197530218,0.8320164692236584,0.07213373519613486,0.6080245519999999,0.6359345509999998,0.7089730511999999,0.10094849919999993,0.09913766354761905,0.1629759259007381,0.2565051389333333,0.15736747538571427,0.0773630088492054,0.15256116232964886,0.278872417412154,0.20150940856294863,0.16792714574328735,0.0,0.0,0.0,0.0,-4.5954426106942226e-06
988,100,100,1.0,feasible,0.7598827340275235,0.7936615527593182,0.8320164692236584,0.07213373519613486,0.6080245519999999,0.6360482106079998,0.7089730511999999,0.10094849919999993,0.09913766354761905,0.15952895034885714,0.24585018210714285,0.1467125185595238,0.0773630088492054,0.14811503389193637,0.278872417412154,0.20150940856294863,0.1679528692449198,0.0,0.0,0.0,0.0,2.5723501632463064e-05
989,100,100,1.0,feasible,0.7598827340275235,0.7949329026878064,0.8320164692236584,0.07213373519613486,0.6080245519999999,0.636497809192,0.7089730511999999,0.10094849919999993,0.09913766354761905,0.15934470899469047,0.24965040333571425,0.1505127397880952,0.0773630088492054,0.1441682355765263,0.278872417412154,0.20150940856294863,0.16794961042094042,0.0,0.0,0.0,0.0,-3.2588239793907015e-06
990,100,100,1.0,feasible,0.7598827340275235,0.7952444637669406,0.8320164692236584,0.07213373519613486,0.6080245519999999,0.637101439832,0.7089730511999999,0.10094849919999993,0.09913766354761905,0.15972272145650002,0.2550935436190476,0.15595588007142858,0.0773630088492054,0.1439670799056629,0.278872417412154,0.20150940856294863,0.1679784568710349,0.0,0.0,0.0,0.0,2.8846450094488496e-05
991,100,100,1.0,feasible,0.7598827340275235,0.7945386430336806,0.8320164692236584,0.07213373519613486,0.6080245519999999,0.6364765326959998,0.7089730511999999,0.10094849919999993,0.09913766354761905,0.15995510004420951,0.24965040333571425,0.1505127397880952,0.0773630088492054,0.14567542390620136,0.278872417412154,0.20150940856294863,0.16802804238460045,0.0,0.0,0.0,0.0,4.958551356554208e-05
992,100,100,1.0,feasible,0.7598827340275235,0.7948972474430085,0.8320164692236584,0.07213373519613486,0.6080245519999999,0.6359733449599999,0.7089730511999999,0.10094849919999993,0.09913766354761905,0.1559797252064,0.24585018210714285,0.1467125185595238,0.0773630088492054,0.14323315251004545,0.278872417412154,0.20150940856294863,0.16801911480319442,0.0,0.0,0.0,0.0,-8.927581406026341e-06
993,100,100,1.0,feasible,0.7598827340275235,0.7946406809315752,0.8320164692236584,0.07213373519613486,0.6080245519999999,0.6363162353839998,0.7089730511999999,0.10094849919999993,0.09913766354761905,0.15547778140190002,0.24585018210714285,0.1467125185595238,0.0773630088492054,0.14377152891838396,0.278872417412154,0.20150940856294863,0.16797773217663156,0.0,0.0,0.0,0.0,-4.138262656286362e-05
994,100,100,1.0,feasible,0.7598827340275235,0.7954873291184831,0.8320164692236584,0.07213373519613486,0.6080245519999999,0.6373778067279999,0.7089730511999999,0.10094849919999993,0.09913766354761905,0.1560297413106143,0.24585018210714285,0.1467125185595238,0.0773630088492054,0.1427188697054959,0.278872417412154,0.20150940856294863,0.1679826113112005,0.0,0.0,0.0,0.0,4.879134568952503e-06
995,100,100,1.0,feasible,0.7598827340275235,0.7949247774457991,0.8320164692236584,0.07213373519613486,0.6080245519999999,0.6383899125919998,0.7089730511999999,0.10094849919999993,0.09913766354761905,0.1564798367313286,0.24585018210714285,0.1467125185595238,0.0773630088492054,0.1464824909195899,0.278872417412154,0.20150940856294863,0.1679568394412069,0.0,0.0,0.0,0.0,-2.5771869993612695e-05
996,100,100,1.0,feasible,0.7598827340275235,0.7950077775609161,0.8320164692236584,0.07213373519613486,0.6080245519999999,0.6376610941759998,0.7089730511999999,0.10094849919999993,0.09913766354761905,0.1560352395861143,0.24585018210714285,0.1467125185595238,0.0773630088492054,0.14452551984063547,0.278872417412154,0.20150940856294863,0.16795627707434108,0.0,0.0,0.0,0.0,-5.623668658250036e-07
997,100,100,1.0,feasible,0.7598827340275235,0.794253897770045,0.8320164692236584,0.07213373519613486,0.6080245519999999,0.635558818272,0.7089730511999999,0.10094849919999993,0.09913766354761905,0.15817674395820952,0.24585018210714285,0.1467125185595238,0.0773630088492054,0.14599282253248047,0.278872417412154,0.20150940856294863,0.1679592430557818,0.0,0.0,0.0,0.0,2.965981440727905e-06
998,100,100,1.0,feasible,0.7598827340275235,0.7949460054628225,0.8320164692236584,0.07213373519613486,0.6080245519999999,0.6363551446959999,0.7089730511999999,0.10094849919999993,0.09913766354761905,0.15793050304725717,0.24585018210714285,0.1467125185595238,0.0773630088492054,0.14373042484695916,0.278872417412154,0.20150940856294863,0.16798471438434825,0.0,0.0,0.0,0.0,2.5471328566450957e-05
999,100,100,1.0,feasible,0.7598827340275235,0.7927407572610887,0.8320164692236584,0.07213373519613486,0.6080245519999999,0.6339570049919999,0.7089730511999999,0.10094849919999993,0.09913766354761905,0.15804870490266193,0.24585018210714285,0.1467125185595238,0.0773630088492054,0.14958500106513975,0.278872417412154,0.20150940856294863,0.1679818062378237,0.0,0.0,0.0,0.0,-2.9081465245661686e-06
1000,100,100,1.0,feasible,0.7598827340275235,0.7956216749411336,0.8320164692236584,0.07213373519613486,0.6080245519999999,0.636478694744,0.7089730511999999,0.10094849919999993,0.09913766354761905,0.15387116624280475,0.24585018210714285,0.1467125185595238,0.0773630088492054,0.1408704666964842,0.278872417412154,0.20150940856294863,0.16799572197267362,0.0,0.0,0.0,0.0,1.3915734849934136e-05
