gen,n_total,n_feasible,feasible_ratio,basis,J1_min,J1_mean,J1_max,J1_span,J2_min,J2_mean,J2_max,J2_span,J3_min,J3_mean,J3_max,J3_span,J4_min,J4_mean,J4_max,J4_span,hypervolume,J1_improve_from_prev,J2_improve_from_prev,J3_improve_from_prev,J4_improve_from_prev,hypervolume_improve_from_prev
1,100,9,0.09,feasible,0.749401476287653,0.7742145055882107,0.7940062238152547,0.044604747527601685,0.6469499079999999,0.6925357833777777,0.7477617175999999,0.10081180960000002,0.003058085380952384,0.0141834868762963,0.03902897936714286,0.03597089398619048,0.25383401671971756,0.3524706562526097,0.47014621071939144,0.21631219399967389,0.14189120305519543,,,,,
2,100,30,0.3,feasible,0.7393949412205885,0.7724030325234448,0.8013085001656987,0.06191355894511019,0.6198752127999998,0.6857704960266664,0.7477617175999999,0.12788650480000008,3.1663095238016444e-07,0.011944951304226984,0.03902897936714286,0.03902866273619048,0.2212174226842243,0.3456444239169094,0.5233094639369316,0.3020920412527073,0.15861324836883378,0.010006535067064504,0.027074695200000054,0.003057768750000004,0.032616594035493246,0.016722045313638356
3,100,79,0.79,feasible,0.7393949412205885,0.776234612512466,0.8136698267141088,0.07427488549352035,0.6175889503999998,0.6935792232506327,0.7942120655999998,0.17662311519999996,3.1663095238016444e-07,0.01276287747914587,0.05381130665952381,0.053810990028571426,0.20828233396930143,0.33978282504851987,0.5233094639369316,0.31502712996763016,0.16127093891387334,0.0,0.002286262399999961,0.0,0.012935088714922882,0.0026576905450395594
4,100,100,1.0,feasible,0.7378615527706557,0.7704369007770394,0.8013085001656987,0.06344694739504297,0.6083775607999999,0.6792477737839998,0.7418513311999998,0.13347377039999986,3.1663095238016444e-07,0.01004256649943738,0.04944376244999999,0.04944344581904761,0.19211073254898206,0.3496470005853475,0.526444359797852,0.33433362724886995,0.1672041957004281,0.0015333884499327821,0.009211389599999897,0.0,0.01617160142031937,0.005933256786554764
5,100,100,1.0,feasible,0.7378615527706557,0.7674095458584063,0.8013085001656987,0.06344694739504297,0.6083775607999999,0.671633175032,0.7418513311999998,0.13347377039999986,3.1663095238016444e-07,0.009134777690014523,0.04944376244999999,0.04944344581904761,0.19211073254898206,0.35652364239540385,0.526444359797852,0.33433362724886995,0.16853040039945164,0.0,0.0,0.0,0.0,0.001326204699023531
6,100,100,1.0,feasible,0.7350120308548305,0.7646011318307083,0.8013085001656987,0.06629646931086819,0.6083775607999999,0.6646350801680001,0.7418513311999998,0.13347377039999986,0.0,0.009941774031365263,0.052576687578333337,0.052576687578333337,0.19211073254898206,0.36291654775161775,0.5624999999999997,0.37038926745101763,0.1704411275450864,0.002849521915825215,0.0,3.1663095238016444e-07,0.0,0.0019107271456347552
7,100,100,1.0,feasible,0.7350120308548305,0.764212190737446,0.8013085001656987,0.06629646931086819,0.6083775607999999,0.6608981557599999,0.7418513311999998,0.13347377039999986,0.0,0.012506098502212168,0.0660559748547619,0.0660559748547619,0.19211073254898206,0.3595854651461914,0.5624999999999997,0.37038926745101763,0.17078843320692455,0.0,0.0,0.0,0.0,0.0003473056618381598
8,100,100,1.0,feasible,0.7350120308548305,0.7651947592538327,0.8013085001656987,0.06629646931086819,0.6083775607999999,0.6618371139999999,0.7418513311999998,0.13347377039999986,0.0,0.013206482207245003,0.0660559748547619,0.0660559748547619,0.19211073254898206,0.35401997990284256,0.5624999999999997,0.37038926745101763,0.1708150167275172,0.0,0.0,0.0,0.0,2.6583520592649013e-05
9,100,100,1.0,feasible,0.7350120308548305,0.7660534949828197,0.801810584654562,0.06679855379973154,0.6083775607999999,0.661772198872,0.7418513311999998,0.13347377039999986,0.0,0.015269535614232025,0.07244729774607143,0.07244729774607143,0.18721584108555636,0.3471147115011742,0.5624999999999997,0.37528415891444333,0.1717213809012353,0.0,0.0,0.0,0.004894891463425699,0.0009063641737180883
10,100,100,1.0,feasible,0.7350120308548305,0.7664423166623061,0.801810584654562,0.06679855379973154,0.6083775607999999,0.6613616472880001,0.7418513311999998,0.13347377039999986,0.0,0.016493659538441074,0.07244729774607143,0.07244729774607143,0.18721584108555636,0.34735282738826184,0.5624999999999997,0.37528415891444333,0.17161203717479395,0.0,0.0,0.0,0.0,-0.0001093437264413355
11,100,100,1.0,feasible,0.7350120308548305,0.7658085992412748,0.801810584654562,0.06679855379973154,0.6083775607999999,0.6601272893599999,0.7418513311999998,0.13347377039999986,0.0,0.016428954330504168,0.07399996188928572,0.07399996188928572,0.18721584108555636,0.3499025398129759,0.5624999999999997,0.37528415891444333,0.17247017686604865,0.0,0.0,0.0,0.0,0.0008581396912547001
12,100,100,1.0,feasible,0.7350120308548305,0.767652597432543,0.801810584654562,0.06679855379973154,0.6083775607999999,0.6638408114719999,0.7418513311999998,0.13347377039999986,0.0,0.017527607071155357,0.09469538180952382,0.09469538180952382,0.18721584108555636,0.33777765460533293,0.5624999999999997,0.37528415891444333,0.1725888111967759,0.0,0.0,0.0,0.0,0.00011863433072725749
13,100,100,1.0,feasible,0.7350120308548305,0.7665716883592346,0.801810584654562,0.06679855379973154,0.6083775607999999,0.6604957954799998,0.7418513311999998,0.13347377039999986,0.0,0.019369141664864406,0.09469538180952382,0.09469538180952382,0.18721584108555636,0.3440114405271163,0.5624999999999997,0.37528415891444333,0.17288660486075466,0.0,0.0,0.0,0.0,0.0002977936639787515
14,100,100,1.0,feasible,0.7350120308548305,0.767149093980779,0.8026807642195594,0.0676687333647289,0.6083775607999999,0.6607681711839999,0.7531089511999999,0.14473139039999994,0.0,0.020466685808753438,0.09469538180952382,0.09469538180952382,0.18721584108555636,0.3367451961213061,0.5624999999999997,0.37528415891444333,0.17325562799437771,0.0,0.0,0.0,0.0,0.00036902313362305317
15,100,100,1.0,feasible,0.7350120308548305,0.7673474292990078,0.8013797190972041,0.0663676882423736,0.6083775607999999,0.6604066762959999,0.7419650743999998,0.13358751359999987,0.0,0.01996955671227869,0.09469538180952382,0.09469538180952382,0.179050002280411,0.3328133921755602,0.5624999999999997,0.38344999771958865,0.17503180136463947,0.0,0.0,0.0,0.008165838805145348,0.0017761733702617577
16,100,100,1.0,feasible,0.7350120308548305,0.7676107136640329,0.8016683139727556,0.06665628311792515,0.6083775607999999,0.658532881248,0.7443697575999999,0.13599219679999996,0.0,0.0229609556536525,0.0965033858404762,0.0965033858404762,0.15343133136081108,0.3288290221562384,0.5624999999999997,0.40906866863918856,0.17863106508494683,0.0,0.0,0.0,0.025618670919599934,0.0035992637203073607
17,100,100,1.0,feasible,0.7350120308548305,0.7683584397275567,0.8016683139727556,0.06665628311792515,0.6083775607999999,0.6588991215279999,0.7443697575999999,0.13599219679999996,0.0,0.023977129402147742,0.0965033858404762,0.0965033858404762,0.15343133136081108,0.3260820172366926,0.5624999999999997,0.40906866863918856,0.17885826306338914,0.0,0.0,0.0,0.0,0.0002271979784423117
18,100,100,1.0,feasible,0.7350120308548305,0.7690381610023895,0.8016683139727556,0.06665628311792515,0.6083775607999999,0.66033535532,0.7443697575999999,0.13599219679999996,0.0,0.023567475591365836,0.0965033858404762,0.0965033858404762,0.15343133136081108,0.31852811473652637,0.5624999999999997,0.40906866863918856,0.17892485460052218,0.0,0.0,0.0,0.0,6.659153713303723e-05
19,100,100,1.0,feasible,0.7350120308548305,0.7692512108270979,0.8016683139727556,0.06665628311792515,0.6083775607999999,0.6597560498479998,0.7443697575999999,0.13599219679999996,0.0,0.02535892212641179,0.1003050843214286,0.1003050843214286,0.15343133136081108,0.31754494040004033,0.5624999999999997,0.40906866863918856,0.17900824270030546,0.0,0.0,0.0,0.0,8.338809978328254e-05
20,100,100,1.0,feasible,0.7350120308548305,0.7688198617672194,0.8016683139727556,0.06665628311792515,0.6083775607999999,0.6566785719519999,0.7447737623999998,0.13639620159999988,0.0,0.027906616417604647,0.1003050843214286,0.1003050843214286,0.15343133136081108,0.31752285195519014,0.5624999999999997,0.40906866863918856,0.17937264185778995,0.0,0.0,0.0,0.0,0.00036439915748448515
21,100,100,1.0,feasible,0.7350120308548305,0.7700747592738911,0.8016683139727556,0.06665628311792515,0.6083775607999999,0.6588672554239998,0.7447737623999998,0.13639620159999988,0.0,0.027933172696132026,0.1003050843214286,0.1003050843214286,0.15343133136081108,0.3116165024899525,0.5624999999999997,0.40906866863918856,0.1794382430577375,0.0,0.0,0.0,0.0,6.560119994755698e-05
22,100,100,1.0,feasible,0.7350120308548305,0.7706054698454642,0.8016683139727556,0.06665628311792515,0.6083775607999999,0.6569511746159999,0.7447737623999998,0.13639620159999988,0.0,0.031155830603926075,0.1003050843214286,0.1003050843214286,0.15343133136081108,0.30615130404547025,0.5624999999999997,0.40906866863918856,0.17959862807660515,0.0,0.0,0.0,0.0,0.00016038501886764256
23,100,100,1.0,feasible,0.7350120308548305,0.7683565102471525,0.8015824792876703,0.06657044843283988,0.6083775607999999,0.65336298376,0.7447737623999998,0.13639620159999988,0.0,0.030879042833076673,0.1003050843214286,0.1003050843214286,0.15343133136081108,0.31777483530301903,0.5624999999999997,0.40906866863918856,0.17957096440100162,0.0,0.0,0.0,0.0,-2.766367560352867e-05
24,100,100,1.0,feasible,0.7350120308548305,0.7692338801623848,0.8018959589590637,0.06688392810423327,0.6083775607999999,0.6543900246,0.7447737623999998,0.13639620159999988,0.0,0.032268990839909285,0.1003050843214286,0.1003050843214286,0.15343133136081108,0.3127084061815471,0.5624999999999997,0.40906866863918856,0.17960070289854235,0.0,0.0,0.0,0.0,2.973849754073221e-05
25,100,100,1.0,feasible,0.7350120308548305,0.7704446454197408,0.8018959589590637,0.06688392810423327,0.6083775607999999,0.6558816909039998,0.7447737623999998,0.13639620159999988,0.0,0.03336914576270999,0.1003050843214286,0.1003050843214286,0.15343133136081108,0.3057362104098003,0.5624999999999997,0.40906866863918856,0.17966501468070467,0.0,0.0,0.0,0.0,6.431178216231848e-05
26,100,100,1.0,feasible,0.7350120308548305,0.7721172963232346,0.8018959589590637,0.06688392810423327,0.6083775607999999,0.6582221262160001,0.7447737623999998,0.13639620159999988,0.0,0.033475552582910954,0.1003050843214286,0.1003050843214286,0.15343133136081108,0.29813702163894407,0.5624999999999997,0.40906866863918856,0.17967805968640854,0.0,0.0,0.0,0.0,1.3045005703871126e-05
27,100,100,1.0,feasible,0.7350120308548305,0.7713348810964018,0.8018959589590637,0.06688392810423327,0.6083775607999999,0.658795885744,0.7447737623999998,0.13639620159999988,0.0,0.030608230054902857,0.10003334499761905,0.10003334499761905,0.15343133136081108,0.3025702706956753,0.5624999999999997,0.40906866863918856,0.18020458203143241,0.0,0.0,0.0,0.0,0.0005265223450238721
28,100,100,1.0,feasible,0.7350120308548305,0.7699735194015662,0.8018959589590637,0.06688392810423327,0.6083775607999999,0.6554914002159998,0.7447737623999998,0.13639620159999988,0.0,0.03324757752916691,0.10003334499761905,0.10003334499761905,0.15343133136081108,0.30335328566217734,0.5624999999999997,0.40906866863918856,0.18050052926035492,0.0,0.0,0.0,0.0,0.0002959472289225107
29,100,100,1.0,feasible,0.7350120308548305,0.7685288804885495,0.8018959589590637,0.06688392810423327,0.6083775607999999,0.654934848544,0.7447737623999998,0.13639620159999988,0.0,0.030481146636237386,0.10003334499761905,0.10003334499761905,0.15343133136081108,0.31285512719493636,0.5624999999999997,0.40906866863918856,0.1803984135422111,0.0,0.0,0.0,0.0,-0.00010211571814383591
30,100,100,1.0,feasible,0.7350120308548305,0.7692829624710028,0.8018959589590637,0.06688392810423327,0.6083775607999999,0.6551440618559999,0.7447737623999998,0.13639620159999988,0.0,0.03144855867928738,0.10003334499761905,0.10003334499761905,0.15343133136081108,0.3053970739275548,0.5624999999999997,0.40906866863918856,0.18047860689166834,0.0,0.0,0.0,0.0,8.01933494572471e-05
31,100,100,1.0,feasible,0.7350120308548305,0.770581476164687,0.8040627712661118,0.06905074041128134,0.6083775607999999,0.6576658534319999,0.7447737623999998,0.13639620159999988,0.0,0.03242859007849476,0.10003334499761905,0.10003334499761905,0.15343133136081108,0.2972615713151041,0.5624999999999997,0.40906866863918856,0.1805310239006409,0.0,0.0,0.0,0.0,5.241700897257173e-05
32,100,100,1.0,feasible,0.7350120308548305,0.7692220179739419,0.8040627712661118,0.06905074041128134,0.6083775607999999,0.6550930786239998,0.7447737623999998,0.13639620159999988,0.0,0.032540018966997264,0.10003334499761905,0.10003334499761905,0.15343133136081108,0.3045730411802602,0.5624999999999997,0.40906866863918856,0.18059693179640918,0.0,0.0,0.0,0.0,6.590789576826905e-05
33,100,100,1.0,feasible,0.7350120308548305,0.7708330395217413,0.8040627712661118,0.06905074041128134,0.6083775607999999,0.6571068917119999,0.7447737623999998,0.13639620159999988,0.0,0.03454623568008322,0.10003334499761905,0.10003334499761905,0.15343133136081108,0.2959047178793843,0.5624999999999997,0.40906866863918856,0.18027443253378134,0.0,0.0,0.0,0.0,-0.00032249926262784
34,100,100,1.0,feasible,0.7350120308548305,0.7685558775966722,0.8040627712661118,0.06905074041128134,0.6083775607999999,0.653979355752,0.7447737623999998,0.13639620159999988,0.0,0.03289945825162955,0.10003334499761905,0.10003334499761905,0.15343133136081108,0.3087808285728346,0.5624999999999997,0.40906866863918856,0.18045780032461864,0.0,0.0,0.0,0.0,0.00018336779083730215
35,100,100,1.0,feasible,0.7350120308548305,0.7683613947787487,0.8040627712661118,0.06905074041128134,0.6083775607999999,0.6542190377679998,0.7447737623999998,0.13639620159999988,0.0,0.03405864857779764,0.10003334499761905,0.10003334499761905,0.15343133136081108,0.30832254989191044,0.5624999999999997,0.40906866863918856,0.18044871077601976,0.0,0.0,0.0,0.0,-9.08954859887845e-06
36,100,100,1.0,feasible,0.7350120308548305,0.7688664480142329,0.8040627712661118,0.06905074041128134,0.6083775607999999,0.6563453622639999,0.7447737623999998,0.13639620159999988,0.0,0.030643856438184548,0.10003334499761905,0.10003334499761905,0.15343133136081108,0.30793408590413535,0.5624999999999997,0.40906866863918856,0.1803236026330975,0.0,0.0,0.0,0.0,-0.00012510814292227002
37,100,100,1.0,feasible,0.7350120308548305,0.7685788746472365,0.8040627712661118,0.06905074041128134,0.6083775607999999,0.65515533624,0.7447737623999998,0.13639620159999988,0.0,0.030778883146005975,0.10003334499761905,0.10003334499761905,0.15343133136081108,0.30768943073023847,0.5624999999999997,0.40906866863918856,0.18034846969207352,0.0,0.0,0.0,0.0,2.4867058976030254e-05
38,100,100,1.0,feasible,0.7350120308548305,0.7713074213646591,0.8040627712661118,0.06905074041128134,0.6083775607999999,0.6607774002239999,0.7450250551999998,0.1366474943999999,0.0,0.031607700836461194,0.10816621145357143,0.10816621145357143,0.15014938014864662,0.2970558357995564,0.5624999999999997,0.412350619851353,0.18072253741227845,0.0,0.0,0.0,0.003281951212164458,0.0003740677202049292
39,100,100,1.0,feasible,0.7350120308548305,0.7706507328589122,0.8040627712661118,0.06905074041128134,0.6083775607999999,0.6553083516399998,0.7450250551999998,0.1366474943999999,0.0,0.03589292715819821,0.10816621145357143,0.10816621145357143,0.14463257923020656,0.2933322857528192,0.5624999999999997,0.4178674207697931,0.18174137727402864,0.0,0.0,0.0,0.005516800918440062,0.0010188398617501926
40,100,100,1.0,feasible,0.7350120308548305,0.7719202614925088,0.8040627712661118,0.06905074041128134,0.6083775607999999,0.6589064952559999,0.7450250551999998,0.1366474943999999,0.0,0.034280341948754046,0.11006888831190481,0.11006888831190481,0.14463257923020656,0.2893495668112931,0.5624999999999997,0.4178674207697931,0.18187460582754067,0.0,0.0,0.0,0.0,0.000133228553512027
41,100,100,1.0,feasible,0.7350120308548305,0.7712265673564963,0.8040627712661118,0.06905074041128134,0.6083775607999999,0.6563181449279999,0.7450250551999998,0.1366474943999999,0.0,0.03629256474035775,0.11653991630119047,0.11653991630119047,0.14463257923020656,0.2943064276898699,0.5624999999999997,0.4178674207697931,0.18187503510673242,0.0,0.0,0.0,0.0,4.2927919174928775e-07
42,100,100,1.0,feasible,0.7350120308548305,0.7704704987572601,0.8040627712661118,0.06905074041128134,0.6083775607999999,0.6549077337439998,0.7450250551999998,0.1366474943999999,0.0,0.03661221910850392,0.13338335152023809,0.13338335152023809,0.14463257923020656,0.29802697277452467,0.5624999999999997,0.4178674207697931,0.1817009123583729,0.0,0.0,0.0,0.0,-0.00017412274835951203
43,100,100,1.0,feasible,0.7350120308548305,0.771635835001657,0.8040627712661118,0.06905074041128134,0.6083775607999999,0.6563402407439998,0.7450250551999998,0.1366474943999999,0.0,0.037431526759587976,0.13338335152023809,0.13338335152023809,0.14463257923020656,0.2915612105925123,0.5624999999999997,0.4178674207697931,0.18193215141960417,0.0,0.0,0.0,0.0,0.00023123906123126425
44,100,100,1.0,feasible,0.7350120308548305,0.7718284404827935,0.8040627712661118,0.06905074041128134,0.6083775607999999,0.6560930753999998,0.7450250551999998,0.1366474943999999,0.0,0.03821924794839964,0.13338335152023809,0.13338335152023809,0.14463257923020656,0.2909966435712023,0.5624999999999997,0.4178674207697931,0.18199051492962592,0.0,0.0,0.0,0.0,5.8363510021752774e-05
45,100,100,1.0,feasible,0.7350120308548305,0.7715735513404148,0.803574227321089,0.0685621964662585,0.6083775607999999,0.6511838399359999,0.7450250551999998,0.1366474943999999,0.0,0.044229069714617014,0.13338335152023809,0.13338335152023809,0.14463257923020656,0.28941367325548456,0.5624999999999997,0.4178674207697931,0.18197664601523372,0.0,0.0,0.0,0.0,-1.386891439220106e-05
46,100,100,1.0,feasible,0.7350120308548305,0.7699497340214185,0.800592339926395,0.06558030907156454,0.6083775607999999,0.648293334864,0.7450250551999998,0.1366474943999999,0.0,0.04466676209738763,0.13338335152023809,0.13338335152023809,0.14463257923020656,0.29855562801213964,0.5624999999999997,0.4178674207697931,0.18194057638331554,0.0,0.0,0.0,0.0,-3.606963191818413e-05
47,100,100,1.0,feasible,0.7350120308548305,0.7718348969389358,0.8078903620079187,0.07287833115308828,0.6083775607999999,0.651083656848,0.7450250551999998,0.1366474943999999,0.0,0.04418187570532571,0.13338335152023809,0.13338335152023809,0.14463257923020656,0.28684590690008394,0.5624999999999997,0.4178674207697931,0.18204657034882202,0.0,0.0,0.0,0.0,0.00010599396550647899
48,100,100,1.0,feasible,0.7350120308548305,0.7724320530819948,0.8078903620079187,0.07287833115308828,0.6083775607999999,0.6516627401679999,0.7450250551999998,0.1366474943999999,0.0,0.04474903062180118,0.13338335152023809,0.13338335152023809,0.14463257923020656,0.28470378898923704,0.5624999999999997,0.4178674207697931,0.18223515098247,0.0,0.0,0.0,0.0,0.00018858063364798894
49,100,100,1.0,feasible,0.7350120308548305,0.7709097759545114,0.8017476237071145,0.06673559285228403,0.6083775607999999,0.6531436777359998,0.7450250551999998,0.1366474943999999,0.0,0.038859269457527865,0.13338335152023809,0.13338335152023809,0.14463257923020656,0.29519462133852725,0.5624999999999997,0.4178674207697931,0.18223963569839968,0.0,0.0,0.0,0.0,4.484715929675698e-06
50,100,100,1.0,feasible,0.7350120308548305,0.7708716121221636,0.8017476237071145,0.06673559285228403,0.6083775607999999,0.6512974158799999,0.7450250551999998,0.1366474943999999,0.0,0.039849015870577854,0.13338335152023809,0.13338335152023809,0.14463257923020656,0.29072178774519714,0.5624999999999997,0.4178674207697931,0.18229650150443177,0.0,0.0,0.0,0.0,5.686580603209146e-05
51,100,100,1.0,feasible,0.7350120308548305,0.7719632730443202,0.8017476237071145,0.06673559285228403,0.6083775607999999,0.6535951907599998,0.7450250551999998,0.1366474943999999,0.0,0.03966435999173762,0.13338335152023809,0.13338335152023809,0.14463257923020656,0.28377900514462207,0.5624999999999997,0.4178674207697931,0.18237513554919327,0.0,0.0,0.0,0.0,7.863404476149416e-05
52,100,100,1.0,feasible,0.7350120308548305,0.7703967606308757,0.8038418100395932,0.06882977918476274,0.6083775607999999,0.6506827267759998,0.7408484679999999,0.1324709072,0.0,0.04026820349392179,0.13338335152023809,0.13338335152023809,0.14463257923020656,0.2941289268301375,0.5624999999999997,0.4178674207697931,0.18243012357742677,0.0,0.0,0.0,0.0,5.498802823350468e-05
53,100,100,1.0,feasible,0.7350120308548305,0.7692126215364623,0.8038418100395932,0.06882977918476274,0.6083775607999999,0.6475391620319998,0.7408484679999999,0.1324709072,0.0,0.04060465676756654,0.13338335152023809,0.13338335152023809,0.14261225684008266,0.29595380508001695,0.5624999999999997,0.419887743159917,0.18276770694384878,0.0,0.0,0.0,0.0020203223901238965,0.00033758336642200626
54,100,100,1.0,feasible,0.7350120308548305,0.7707891659358483,0.8038418100395932,0.06882977918476274,0.6083775607999999,0.647873559472,0.7408484679999999,0.1324709072,0.0,0.043405205076632015,0.13441418709595238,0.13441418709595238,0.14261225684008266,0.28961124602564253,0.5624999999999997,0.419887743159917,0.18286593101102,0.0,0.0,0.0,0.0,9.82240671712209e-05
55,100,100,1.0,feasible,0.7350120308548305,0.7720997768327141,0.8038418100395932,0.06882977918476274,0.6083775607999999,0.64912079752,0.7391995559999999,0.13082199519999993,0.0,0.04490426442305166,0.13441418709595238,0.13441418709595238,0.14261225684008266,0.27997782258186993,0.5624999999999997,0.419887743159917,0.1829870445209918,0.0,0.0,0.0,0.0,0.00012111350997179304
56,100,100,1.0,feasible,0.7350120308548305,0.7704017280946401,0.8038418100395932,0.06882977918476274,0.6083775607999999,0.64858896712,0.7391995559999999,0.13082199519999993,0.0,0.04210435469233213,0.13441418709595238,0.13441418709595238,0.13427627910106554,0.2918179781196832,0.5624999999999997,0.4282237208989341,0.18400230631793627,0.0,0.0,0.0,0.00833597773901712,0.0010152617969444722
57,100,100,1.0,feasible,0.7350120308548305,0.7705320694852876,0.8038418100395932,0.06882977918476274,0.6083775607999999,0.64595240264,0.7391995559999999,0.13082199519999993,0.0,0.046419063571248816,0.13441418709595238,0.13441418709595238,0.13427627910106554,0.29001652400958083,0.5624999999999997,0.4282237208989341,0.1839027582593663,0.0,0.0,0.0,0.0,-9.95480585699593e-05
58,100,100,1.0,feasible,0.7350120308548305,0.7724550855903232,0.8038418100395932,0.06882977918476274,0.6083775607999999,0.6448705066239999,0.7391995559999999,0.13082199519999993,0.0,0.05283302167935642,0.14873945346809522,0.14873945346809522,0.13427627910106554,0.2770371283359305,0.5624999999999997,0.4282237208989341,0.184026760894133,0.0,0.0,0.0,0.0,0.0001240026347666956
59,100,100,1.0,feasible,0.7350120308548305,0.7725325860036978,0.8038418100395932,0.06882977918476274,0.6083775607999999,0.6491623989679998,0.7396697503999998,0.1312921895999999,0.0,0.04814068505862666,0.14873945346809522,0.14873945346809522,0.13427627910106554,0.28220401855603783,0.5624999999999997,0.4282237208989341,0.18392295517299462,0.0,0.0,0.0,0.0,-0.0001038057211383836
60,100,100,1.0,feasible,0.7350120308548305,0.7721894907330857,0.8038418100395932,0.06882977918476274,0.6083775607999999,0.6484282381279999,0.7396697503999998,0.1312921895999999,0.0,0.047021978785989765,0.14873945346809522,0.14873945346809522,0.13427627910106554,0.28272213098306065,0.5624999999999997,0.4282237208989341,0.18402233291733278,0.0,0.0,0.0,0.0,9.937774433815827e-05
61,100,100,1.0,feasible,0.7350120308548305,0.772055603148274,0.8038418100395932,0.06882977918476274,0.6083775607999999,0.648091761664,0.7396697503999998,0.1312921895999999,0.0,0.047259874893695236,0.15478563135535714,0.15478563135535714,0.13427627910106554,0.2834364587203684,0.5624999999999997,0.4282237208989341,0.18405827001644734,0.0,0.0,0.0,0.0,3.593709911456355e-05
62,100,100,1.0,feasible,0.7350120308548305,0.7720688129061797,0.8038418100395932,0.06882977918476274,0.6083775607999999,0.6493662896319999,0.7396697503999998,0.1312921895999999,0.0,0.04621406832360595,0.15478563135535714,0.15478563135535714,0.13427627910106554,0.2835191182870525,0.5624999999999997,0.4282237208989341,0.18412338937174705,0.0,0.0,0.0,0.0,6.511935529970869e-05
63,100,100,1.0,feasible,0.7350120308548305,0.773279848186908,0.8038418100395932,0.06882977918476274,0.6083775607999999,0.651257415688,0.7398653975999998,0.13148783679999987,0.0,0.04856575956593929,0.15478563135535714,0.15478563135535714,0.1302914425185974,0.2763831179072776,0.5624999999999997,0.4322085574814023,0.18476177358416745,0.0,0.0,0.0,0.003984836582468149,0.0006383842124204064
64,100,100,1.0,feasible,0.7350120308548305,0.7722235429473424,0.8038418100395932,0.06882977918476274,0.6083775607999999,0.6483417509839999,0.7398653975999998,0.13148783679999987,0.0,0.0494896696673619,0.15478563135535714,0.15478563135535714,0.1302914425185974,0.27863032351947375,0.5624999999999997,0.4322085574814023,0.18468672637428135,0.0,0.0,0.0,0.0,-7.504720988610325e-05
65,100,100,1.0,feasible,0.7350120308548305,0.7730217860534074,0.8038418100395932,0.06882977918476274,0.6083775607999999,0.6481898344,0.7398653975999998,0.13148783679999987,0.0,0.05173320741593097,0.15478563135535714,0.15478563135535714,0.12849050201180365,0.2710925863333201,0.5624999999999997,0.434009497988196,0.1849787193181348,0.0,0.0,0.0,0.0018009405067937467,0.00029199294385345853
66,100,100,1.0,feasible,0.7350120308548305,0.7739823849580518,0.8038418100395932,0.06882977918476274,0.6083775607999999,0.651374818096,0.7398653975999998,0.13148783679999987,0.0,0.05027227776291357,0.1511235858059524,0.1511235858059524,0.12849050201180365,0.2699331804807651,0.5624999999999997,0.434009497988196,0.1849275651119821,0.0,0.0,0.0,0.0,-5.115420615270372e-05
67,100,100,1.0,feasible,0.7350120308548305,0.7708855517476846,0.8038418100395932,0.06882977918476274,0.6083775607999999,0.6484557705199999,0.7398653975999998,0.13148783679999987,0.0,0.04634139838599381,0.1511235858059524,0.1511235858059524,0.12849050201180365,0.28885011988420695,0.5624999999999997,0.434009497988196,0.18485055648469234,0.0,0.0,0.0,0.0,-7.700862728976521e-05
68,100,100,1.0,feasible,0.7350120308548305,0.77115413296618,0.8038418100395932,0.06882977918476274,0.6083775607999999,0.6473967063679998,0.7398653975999998,0.13148783679999987,0.0,0.047118031936024526,0.1511235858059524,0.1511235858059524,0.12849050201180365,0.2868443157602502,0.5624999999999997,0.434009497988196,0.18505027997117987,0.0,0.0,0.0,0.0,0.0001997234864875297
69,100,100,1.0,feasible,0.7350120308548305,0.7714488645849684,0.8026028978947553,0.06759086703992478,0.6083775607999999,0.6489327134959999,0.7398653975999998,0.13148783679999987,0.0,0.0459711354889391,0.1511235858059524,0.1511235858059524,0.12849050201180365,0.2844363100302034,0.5624999999999997,0.434009497988196,0.18524425400242417,0.0,0.0,0.0,0.0,0.00019397403124429835
70,100,100,1.0,feasible,0.7350120308548305,0.7717250515575671,0.8026028978947553,0.06759086703992478,0.6083775607999999,0.64877280196,0.7398653975999998,0.13148783679999987,0.0,0.046595624561867194,0.1511235858059524,0.1511235858059524,0.12849050201180365,0.28279648162021676,0.5624999999999997,0.434009497988196,0.18513915345984197,0.0,0.0,0.0,0.0,-0.00010510054258219825
71,100,100,1.0,feasible,0.7350120308548305,0.7720860433903686,0.8026028978947553,0.06759086703992478,0.6083775607999999,0.648705891648,0.7398653975999998,0.13148783679999987,0.0,0.04805244792920926,0.15761353921666665,0.15761353921666665,0.12834226981517538,0.2771713990249563,0.5624999999999997,0.4341577301848243,0.18518196373737905,0.0,0.0,0.0,0.00014823219662826737,4.281027753708089e-05
72,100,100,1.0,feasible,0.7350120308548305,0.7699245582718502,0.8026028978947553,0.06759086703992478,0.6083775607999999,0.6457728976479999,0.7398653975999998,0.13148783679999987,0.0,0.04649313924613308,0.15761353921666665,0.15761353921666665,0.12834226981517538,0.29267495116563025,0.5624999999999997,0.4341577301848243,0.18512920626303084,0.0,0.0,0.0,0.0,-5.2757474348213984e-05
73,100,100,1.0,feasible,0.7350120308548305,0.7725836468473652,0.8026028978947553,0.06759086703992478,0.6083775607999999,0.651417392776,0.7410397599999998,0.1326621991999999,0.0,0.04551652121764707,0.15761353921666665,0.15761353921666665,0.12834226981517538,0.28023564583468613,0.5624999999999997,0.4341577301848243,0.18515964820866795,0.0,0.0,0.0,0.0,3.044194563711633e-05
74,100,100,1.0,feasible,0.7350120308548305,0.7727451276952191,0.8026028978947553,0.06759086703992478,0.6083775607999999,0.649328466472,0.7418086719999999,0.13343111119999995,0.0,0.04802893706364159,0.1630400309216667,0.1630400309216667,0.12834226981517538,0.2763273892274944,0.5624999999999997,0.4341577301848243,0.18520165049163526,0.0,0.0,0.0,0.0,4.2002282967301685e-05
75,100,100,1.0,feasible,0.7350120308548305,0.7735114941900825,0.8026028978947553,0.06759086703992478,0.6083775607999999,0.6487095171519998,0.7418086719999999,0.13343111119999995,0.0,0.05002412049995926,0.1630400309216667,0.1630400309216667,0.12834226981517538,0.2709912719218899,0.5624999999999997,0.4341577301848243,0.18516655837431162,0.0,0.0,0.0,0.0,-3.509211732363737e-05
76,100,100,1.0,feasible,0.7350120308548305,0.7742470034761831,0.8026028978947553,0.06759086703992478,0.6083775607999999,0.6516928849279998,0.7418086719999999,0.13343111119999995,0.0,0.047610030127102264,0.1630400309216667,0.1630400309216667,0.1265084658703134,0.27077416968793555,0.5624999999999997,0.4359915341296863,0.18534663763893444,0.0,0.0,0.0,0.0018338039448619892,0.0001800792646228233
77,100,100,1.0,feasible,0.7350120308548305,0.7715919502991295,0.8026028978947553,0.06759086703992478,0.6083775607999999,0.648751929744,0.7418086719999999,0.13343111119999995,0.0,0.045385367586073276,0.1630400309216667,0.1630400309216667,0.1265084658703134,0.28706463945262933,0.5624999999999997,0.4359915341296863,0.1852627411066865,0.0,0.0,0.0,0.0,-8.389653224794014e-05
78,100,100,1.0,feasible,0.7350120308548305,0.7740953284286537,0.8034249434008337,0.06841291254600324,0.6083775607999999,0.6521700116079998,0.7418086719999999,0.13343111119999995,0.0,0.04776928037873643,0.1630400309216667,0.1630400309216667,0.1265084658703134,0.267314437188322,0.5624999999999997,0.4359915341296863,0.18518387702708228,0.0,0.0,0.0,0.0,-7.886407960422392e-05
79,100,100,1.0,feasible,0.7350120308548305,0.7734699453351473,0.8034249434008337,0.06841291254600324,0.6083775607999999,0.651057942328,0.7418086719999999,0.13343111119999995,0.0,0.04791049645396714,0.1630400309216667,0.1630400309216667,0.1265084658703134,0.2759330036739882,0.5624999999999997,0.4359915341296863,0.18516214428080807,0.0,0.0,0.0,0.0,-2.1732746274205628e-05
80,100,100,1.0,feasible,0.7350120308548305,0.7721980868932379,0.8043194432525771,0.06930741239774663,0.6083775607999999,0.6503375254479999,0.7418086719999999,0.13343111119999995,0.0,0.0456838089821803,0.1630400309216667,0.1630400309216667,0.1265084658703134,0.27662416787061483,0.5624999999999997,0.4359915341296863,0.18528610852963576,0.0,0.0,0.0,0.0,0.00012396424882768486
81,100,100,1.0,feasible,0.7350120308548305,0.7713432950325294,0.8043194432525771,0.06930741239774663,0.6083775607999999,0.6484841408639999,0.7418086719999999,0.13343111119999995,0.0,0.04669164405137261,0.1630400309216667,0.1630400309216667,0.1265084658703134,0.2830988132254941,0.5624999999999997,0.4359915341296863,0.1851048724285319,0.0,0.0,0.0,0.0,-0.0001812361011038488
82,100,100,1.0,feasible,0.7350120308548305,0.7720838748940402,0.8043194432525771,0.06930741239774663,0.6083775607999999,0.6505454189679999,0.7418086719999999,0.13343111119999995,0.0,0.04611370194513048,0.1630400309216667,0.1630400309216667,0.1265084658703134,0.28030331998685776,0.5624999999999997,0.4359915341296863,0.18531415942192933,0.0,0.0,0.0,0.0,0.00020928699339742285
83,100,100,1.0,feasible,0.7350120308548305,0.7709740740681634,0.804517931383322,0.06950590052849148,0.6083775607999999,0.6467637824000001,0.7418086719999999,0.13343111119999995,0.0,0.048270126763240245,0.16953042949785715,0.16953042949785715,0.1265084658703134,0.2841974908730758,0.5624999999999997,0.4359915341296863,0.18530500147935042,0.0,0.0,0.0,0.0,-9.157942578913447e-06
84,100,100,1.0,feasible,0.7350120308548305,0.7719625493895315,0.804517931383322,0.06950590052849148,0.6083775607999999,0.6484293334959998,0.7418086719999999,0.13343111119999995,0.0,0.04884534240139833,0.16953042949785715,0.16953042949785715,0.1265084658703134,0.2814456463618328,0.5624999999999997,0.4359915341296863,0.18518754435873713,0.0,0.0,0.0,0.0,-0.00011745712061328462
85,100,100,1.0,feasible,0.7350120308548305,0.7730300785655728,0.804517931383322,0.06950590052849148,0.6083775607999999,0.64991262416,0.7418086719999999,0.13343111119999995,0.0,0.04716463488959595,0.16233644484999998,0.16233644484999998,0.1265084658703134,0.2767026827039619,0.5624999999999997,0.4359915341296863,0.1852033023126673,0.0,0.0,0.0,0.0,1.5757953930162216e-05
86,100,100,1.0,feasible,0.7350120308548305,0.7740236167250972,0.804517931383322,0.06950590052849148,0.6083775607999999,0.6495307179440001,0.7419720511999998,0.13359449039999982,0.0,0.05029781195049476,0.16233644484999998,0.16233644484999998,0.1265084658703134,0.26992500149924065,0.5624999999999997,0.4359915341296863,0.1853989144405985,0.0,0.0,0.0,0.0,0.00019561212793120508
87,100,100,1.0,feasible,0.7350120308548305,0.7744994599785464,0.804517931383322,0.06950590052849148,0.6083775607999999,0.6493910813279998,0.7419720511999998,0.13359449039999982,0.0,0.05217093236598929,0.16079568147047618,0.16079568147047618,0.1265084658703134,0.26399965934707503,0.5624999999999997,0.4359915341296863,0.18539160960125145,0.0,0.0,0.0,0.0,-7.304839347049841e-06
88,100,100,1.0,feasible,0.7350120308548305,0.7742917732056582,0.804517931383322,0.06950590052849148,0.6083775607999999,0.651709427496,0.7419720511999998,0.13359449039999982,0.0,0.0482069318132619,0.16079568147047618,0.16079568147047618,0.1265084658703134,0.2649210865634459,0.5624999999999997,0.4359915341296863,0.18540119466761693,0.0,0.0,0.0,0.0,9.58506636547507e-06
89,100,100,1.0,feasible,0.7350120308548305,0.7729172495473811,0.804517931383322,0.06950590052849148,0.6083775607999999,0.649944333856,0.7419720511999998,0.13359449039999982,0.0,0.04691165055990369,0.16079568147047618,0.16079568147047618,0.1265084658703134,0.27543916720176154,0.5624999999999997,0.4359915341296863,0.18540915155741702,0.0,0.0,0.0,0.0,7.956889800098121e-06
90,100,100,1.0,feasible,0.7350120308548305,0.7743983289065633,0.804517931383322,0.06950590052849148,0.6083775607999999,0.6518586104720001,0.7419720511999998,0.13359449039999982,0.0,0.04967149990680011,0.16079568147047618,0.16079568147047618,0.1265084658703134,0.26923633150738224,0.5624999999999997,0.4359915341296863,0.18526918134033496,0.0,0.0,0.0,0.0,-0.0001399702170820638
91,100,100,1.0,feasible,0.7350120308548305,0.7726109042514783,0.804517931383322,0.06950590052849148,0.6083775607999999,0.6501023105839999,0.7419720511999998,0.13359449039999982,0.0,0.04866532354470916,0.16319901178333335,0.16319901178333335,0.1265084658703134,0.27833539226847903,0.5624999999999997,0.4359915341296863,0.1854065934160755,0.0,0.0,0.0,0.0,0.00013741207574052838
92,100,100,1.0,feasible,0.7350120308548305,0.7742240773219613,0.804517931383322,0.06950590052849148,0.6083775607999999,0.6523135203199999,0.7419720511999998,0.13359449039999982,0.0,0.050371753306845964,0.16319901178333335,0.16319901178333335,0.1265084658703134,0.27024253322620123,0.5624999999999997,0.4359915341296863,0.18523589454837364,0.0,0.0,0.0,0.0,-0.00017069886770185172
93,100,100,1.0,feasible,0.7350120308548305,0.7728287407862837,0.804517931383322,0.06950590052849148,0.6083775607999999,0.6476370363839998,0.7419720511999998,0.13359449039999982,0.0,0.05344587574847476,0.16822649441785711,0.16822649441785711,0.1265084658703134,0.2764768775120088,0.5624999999999997,0.4359915341296863,0.1851732198106374,0.0,0.0,0.0,0.0,-6.267473773624577e-05
94,100,100,1.0,feasible,0.7350120308548305,0.7717325179626044,0.804517931383322,0.06950590052849148,0.6083775607999999,0.6453676671439998,0.7419720511999998,0.13359449039999982,0.0,0.05517306721752285,0.16822649441785711,0.16822649441785711,0.1265084658703134,0.2782703510770834,0.5624999999999997,0.4359915341296863,0.18514191074399133,0.0,0.0,0.0,0.0,-3.130906664605693e-05
95,100,100,1.0,feasible,0.7350120308548305,0.7731871413932638,0.804517931383322,0.06950590052849148,0.6083775607999999,0.648896146664,0.7419720511999998,0.13359449039999982,0.0,0.0540551167340993,0.17121041592857145,0.17121041592857145,0.1265084658703134,0.2757199265034558,0.5624999999999997,0.4359915341296863,0.1850865220922176,0.0,0.0,0.0,0.0,-5.538865177373564e-05
96,100,100,1.0,feasible,0.7350120308548305,0.772059493427869,0.804517931383322,0.06950590052849148,0.6083775607999999,0.6478219259759999,0.7419720511999998,0.13359449039999982,0.0,0.05191664750537168,0.17121041592857145,0.17121041592857145,0.12378727000943007,0.27879312432643144,0.5624999999999997,0.4387127299905696,0.1855527781840651,0.0,0.0,0.0,0.0027211958608833187,0.00046625609184750005
97,100,100,1.0,feasible,0.7350120308548305,0.7737837539357788,0.804517931383322,0.06950590052849148,0.6083775607999999,0.6487938751119999,0.7419720511999998,0.13359449039999982,0.0,0.0549638053803138,0.17121041592857145,0.17121041592857145,0.12378727000943007,0.2706533977556149,0.5624999999999997,0.4387127299905696,0.18556482449769934,0.0,0.0,0.0,0.0,1.2046313634245243e-05
98,100,100,1.0,feasible,0.7350120308548305,0.7732713465028865,0.804517931383322,0.06950590052849148,0.6083775607999999,0.6480965161679998,0.7419720511999998,0.13359449039999982,0.0,0.051832639060630015,0.16319901178333335,0.16319901178333335,0.12378727000943007,0.27032070922210655,0.5624999999999997,0.4387127299905696,0.18570241859342573,0.0,0.0,0.0,0.0,0.00013759409572638992
99,100,100,1.0,feasible,0.7350120308548305,0.7734054144567701,0.804517931383322,0.06950590052849148,0.6083775607999999,0.649981941112,0.7419720511999998,0.13359449039999982,0.0,0.049868931807656426,0.15792939048166668,0.15792939048166668,0.12378727000943007,0.27053831720127786,0.5624999999999997,0.4387127299905696,0.18576520294013665,0.0,0.0,0.0,0.0,6.278434671092015e-05
100,100,100,1.0,feasible,0.7350120308548305,0.7722162445336892,0.804517931383322,0.06950590052849148,0.6083775607999999,0.6477732160559999,0.7419720511999998,0.13359449039999982,0.0,0.04989155872680026,0.15913277659666664,0.15913277659666664,0.12378727000943007,0.2770337980002694,0.5624999999999997,0.4387127299905696,0.185868933206975,0.0,0.0,0.0,0.0,0.00010373026683835329
101,100,100,1.0,feasible,0.7350120308548305,0.7734864989656919,0.8051885707184342,0.07017653986360373,0.6083775607999999,0.6466392085199999,0.7419720511999998,0.13359449039999982,0.0,0.05375086673680621,0.16309164671666665,0.16309164671666665,0.12378727000943007,0.271995367909184,0.5624999999999997,0.4387127299905696,0.1858217224655499,0.0,0.0,0.0,0.0,-4.721074142510773e-05
102,100,100,1.0,feasible,0.7350120308548305,0.7742600027401323,0.8051885707184342,0.07017653986360373,0.6083775607999999,0.64781864632,0.7419720511999998,0.13359449039999982,0.0,0.05399455424918051,0.17239137979404762,0.17239137979404762,0.12378727000943007,0.26990576520024634,0.5624999999999997,0.4387127299905696,0.1858211798742181,0.0,0.0,0.0,0.0,-5.425913318091169e-07
103,100,100,1.0,feasible,0.7350120308548305,0.771439196113931,0.8051885707184342,0.07017653986360373,0.6083775607999999,0.6455695791919999,0.7424172303999999,0.1340396695999999,0.0,0.0504098403089305,0.17239137979404762,0.17239137979404762,0.12378727000943007,0.2816482846980288,0.5624999999999997,0.4387127299905696,0.18581169904372372,0.0,0.0,0.0,0.0,-9.48083049437387e-06
104,100,100,1.0,feasible,0.7350120308548305,0.7734262718853016,0.8051885707184342,0.07017653986360373,0.6083775607999999,0.6477304390319999,0.7424172303999999,0.1340396695999999,0.0,0.053492933094342866,0.17239137979404762,0.17239137979404762,0.12378727000943007,0.2684625435246179,0.5624999999999997,0.4387127299905696,0.1857307367109547,0.0,0.0,0.0,0.0,-8.096233276902454e-05
105,100,100,1.0,feasible,0.7350120308548305,0.7709578695367415,0.8051885707184342,0.07017653986360373,0.6083775607999999,0.644969929576,0.7396282471999999,0.13125068639999993,0.0,0.05129367234630181,0.16627665878809525,0.16627665878809525,0.12378727000943007,0.2820870802604766,0.5624999999999997,0.4387127299905696,0.18574835753762187,0.0,0.0,0.0,0.0,1.7620826667175127e-05
106,100,100,1.0,feasible,0.7350120308548305,0.7742767213873337,0.8051885707184342,0.07017653986360373,0.6083775607999999,0.6479625708479999,0.7396282471999999,0.13125068639999993,0.0,0.05600466181120823,0.1717765085654762,0.1717765085654762,0.12378727000943007,0.2659076037488572,0.5624999999999997,0.4387127299905696,0.18570103448231812,0.0,0.0,0.0,0.0,-4.7323055303749584e-05
107,100,100,1.0,feasible,0.7350120308548305,0.7719354286789458,0.8051885707184342,0.07017653986360373,0.6083775607999999,0.6447139047519999,0.7396282471999999,0.13125068639999993,0.0,0.053217177152102384,0.16627665878809525,0.16627665878809525,0.12378727000943007,0.27828421313569307,0.5624999999999997,0.4387127299905696,0.18571300855042108,0.0,0.0,0.0,0.0,1.197406810296564e-05
108,100,100,1.0,feasible,0.7350120308548305,0.7728785951040412,0.8051885707184342,0.07017653986360373,0.6083775607999999,0.645212421672,0.7396282471999999,0.13125068639999993,0.0,0.054442338044564303,0.16627665878809525,0.16627665878809525,0.12378727000943007,0.26944889498907654,0.5624999999999997,0.4387127299905696,0.1857064606226818,0.0,0.0,0.0,0.0,-6.547927739269932e-06
109,100,100,1.0,feasible,0.7350120308548305,0.773856927784173,0.8051885707184342,0.07017653986360373,0.6083775607999999,0.64880312388,0.7396282471999999,0.13125068639999993,0.0,0.051752248255265476,0.16101687366166667,0.16101687366166667,0.12378727000943007,0.2661016205371674,0.5624999999999997,0.4387127299905696,0.18585895631317056,0.0,0.0,0.0,0.0,0.000152495690488752
110,100,100,1.0,feasible,0.7350120308548305,0.7730418875821953,0.8051885707184342,0.07017653986360373,0.6083775607999999,0.647082917648,0.7396282471999999,0.13125068639999993,0.0,0.05139251549018001,0.16101687366166667,0.16101687366166667,0.12378727000943007,0.2732893563550424,0.5624999999999997,0.4387127299905696,0.18584912566343154,0.0,0.0,0.0,0.0,-9.830649739028807e-06
111,100,100,1.0,feasible,0.7350120308548305,0.774367246461898,0.8051885707184342,0.07017653986360373,0.6083775607999999,0.6491364237439999,0.7421806615999998,0.1338031007999999,0.0,0.05148886214322191,0.16101687366166667,0.16101687366166667,0.12378727000943007,0.2686795562120787,0.5624999999999997,0.4387127299905696,0.18577047496107696,0.0,0.0,0.0,0.0,-7.865070235457683e-05
112,100,100,1.0,feasible,0.7350120308548305,0.7745456899072088,0.8051885707184342,0.07017653986360373,0.6083775607999999,0.6482569821280001,0.7421806615999998,0.1338031007999999,0.0,0.0529097357224294,0.16101687366166667,0.16101687366166667,0.12378727000943007,0.26451155879204075,0.5624999999999997,0.4387127299905696,0.18584700866137477,0.0,0.0,0.0,0.0,7.653370029780948e-05
113,100,100,1.0,feasible,0.7350120308548305,0.7736633552910192,0.8051885707184342,0.07017653986360373,0.6083775607999999,0.6469982047359999,0.7421806615999998,0.1338031007999999,0.0,0.051319179605517976,0.16101687366166667,0.16101687366166667,0.12378727000943007,0.2684956638946371,0.5624999999999997,0.4387127299905696,0.18592928181824175,0.0,0.0,0.0,0.0,8.227315686698544e-05
114,100,100,1.0,feasible,0.7350120308548305,0.7724501231428671,0.8051885707184342,0.07017653986360373,0.6083775607999999,0.6472336591439999,0.7421806615999998,0.1338031007999999,0.0,0.047879835541671543,0.16101687366166667,0.16101687366166667,0.12378727000943007,0.2754693107927907,0.5624999999999997,0.4387127299905696,0.18593174271483892,0.0,0.0,0.0,0.0,2.460896597167306e-06
115,100,100,1.0,feasible,0.7350120308548305,0.7732453745216542,0.8051885707184342,0.07017653986360373,0.6083775607999999,0.6450494460159999,0.7442470799999998,0.1358695191999999,0.0,0.05263446190490011,0.16101687366166667,0.16101687366166667,0.12378727000943007,0.26829017428843777,0.5624999999999997,0.4387127299905696,0.18599715804876982,0.0,0.0,0.0,0.0,6.541533393089605e-05
116,100,100,1.0,feasible,0.7350120308548305,0.7725402601669196,0.8060825284740027,0.07107049761917228,0.6083775607999999,0.6457149263359999,0.7442470799999998,0.1358695191999999,0.0,0.05013823261438083,0.16101687366166667,0.16101687366166667,0.12378727000943007,0.273469170917003,0.5624999999999997,0.4387127299905696,0.18597314060937178,0.0,0.0,0.0,0.0,-2.4017439398033025e-05
117,100,100,1.0,feasible,0.7350120308548305,0.7736788313772172,0.8060825284740027,0.07107049761917228,0.6083775607999999,0.6466450393759999,0.7442470799999998,0.1358695191999999,0.0,0.0530839663437144,0.16839090122142858,0.16839090122142858,0.1235597463529625,0.2684105286632505,0.5624999999999997,0.43894025364703715,0.18592972747615225,0.0,0.0,0.0,0.00022752365646756811,-4.341313321953866e-05
118,100,100,1.0,feasible,0.7350120308548305,0.7739669124736188,0.8060825284740027,0.07107049761917228,0.6083775607999999,0.6472913508639998,0.7442470799999998,0.1358695191999999,0.0,0.05371846426717595,0.16839090122142858,0.16839090122142858,0.1235597463529625,0.2678967696260002,0.5624999999999997,0.43894025364703715,0.1858772018187635,0.0,0.0,0.0,0.0,-5.2525657388752256e-05
119,100,100,1.0,feasible,0.7350120308548305,0.7750802880182444,0.8060825284740027,0.07107049761917228,0.6083775607999999,0.6487396618159998,0.7442470799999998,0.1358695191999999,0.0,0.05390569560992572,0.16839090122142858,0.16839090122142858,0.1235597463529625,0.26247454611227516,0.5624999999999997,0.43894025364703715,0.1858455552754556,0.0,0.0,0.0,0.0,-3.164654330789496e-05
120,100,100,1.0,feasible,0.7350120308548305,0.7766439921031518,0.8060825284740027,0.07107049761917228,0.6083775607999999,0.651284456296,0.7442470799999998,0.1358695191999999,0.0,0.053452369781836075,0.16839090122142858,0.16839090122142858,0.1235597463529625,0.25390686000469787,0.5624999999999997,0.43894025364703715,0.1859190344391058,0.0,0.0,0.0,0.0,7.347916365019191e-05
121,100,100,1.0,feasible,0.7350120308548305,0.7755405730364712,0.8060825284740027,0.07107049761917228,0.6083775607999999,0.648083672144,0.7442470799999998,0.1358695191999999,0.0,0.05493416521334107,0.16839090122142858,0.16839090122142858,0.1235597463529625,0.2626869930087739,0.5624999999999997,0.43894025364703715,0.1860196696728662,0.0,0.0,0.0,0.0,0.0001006352337604155
122,100,100,1.0,feasible,0.7350120308548305,0.7752063848377025,0.8060825284740027,0.07107049761917228,0.6083775607999999,0.650720731312,0.7465566159999999,0.13817905519999996,0.0,0.05245791010424702,0.16839090122142858,0.16839090122142858,0.1235597463529625,0.2642451100411705,0.5624999999999997,0.43894025364703715,0.18590960424359682,0.0,0.0,0.0,0.0,-0.00011006542926939034
123,100,100,1.0,feasible,0.7350120308548305,0.7736049601119774,0.8060825284740027,0.07107049761917228,0.6083775607999999,0.6494239734159999,0.7465566159999999,0.13817905519999996,0.0,0.05004881725022001,0.16839090122142858,0.16839090122142858,0.1235597463529625,0.274012827813074,0.5624999999999997,0.43894025364703715,0.18586594873705453,0.0,0.0,0.0,0.0,-4.3655506542283895e-05
124,100,100,1.0,feasible,0.7350120308548305,0.7742051152399141,0.8066829721103032,0.07167094125547269,0.6083775607999999,0.650079382064,0.7465566159999999,0.13817905519999996,0.0,0.05142546005924023,0.16839090122142858,0.16839090122142858,0.1235597463529625,0.2709471221208204,0.5624999999999997,0.43894025364703715,0.18569071098173784,0.0,0.0,0.0,0.0,-0.00017523775531669283
125,100,100,1.0,feasible,0.7350120308548305,0.7741060617026843,0.8066829721103032,0.07167094125547269,0.6083775607999999,0.6482443510079999,0.7465566159999999,0.13817905519999996,0.0,0.0538482197560162,0.16839090122142858,0.16839090122142858,0.1235597463529625,0.2727543320367051,0.5624999999999997,0.43894025364703715,0.18571021152022804,0.0,0.0,0.0,0.0,1.95005384902025e-05
126,100,100,1.0,feasible,0.7350120308548305,0.7728752485322589,0.8066829721103032,0.07167094125547269,0.6083775607999999,0.6453832553199998,0.7465566159999999,0.13817905519999996,0.0,0.05455532960647048,0.16839090122142858,0.16839090122142858,0.1235597463529625,0.27462265047138834,0.5624999999999997,0.43894025364703715,0.18567411813642454,0.0,0.0,0.0,0.0,-3.60933838035038e-05
127,100,100,1.0,feasible,0.7350120308548305,0.772824745189507,0.8066829721103032,0.07167094125547269,0.6083775607999999,0.6469465358959999,0.7465566159999999,0.13817905519999996,0.0,0.05210294580540501,0.16839090122142858,0.16839090122142858,0.1235597463529625,0.2749490310357181,0.5624999999999997,0.43894025364703715,0.18571139441255025,0.0,0.0,0.0,0.0,3.7276276125708385e-05
128,100,100,1.0,feasible,0.7350120308548305,0.7735465254652644,0.8066829721103032,0.07167094125547269,0.6083775607999999,0.6489686651839999,0.7465566159999999,0.13817905519999996,0.0,0.051811947559374044,0.16839090122142858,0.16839090122142858,0.1235597463529625,0.27251684943798243,0.5624999999999997,0.43894025364703715,0.18566301217896508,0.0,0.0,0.0,0.0,-4.838223358516469e-05
129,100,100,1.0,feasible,0.7350120308548305,0.7729577782969668,0.8066829721103032,0.07167094125547269,0.6083775607999999,0.647413262416,0.7476646615999998,0.13928710079999984,0.0,0.05337207441754535,0.16839090122142858,0.16839090122142858,0.1235597463529625,0.2772903661614499,0.5624999999999997,0.43894025364703715,0.18557183918682563,0.0,0.0,0.0,0.0,-9.11729921394544e-05
130,100,100,1.0,feasible,0.7350120308548305,0.7732027903162227,0.8066829721103032,0.07167094125547269,0.6083775607999999,0.6496694066479999,0.7476646615999998,0.13928710079999984,0.0,0.05116256836117321,0.16839090122142858,0.16839090122142858,0.1235597463529625,0.2747325918025014,0.5624999999999997,0.43894025364703715,0.18552022801500734,0.0,0.0,0.0,0.0,-5.161117181828878e-05
131,100,100,1.0,feasible,0.7350120308548305,0.7740887513979733,0.8066829721103032,0.07167094125547269,0.6083775607999999,0.650401887976,0.7476646615999998,0.13928710079999984,0.0,0.05220001994956345,0.16839090122142858,0.16839090122142858,0.1235597463529625,0.2699045683398167,0.5624999999999997,0.43894025364703715,0.1856536201573418,0.0,0.0,0.0,0.0,0.00013339214233445973
132,100,100,1.0,feasible,0.7350120308548305,0.7731680807222716,0.8066829721103032,0.07167094125547269,0.6083775607999999,0.64934572252,0.7476646615999998,0.13928710079999984,0.0,0.050831943855129874,0.1654269851790476,0.1654269851790476,0.1235597463529625,0.2748564324166946,0.5624999999999997,0.43894025364703715,0.18570166510934052,0.0,0.0,0.0,0.0,4.804495199872694e-05
133,100,100,1.0,feasible,0.7350120308548305,0.7751572907845394,0.8066829721103032,0.07167094125547269,0.6083775607999999,0.6514347163199998,0.7476646615999998,0.13928710079999984,0.0,0.05406542873411567,0.1654269851790476,0.1654269851790476,0.12332214445816138,0.26083332576418866,0.5624999999999997,0.4391778555418383,0.18568506082682507,0.0,0.0,0.0,0.00023760189480112603,-1.6604282515458868e-05
134,100,100,1.0,feasible,0.7350120308548305,0.7731659571241691,0.8066829721103032,0.07167094125547269,0.6083775607999999,0.6510520731599999,0.7476646615999998,0.13928710079999984,0.0,0.04783860418187679,0.1654269851790476,0.1654269851790476,0.12332214445816138,0.2760718852344671,0.5624999999999997,0.4391778555418383,0.1857544357647776,0.0,0.0,0.0,0.0,6.937493795253213e-05
135,100,100,1.0,feasible,0.7350120308548305,0.7733554555753231,0.8066829721103032,0.07167094125547269,0.6083775607999999,0.6517874375279998,0.7476646615999998,0.13928710079999984,0.0,0.04780922998991177,0.1689646521940476,0.1689646521940476,0.12332214445816138,0.2748794340144919,0.5624999999999997,0.4391778555418383,0.18563585114451286,0.0,0.0,0.0,0.0,-0.00011858462026473338
136,100,100,1.0,feasible,0.7350120308548305,0.7721173198568014,0.8066829721103032,0.07167094125547269,0.6083775607999999,0.6494882240399998,0.7476646615999998,0.13928710079999984,0.0,0.046963694377967144,0.16840010955952384,0.16840010955952384,0.12332214445816138,0.27908568422990165,0.5624999999999997,0.4391778555418383,0.18572100140295433,0.0,0.0,0.0,0.0,8.515025844146873e-05
137,100,100,1.0,feasible,0.7350120308548305,0.775325298915982,0.8066829721103032,0.07167094125547269,0.6083775607999999,0.6520851367759998,0.7476646615999998,0.13928710079999984,0.0,0.05252393843183285,0.16840010955952384,0.16840010955952384,0.12332214445816138,0.2671199429698392,0.5624999999999997,0.4391778555418383,0.1856873693740373,0.0,0.0,0.0,0.0,-3.363202891704109e-05
138,100,100,1.0,feasible,0.7350120308548305,0.7747378430049012,0.8066829721103032,0.07167094125547269,0.6083775607999999,0.652090495976,0.7476646615999998,0.13928710079999984,0.0,0.050620691098423806,0.1647165713714286,0.1647165713714286,0.12332214445816138,0.26942633742052036,0.5624999999999997,0.4391778555418383,0.18578544484647863,0.0,0.0,0.0,0.0,9.807547244133907e-05
139,100,100,1.0,feasible,0.7350120308548305,0.7744224669204474,0.8066829721103032,0.07167094125547269,0.6083775607999999,0.651302192728,0.7476646615999998,0.13928710079999984,0.0,0.05039774617480942,0.16672581053809526,0.16672581053809526,0.12332214445816138,0.2728908162870755,0.5624999999999997,0.4391778555418383,0.18571332399201174,0.0,0.0,0.0,0.0,-7.212085446689498e-05
140,100,100,1.0,feasible,0.7350120308548305,0.7739215571791114,0.8066829721103032,0.07167094125547269,0.6083775607999999,0.65154258784,0.7476646615999998,0.13928710079999984,0.0,0.04921305159511417,0.16672581053809526,0.16672581053809526,0.12332214445816138,0.2749909816562853,0.5624999999999997,0.4391778555418383,0.18559027630965813,0.0,0.0,0.0,0.0,-0.0001230476823536053
141,100,100,1.0,feasible,0.7350120308548305,0.7722825034020545,0.8066829721103032,0.07167094125547269,0.6083775607999999,0.6483034684239999,0.7476646615999998,0.13928710079999984,0.0,0.049972970902929875,0.16672581053809526,0.16672581053809526,0.12332214445816138,0.28223010768832857,0.5624999999999997,0.4391778555418383,0.18570599470177163,0.0,0.0,0.0,0.0,0.00011571839211349522
142,100,100,1.0,feasible,0.7350120308548305,0.7734127607215738,0.8066829721103032,0.07167094125547269,0.6083775607999999,0.6499212392879999,0.7476646615999998,0.13928710079999984,0.0,0.051718302692935,0.16672581053809526,0.16672581053809526,0.12332214445816138,0.275610060753733,0.5624999999999997,0.4391778555418383,0.18552932632768449,0.0,0.0,0.0,0.0,-0.0001766683740871411
143,100,100,1.0,feasible,0.7350120308548305,0.7741531277013238,0.8066829721103032,0.07167094125547269,0.6083775607999999,0.652012533296,0.7476646615999998,0.13928710079999984,0.0,0.05119920274051357,0.16672581053809526,0.16672581053809526,0.12332214445816138,0.2715084490407911,0.5624999999999997,0.4391778555418383,0.18541332791120946,0.0,0.0,0.0,0.0,-0.00011599841647502718
144,100,100,1.0,feasible,0.7350120308548305,0.7745954225603058,0.8066829721103032,0.07167094125547269,0.6083775607999999,0.652591850552,0.7476646615999998,0.13928710079999984,0.0,0.05110675872829572,0.16672581053809526,0.16672581053809526,0.12332214445816138,0.2703827926363463,0.5624999999999997,0.4391778555418383,0.18531224618724867,0.0,0.0,0.0,0.0,-0.00010108172396078308
145,100,100,1.0,feasible,0.7350120308548305,0.7735933627151904,0.8066829721103032,0.07167094125547269,0.6083775607999999,0.6506371905120001,0.7476646615999998,0.13928710079999984,0.0,0.050360015233428104,0.16672581053809526,0.16672581053809526,0.12332214445816138,0.27523250707835123,0.5624999999999997,0.4391778555418383,0.18564571837492877,0.0,0.0,0.0,0.0,0.000333472187680095
146,100,100,1.0,feasible,0.7350120308548305,0.7759730864013744,0.8070893590951108,0.07207732824028035,0.6083775607999999,0.6540004259039999,0.7476646615999998,0.13928710079999984,0.0,0.05208084422490033,0.16300639332142858,0.16300639332142858,0.12332214445816138,0.2599681032604419,0.5624999999999997,0.4391778555418383,0.18569723123916348,0.0,0.0,0.0,0.0,5.151286423471513e-05
147,100,100,1.0,feasible,0.7350120308548305,0.7747462752297978,0.8070893590951108,0.07207732824028035,0.6083775607999999,0.6499185942719999,0.7476646615999998,0.13928710079999984,0.0,0.05492799508868818,0.16300639332142858,0.16300639332142858,0.12332214445816138,0.2667263046214938,0.5624999999999997,0.4391778555418383,0.1857303885412451,0.0,0.0,0.0,0.0,3.31573020816156e-05
148,100,100,1.0,feasible,0.7350120308548305,0.7742596160605586,0.8070893590951108,0.07207732824028035,0.6083775607999999,0.6513452780719998,0.7476646615999998,0.13928710079999984,0.0,0.05068553613970129,0.16417712365238096,0.16417712365238096,0.12332214445816138,0.2699498538910552,0.5624999999999997,0.4391778555418383,0.1858255916183254,0.0,0.0,0.0,0.0,9.520307708030251e-05
149,100,100,1.0,feasible,0.7350120308548305,0.7733308434549039,0.8070893590951108,0.07207732824028035,0.6083775607999999,0.64865991384,0.7476646615999998,0.13928710079999984,0.0,0.05347003435558309,0.16417712365238096,0.16417712365238096,0.12332214445816138,0.27165535060200313,0.5624999999999997,0.4391778555418383,0.18571651663945127,0.0,0.0,0.0,0.0,-0.0001090749788741352
150,100,100,1.0,feasible,0.7350120308548305,0.7750063763678859,0.8070893590951108,0.07207732824028035,0.6083775607999999,0.652675291232,0.7476646615999998,0.13928710079999984,0.0,0.05167080482577238,0.17161312675,0.17161312675,0.12332214445816138,0.26662583356121755,0.5624999999999997,0.4391778555418383,0.1857573070411037,0.0,0.0,0.0,0.0,4.079040165241854e-05
151,100,100,1.0,feasible,0.7350120308548305,0.7757813215591369,0.8070893590951108,0.07207732824028035,0.6083775607999999,0.652688858928,0.7476646615999998,0.13928710079999984,0.0,0.053334724621118566,0.17161312675,0.17161312675,0.12332214445816138,0.25919704535844096,0.5624999999999997,0.4391778555418383,0.1858042335162171,0.0,0.0,0.0,0.0,4.6926475113423516e-05
152,100,100,1.0,feasible,0.7350120308548305,0.7732619452453211,0.8070893590951108,0.07207732824028035,0.6083775607999999,0.6483890232239999,0.7476646615999998,0.13928710079999984,0.0,0.052946365497582394,0.17161312675,0.17161312675,0.12332214445816138,0.27053412611604916,0.5624999999999997,0.4391778555418383,0.18591447517354356,0.0,0.0,0.0,0.0,0.00011024165732645419
153,100,100,1.0,feasible,0.7350120308548305,0.7745385041311285,0.8070893590951108,0.07207732824028035,0.6083775607999999,0.6508171718239999,0.7476646615999998,0.13928710079999984,0.0,0.053554974815440824,0.17161312675,0.17161312675,0.12332214445816138,0.2679334620433271,0.5624999999999997,0.4391778555418383,0.18583503120194078,0.0,0.0,0.0,0.0,-7.944397160278283e-05
154,100,100,1.0,feasible,0.7350120308548305,0.7737542706774458,0.8070893590951108,0.07207732824028035,0.6083775607999999,0.647444814824,0.7419099328,0.133532372,0.0,0.056547131547153205,0.17161312675,0.17161312675,0.12332214445816138,0.26774925378379427,0.5624999999999997,0.4391778555418383,0.18589160407114558,0.0,0.0,0.0,0.0,5.6572869204796206e-05
155,100,100,1.0,feasible,0.7350120308548305,0.7727247688608655,0.8070893590951108,0.07207732824028035,0.6083775607999999,0.6476410179039997,0.7419099328,0.133532372,0.0,0.052785873653533814,0.17161312675,0.17161312675,0.12332214445816138,0.2752158131271603,0.5624999999999997,0.4391778555418383,0.18587747988427944,0.0,0.0,0.0,0.0,-1.4124186866137922e-05
156,100,100,1.0,feasible,0.7350120308548305,0.7736508190361572,0.8070893590951108,0.07207732824028035,0.6083775607999999,0.6490742827919999,0.7419099328,0.133532372,0.0,0.05340647049536309,0.17161312675,0.17161312675,0.12332214445816138,0.27020577676927926,0.5624999999999997,0.4391778555418383,0.18581406580690432,0.0,0.0,0.0,0.0,-6.341407737511795e-05
157,100,100,1.0,feasible,0.7350120308548305,0.7751348028735633,0.8070893590951108,0.07207732824028035,0.6083775607999999,0.6513353437839998,0.7419099328,0.133532372,0.0,0.05542236873945692,0.17161312675,0.17161312675,0.12332214445816138,0.26661747696404847,0.5624999999999997,0.4391778555418383,0.1858483218038569,0.0,0.0,0.0,0.0,3.4255996952586854e-05
158,100,100,1.0,feasible,0.7350120308548305,0.774710679987093,0.8070893590951108,0.07207732824028035,0.6083775607999999,0.651489383104,0.7419099328,0.133532372,0.0,0.05241128997273239,0.17161312675,0.17161312675,0.12332214445816138,0.26567559276576697,0.5624999999999997,0.4391778555418383,0.1857803319447661,0.0,0.0,0.0,0.0,-6.798985909081678e-05
159,100,100,1.0,feasible,0.7350120308548305,0.7759347834781015,0.8070893590951108,0.07207732824028035,0.6083775607999999,0.652662707952,0.7419099328,0.133532372,0.0,0.054975688996599284,0.17161312675,0.17161312675,0.12332214445816138,0.2595190130177642,0.5624999999999997,0.4391778555418383,0.1857360361490557,0.0,0.0,0.0,0.0,-4.429579571038622e-05
160,100,100,1.0,feasible,0.7350120308548305,0.7759915937453126,0.8098620461165472,0.07485001526171675,0.6083775607999999,0.6507227195519999,0.7421301951999999,0.13375263439999996,0.0,0.05723746542608882,0.17161312675,0.17161312675,0.12332214445816138,0.2582042555290528,0.5624999999999997,0.4391778555418383,0.18581149095194271,0.0,0.0,0.0,0.0,7.545480288700945e-05
161,100,100,1.0,feasible,0.7350120308548305,0.7755193918563478,0.8098620461165472,0.07485001526171675,0.6083775607999999,0.65111824068,0.7421301951999999,0.13375263439999996,0.0,0.05600773516292667,0.17161312675,0.17161312675,0.12332214445816138,0.2633580654080415,0.5624999999999997,0.4391778555418383,0.18577410328391925,0.0,0.0,0.0,0.0,-3.738766802346971e-05
162,100,100,1.0,feasible,0.7350120308548305,0.7759944724068163,0.8098620461165472,0.07485001526171675,0.6083775607999999,0.6504759775439999,0.7421301951999999,0.13375263439999996,0.0,0.057827308746325,0.17161312675,0.17161312675,0.12332214445816138,0.2575008291676914,0.5624999999999997,0.4391778555418383,0.18586056208625978,0.0,0.0,0.0,0.0,8.645880234053882e-05
163,100,100,1.0,feasible,0.7350120308548305,0.7745711505215148,0.8098620461165472,0.07485001526171675,0.6083775607999999,0.6514899354719997,0.7423373215999998,0.13395976079999983,0.0,0.050789594547004525,0.17161312675,0.17161312675,0.12332214445816138,0.2720895176614807,0.5624999999999997,0.4391778555418383,0.18579091407497156,0.0,0.0,0.0,0.0,-6.964801128822584e-05
164,100,100,1.0,feasible,0.7350120308548305,0.7768565399420928,0.8098620461165472,0.07485001526171675,0.6083775607999999,0.654342983048,0.7426818623999998,0.13430430159999984,0.0,0.05238622259547374,0.17161312675,0.17161312675,0.12332214445816138,0.2548568423949944,0.5624999999999997,0.4391778555418383,0.1858969268137082,0.0,0.0,0.0,0.0,0.00010601273873664385
165,100,100,1.0,feasible,0.7350120308548305,0.7757018410278549,0.8098620461165472,0.07485001526171675,0.6083775607999999,0.6523055617439998,0.7426818623999998,0.13430430159999984,0.0,0.05122053118551683,0.17161312675,0.17161312675,0.12332214445816138,0.2580984300166349,0.5624999999999997,0.4391778555418383,0.18589662058346412,0.0,0.0,0.0,0.0,-3.0623024407927524e-07
166,100,100,1.0,feasible,0.7350120308548305,0.7760094139151973,0.8098620461165472,0.07485001526171675,0.6083775607999999,0.6521167463679999,0.7426818623999998,0.13430430159999984,0.0,0.05421325298583946,0.17161312675,0.17161312675,0.12332214445816138,0.25832846541496146,0.5624999999999997,0.4391778555418383,0.18581627231502704,0.0,0.0,0.0,0.0,-8.034826843708598e-05
167,100,100,1.0,feasible,0.7350120308548305,0.7747025378516735,0.8098620461165472,0.07485001526171675,0.6083775607999999,0.6491618487279999,0.7426818623999998,0.13430430159999984,0.0,0.05498590211243184,0.17161312675,0.17161312675,0.12332214445816138,0.2642537759917141,0.5624999999999997,0.4391778555418383,0.18580977195972892,0.0,0.0,0.0,0.0,-6.500355298116878e-06
168,100,100,1.0,feasible,0.7350120308548305,0.774359098008128,0.8098620461165472,0.07485001526171675,0.6083775607999999,0.6493384521359999,0.7446794575999999,0.13630189679999993,0.0,0.05528061173468182,0.17161312675,0.17161312675,0.12332214445816138,0.2668233515624354,0.5624999999999997,0.4391778555418383,0.18580915301124523,0.0,0.0,0.0,0.0,-6.189484836882642e-07
169,100,100,1.0,feasible,0.7350120308548305,0.7739432373606825,0.8098620461165472,0.07485001526171675,0.6083775607999999,0.6509146078399999,0.7446794575999999,0.13630189679999993,0.0,0.05097079746014839,0.17161312675,0.17161312675,0.12332214445816138,0.2699960334909151,0.5624999999999997,0.4391778555418383,0.18592628446426068,0.0,0.0,0.0,0.0,0.00011713145301545103
170,100,100,1.0,feasible,0.7350120308548305,0.7741193721635008,0.8098620461165472,0.07485001526171675,0.6083775607999999,0.650209917408,0.7446794575999999,0.13630189679999993,0.0,0.05218899287861552,0.17161312675,0.17161312675,0.12332214445816138,0.266316262262336,0.5624999999999997,0.4391778555418383,0.18596601268777455,0.0,0.0,0.0,0.0,3.972822351386296e-05
171,100,100,1.0,feasible,0.7350120308548305,0.7742993279638253,0.8098620461165472,0.07485001526171675,0.6083775607999999,0.6520242786,0.7446794575999999,0.13630189679999993,0.0,0.05074889253589219,0.17161312675,0.17161312675,0.12332214445816138,0.2724247655634406,0.5624999999999997,0.4391778555418383,0.18597126762131416,0.0,0.0,0.0,0.0,5.254933539616813e-06
172,100,100,1.0,feasible,0.7350120308548305,0.7740787512183209,0.8098620461165472,0.07485001526171675,0.6083775607999999,0.6507631100799999,0.7446794575999999,0.13630189679999993,0.0,0.05289091198479075,0.17161312675,0.17161312675,0.12332214445816138,0.2714388570435789,0.5624999999999997,0.4391778555418383,0.18591811856799917,0.0,0.0,0.0,0.0,-5.3149053314993644e-05
173,100,100,1.0,feasible,0.7350120308548305,0.7726728073090541,0.8098620461165472,0.07485001526171675,0.6083775607999999,0.6485254205919999,0.7446794575999999,0.13630189679999993,0.0,0.05144671072542957,0.17161312675,0.17161312675,0.12332214445816138,0.2804758399926932,0.5624999999999997,0.4391778555418383,0.1860775858359841,0.0,0.0,0.0,0.0,0.00015946726798493627
174,100,100,1.0,feasible,0.7350120308548305,0.7751423186602829,0.8098620461165472,0.07485001526171675,0.6083775607999999,0.6509224083279999,0.7446794575999999,0.13630189679999993,0.0,0.05447730986480362,0.17161312675,0.17161312675,0.12332214445816138,0.26849594087633244,0.5624999999999997,0.4391778555418383,0.18598671678602563,0.0,0.0,0.0,0.0,-9.086904995847522e-05
175,100,100,1.0,feasible,0.7350120308548305,0.7740367422252455,0.8061248944761307,0.0711128636213002,0.6083775607999999,0.649621619368,0.7446794575999999,0.13630189679999993,0.0,0.0525891533078203,0.17161312675,0.17161312675,0.12332214445816138,0.2720953398371523,0.5624999999999997,0.4391778555418383,0.18602659891706486,0.0,0.0,0.0,0.0,3.988213103922611e-05
176,100,100,1.0,feasible,0.7350120308548305,0.7745018644428167,0.8061248944761307,0.0711128636213002,0.6083775607999999,0.6501386654479999,0.7446794575999999,0.13630189679999993,0.0,0.05318203859587268,0.17161312675,0.17161312675,0.12332214445816138,0.2714419482101966,0.5624999999999997,0.4391778555418383,0.18592770010086832,0.0,0.0,0.0,0.0,-9.889881619654095e-05
177,100,100,1.0,feasible,0.7350120308548305,0.7730240914612877,0.8061248944761307,0.0711128636213002,0.6083775607999999,0.646991357,0.7446794575999999,0.13630189679999993,0.0,0.052683764349666484,0.17161312675,0.17161312675,0.12332214445816138,0.2770690676604159,0.5624999999999997,0.4391778555418383,0.1858657688560114,0.0,0.0,0.0,0.0,-6.193124485692758e-05
178,100,100,1.0,feasible,0.7350120308548305,0.7745364589172031,0.8061248944761307,0.0711128636213002,0.6083775607999999,0.6482886499039999,0.7415638943999998,0.13318633359999987,0.0,0.05678757288783909,0.17161312675,0.17161312675,0.12332214445816138,0.2657561790113096,0.5624999999999997,0.4391778555418383,0.18605900766102748,0.0,0.0,0.0,0.0,0.0001932388050160938
179,100,100,1.0,feasible,0.7350120308548305,0.7734659940322328,0.8061248944761307,0.0711128636213002,0.6083775607999999,0.6500722735679999,0.7415638943999998,0.13318633359999987,0.0,0.052084508577245045,0.17161312675,0.17161312675,0.12332214445816138,0.27591492402189843,0.5624999999999997,0.4391778555418383,0.1860242717305989,0.0,0.0,0.0,0.0,-3.473593042857548e-05
180,100,100,1.0,feasible,0.7350120308548305,0.7750256800315698,0.8061248944761307,0.0711128636213002,0.6083775607999999,0.6511683914479999,0.7387314167999998,0.13035385599999982,0.0,0.05520607959554809,0.17161312675,0.17161312675,0.12332214445816138,0.2628079120840107,0.5624999999999997,0.4391778555418383,0.18586820910569787,0.0,0.0,0.0,0.0,-0.00015606262490103218
181,100,100,1.0,feasible,0.7350120308548305,0.7747352783475485,0.8061248944761307,0.0711128636213002,0.6083775607999999,0.6512691355839998,0.7410395143999998,0.13266195359999988,0.0,0.055133922549853116,0.17161312675,0.17161312675,0.12332214445816138,0.2679398727515921,0.5624999999999997,0.4391778555418383,0.1858621064998352,0.0,0.0,0.0,0.0,-6.102605862673416e-06
182,100,100,1.0,feasible,0.7350120308548305,0.7741672957328241,0.8061248944761307,0.0711128636213002,0.6083775607999999,0.6540498439439999,0.7410395143999998,0.13266195359999988,0.0,0.048951555279102506,0.17161312675,0.17161312675,0.12332214445816138,0.27060653976088156,0.5624999999999997,0.4391778555418383,0.18581793011354017,0.0,0.0,0.0,0.0,-4.417638629503062e-05
183,100,100,1.0,feasible,0.7350120308548305,0.7742251671969023,0.8061248944761307,0.0711128636213002,0.6083775607999999,0.6503475963919999,0.7414022775999999,0.13302471679999994,0.0,0.05424800874312417,0.17161312675,0.17161312675,0.12332214445816138,0.26682929027829105,0.5624999999999997,0.4391778555418383,0.18586786468517896,0.0,0.0,0.0,0.0,4.9934571638793335e-05
184,100,100,1.0,feasible,0.7350120308548305,0.7735381531892627,0.8061248944761307,0.0711128636213002,0.6083775607999999,0.6512510985119999,0.7414022775999999,0.13302471679999994,0.0,0.04982718497020512,0.17161312675,0.17161312675,0.12332214445816138,0.27258246687446497,0.5624999999999997,0.4391778555418383,0.18581775800720943,0.0,0.0,0.0,0.0,-5.010667796953583e-05
185,100,100,1.0,feasible,0.7350120308548305,0.7734421550398548,0.8061248944761307,0.0711128636213002,0.6083775607999999,0.6512815190799998,0.7414022775999999,0.13302471679999994,0.0,0.04980580599177809,0.17161312675,0.17161312675,0.12332214445816138,0.27634862483524464,0.5624999999999997,0.4391778555418383,0.1858812577844638,0.0,0.0,0.0,0.0,6.349977725436662e-05
186,100,100,1.0,feasible,0.7350120308548305,0.7746423163439903,0.8061248944761307,0.0711128636213002,0.6083775607999999,0.6524862826399999,0.7414022775999999,0.13302471679999994,0.0,0.0493199207565869,0.17161312675,0.17161312675,0.12332214445816138,0.26657318604422964,0.5624999999999997,0.4391778555418383,0.1859321936259296,0.0,0.0,0.0,0.0,5.0935841465815646e-05
187,100,100,1.0,feasible,0.7350120308548305,0.7729705832086233,0.8061248944761307,0.0711128636213002,0.6083775607999999,0.6494650307519998,0.7414022775999999,0.13302471679999994,0.0,0.050173181093111904,0.17449975583809524,0.17449975583809524,0.12332214445816138,0.2762985113949475,0.5624999999999997,0.4391778555418383,0.18587165491362062,0.0,0.0,0.0,0.0,-6.053871230898844e-05
188,100,100,1.0,feasible,0.7350120308548305,0.7740380115003574,0.8061248944761307,0.0711128636213002,0.6083775607999999,0.651948603296,0.7414022775999999,0.13302471679999994,0.0,0.05043756245349453,0.17449975583809524,0.17449975583809524,0.12332214445816138,0.27049092193396573,0.5624999999999997,0.4391778555418383,0.1858804270353403,0.0,0.0,0.0,0.0,8.772121719680115e-06
189,100,100,1.0,feasible,0.7350120308548305,0.7735530570997504,0.8080479813545429,0.07303595049971245,0.6083775607999999,0.647859396416,0.7414022775999999,0.13302471679999994,0.0,0.05577714218125309,0.17449975583809524,0.17449975583809524,0.12332214445816138,0.2704633339907705,0.5624999999999997,0.4391778555418383,0.18597837500207706,0.0,0.0,0.0,0.0,9.79479667367611e-05
190,100,100,1.0,feasible,0.7350120308548305,0.773868513016064,0.8080479813545429,0.07303595049971245,0.6083775607999999,0.6496694761439998,0.7414022775999999,0.13302471679999994,0.0,0.05240418686099238,0.17449975583809524,0.17449975583809524,0.12332214445816138,0.26522617436618245,0.5624999999999997,0.4391778555418383,0.18604272711724615,0.0,0.0,0.0,0.0,6.435211516908623e-05
191,100,100,1.0,feasible,0.7350120308548305,0.7748544293408682,0.8080479813545429,0.07303595049971245,0.6083775607999999,0.649399804624,0.7432346535999999,0.1348570927999999,0.0,0.05648037559625391,0.17449975583809524,0.17449975583809524,0.12332214445816138,0.2643949432748993,0.5624999999999997,0.4391778555418383,0.1860001787411506,0.0,0.0,0.0,0.0,-4.254837609554696e-05
192,100,100,1.0,feasible,0.7350120308548305,0.7749093268161442,0.8080479813545429,0.07303595049971245,0.6083775607999999,0.6525494938879999,0.7432346535999999,0.1348570927999999,0.0,0.05365413081840925,0.17449975583809524,0.17449975583809524,0.12332214445816138,0.2655002773956792,0.5624999999999997,0.4391778555418383,0.18587726643967326,0.0,0.0,0.0,0.0,-0.0001229123014773459
193,100,100,1.0,feasible,0.7350120308548305,0.7741698423630372,0.8080479813545429,0.07303595049971245,0.6083775607999999,0.6474352213679999,0.7432346535999999,0.1348570927999999,0.0,0.060044867357400916,0.17449975583809524,0.17449975583809524,0.12332214445816138,0.26497691308778876,0.5624999999999997,0.4391778555418383,0.18593838619102604,0.0,0.0,0.0,0.0,6.111975135278391e-05
194,100,100,1.0,feasible,0.7350120308548305,0.7751054696806376,0.8080479813545429,0.07303595049971245,0.6083775607999999,0.647832783664,0.7432346535999999,0.1348570927999999,0.0,0.06134743731663663,0.17449975583809524,0.17449975583809524,0.12332214445816138,0.2581742560659495,0.5624999999999997,0.4391778555418383,0.18594974163068895,0.0,0.0,0.0,0.0,1.1355439662907862e-05
195,100,100,1.0,feasible,0.7350120308548305,0.7735391970165524,0.8083434047581671,0.07333137390333666,0.6083775607999999,0.648800053568,0.7425618087999999,0.13418424799999995,0.0,0.055405117609590236,0.17449975583809524,0.17449975583809524,0.12332214445816138,0.2707080421118797,0.5624999999999997,0.4391778555418383,0.18591121037848524,0.0,0.0,0.0,0.0,-3.8531252203710675e-05
196,100,100,1.0,feasible,0.7350120308548305,0.7733309017380914,0.8083434047581671,0.07333137390333666,0.6083775607999999,0.648338118776,0.7425618087999999,0.13418424799999995,0.0,0.05727303348267334,0.17449975583809524,0.17449975583809524,0.12332214445816138,0.27364855950136824,0.5624999999999997,0.4391778555418383,0.18584410583865946,0.0,0.0,0.0,0.0,-6.710453982577969e-05
197,100,100,1.0,feasible,0.7350120308548305,0.7744225093288335,0.8083434047581671,0.07333137390333666,0.6083775607999999,0.6512190798959999,0.7425618087999999,0.13418424799999995,0.0,0.056576551334519776,0.1760414388583333,0.1760414388583333,0.12332214445816138,0.26704309413368815,0.5624999999999997,0.4391778555418383,0.18578164060683022,0.0,0.0,0.0,0.0,-6.246523182923402e-05
198,100,100,1.0,feasible,0.7350120308548305,0.7739396046997368,0.8083434047581671,0.07333137390333666,0.6083775607999999,0.644533454776,0.7430205727999998,0.13464301199999984,0.0,0.06437408256395978,0.1760414388583333,0.1760414388583333,0.12332214445816138,0.2671564254739468,0.5624999999999997,0.4391778555418383,0.185838481283321,0.0,0.0,0.0,0.0,5.6840676490782505e-05
199,100,100,1.0,feasible,0.7350120308548305,0.7730558359949766,0.8078043785428983,0.07279234768806786,0.6083775607999999,0.6462927897679998,0.7430205727999998,0.13464301199999984,0.0,0.05841204976686216,0.1760414388583333,0.1760414388583333,0.12332214445816138,0.2691417693928457,0.5624999999999997,0.4391778555418383,0.18599277688972604,0.0,0.0,0.0,0.0,0.00015429560640503603
200,100,100,1.0,feasible,0.7350120308548305,0.7741944198629063,0.8078043785428983,0.07279234768806786,0.6083775607999999,0.6457703831279998,0.7430205727999998,0.13464301199999984,0.0,0.06286841059236095,0.1760414388583333,0.1760414388583333,0.12332214445816138,0.2617151095110747,0.5624999999999997,0.4391778555418383,0.18601039062948305,0.0,0.0,0.0,0.0,1.761373975700531e-05
201,100,100,1.0,feasible,0.7350120308548305,0.7717200316920447,0.8078043785428983,0.07279234768806786,0.6083775607999999,0.646905549416,0.7430205727999998,0.13464301199999984,0.0,0.053917178657122845,0.1760414388583333,0.1760414388583333,0.12332214445816138,0.27854710265677673,0.5624999999999997,0.4391778555418383,0.18595643292577735,0.0,0.0,0.0,0.0,-5.395770370569819e-05
202,100,100,1.0,feasible,0.7350120308548305,0.7744013770821343,0.8078043785428983,0.07279234768806786,0.6083775607999999,0.6522435652799998,0.7434114015999997,0.1350338407999998,0.0,0.05460433958800809,0.1760414388583333,0.1760414388583333,0.12332214445816138,0.2655224451204732,0.5624999999999997,0.4391778555418383,0.1858968002489185,0.0,0.0,0.0,0.0,-5.963267685885065e-05
203,100,100,1.0,feasible,0.7350120308548305,0.773726737972023,0.8078043785428983,0.07279234768806786,0.6083775607999999,0.64896556572,0.7434114015999997,0.1350338407999998,0.0,0.05772309845053547,0.1760414388583333,0.1760414388583333,0.12332214445816138,0.26842717915362874,0.5624999999999997,0.4391778555418383,0.18585528246931793,0.0,0.0,0.0,0.0,-4.151777960056946e-05
204,100,100,1.0,feasible,0.7350120308548305,0.7715722813510544,0.806710632707167,0.07169860185233656,0.6083775607999999,0.6458788473599999,0.7434114015999997,0.1350338407999998,0.0,0.05651625617162073,0.1760414388583333,0.1760414388583333,0.12332214445816138,0.28042565875104847,0.5624999999999997,0.4391778555418383,0.18583032857748932,0.0,0.0,0.0,0.0,-2.495389182860519e-05
205,100,100,1.0,feasible,0.7350120308548305,0.7735340083956883,0.8061163673626008,0.07110433650777037,0.6083775607999999,0.6509059743919999,0.7434114015999997,0.1350338407999998,0.0,0.0559813012448036,0.1760414388583333,0.1760414388583333,0.12332214445816138,0.27007720484201486,0.5624999999999997,0.4391778555418383,0.18582546814819337,0.0,0.0,0.0,0.0,-4.860429295955315e-06
206,100,100,1.0,feasible,0.7350120308548305,0.7719918566785272,0.8079506810214013,0.07293865016657086,0.6083775607999999,0.6477459456079999,0.7434114015999997,0.1350338407999998,0.0,0.05585808857251443,0.1760414388583333,0.1760414388583333,0.12181510770790656,0.2759731552047875,0.5624999999999997,0.4406848922920931,0.18598134080237338,0.0,0.0,0.0,0.0015070367502548199,0.00015587265418001706
207,100,100,1.0,feasible,0.7350120308548305,0.7749694315673346,0.8079506810214013,0.07293865016657086,0.6083775607999999,0.6506177455359999,0.7434114015999997,0.1350338407999998,0.0,0.06052357821168049,0.1767997141880952,0.1767997141880952,0.12181510770790656,0.2609932998343196,0.5624999999999997,0.4406848922920931,0.1860535572528863,0.0,0.0,0.0,0.0,7.221645051291858e-05
208,100,100,1.0,feasible,0.7350120308548305,0.7723158124335024,0.8079506810214013,0.07293865016657086,0.6083775607999999,0.649110800712,0.7434114015999997,0.1350338407999998,0.0,0.05471716274452669,0.17522156187142857,0.17522156187142857,0.12181510770790656,0.27680464181482684,0.5624999999999997,0.4406848922920931,0.18609908602719208,0.0,0.0,0.0,0.0,4.552877430577529e-05
209,100,100,1.0,feasible,0.7350120308548305,0.7732307285490032,0.8079506810214013,0.07293865016657086,0.6083775607999999,0.6484325169440001,0.7434114015999997,0.1350338407999998,0.0,0.059456659829353116,0.17522156187142857,0.17522156187142857,0.12181510770790656,0.27026337407665385,0.5624999999999997,0.4406848922920931,0.1860159755940166,0.0,0.0,0.0,0.0,-8.311043317546507e-05
210,100,100,1.0,feasible,0.7350120308548305,0.7709840210384944,0.8079506810214013,0.07293865016657086,0.6083775607999999,0.6461178582559998,0.7434114015999997,0.1350338407999998,0.0,0.05582205758405645,0.17522156187142857,0.17522156187142857,0.12181510770790656,0.2812642626031419,0.5624999999999997,0.4406848922920931,0.1860215008006568,0.0,0.0,0.0,0.0,5.525206640183411e-06
211,100,100,1.0,feasible,0.7350120308548305,0.7747630517180333,0.8079506810214013,0.07293865016657086,0.6083775607999999,0.6538161796719999,0.7439388479999998,0.13556128719999982,0.0,0.05623561717673444,0.17522156187142857,0.17522156187142857,0.12181510770790656,0.2671455043973331,0.5624999999999997,0.4406848922920931,0.18595494308601399,0.0,0.0,0.0,0.0,-6.655771464281202e-05
212,100,100,1.0,feasible,0.7350120308548305,0.7735788465011424,0.8067036884516771,0.07169165759684659,0.6083775607999999,0.654962480792,0.7444711247999999,0.13609356399999994,0.0,0.05086819965584321,0.17522156187142857,0.17522156187142857,0.12181510770790656,0.2728388927209059,0.5624999999999997,0.4406848922920931,0.1859923537564276,0.0,0.0,0.0,0.0,3.7410670413601244e-05
213,100,100,1.0,feasible,0.7350120308548305,0.7735055675003923,0.8067036884516771,0.07169165759684659,0.6083775607999999,0.649734949656,0.7444711247999999,0.13609356399999994,0.0,0.05969830807880678,0.17546140733214285,0.17546140733214285,0.12181510770790656,0.27070084109092396,0.5624999999999997,0.4406848922920931,0.18585389100430189,0.0,0.0,0.0,0.0,-0.00013846275212570092
214,100,100,1.0,feasible,0.7350120308548305,0.7715434660666634,0.8067036884516771,0.07169165759684659,0.6083775607999999,0.6489425470959997,0.7444711247999999,0.13609356399999994,0.0,0.05437548323776067,0.17546140733214285,0.17546140733214285,0.12181510770790656,0.28523700745747016,0.5624999999999997,0.4406848922920931,0.18592723377175602,0.0,0.0,0.0,0.0,7.334276745413204e-05
215,100,100,1.0,feasible,0.7350120308548305,0.7724294923996652,0.8067036884516771,0.07169165759684659,0.6083775607999999,0.650976793152,0.7444711247999999,0.13609356399999994,0.0,0.053703218215047685,0.1756352165214286,0.1756352165214286,0.12181510770790656,0.2789104043894913,0.5624999999999997,0.4406848922920931,0.18592630310759253,0.0,0.0,0.0,0.0,-9.306641634843071e-07
216,100,100,1.0,feasible,0.7350120308548305,0.7714979548689236,0.8067036884516771,0.07169165759684659,0.6083775607999999,0.6512516340399999,0.7409636839999998,0.13258612319999985,0.0,0.049902847479846614,0.1756352165214286,0.1756352165214286,0.12181510770790656,0.28433235582920097,0.5624999999999997,0.4406848922920931,0.18598130662179274,0.0,0.0,0.0,0.0,5.5003514200208103e-05
217,100,100,1.0,feasible,0.7350120308548305,0.7726971715853002,0.8067036884516771,0.07169165759684659,0.6083775607999999,0.6513973436639999,0.7409636839999998,0.13258612319999985,0.0,0.05303474733200358,0.1756352165214286,0.1756352165214286,0.12181510770790656,0.274588402428557,0.5624999999999997,0.4406848922920931,0.1859438633190782,0.0,0.0,0.0,0.0,-3.744330271454599e-05
218,100,100,1.0,feasible,0.7350120308548305,0.7731938698541854,0.8067036884516771,0.07169165759684659,0.6083775607999999,0.6509991145199998,0.7422444583999999,0.13386689759999992,0.0,0.05401815574485287,0.16881018605,0.16881018605,0.12181510770790656,0.27106277198471057,0.5624999999999997,0.4406848922920931,0.1861859247880874,0.0,0.0,0.0,0.0,0.00024206146900920822
219,100,100,1.0,feasible,0.7350120308548305,0.7731671749376452,0.8067036884516771,0.07169165759684659,0.6083775607999999,0.647270466776,0.7422444583999999,0.13386689759999992,0.0,0.059351903783503336,0.16895997408571425,0.16895997408571425,0.12181510770790656,0.26884325227272654,0.5624999999999997,0.4406848922920931,0.1861552501232631,0.0,0.0,0.0,0.0,-3.067466482431502e-05
220,100,100,1.0,feasible,0.7350120308548305,0.7730361193326707,0.8067036884516771,0.07169165759684659,0.6083775607999999,0.6510013042399998,0.7422444583999999,0.13386689759999992,0.0,0.05195187139883929,0.16895997408571425,0.16895997408571425,0.12181510770790656,0.27394710373827935,0.5624999999999997,0.4406848922920931,0.18627653557473067,0.0,0.0,0.0,0.0,0.00012128545146758429
221,100,100,1.0,feasible,0.7350120308548305,0.7733283152599723,0.8067036884516771,0.07169165759684659,0.6083775607999999,0.6478523040879999,0.7422444583999999,0.13386689759999992,0.0,0.05696936532558957,0.16895997408571425,0.16895997408571425,0.12181510770790656,0.2680239232616544,0.5624999999999997,0.4406848922920931,0.18619261661135933,0.0,0.0,0.0,0.0,-8.39189633713433e-05
222,100,100,1.0,feasible,0.7350120308548305,0.7746998347583416,0.8067036884516771,0.07169165759684659,0.6083775607999999,0.6510063154,0.7422725263999999,0.13389496559999992,0.0,0.05571183568689504,0.16895997408571425,0.16895997408571425,0.12181510770790656,0.25995495252710055,0.5624999999999997,0.4406848922920931,0.18624655067922918,0.0,0.0,0.0,0.0,5.393406786985411e-05
223,100,100,1.0,feasible,0.7350120308548305,0.7745667538363595,0.8067036884516771,0.07169165759684659,0.6083775607999999,0.6512123952159999,0.7422725263999999,0.13389496559999992,0.0,0.05405254230574429,0.16895997408571425,0.16895997408571425,0.12181510770790656,0.26133859250287556,0.5624999999999997,0.4406848922920931,0.18635051178164785,0.0,0.0,0.0,0.0,0.0001039611024186704
224,100,100,1.0,feasible,0.7350120308548305,0.7751826493311007,0.8079818900981981,0.07296985924336763,0.6083775607999999,0.6507590808320001,0.7422725263999999,0.13389496559999992,0.0,0.05584395343150856,0.16895997408571425,0.16895997408571425,0.12181510770790656,0.257493460070957,0.5624999999999997,0.4406848922920931,0.1863541190899289,0.0,0.0,0.0,0.0,3.607308281056154e-06
225,100,100,1.0,feasible,0.7350120308548305,0.7743013241300821,0.8079818900981981,0.07296985924336763,0.6083775607999999,0.649874903,0.7393525679999999,0.1309750072,0.0,0.05460977940683995,0.16895997408571425,0.16895997408571425,0.12181510770790656,0.26482287260612103,0.5624999999999997,0.4406848922920931,0.1862891995051507,0.0,0.0,0.0,0.0,-6.491958477822246e-05
226,100,100,1.0,feasible,0.7350120308548305,0.7743953278173129,0.8079818900981981,0.07296985924336763,0.6083775607999999,0.6500371674719999,0.7398199079999999,0.13144234719999992,0.0,0.055152175973643996,0.16895997408571425,0.16895997408571425,0.12181510770790656,0.26367995910982406,0.5624999999999997,0.4406848922920931,0.18626144396443167,0.0,0.0,0.0,0.0,-2.7755540719015537e-05
227,100,100,1.0,feasible,0.7350120308548305,0.7735826702536059,0.8079818900981981,0.07296985924336763,0.6083775607999999,0.6485706294319997,0.7398199079999999,0.13144234719999992,0.0,0.05539633425069494,0.16895997408571425,0.16895997408571425,0.12181510770790656,0.2635568366114679,0.5624999999999997,0.4406848922920931,0.18625176841125424,0.0,0.0,0.0,0.0,-9.67555317743507e-06
228,100,100,1.0,feasible,0.7350120308548305,0.7740648865792824,0.8061638981040588,0.07115186724922828,0.6083775607999999,0.653313112648,0.7398199079999999,0.13144234719999992,0.0,0.05111951026976746,0.16895997408571425,0.16895997408571425,0.12181510770790656,0.2682050687503622,0.5624999999999997,0.4406848922920931,0.18619147627987775,0.0,0.0,0.0,0.0,-6.0292131376482594e-05
229,100,100,1.0,feasible,0.7350120308548305,0.7741229248295047,0.8061638981040588,0.07115186724922828,0.6083775607999999,0.6504774845999998,0.7433222991999998,0.13494473839999988,0.0,0.05650790762880238,0.170178279525,0.170178279525,0.12181510770790656,0.266967172686294,0.5624999999999997,0.4406848922920931,0.18617448255442826,0.0,0.0,0.0,0.0,-1.6993725449498953e-05
230,100,100,1.0,feasible,0.7350120308548305,0.7740824942293268,0.8061638981040588,0.07115186724922828,0.6083775607999999,0.65146544932,0.7433222991999998,0.13494473839999988,0.0,0.0542908324975138,0.170178279525,0.170178279525,0.12181510770790656,0.2646181679621462,0.5624999999999997,0.4406848922920931,0.18633594271680626,0.0,0.0,0.0,0.0,0.0001614601623780021
231,100,100,1.0,feasible,0.7350120308548305,0.7726681198951738,0.8061638981040588,0.07115186724922828,0.6083775607999999,0.6464484506399999,0.7433222991999998,0.13494473839999988,0.0,0.05810859820654012,0.17109996673214287,0.17109996673214287,0.12181510770790656,0.26992026309987466,0.5624999999999997,0.4406848922920931,0.18620422625013033,0.0,0.0,0.0,0.0,-0.00013171646667592407
232,100,100,1.0,feasible,0.7350120308548305,0.7737460197565104,0.8064682981877803,0.07145626733294985,0.6083775607999999,0.6467334693279999,0.7433222991999998,0.13494473839999988,0.0,0.061363697735488935,0.17109996673214287,0.17109996673214287,0.12181510770790656,0.26472585999393883,0.5624999999999997,0.4406848922920931,0.1862738426967357,0.0,0.0,0.0,0.0,6.961644660535837e-05
233,100,100,1.0,feasible,0.7350120308548305,0.7713343665620149,0.8064920443723511,0.07148001351752065,0.6083775607999999,0.64565397616,0.7448545119999999,0.13647695119999992,0.0,0.0557651024453575,0.17109996673214287,0.17109996673214287,0.12168514284666945,0.2796299259892997,0.5624999999999997,0.44081485715333024,0.18629381403796202,0.0,0.0,0.0,0.0001299648612371057,1.9971341226332484e-05
234,100,100,1.0,feasible,0.7350120308548305,0.774569219711161,0.8064920443723511,0.07148001351752065,0.6083775607999999,0.6487637522239998,0.7448545119999999,0.13647695119999992,0.0,0.06089967933625249,0.17109996673214287,0.17109996673214287,0.12168514284666945,0.25911541180492426,0.5624999999999997,0.44081485715333024,0.18634483323274048,0.0,0.0,0.0,0.0,5.101919477845662e-05
235,100,100,1.0,feasible,0.7350120308548305,0.7742520348220048,0.8066761508206443,0.07166411996581379,0.6083775607999999,0.6486509190159999,0.7448545119999999,0.13647695119999992,0.0,0.059531393079101554,0.17248116529285715,0.17248116529285715,0.12168514284666945,0.2608261491494536,0.5624999999999997,0.44081485715333024,0.18633020418788138,0.0,0.0,0.0,0.0,-1.4629044859104656e-05
236,100,100,1.0,feasible,0.7350120308548305,0.7742485944761306,0.8069810676224863,0.07196903676765587,0.6083775607999999,0.6516528299200001,0.7448545119999999,0.13647695119999992,0.0,0.0563051307962706,0.17248116529285715,0.17248116529285715,0.12168514284666945,0.2626518749330837,0.5624999999999997,0.44081485715333024,0.18627485057841642,0.0,0.0,0.0,0.0,-5.535360946495871e-05
237,100,100,1.0,feasible,0.7350120308548305,0.7744841902255246,0.8069810676224863,0.07196903676765587,0.6083775607999999,0.654422430768,0.7448545119999999,0.13647695119999992,0.0,0.05310348694884798,0.17248116529285715,0.17248116529285715,0.12168514284666945,0.2667613907115791,0.5624999999999997,0.44081485715333024,0.18623120784651032,0.0,0.0,0.0,0.0,-4.3642731906101684e-05
238,100,100,1.0,feasible,0.7350120308548305,0.7747851032790888,0.8069810676224863,0.07196903676765587,0.6083775607999999,0.6533446013679998,0.7448545119999999,0.13647695119999992,0.0,0.05525286324731369,0.17248116529285715,0.17248116529285715,0.12168514284666945,0.26638681888559257,0.5624999999999997,0.44081485715333024,0.1862205425887569,0.0,0.0,0.0,0.0,-1.0665257753422752e-05
239,100,100,1.0,feasible,0.7350120308548305,0.7723514381499311,0.8069810676224863,0.07196903676765587,0.6083775607999999,0.648302601224,0.7448545119999999,0.13647695119999992,0.0,0.05557379063258489,0.17329543576428572,0.17329543576428572,0.12168514284666945,0.27657980953304656,0.5624999999999997,0.44081485715333024,0.18629292682580606,0.0,0.0,0.0,0.0,7.238423704916674e-05
240,100,100,1.0,feasible,0.7350120308548305,0.7726678546945043,0.8069810676224863,0.07196903676765587,0.6083775607999999,0.6500101994079999,0.7448545119999999,0.13647695119999992,0.0,0.053686873464717254,0.17329543576428572,0.17329543576428572,0.12168514284666945,0.2726483368336677,0.5624999999999997,0.44081485715333024,0.186284904614218,0.0,0.0,0.0,0.0,-8.022211588049055e-06
241,100,100,1.0,feasible,0.7350120308548305,0.7725186299670348,0.8069810676224863,0.07196903676765587,0.6083775607999999,0.6464561961119999,0.7448545119999999,0.13647695119999992,0.0,0.05855963948084067,0.17329543576428572,0.17329543576428572,0.12168514284666945,0.273083192746795,0.5624999999999997,0.44081485715333024,0.1863542812020832,0.0,0.0,0.0,0.0,6.937658786518308e-05
242,100,100,1.0,feasible,0.7350120308548305,0.7764829688599932,0.8069810676224863,0.07196903676765587,0.6083775607999999,0.6494505390640001,0.7448545119999999,0.13647695119999992,0.0,0.06553881113723035,0.17329543576428572,0.17329543576428572,0.12168514284666945,0.2486927742894864,0.5624999999999997,0.44081485715333024,0.18635516120995527,0.0,0.0,0.0,0.0,8.800078720727633e-07
243,100,100,1.0,feasible,0.7350120308548305,0.7739555759013131,0.8069810676224863,0.07196903676765587,0.6083775607999999,0.650843557256,0.7448545119999999,0.13647695119999992,0.0,0.05546140107174725,0.17329543576428572,0.17329543576428572,0.12168514284666945,0.26766760068569895,0.5624999999999997,0.44081485715333024,0.1861896591680356,0.0,0.0,0.0,0.0,-0.000165502041919674
244,100,100,1.0,feasible,0.7350120308548305,0.7738679167512601,0.8069810676224863,0.07196903676765587,0.6083775607999999,0.6531056749679999,0.7448545119999999,0.13647695119999992,0.0,0.051225689456186545,0.17578528129285714,0.17578528129285714,0.12168514284666945,0.26813590807747023,0.5624999999999997,0.44081485715333024,0.1862828404010145,0.0,0.0,0.0,0.0,9.318123297891168e-05
245,100,100,1.0,feasible,0.7350120308548305,0.7733071555491601,0.8069810676224863,0.07196903676765587,0.6083775607999999,0.6493137746159999,0.7450643623999998,0.1366868015999999,0.0,0.056857609494234164,0.17578528129285714,0.17578528129285714,0.12168514284666945,0.2731874252315876,0.5624999999999997,0.44081485715333024,0.18630508608550167,0.0,0.0,0.0,0.0,2.2245684487165462e-05
246,100,100,1.0,feasible,0.7350120308548305,0.7737745238989759,0.8069810676224863,0.07196903676765587,0.6083775607999999,0.650505387968,0.7450643623999998,0.1366868015999999,0.0,0.05563262871472773,0.17578528129285714,0.17578528129285714,0.12168514284666945,0.26969739192727427,0.5624999999999997,0.44081485715333024,0.1863656450863337,0.0,0.0,0.0,0.0,6.055900083201671e-05
247,100,100,1.0,feasible,0.7350120308548305,0.7739672259143948,0.8069810676224863,0.07196903676765587,0.6083775607999999,0.6557423327599998,0.7450643623999998,0.1366868015999999,0.0,0.048111003696513104,0.1746377422107143,0.1746377422107143,0.12168514284666945,0.27191908857190766,0.5624999999999997,0.44081485715333024,0.1862230822136267,0.0,0.0,0.0,0.0,-0.00014256287270697499
248,100,100,1.0,feasible,0.7350120308548305,0.7737493356007883,0.8069810676224863,0.07196903676765587,0.6083775607999999,0.650140683024,0.7450643623999998,0.1366868015999999,0.0,0.05580075445210572,0.1746377422107143,0.1746377422107143,0.12168514284666945,0.2663551757046133,0.5624999999999997,0.44081485715333024,0.1862641906703696,0.0,0.0,0.0,0.0,4.1108456742877664e-05
249,100,100,1.0,feasible,0.7350120308548305,0.7730343007063993,0.8069810676224863,0.07196903676765587,0.6083775607999999,0.65107088888,0.7450643623999998,0.1366868015999999,0.0,0.051750276714272854,0.1746377422107143,0.1746377422107143,0.12168514284666945,0.27363825086005666,0.5624999999999997,0.44081485715333024,0.18621551860892668,0.0,0.0,0.0,0.0,-4.867206144290592e-05
250,100,100,1.0,feasible,0.7350120308548305,0.7746172285786546,0.8069810676224863,0.07196903676765587,0.6083775607999999,0.653582968864,0.7450643623999998,0.1366868015999999,0.0,0.05228582036245584,0.1704822032654762,0.1704822032654762,0.12168514284666945,0.26444172563081986,0.5624999999999997,0.44081485715333024,0.18605853718651977,0.0,0.0,0.0,0.0,-0.00015698142240691548
251,100,100,1.0,feasible,0.7350120308548305,0.7745932388275512,0.8069810676224863,0.07196903676765587,0.6083775607999999,0.653558392864,0.7450643623999998,0.1366868015999999,0.0,0.052150326024235485,0.17061841851190473,0.17061841851190473,0.12168514284666945,0.2676158099459154,0.5624999999999997,0.44081485715333024,0.18604026400386134,0.0,0.0,0.0,0.0,-1.8273182658429254e-05
252,100,100,1.0,feasible,0.7350120308548305,0.7739624784687703,0.8069810676224863,0.07196903676765587,0.6083775607999999,0.6496189051279999,0.7450004319999999,0.13662287119999994,0.0,0.05521249843492067,0.17061841851190473,0.17061841851190473,0.12168514284666945,0.26761252142430453,0.5624999999999997,0.44081485715333024,0.1862237987446463,0.0,0.0,0.0,0.0,0.00018353474078497412
253,100,100,1.0,feasible,0.7350120308548305,0.7735526218094293,0.8069810676224863,0.07196903676765587,0.6083775607999999,0.653037773472,0.7450004319999999,0.13662287119999994,0.0,0.04939924935003639,0.17061841851190473,0.17061841851190473,0.12168514284666945,0.2708555137047114,0.5624999999999997,0.44081485715333024,0.18609087901713667,0.0,0.0,0.0,0.0,-0.00013291972750964498
254,100,100,1.0,feasible,0.7350120308548305,0.7748512872865541,0.8069810676224863,0.07196903676765587,0.6083775607999999,0.6551529847839999,0.7450004319999999,0.13662287119999994,0.0,0.050636975321594245,0.17061841851190473,0.17061841851190473,0.12168514284666945,0.26725992243700436,0.5624999999999997,0.44081485715333024,0.18616184826277632,0.0,0.0,0.0,0.0,7.096924563965157e-05
255,100,100,1.0,feasible,0.7350120308548305,0.7737044666396317,0.8069810676224863,0.07196903676765587,0.6083775607999999,0.6506557477280001,0.7457591327999998,0.1373815719999999,0.0,0.053835909694372575,0.17061841851190473,0.17061841851190473,0.12168514284666945,0.26780809244932785,0.5624999999999997,0.44081485715333024,0.18620622549917587,0.0,0.0,0.0,0.0,4.4377236399550934e-05
256,100,100,1.0,feasible,0.7350120308548305,0.7752132283615021,0.8069810676224863,0.07196903676765587,0.6083775607999999,0.6533177830719998,0.7457591327999998,0.1373815719999999,0.0,0.05305488738549877,0.17061841851190473,0.17061841851190473,0.12168514284666945,0.25810817261819835,0.5624999999999997,0.44081485715333024,0.18617199105681823,0.0,0.0,0.0,0.0,-3.423444235764461e-05
257,100,100,1.0,feasible,0.7350120308548305,0.7728943599619766,0.8069810676224863,0.07196903676765587,0.6083775607999999,0.6499724683439999,0.7457591327999998,0.1373815719999999,0.0,0.051218863775494713,0.1709748657547619,0.1709748657547619,0.12168514284666945,0.27153668561796623,0.5624999999999997,0.44081485715333024,0.18616779504517572,0.0,0.0,0.0,0.0,-4.1960116425043825e-06
258,100,100,1.0,feasible,0.7350120308548305,0.7750800971813789,0.8069810676224863,0.07196903676765587,0.6083775607999999,0.648787993032,0.7457591327999998,0.1373815719999999,0.0,0.06041731678149019,0.17346697872619046,0.17346697872619046,0.12168514284666945,0.2572029119966192,0.5624999999999997,0.44081485715333024,0.18616106750419747,0.0,0.0,0.0,0.0,-6.727540978246349e-06
259,100,100,1.0,feasible,0.7350120308548305,0.7722297221905358,0.8069851963964905,0.07197316554166,0.6083775607999999,0.6445817483999998,0.7457591327999998,0.1373815719999999,0.0,0.05812114399814328,0.17346697872619046,0.17346697872619046,0.12168514284666945,0.27298991223466945,0.5624999999999997,0.44081485715333024,0.18622165927712225,0.0,0.0,0.0,0.0,6.0591772924778464e-05
260,100,100,1.0,feasible,0.7350120308548305,0.7754352846737481,0.8069851963964905,0.07197316554166,0.6083775607999999,0.6525446348879999,0.7457591327999998,0.1373815719999999,0.0,0.05585259586825805,0.17346697872619046,0.17346697872619046,0.12168514284666945,0.2573004835534626,0.5624999999999997,0.44081485715333024,0.18623261456807766,0.0,0.0,0.0,0.0,1.0955290955405594e-05
261,100,100,1.0,feasible,0.7350120308548305,0.7724544060235816,0.8069851963964905,0.07197316554166,0.6083775607999999,0.6526042950959998,0.7457591327999998,0.1373815719999999,0.0,0.0481655136015378,0.17346697872619046,0.17346697872619046,0.12168514284666945,0.2773302027654552,0.5624999999999997,0.44081485715333024,0.18612789703500693,0.0,0.0,0.0,0.0,-0.00010471753307073062
262,100,100,1.0,feasible,0.7350120308548305,0.7749811622250711,0.8079836943819443,0.07297166352711382,0.6083775607999999,0.6525865925999998,0.7457591327999998,0.1373815719999999,0.0,0.055959773672819936,0.1741501946047619,0.1741501946047619,0.12168514284666945,0.2580145602293116,0.5624999999999997,0.44081485715333024,0.18612302664833957,0.0,0.0,0.0,0.0,-4.870386667354953e-06
263,100,100,1.0,feasible,0.7350120308548305,0.7725847575532414,0.8079836943819443,0.07297166352711382,0.6083775607999999,0.6463379903039999,0.7457591327999998,0.1373815719999999,0.0,0.058361346304860416,0.1741501946047619,0.1741501946047619,0.12168514284666945,0.2685258526886329,0.5624999999999997,0.44081485715333024,0.18616457133441092,0.0,0.0,0.0,0.0,4.1544686071343095e-05
264,100,100,1.0,feasible,0.7350120308548305,0.7729915972668446,0.8079836943819443,0.07297166352711382,0.6083775607999999,0.6472750489599999,0.7457591327999998,0.1373815719999999,0.0,0.0580772483417478,0.1741501946047619,0.1741501946047619,0.12168514284666945,0.2656148030338617,0.5624999999999997,0.44081485715333024,0.18619078299886355,0.0,0.0,0.0,0.0,2.6211664452630012e-05
265,100,100,1.0,feasible,0.7350120308548305,0.7725900505921546,0.8079836943819443,0.07297166352711382,0.6083775607999999,0.6513298973919999,0.7457591327999998,0.1373815719999999,0.0,0.05100416951835661,0.1741501946047619,0.1741501946047619,0.12168514284666945,0.2706265124329538,0.5624999999999997,0.44081485715333024,0.18610300907437058,0.0,0.0,0.0,0.0,-8.777392449296761e-05
266,100,100,1.0,feasible,0.7350120308548305,0.7752028579195229,0.8079836943819443,0.07297166352711382,0.6083775607999999,0.654259032792,0.7457591327999998,0.1373815719999999,0.0,0.05425822329752947,0.17746669151547617,0.17746669151547617,0.12168514284666945,0.26083269129968967,0.5624999999999997,0.44081485715333024,0.18622570886628328,0.0,0.0,0.0,0.0,0.00012269979191270597
267,100,100,1.0,feasible,0.7350120308548305,0.7731155061378263,0.8079836943819443,0.07297166352711382,0.6083775607999999,0.6503802066319999,0.7457591327999998,0.1373815719999999,0.0,0.05372480652342139,0.17746669151547617,0.17746669151547617,0.12168514284666945,0.2747416305458812,0.5624999999999997,0.44081485715333024,0.18611409859090045,0.0,0.0,0.0,0.0,-0.00011161027538283963
268,100,100,1.0,feasible,0.7350120308548305,0.7749333878638831,0.8079836943819443,0.07297166352711382,0.6083775607999999,0.653596604496,0.7457591327999998,0.1373815719999999,0.0,0.053718094832291195,0.17746669151547617,0.17746669151547617,0.12168514284666945,0.2601283368423432,0.5624999999999997,0.44081485715333024,0.18613749833218146,0.0,0.0,0.0,0.0,2.3399741281016073e-05
269,100,100,1.0,feasible,0.7350120308548305,0.7739978163021294,0.8079836943819443,0.07297166352711382,0.6083775607999999,0.6499474198639998,0.7457591327999998,0.1373815719999999,0.0,0.05819415912942524,0.17746669151547617,0.17746669151547617,0.12168514284666945,0.26989738261960516,0.5624999999999997,0.44081485715333024,0.18616864026429253,0.0,0.0,0.0,0.0,3.1141932111067305e-05
270,100,100,1.0,feasible,0.7350120308548305,0.7746273766216665,0.8079836943819443,0.07297166352711382,0.6083775607999999,0.6519385120240001,0.7457591327999998,0.1373815719999999,0.0,0.05637659552788404,0.17746669151547617,0.17746669151547617,0.12168514284666945,0.2621306710621353,0.5624999999999997,0.44081485715333024,0.1861602526509438,0.0,0.0,0.0,0.0,-8.387613348731504e-06
271,100,100,1.0,feasible,0.7350120308548305,0.7742562932019955,0.8079836943819443,0.07297166352711382,0.6083775607999999,0.6495253611279997,0.7457591327999998,0.1373815719999999,0.0,0.05880975866749166,0.17746669151547617,0.17746669151547617,0.12168514284666945,0.2622927858392225,0.5624999999999997,0.44081485715333024,0.18626861201740247,0.0,0.0,0.0,0.0,0.00010835936645867128
272,100,100,1.0,feasible,0.7350120308548305,0.7730411522787922,0.8079836943819443,0.07297166352711382,0.6083775607999999,0.6484838386079999,0.7457591327999998,0.1373815719999999,0.0,0.05748681087500357,0.17746669151547617,0.17746669151547617,0.12168514284666945,0.27063861495175473,0.5624999999999997,0.44081485715333024,0.18610684058427304,0.0,0.0,0.0,0.0,-0.0001617714331294262
273,100,100,1.0,feasible,0.7350120308548305,0.772781417209984,0.8079836943819443,0.07297166352711382,0.6083775607999999,0.6458935465599999,0.7457591327999998,0.1373815719999999,0.0,0.0604842575282181,0.17746669151547617,0.17746669151547617,0.12168514284666945,0.2702145636747184,0.5624999999999997,0.44081485715333024,0.18610021061727872,0.0,0.0,0.0,0.0,-6.629966994325942e-06
274,100,100,1.0,feasible,0.7350120308548305,0.772581191848499,0.8079836943819443,0.07297166352711382,0.6083775607999999,0.6483405259360001,0.7457591327999998,0.1373815719999999,0.0,0.05601159118754112,0.17746669151547617,0.17746669151547617,0.12168514284666945,0.27361222682921166,0.5624999999999997,0.44081485715333024,0.18609145736440807,0.0,0.0,0.0,0.0,-8.753252870641326e-06
275,100,100,1.0,feasible,0.7350120308548305,0.7725582298920343,0.8079836943819443,0.07297166352711382,0.6083775607999999,0.647106960328,0.7457591327999998,0.1373815719999999,0.0,0.0586083811796525,0.17746669151547617,0.17746669151547617,0.12168514284666945,0.2716075306362764,0.5624999999999997,0.44081485715333024,0.18603344315767,0.0,0.0,0.0,0.0,-5.801420673806623e-05
276,100,100,1.0,feasible,0.7350120308548305,0.7739604809455288,0.8079836943819443,0.07297166352711382,0.6083775607999999,0.6509701886399999,0.7457591327999998,0.1373815719999999,0.0,0.05691755068800322,0.17746669151547617,0.17746669151547617,0.12168514284666945,0.26995918809461605,0.5624999999999997,0.44081485715333024,0.1859322896764257,0.0,0.0,0.0,0.0,-0.00010115348124431489
277,100,100,1.0,feasible,0.7350120308548305,0.7734172534718227,0.8079836943819443,0.07297166352711382,0.6083775607999999,0.6488737739520001,0.7457591327999998,0.1373815719999999,0.0,0.05856454397623776,0.17746669151547617,0.17746669151547617,0.12168514284666945,0.26900598517494656,0.5624999999999997,0.44081485715333024,0.1858910493941459,0.0,0.0,0.0,0.0,-4.124028227978083e-05
278,100,100,1.0,feasible,0.7350120308548305,0.7740750036035093,0.8079836943819443,0.07297166352711382,0.6083775607999999,0.65140403152,0.7457591327999998,0.1373815719999999,0.0,0.055089594417553324,0.17746669151547617,0.17746669151547617,0.12168514284666945,0.26749005572053997,0.5624999999999997,0.44081485715333024,0.18597215582184423,0.0,0.0,0.0,0.0,8.110642769831866e-05
279,100,100,1.0,feasible,0.7350120308548305,0.772949158723597,0.8079836943819443,0.07297166352711382,0.6083775607999999,0.6496024868639999,0.7457591327999998,0.1373815719999999,0.0,0.05529056138013547,0.1774743619869048,0.1774743619869048,0.12168514284666945,0.27674507457266645,0.5624999999999997,0.44081485715333024,0.18600300652768395,0.0,0.0,0.0,0.0,3.085070583971894e-05
280,100,100,1.0,feasible,0.7350120308548305,0.7738358872377163,0.8079836943819443,0.07297166352711382,0.6083775607999999,0.6536951690159999,0.7457591327999998,0.1373815719999999,0.0,0.050552542872680004,0.16949818406190478,0.16949818406190478,0.12168514284666945,0.2727321584546946,0.5624999999999997,0.44081485715333024,0.18606866117487364,0.0,0.0,0.0,0.0,6.565464718968905e-05
281,100,100,1.0,feasible,0.7350120308548305,0.7769137643512461,0.8079836943819443,0.07297166352711382,0.6083775607999999,0.6577448751839999,0.7457591327999998,0.1373815719999999,0.0,0.053915382597317624,0.16949818406190478,0.16949818406190478,0.12168514284666945,0.2518328990418826,0.5624999999999997,0.44081485715333024,0.18590759403434431,0.0,0.0,0.0,0.0,-0.00016106714052932514
282,100,100,1.0,feasible,0.7350120308548305,0.7716313318498945,0.8079836943819443,0.07297166352711382,0.6083775607999999,0.6486155861999999,0.7457591327999998,0.1373815719999999,0.0,0.050786039124507985,0.16958684836190474,0.16958684836190474,0.12168514284666945,0.27814330497818274,0.5624999999999997,0.44081485715333024,0.18603940376496084,0.0,0.0,0.0,0.0,0.00013180973061652224
283,100,100,1.0,feasible,0.7350120308548305,0.7739232848010744,0.8079836943819443,0.07297166352711382,0.6083775607999999,0.6528610946,0.7457591327999998,0.1373815719999999,0.0,0.050829653540283105,0.16958684836190474,0.16958684836190474,0.12168514284666945,0.2707408342243649,0.5624999999999997,0.44081485715333024,0.18598272001327848,0.0,0.0,0.0,0.0,-5.6683751682357064e-05
284,100,100,1.0,feasible,0.7350120308548305,0.7705240862801529,0.8079836943819443,0.07297166352711382,0.6083775607999999,0.6480254252639998,0.7457591327999998,0.1373815719999999,0.0,0.04900811857289286,0.16958684836190474,0.16958684836190474,0.12168514284666945,0.28955039498305224,0.5624999999999997,0.44081485715333024,0.18597203680560592,0.0,0.0,0.0,0.0,-1.0683207672557149e-05
285,100,100,1.0,feasible,0.7350120308548305,0.7754977982191756,0.8079836943819443,0.07297166352711382,0.6083775607999999,0.65215808176,0.7457591327999998,0.1373815719999999,0.0,0.05666287295270214,0.1724914185142857,0.1724914185142857,0.12168514284666945,0.25737745237551396,0.5624999999999997,0.44081485715333024,0.18605592538748505,0.0,0.0,0.0,0.0,8.38885818791324e-05
286,100,100,1.0,feasible,0.7350120308548305,0.7721212891563325,0.8079836943819443,0.07297166352711382,0.6083775607999999,0.649542625256,0.7457591327999998,0.1373815719999999,0.0,0.049997091644815236,0.1724914185142857,0.1724914185142857,0.12168514284666945,0.27686669980636264,0.5624999999999997,0.44081485715333024,0.18605438020844467,0.0,0.0,0.0,0.0,-1.5451790403853138e-06
287,100,100,1.0,feasible,0.7350120308548305,0.7760452392697051,0.8079836943819443,0.07297166352711382,0.6083775607999999,0.653920025544,0.7457591327999998,0.1373815719999999,0.0,0.05616696102210072,0.1724914185142857,0.1724914185142857,0.12168514284666945,0.25544357464541123,0.5624999999999997,0.44081485715333024,0.18607316854212425,0.0,0.0,0.0,0.0,1.8788333679575775e-05
288,100,100,1.0,feasible,0.7350120308548305,0.775254233988279,0.8079836943819443,0.07297166352711382,0.6083775607999999,0.6563977766559997,0.7457591327999998,0.1373815719999999,0.0,0.05014010308056096,0.1724914185142857,0.1724914185142857,0.12168514284666945,0.26281396584038486,0.5624999999999997,0.44081485715333024,0.18607980494237364,0.0,0.0,0.0,0.0,6.636400249393493e-06
289,100,100,1.0,feasible,0.7350120308548305,0.7743547109744826,0.8066286170268433,0.07161658617201283,0.6083775607999999,0.6520533189919999,0.7457591327999998,0.1373815719999999,0.0,0.05316893629365667,0.1724914185142857,0.1724914185142857,0.12148932347834351,0.2613690108401366,0.5624999999999997,0.44101067652165615,0.18617585896752908,0.0,0.0,0.0,0.00019581936832593905,9.605402515544537e-05
290,100,100,1.0,feasible,0.7350120308548305,0.7733925535381019,0.8066286170268433,0.07161658617201283,0.6083775607999999,0.65130059932,0.7457591327999998,0.1373815719999999,0.0,0.05118452511594595,0.1724914185142857,0.1724914185142857,0.12148932347834351,0.26737910427670647,0.5624999999999997,0.44101067652165615,0.1860619218515986,0.0,0.0,0.0,0.0,-0.00011393711593049582
291,100,100,1.0,feasible,0.7350120308548305,0.7728664784242931,0.8066286170268433,0.07161658617201283,0.6083775607999999,0.6501959430719999,0.7457591327999998,0.1373815719999999,0.0,0.05243126459890882,0.1724914185142857,0.1724914185142857,0.12148932347834351,0.26798347017445867,0.5624999999999997,0.44101067652165615,0.18603544397657784,0.0,0.0,0.0,0.0,-2.6477875020747277e-05
292,100,100,1.0,feasible,0.7350120308548305,0.7731903531343205,0.8066286170268433,0.07161658617201283,0.6083775607999999,0.6517614739679999,0.7457591327999998,0.1373815719999999,0.0,0.050771514886840834,0.1725070312357143,0.1725070312357143,0.12148932347834351,0.264550177985989,0.5624999999999997,0.44101067652165615,0.18601327492040634,0.0,0.0,0.0,0.0,-2.2169056171500445e-05
293,100,100,1.0,feasible,0.7350120308548305,0.7736253650567737,0.8066286170268433,0.07161658617201283,0.6083775607999999,0.6525823851359999,0.7457591327999998,0.1373815719999999,0.0,0.05046657641990561,0.1725070312357143,0.1725070312357143,0.12148932347834351,0.26882326288679853,0.5624999999999997,0.44101067652165615,0.1860000829854771,0.0,0.0,0.0,0.0,-1.3191934929240867e-05
294,100,100,1.0,feasible,0.7350120308548305,0.7737922596776725,0.8066286170268433,0.07161658617201283,0.6083775607999999,0.6482873200959999,0.7457591327999998,0.1373815719999999,0.0,0.057981618883814395,0.1725070312357143,0.1725070312357143,0.12148932347834351,0.2673409938448724,0.5624999999999997,0.44101067652165615,0.18598235691392123,0.0,0.0,0.0,0.0,-1.7726071555868028e-05
295,100,100,1.0,feasible,0.7350120308548305,0.7732514856217187,0.8066286170268433,0.07161658617201283,0.6083775607999999,0.648677557504,0.7457591327999998,0.1373815719999999,0.0,0.055892570374538694,0.1725070312357143,0.1725070312357143,0.12148932347834351,0.26537950953030387,0.5624999999999997,0.44101067652165615,0.1860439126894089,0.0,0.0,0.0,0.0,6.1555775487665e-05
296,100,100,1.0,feasible,0.7350120308548305,0.7748771166971902,0.8074059177960337,0.07239388694120319,0.6083775607999999,0.6489240551279998,0.7457591327999998,0.1373815719999999,0.0,0.05973701250883618,0.1725070312357143,0.1725070312357143,0.12148932347834351,0.2560969061261053,0.5624999999999997,0.44101067652165615,0.1859960015489702,0.0,0.0,0.0,0.0,-4.791114043870004e-05
297,100,100,1.0,feasible,0.7350120308548305,0.772814976226606,0.8074059177960337,0.07239388694120319,0.6083775607999999,0.64678101796,0.7457692479999999,0.13739168719999995,0.0,0.05742478511893048,0.16844616199761905,0.16844616199761905,0.12148932347834351,0.27012755975145725,0.5624999999999997,0.44101067652165615,0.186014362622752,0.0,0.0,0.0,0.0,1.8361073781808512e-05
298,100,100,1.0,feasible,0.7350120308548305,0.771116684993808,0.8074059177960337,0.07239388694120319,0.6083775607999999,0.6438640336399999,0.7457692479999999,0.13739168719999995,0.0,0.05556797267890357,0.16844616199761905,0.16844616199761905,0.12148932347834351,0.27498936912120614,0.5624999999999997,0.44101067652165615,0.18608376744060418,0.0,0.0,0.0,0.0,6.940481785217001e-05
299,100,100,1.0,feasible,0.7350120308548305,0.7764488192053443,0.807765129942616,0.07275309908778549,0.6083775607999999,0.6530047809599999,0.7457692479999999,0.13739168719999995,0.0,0.05828000954484452,0.16844616199761905,0.16844616199761905,0.12148932347834351,0.25336240012511174,0.5624999999999997,0.44101067652165615,0.18601275464739703,0.0,0.0,0.0,0.0,-7.101279320714804e-05
300,100,100,1.0,feasible,0.7350120308548305,0.7718570758289295,0.807765129942616,0.07275309908778549,0.6083775607999999,0.647361204816,0.7457692479999999,0.13739168719999995,0.0,0.05186981282886476,0.16844616199761905,0.16844616199761905,0.12148932347834351,0.27512523091806423,0.5624999999999997,0.44101067652165615,0.1860119775499761,0.0,0.0,0.0,0.0,-7.770974209397874e-07
301,100,100,1.0,feasible,0.7350120308548305,0.7742703425810616,0.8081267646032826,0.07311473374845212,0.6083775607999999,0.652746072304,0.7457692479999999,0.13739168719999995,0.0,0.05201009010332666,0.16943052127857147,0.16943052127857147,0.12148932347834351,0.2633999998493897,0.5624999999999997,0.44101067652165615,0.18588913577340266,0.0,0.0,0.0,0.0,-0.0001228417765734291
302,100,100,1.0,feasible,0.7350120308548305,0.7738205559477089,0.8081267646032826,0.07311473374845212,0.6083775607999999,0.649741065928,0.7457692479999999,0.13739168719999995,0.0,0.05620806802904333,0.16943052127857147,0.16943052127857147,0.12148932347834351,0.26604724172935174,0.5624999999999997,0.44101067652165615,0.1860333800298675,0.0,0.0,0.0,0.0,0.00014424425646483718
303,100,100,1.0,feasible,0.7350120308548305,0.7723825215015785,0.8081267646032826,0.07311473374845212,0.6083775607999999,0.6463045081599997,0.7457692479999999,0.13739168719999995,0.0,0.0575713540362987,0.16943052127857147,0.16943052127857147,0.12148932347834351,0.2690028797340913,0.5624999999999997,0.44101067652165615,0.18606537844550602,0.0,0.0,0.0,0.0,3.19984156385289e-05
304,100,100,1.0,feasible,0.7350120308548305,0.7729562507831441,0.8081267646032826,0.07311473374845212,0.6083775607999999,0.648109198736,0.7457692479999999,0.13739168719999995,0.0,0.05742182091868203,0.1697140320630952,0.1697140320630952,0.12148932347834351,0.2727702366930858,0.5624999999999997,0.44101067652165615,0.18591379011089396,0.0,0.0,0.0,0.0,-0.00015158833461206833
305,100,100,1.0,feasible,0.7350120308548305,0.7736476966162593,0.8081267646032826,0.07311473374845212,0.6083775607999999,0.6498369049279998,0.7457692479999999,0.13739168719999995,0.0,0.05726480759267405,0.1697140320630952,0.1697140320630952,0.12148932347834351,0.26678578288731447,0.5624999999999997,0.44101067652165615,0.18595672815687975,0.0,0.0,0.0,0.0,4.2938045985790874e-05
306,100,100,1.0,feasible,0.7350120308548305,0.773637596924982,0.8081267646032826,0.07311473374845212,0.6083775607999999,0.6493278868159998,0.7457692479999999,0.13739168719999995,0.0,0.055572796711344276,0.1697140320630952,0.1697140320630952,0.12148932347834351,0.2640783979187074,0.5624999999999997,0.44101067652165615,0.1860611553017523,0.0,0.0,0.0,0.0,0.00010442714487254867
307,100,100,1.0,feasible,0.7350120308548305,0.7754034962787576,0.8081267646032826,0.07311473374845212,0.6083775607999999,0.6530535241679998,0.7457692479999999,0.13739168719999995,0.0,0.056018312682100245,0.1697140320630952,0.1697140320630952,0.12148932347834351,0.2524391891535509,0.5624999999999997,0.44101067652165615,0.1859831494772331,0.0,0.0,0.0,0.0,-7.800582451919502e-05
308,100,100,1.0,feasible,0.7350120308548305,0.7740714057139866,0.8081267646032826,0.07311473374845212,0.6083775607999999,0.6493938365119999,0.7457692479999999,0.13739168719999995,0.0,0.05785172460188834,0.1697140320630952,0.1697140320630952,0.12148932347834351,0.26035251622407496,0.5624999999999997,0.44101067652165615,0.1862112856450761,0.0,0.0,0.0,0.0,0.00022813616784300716
309,100,100,1.0,feasible,0.7350120308548305,0.7750185595599391,0.8081267646032826,0.07311473374845212,0.6083775607999999,0.6548675213519999,0.7457692479999999,0.13739168719999995,0.0,0.05318506848780262,0.1697140320630952,0.1697140320630952,0.12148932347834351,0.2607140191856447,0.5624999999999997,0.44101067652165615,0.1862416145992013,0.0,0.0,0.0,0.0,3.0328954125191654e-05
310,100,100,1.0,feasible,0.7350120308548305,0.7726461241876408,0.8081267646032826,0.07311473374845212,0.6083775607999999,0.6492552683839999,0.7457692479999999,0.13739168719999995,0.0,0.054709469556465724,0.1697140320630952,0.1697140320630952,0.12148932347834351,0.2742436622925256,0.5624999999999997,0.44101067652165615,0.18629174908744484,0.0,0.0,0.0,0.0,5.013448824353617e-05
311,100,100,1.0,feasible,0.7350120308548305,0.7742186564038164,0.8081267646032826,0.07311473374845212,0.6083775607999999,0.6501988014319999,0.7457692479999999,0.13739168719999995,0.0,0.057889924544191916,0.1697140320630952,0.1697140320630952,0.12148932347834351,0.26045186413397725,0.5624999999999997,0.44101067652165615,0.18635146064507105,0.0,0.0,0.0,0.0,5.971155762621305e-05
312,100,100,1.0,feasible,0.7350120308548305,0.77426275787679,0.8081267646032826,0.07311473374845212,0.6083775607999999,0.6499269193359999,0.7457692479999999,0.13739168719999995,0.0,0.05812549453747048,0.1697140320630952,0.1697140320630952,0.12148932347834351,0.26027131258879543,0.5624999999999997,0.44101067652165615,0.18641482513257823,0.0,0.0,0.0,0.0,6.336448750718371e-05
313,100,100,1.0,feasible,0.7350120308548305,0.7708818255271832,0.8081267646032826,0.07311473374845212,0.6083775607999999,0.647807930072,0.7457692479999999,0.13739168719999995,0.0,0.05050563028039238,0.1697140320630952,0.1697140320630952,0.12148932347834351,0.2795232450176954,0.5624999999999997,0.44101067652165615,0.1862845569683903,0.0,0.0,0.0,0.0,-0.00013026816418792997
314,100,100,1.0,feasible,0.7350120308548305,0.7756250043343275,0.8081267646032826,0.07311473374845212,0.6083775607999999,0.6553981821519999,0.7457692479999999,0.13739168719999995,0.0,0.0543867469919081,0.1697140320630952,0.1697140320630952,0.12148932347834351,0.2585608332868063,0.5624999999999997,0.44101067652165615,0.18622295084884533,0.0,0.0,0.0,0.0,-6.160611954497686e-05
315,100,100,1.0,feasible,0.7350120308548305,0.7727310396333698,0.8081267646032826,0.07311473374845212,0.6083775607999999,0.6482826824079999,0.7457692479999999,0.13739168719999995,0.0,0.05599067016966429,0.1697140320630952,0.1697140320630952,0.12148932347834351,0.2711880496660068,0.5624999999999997,0.44101067652165615,0.1861166588207593,0.0,0.0,0.0,0.0,-0.00010629202808601357
316,100,100,1.0,feasible,0.7350120308548305,0.7753321102829088,0.8081267646032826,0.07311473374845212,0.6083775607999999,0.6540395588319998,0.7457692479999999,0.13739168719999995,0.0,0.05575027016809857,0.1697140320630952,0.1697140320630952,0.12148932347834351,0.2618769941776565,0.5624999999999997,0.44101067652165615,0.18592456186943646,0.0,0.0,0.0,0.0,-0.00019209695132285654
317,100,100,1.0,feasible,0.7350120308548305,0.7735009027654232,0.8081267646032826,0.07311473374845212,0.6083775607999999,0.6516008288319999,0.7457692479999999,0.13739168719999995,0.0,0.05508328327022596,0.1697140320630952,0.1697140320630952,0.12148932347834351,0.2700320581981525,0.5624999999999997,0.44101067652165615,0.1861961607885665,0.0,0.0,0.0,0.0,0.00027159891913003387
318,100,100,1.0,feasible,0.7350120308548305,0.7737584433711825,0.8083698181675475,0.07335778731271703,0.6083775607999999,0.6523808330959998,0.7457692479999999,0.13739168719999995,0.0,0.05508004484912428,0.17008047807857143,0.17008047807857143,0.12148932347834351,0.264247305874103,0.5624999999999997,0.44101067652165615,0.18623119501372,0.0,0.0,0.0,0.0,3.503422515352406e-05
319,100,100,1.0,feasible,0.7350120308548305,0.7743146338129873,0.8083698181675475,0.07335778731271703,0.6083775607999999,0.6519231851359999,0.7457692479999999,0.13739168719999995,0.0,0.05707818022907071,0.17127366759761906,0.17127366759761906,0.12148932347834351,0.26099931830955536,0.5624999999999997,0.44101067652165615,0.18615637468753748,0.0,0.0,0.0,0.0,-7.482032618252865e-05
320,100,100,1.0,feasible,0.7350120308548305,0.7733480525491427,0.8083698181675475,0.07335778731271703,0.6083775607999999,0.6518650492559999,0.7457692479999999,0.13739168719999995,0.0,0.05459034108711834,0.17127366759761906,0.17127366759761906,0.12148932347834351,0.2698267833853908,0.5624999999999997,0.44101067652165615,0.18630640244043487,0.0,0.0,0.0,0.0,0.00015002775289738035
321,100,100,1.0,feasible,0.7350120308548305,0.7726939985313866,0.8066286170268433,0.07161658617201283,0.6083775607999999,0.6498496521439999,0.7457692479999999,0.13739168719999995,0.0,0.05463960184414285,0.17127366759761906,0.17127366759761906,0.12148932347834351,0.2710126659069978,0.5624999999999997,0.44101067652165615,0.1864210673703099,0.0,0.0,0.0,0.0,0.00011466492987502463
322,100,100,1.0,feasible,0.7350120308548305,0.7723091969494008,0.8066286170268433,0.07161658617201283,0.6083775607999999,0.6525047751519999,0.7457692479999999,0.13739168719999995,0.0,0.049296382781221434,0.17127366759761906,0.17127366759761906,0.12148932347834351,0.2758030003037067,0.5624999999999997,0.44101067652165615,0.18628335232032636,0.0,0.0,0.0,0.0,-0.0001377150499835278
323,100,100,1.0,feasible,0.7350120308548305,0.7711511879519648,0.8066286170268433,0.07161658617201283,0.6083775607999999,0.647678963776,0.7457692479999999,0.13739168719999995,0.0,0.05366274243290877,0.17127366759761906,0.17127366759761906,0.12148932347834351,0.274622634327506,0.5624999999999997,0.44101067652165615,0.18631578579823,0.0,0.0,0.0,0.0,3.243347790363171e-05
324,100,100,1.0,feasible,0.7350120308548305,0.7708403287225508,0.8066286170268433,0.07161658617201283,0.6083775607999999,0.6449820390479999,0.7444250135999999,0.13604745279999997,0.0,0.05648063445114332,0.17127366759761906,0.17127366759761906,0.12148932347834351,0.27655755012960986,0.5624999999999997,0.44101067652165615,0.18641138211079156,0.0,0.0,0.0,0.0,9.559631256156331e-05
325,100,100,1.0,feasible,0.7350120308548305,0.7735358669719011,0.8066286170268433,0.07161658617201283,0.6083775607999999,0.6492752872879999,0.7444250135999999,0.13604745279999997,0.0,0.05886111191691881,0.17127366759761906,0.17127366759761906,0.12148932347834351,0.26272713144165566,0.5624999999999997,0.44101067652165615,0.18643348290246473,0.0,0.0,0.0,0.0,2.2100791673168585e-05
326,100,100,1.0,feasible,0.7350120308548305,0.7731515082282456,0.8066286170268433,0.07161658617201283,0.6083775607999999,0.6509459623599999,0.7444250135999999,0.13604745279999997,0.0,0.05461007326071499,0.17127366759761906,0.17127366759761906,0.12148932347834351,0.2706752617538183,0.5624999999999997,0.44101067652165615,0.18637312451878943,0.0,0.0,0.0,0.0,-6.0358383675296334e-05
327,100,100,1.0,feasible,0.7350120308548305,0.7720607792972635,0.8066286170268433,0.07161658617201283,0.6083775607999999,0.6488832776079998,0.7444250135999999,0.13604745279999997,0.0,0.054754477392616206,0.17127366759761906,0.17127366759761906,0.12148932347834351,0.27076977986344536,0.5624999999999997,0.44101067652165615,0.18645812141283766,0.0,0.0,0.0,0.0,8.499689404822819e-05
328,100,100,1.0,feasible,0.7350120308548305,0.7736621413156471,0.8066286170268433,0.07161658617201283,0.6083775607999999,0.65213682448,0.7444250135999999,0.13604745279999997,0.0,0.05412706857233832,0.17127366759761906,0.17127366759761906,0.12148932347834351,0.26450228791099234,0.5624999999999997,0.44101067652165615,0.18646666871378964,0.0,0.0,0.0,0.0,8.547300951983194e-06
329,100,100,1.0,feasible,0.7350120308548305,0.7705097024636771,0.8066286170268433,0.07161658617201283,0.6083775607999999,0.646474622536,0.7444250135999999,0.13604745279999997,0.0,0.05340982163335,0.17127366759761906,0.17127366759761906,0.12148932347834351,0.28098629662096214,0.5624999999999997,0.44101067652165615,0.18637011247312746,0.0,0.0,0.0,0.0,-9.655624066218227e-05
330,100,100,1.0,feasible,0.7350120308548305,0.7717692540508955,0.8066286170268433,0.07161658617201283,0.6083775607999999,0.6501256440559999,0.7444250135999999,0.13604745279999997,0.0,0.05151627662552286,0.17127366759761906,0.17127366759761906,0.12148932347834351,0.2763740542317565,0.5624999999999997,0.44101067652165615,0.18637134891298873,0.0,0.0,0.0,0.0,1.2364398612740857e-06
331,100,100,1.0,feasible,0.7350120308548305,0.7710459759728253,0.8066286170268433,0.07161658617201283,0.6083775607999999,0.6478197194159998,0.7444250135999999,0.13604745279999997,0.0,0.05274493224184071,0.17127366759761906,0.17127366759761906,0.12148932347834351,0.2781478903001252,0.5624999999999997,0.44101067652165615,0.18633707703144758,0.0,0.0,0.0,0.0,-3.427188154114802e-05
332,100,100,1.0,feasible,0.7350120308548305,0.7740015725829801,0.8066286170268433,0.07161658617201283,0.6083775607999999,0.653951837304,0.7444250135999999,0.13604745279999997,0.0,0.05236209748805976,0.17127366759761906,0.17127366759761906,0.12148932347834351,0.26529657477640084,0.5624999999999997,0.44101067652165615,0.18625590528609476,0.0,0.0,0.0,0.0,-8.117174535282601e-05
333,100,100,1.0,feasible,0.7350120308548305,0.7722298653480543,0.8066286170268433,0.07161658617201283,0.6083775607999999,0.6530538869040001,0.7444250135999999,0.13604745279999997,0.0,0.04740586935573143,0.17127366759761906,0.17127366759761906,0.12148932347834351,0.2776771494927805,0.5624999999999997,0.44101067652165615,0.18623417033752698,0.0,0.0,0.0,0.0,-2.173494856777536e-05
334,100,100,1.0,feasible,0.7350120308548305,0.7723196160561981,0.8066286170268433,0.07161658617201283,0.6083775607999999,0.6518825732879999,0.7451456327999999,0.13676807199999996,0.0,0.05120448988527238,0.17127366759761906,0.17127366759761906,0.12148932347834351,0.2761872076582435,0.5624999999999997,0.44101067652165615,0.18624521359629367,0.0,0.0,0.0,0.0,1.1043258766690878e-05
335,100,100,1.0,feasible,0.7350120308548305,0.771648381117332,0.8066286170268433,0.07161658617201283,0.6083775607999999,0.6468751053519999,0.7427273135999999,0.13434975279999994,0.0,0.05672547975435917,0.17127366759761906,0.17127366759761906,0.12148932347834351,0.27591208209048695,0.5624999999999997,0.44101067652165615,0.18626962608839517,0.0,0.0,0.0,0.0,2.4412492101499872e-05
336,100,100,1.0,feasible,0.7350120308548305,0.7721946030287967,0.8066286170268433,0.07161658617201283,0.6083775607999999,0.645919249176,0.7427273135999999,0.13434975279999994,0.0,0.05983448814738465,0.17127366759761906,0.17127366759761906,0.12148932347834351,0.2698343581578894,0.5624999999999997,0.44101067652165615,0.186262972502353,0.0,0.0,0.0,0.0,-6.653586042182358e-06
337,100,100,1.0,feasible,0.7350120308548305,0.7727049670538781,0.8066286170268433,0.07161658617201283,0.6083775607999999,0.648573627472,0.7427273135999999,0.13434975279999994,0.0,0.05681966290791785,0.17127366759761906,0.17127366759761906,0.12148932347834351,0.2695968655581641,0.5624999999999997,0.44101067652165615,0.18628871356944665,0.0,0.0,0.0,0.0,2.5741067093659753e-05
338,100,100,1.0,feasible,0.7350120308548305,0.7711341029965291,0.8066286170268433,0.07161658617201283,0.6083775607999999,0.6493777449919999,0.7434132215999998,0.13503566079999985,0.0,0.05038801576993571,0.1726372091154762,0.1726372091154762,0.12148932347834351,0.27978507782396006,0.5624999999999997,0.44101067652165615,0.18633408894891046,0.0,0.0,0.0,0.0,4.5375379463807874e-05
339,100,100,1.0,feasible,0.7350120308548305,0.7744721292083095,0.8066286170268433,0.07161658617201283,0.6083775607999999,0.6540550461439999,0.7434132215999998,0.13503566079999985,0.0,0.05362858612129667,0.1726372091154762,0.1726372091154762,0.12148932347834351,0.2645142212252834,0.5624999999999997,0.44101067652165615,0.18627567949333876,0.0,0.0,0.0,0.0,-5.840945557170074e-05
340,100,100,1.0,feasible,0.7350120308548305,0.7741287897572079,0.8066286170268433,0.07161658617201283,0.6083775607999999,0.65090691404,0.7434132215999998,0.13503566079999985,0.0,0.05665804210500381,0.1726372091154762,0.1726372091154762,0.12148932347834351,0.261855049964018,0.5624999999999997,0.44101067652165615,0.18619068482472495,0.0,0.0,0.0,0.0,-8.499466861380811e-05
341,100,100,1.0,feasible,0.7350120308548305,0.772934589632498,0.8066286170268433,0.07161658617201283,0.6083775607999999,0.6514487319439999,0.7440263807999999,0.13564882,0.0,0.05262893322285702,0.1726372091154762,0.1726372091154762,0.12148932347834351,0.2719600508270377,0.5624999999999997,0.44101067652165615,0.18620714903015012,0.0,0.0,0.0,0.0,1.6464205425170686e-05
342,100,100,1.0,feasible,0.7350120308548305,0.7728031317269287,0.8066286170268433,0.07161658617201283,0.6083775607999999,0.6547504428319999,0.7440263807999999,0.13564882,0.0,0.047136857976676785,0.1726372091154762,0.1726372091154762,0.12148932347834351,0.2736890822801488,0.5624999999999997,0.44101067652165615,0.18620413797706625,0.0,0.0,0.0,0.0,-3.011053083867843e-06
343,100,100,1.0,feasible,0.7350120308548305,0.7729381522116409,0.8066286170268433,0.07161658617201283,0.6083775607999999,0.6534482932399999,0.7440263807999999,0.13564882,0.0,0.051224643673974876,0.1726372091154762,0.1726372091154762,0.12148932347834351,0.27037532748930654,0.5624999999999997,0.44101067652165615,0.18622749371885045,0.0,0.0,0.0,0.0,2.3355741784192308e-05
344,100,100,1.0,feasible,0.7350120308548305,0.7714733828205397,0.8066286170268433,0.07161658617201283,0.6083775607999999,0.6514395983679999,0.7440263807999999,0.13564882,0.0,0.048855115113202494,0.1726372091154762,0.1726372091154762,0.12148932347834351,0.28151214702788174,0.5624999999999997,0.44101067652165615,0.18612693922352969,0.0,0.0,0.0,0.0,-0.00010055449532075933
345,100,100,1.0,feasible,0.7350120308548305,0.7725435989430172,0.8066286170268433,0.07161658617201283,0.6083775607999999,0.652046671312,0.7466802135999998,0.13830265279999987,0.0,0.051700753924856555,0.1726372091154762,0.1726372091154762,0.12148932347834351,0.27491256862229196,0.5624999999999997,0.44101067652165615,0.18611184993817603,0.0,0.0,0.0,0.0,-1.5089285353653281e-05
346,100,100,1.0,feasible,0.7350120308548305,0.7726425290600528,0.8066286170268433,0.07161658617201283,0.6083775607999999,0.6503556001119998,0.7440263807999999,0.13564882,0.0,0.054346831681816664,0.1726372091154762,0.1726372091154762,0.12148932347834351,0.27116749340923546,0.5624999999999997,0.44101067652165615,0.1861312465753472,0.0,0.0,0.0,0.0,1.939663717115403e-05
347,100,100,1.0,feasible,0.7350120308548305,0.773234299420055,0.8066286170268433,0.07161658617201283,0.6083775607999999,0.6525679632800001,0.7440263807999999,0.13564882,0.0,0.05265078929116429,0.1726372091154762,0.1726372091154762,0.12148932347834351,0.272364619081787,0.5624999999999997,0.44101067652165615,0.1858620015996299,0.0,0.0,0.0,0.0,-0.00026924497571728656
348,100,100,1.0,feasible,0.7350120308548305,0.77273162414578,0.8066286170268433,0.07161658617201283,0.6083775607999999,0.6510719192879999,0.7440263807999999,0.13564882,0.0,0.0533964128947456,0.1726372091154762,0.1726372091154762,0.12148932347834351,0.27244648691684653,0.5624999999999997,0.44101067652165615,0.1859973469359169,0.0,0.0,0.0,0.0,0.00013534533628700718
349,100,100,1.0,feasible,0.7350120308548305,0.7738637531517625,0.8066286170268433,0.07161658617201283,0.6083775607999999,0.6505516271999998,0.7441655767999998,0.1357880159999999,0.0,0.05801220259370309,0.1726372091154762,0.1726372091154762,0.12148932347834351,0.26823207948490074,0.5624999999999997,0.44101067652165615,0.18610037093559895,0.0,0.0,0.0,0.0,0.00010302399968203924
350,100,100,1.0,feasible,0.7350120308548305,0.7741260391816231,0.8066286170268433,0.07161658617201283,0.6083775607999999,0.6533353555120001,0.7441655767999998,0.1357880159999999,0.0,0.05483362114796497,0.1726372091154762,0.1726372091154762,0.12148932347834351,0.264631230560969,0.5624999999999997,0.44101067652165615,0.1861443684419133,0.0,0.0,0.0,0.0,4.399750631434163e-05
351,100,100,1.0,feasible,0.7350120308548305,0.7729449242277572,0.8066286170268433,0.07161658617201283,0.6083775607999999,0.6505304322959999,0.7443902775999999,0.13601271679999993,0.0,0.05445051863480523,0.1726372091154762,0.1726372091154762,0.12148932347834351,0.26929539883638076,0.5624999999999997,0.44101067652165615,0.18618415344882266,0.0,0.0,0.0,0.0,3.9785006909376364e-05
352,100,100,1.0,feasible,0.7350120308548305,0.7724352266617829,0.8066286170268433,0.07161658617201283,0.6083775607999999,0.648506078896,0.7443902775999999,0.13601271679999993,0.0,0.05523517962472496,0.1726372091154762,0.1726372091154762,0.12148932347834351,0.2699017914086224,0.5624999999999997,0.44101067652165615,0.18618102239523568,0.0,0.0,0.0,0.0,-3.1310535869855105e-06
353,100,100,1.0,feasible,0.7350120308548305,0.7710725159114297,0.8066286170268433,0.07161658617201283,0.6083775607999999,0.6486559791039999,0.7443902775999999,0.13601271679999993,0.0,0.0507962613895481,0.1726372091154762,0.1726372091154762,0.12148932347834351,0.27853270252087425,0.5624999999999997,0.44101067652165615,0.18623787098172606,0.0,0.0,0.0,0.0,5.684858649038227e-05
354,100,100,1.0,feasible,0.7350120308548305,0.7733167562102105,0.8066286170268433,0.07161658617201283,0.6083775607999999,0.649089729984,0.7443902775999999,0.13601271679999993,0.0,0.05668826739953334,0.1726372091154762,0.1726372091154762,0.12148932347834351,0.26276823850018916,0.5624999999999997,0.44101067652165615,0.18618789221746662,0.0,0.0,0.0,0.0,-4.997876425943959e-05
355,100,100,1.0,feasible,0.7350120308548305,0.7702772825545496,0.8066286170268433,0.07161658617201283,0.6083775607999999,0.6460904308159999,0.7443902775999999,0.13601271679999993,0.0,0.0525160663238107,0.1726372091154762,0.1726372091154762,0.12148932347834351,0.2813387402869706,0.5624999999999997,0.44101067652165615,0.1862592400815078,0.0,0.0,0.0,0.0,7.134786404117133e-05
356,100,100,1.0,feasible,0.7350120308548305,0.7707368216384978,0.8066286170268433,0.07161658617201283,0.6083775607999999,0.6454927044879999,0.7443902775999999,0.13601271679999993,0.0,0.05479435970700045,0.1726372091154762,0.1726372091154762,0.12148932347834351,0.27603569836283354,0.5624999999999997,0.44101067652165615,0.18627069840627242,0.0,0.0,0.0,0.0,1.1458324764623828e-05
357,100,100,1.0,feasible,0.7350120308548305,0.7718712908211676,0.8066286170268433,0.07161658617201283,0.6083775607999999,0.6483670877519999,0.7443902775999999,0.13601271679999993,0.0,0.0522924462472045,0.17341754455238098,0.17341754455238098,0.12148932347834351,0.2756986903678541,0.5624999999999997,0.44101067652165615,0.1861591767431285,0.0,0.0,0.0,0.0,-0.00011152166314390421
358,100,100,1.0,feasible,0.7350120308548305,0.7730466439022902,0.8066286170268433,0.07161658617201283,0.6083775607999999,0.6501464930399998,0.7443902775999999,0.13601271679999993,0.0,0.05357540501186831,0.17341754455238098,0.17341754455238098,0.12148932347834351,0.2700905126663975,0.5624999999999997,0.44101067652165615,0.186071937361456,0.0,0.0,0.0,0.0,-8.723938167251588e-05
359,100,100,1.0,feasible,0.7350120308548305,0.7725014637015332,0.8066286170268433,0.07161658617201283,0.6083775607999999,0.6501501962959999,0.7443902775999999,0.13601271679999993,0.0,0.05244878551643236,0.17341754455238098,0.17341754455238098,0.12148932347834351,0.26894139611386253,0.5624999999999997,0.44101067652165615,0.18606831050277778,0.0,0.0,0.0,0.0,-3.6268586782184364e-06
360,100,100,1.0,feasible,0.7350120308548305,0.7736399131154832,0.8066286170268433,0.07161658617201283,0.6083775607999999,0.651368350776,0.7443902775999999,0.13601271679999993,0.0,0.054372470339820476,0.17341754455238098,0.17341754455238098,0.12148932347834351,0.2646996748601223,0.5624999999999997,0.44101067652165615,0.18634176911537667,0.0,0.0,0.0,0.0,0.0002734586125988925
361,100,100,1.0,feasible,0.7350120308548305,0.7719730785184796,0.8066286170268433,0.07161658617201283,0.6083775607999999,0.646900121912,0.7443902775999999,0.13601271679999993,0.0,0.055638964369907395,0.17341754455238098,0.17341754455238098,0.12148932347834351,0.273182753335505,0.5624999999999997,0.44101067652165615,0.18622674662142763,0.0,0.0,0.0,0.0,-0.00011502249394904074
362,100,100,1.0,feasible,0.7350120308548305,0.773277203867755,0.8066286170268433,0.07161658617201283,0.6083775607999999,0.6505697227359998,0.7443902775999999,0.13601271679999993,0.0,0.053967317422977626,0.17341754455238098,0.17341754455238098,0.12148932347834351,0.2675405425406595,0.5624999999999997,0.44101067652165615,0.1863176152251132,0.0,0.0,0.0,0.0,9.08686036855677e-05
363,100,100,1.0,feasible,0.7350120308548305,0.7722470669064937,0.8066286170268433,0.07161658617201283,0.6083775607999999,0.6453197070639999,0.7443902775999999,0.13601271679999993,0.0,0.057807963079352216,0.17341754455238098,0.17341754455238098,0.12148932347834351,0.26677009432547044,0.5624999999999997,0.44101067652165615,0.18634524431930105,0.0,0.0,0.0,0.0,2.7629094187853198e-05
364,100,100,1.0,feasible,0.7350120308548305,0.7734145811487275,0.8066286170268433,0.07161658617201283,0.6083775607999999,0.648589258792,0.7443902775999999,0.13601271679999993,0.0,0.05801803305100339,0.1743924179011905,0.1743924179011905,0.12148932347834351,0.27024172324485807,0.5624999999999997,0.44101067652165615,0.1862971077510981,0.0,0.0,0.0,0.0,-4.813656820296108e-05
365,100,100,1.0,feasible,0.7350120308548305,0.7718346222725131,0.8066286170268433,0.07161658617201283,0.6083775607999999,0.647607222792,0.7443902775999999,0.13601271679999993,0.0,0.05417397683118508,0.1743924179011905,0.1743924179011905,0.12148932347834351,0.272323618209519,0.5624999999999997,0.44101067652165615,0.18627632510351516,0.0,0.0,0.0,0.0,-2.0782647582928693e-05
366,100,100,1.0,feasible,0.7350120308548305,0.773264508136675,0.8066286170268433,0.07161658617201283,0.6083775607999999,0.65067555692,0.7443902775999999,0.13601271679999993,0.0,0.054708883679161435,0.1743924179011905,0.1743924179011905,0.12148932347834351,0.2670086409206933,0.5624999999999997,0.44101067652165615,0.1862955971942603,0.0,0.0,0.0,0.0,1.927209074514824e-05
367,100,100,1.0,feasible,0.7350120308548305,0.7721888660684075,0.8066286170268433,0.07161658617201283,0.6083775607999999,0.648000809584,0.7443902775999999,0.13601271679999993,0.0,0.05556325624554415,0.17080404767619045,0.17080404767619045,0.12148932347834351,0.27031414693659966,0.5624999999999997,0.44101067652165615,0.18628666960178036,0.0,0.0,0.0,0.0,-8.9275924799459e-06
368,100,100,1.0,feasible,0.7350120308548305,0.7749530927833884,0.8066286170268433,0.07161658617201283,0.6083775607999999,0.6519383314399999,0.7443902775999999,0.13601271679999993,0.0,0.05705769218083415,0.17441603297857142,0.17441603297857142,0.12148932347834351,0.25665668331080843,0.5624999999999997,0.44101067652165615,0.1862426883025648,0.0,0.0,0.0,0.0,-4.398129921556748e-05
369,100,100,1.0,feasible,0.7350120308548305,0.7723854014380899,0.8066286170268433,0.07161658617201283,0.6083775607999999,0.647423590544,0.7443902775999999,0.13601271679999993,0.0,0.05554307497458453,0.17441603297857142,0.17441603297857142,0.12148932347834351,0.2708712584963982,0.5624999999999997,0.44101067652165615,0.18617123553497317,0.0,0.0,0.0,0.0,-7.145276759162877e-05
370,100,100,1.0,feasible,0.7350120308548305,0.7739135104259326,0.8066286170268433,0.07161658617201283,0.6083775607999999,0.6492519135199999,0.7443902775999999,0.13601271679999993,0.0,0.057475744735350005,0.17441603297857142,0.17441603297857142,0.12148932347834351,0.2636232447235094,0.5624999999999997,0.44101067652165615,0.1862418931973979,0.0,0.0,0.0,0.0,7.065766242472793e-05
371,100,100,1.0,feasible,0.7350120308548305,0.7744040328065861,0.8066286170268433,0.07161658617201283,0.6083775607999999,0.6495219641839999,0.7443902775999999,0.13601271679999993,0.0,0.059322401296023335,0.17441603297857142,0.17441603297857142,0.12148932347834351,0.2582214149831385,0.5624999999999997,0.44101067652165615,0.18628288873753346,0.0,0.0,0.0,0.0,4.099554013556328e-05
372,100,100,1.0,feasible,0.7350120308548305,0.7721712372996354,0.8066286170268433,0.07161658617201283,0.6083775607999999,0.648329719784,0.7443902775999999,0.13601271679999993,0.0,0.05358437798455024,0.17441603297857142,0.17441603297857142,0.12148932347834351,0.2739373845871446,0.5624999999999997,0.44101067652165615,0.1861703505275168,0.0,0.0,0.0,0.0,-0.00011253821001666608
373,100,100,1.0,feasible,0.7350120308548305,0.7764924095093576,0.8066286170268433,0.07161658617201283,0.6083775607999999,0.652432686936,0.7443902775999999,0.13601271679999993,0.0,0.06037614977383761,0.17441603297857142,0.17441603297857142,0.12148932347834351,0.2467490483664238,0.5624999999999997,0.44101067652165615,0.18621372147060505,0.0,0.0,0.0,0.0,4.337094308826117e-05
374,100,100,1.0,feasible,0.7350120308548305,0.7740520066183527,0.8066286170268433,0.07161658617201283,0.6083775607999999,0.6490698862959999,0.7443902775999999,0.13601271679999993,0.0,0.05684699714305596,0.17441603297857142,0.17441603297857142,0.12148932347834351,0.2613614034431672,0.5624999999999997,0.44101067652165615,0.18623092925136014,0.0,0.0,0.0,0.0,1.7207780755090774e-05
375,100,100,1.0,feasible,0.7350120308548305,0.7748896972494026,0.8066286170268433,0.07161658617201283,0.6083775607999999,0.64771746104,0.7443902775999999,0.13601271679999993,0.0,0.06133196786017977,0.17441603297857142,0.17441603297857142,0.12148932347834351,0.25212494423710524,0.5624999999999997,0.44101067652165615,0.18634960413195395,0.0,0.0,0.0,0.0,0.00011867488059380538
376,100,100,1.0,feasible,0.7350120308548305,0.7728008198349989,0.8066286170268433,0.07161658617201283,0.6083775607999999,0.6469456045679999,0.7443902775999999,0.13601271679999993,0.0,0.05604441692103786,0.17472754865476192,0.17472754865476192,0.12148932347834351,0.26663525027415824,0.5624999999999997,0.44101067652165615,0.186431063812334,0.0,0.0,0.0,0.0,8.145968038006379e-05
377,100,100,1.0,feasible,0.7350120308548305,0.775294466623062,0.8066286170268433,0.07161658617201283,0.6083775607999999,0.6514917623199998,0.7443902775999999,0.13601271679999993,0.0,0.056685392260518,0.17472754865476192,0.17472754865476192,0.12148932347834351,0.25166088688380495,0.5624999999999997,0.44101067652165615,0.18638389638272435,0.0,0.0,0.0,0.0,-4.716742960966802e-05
378,100,100,1.0,feasible,0.7350120308548305,0.7736731557619523,0.8066286170268433,0.07161658617201283,0.6083775607999999,0.649802544536,0.7443902775999999,0.13601271679999993,0.0,0.05466339661527644,0.17472754865476192,0.17472754865476192,0.12148932347834351,0.2633913406629123,0.5624999999999997,0.44101067652165615,0.18634626125883513,0.0,0.0,0.0,0.0,-3.763512388921253e-05
379,100,100,1.0,feasible,0.7350120308548305,0.7733940633867057,0.8066286170268433,0.07161658617201283,0.6083775607999999,0.650367967344,0.7443902775999999,0.13601271679999993,0.0,0.05318959885425333,0.17472754865476192,0.17472754865476192,0.12148932347834351,0.2648116308440399,0.5624999999999997,0.44101067652165615,0.1863664002009117,0.0,0.0,0.0,0.0,2.013894207655853e-05
380,100,100,1.0,feasible,0.7350120308548305,0.7720343892487749,0.8066286170268433,0.07161658617201283,0.6083775607999999,0.6470409582159999,0.7443902775999999,0.13601271679999993,0.0,0.05432261035962476,0.17472754865476192,0.17472754865476192,0.12148932347834351,0.2703752778398086,0.5624999999999997,0.44101067652165615,0.1863838770508353,0.0,0.0,0.0,0.0,1.7476849923619975e-05
381,100,100,1.0,feasible,0.7350120308548305,0.7726174820260583,0.8066286170268433,0.07161658617201283,0.6083775607999999,0.6488464755919999,0.7443902775999999,0.13601271679999993,0.0,0.053506318202899514,0.17472754865476192,0.17472754865476192,0.12148932347834351,0.2699639977008565,0.5624999999999997,0.44101067652165615,0.18625869592224767,0.0,0.0,0.0,0.0,-0.00012518112858764252
382,100,100,1.0,feasible,0.7350120308548305,0.7723826269391104,0.8066286170268433,0.07161658617201283,0.6083775607999999,0.6497487602559999,0.7443902775999999,0.13601271679999993,0.0,0.052892007038792134,0.17743703430833332,0.17743703430833332,0.12148932347834351,0.274642041126774,0.5624999999999997,0.44101067652165615,0.1862563148340174,0.0,0.0,0.0,0.0,-2.3810882302799374e-06
383,100,100,1.0,feasible,0.7350120308548305,0.7737585814775086,0.8066286170268433,0.07161658617201283,0.6083775607999999,0.6525259080479999,0.7443902775999999,0.13601271679999993,0.0,0.0546263795773775,0.17743703430833332,0.17743703430833332,0.12148932347834351,0.2672020875703421,0.5624999999999997,0.44101067652165615,0.1862378728846772,0.0,0.0,0.0,0.0,-1.8441949340197716e-05
384,100,100,1.0,feasible,0.7350120308548305,0.772515892194722,0.8066286170268433,0.07161658617201283,0.6083775607999999,0.6471692968160001,0.7443902775999999,0.13601271679999993,0.0,0.05907378112852856,0.18295094640238097,0.18295094640238097,0.12148932347834351,0.27053664226344454,0.5624999999999997,0.44101067652165615,0.18628628120213647,0.0,0.0,0.0,0.0,4.840831745928087e-05
385,100,100,1.0,feasible,0.7350120308548305,0.7728402412720424,0.8066286170268433,0.07161658617201283,0.6083775607999999,0.6497861040239999,0.7443902775999999,0.13601271679999993,0.0,0.056644942005821194,0.17743703430833332,0.17743703430833332,0.12148932347834351,0.2716065805937357,0.5624999999999997,0.44101067652165615,0.18631571980076972,0.0,0.0,0.0,0.0,2.9438598633246826e-05
386,100,100,1.0,feasible,0.7350120308548305,0.7749459356470098,0.8068223606823295,0.07181032982749902,0.6083775607999999,0.6516909321359999,0.7443902775999999,0.13601271679999993,0.0,0.059017882693426664,0.17743703430833332,0.17743703430833332,0.12148932347834351,0.2580537099702303,0.5624999999999997,0.44101067652165615,0.18622344604456093,0.0,0.0,0.0,0.0,-9.227375620879386e-05
387,100,100,1.0,feasible,0.7350120308548305,0.7721496157849755,0.8068223606823295,0.07181032982749902,0.6083775607999999,0.649448691528,0.7443902775999999,0.13601271679999993,0.0,0.05521229456549456,0.1806542310933333,0.1806542310933333,0.12148932347834351,0.2733157464457598,0.5624999999999997,0.44101067652165615,0.18610889330799996,0.0,0.0,0.0,0.0,-0.00011455273656096887
388,100,100,1.0,feasible,0.7350120308548305,0.7749605382938272,0.8068223606823295,0.07181032982749902,0.6083775607999999,0.649877458048,0.7443902775999999,0.13601271679999993,0.0,0.062836129085655,0.1806542310933333,0.1806542310933333,0.12148932347834351,0.25680354317615384,0.5624999999999997,0.44101067652165615,0.18613141427126467,0.0,0.0,0.0,0.0,2.2520963264716087e-05
389,100,100,1.0,feasible,0.7350120308548305,0.7717522031107739,0.8068223606823295,0.07181032982749902,0.6083775607999999,0.645288228016,0.7443902775999999,0.13601271679999993,0.0,0.061369335527738086,0.1806542310933333,0.1806542310933333,0.12148932347834351,0.27185139788217505,0.5624999999999997,0.44101067652165615,0.18611576366708404,0.0,0.0,0.0,0.0,-1.5650604180628136e-05
390,100,100,1.0,feasible,0.7350120308548305,0.7723614983674325,0.8068223606823295,0.07181032982749902,0.6083775607999999,0.646855851096,0.7443902775999999,0.13601271679999993,0.0,0.06092903468147548,0.1806542310933333,0.1806542310933333,0.12148932347834351,0.27198371165206725,0.5624999999999997,0.44101067652165615,0.18620094856868075,0.0,0.0,0.0,0.0,8.518490159670211e-05
391,100,100,1.0,feasible,0.7350120308548305,0.7714551659663718,0.8068223606823295,0.07181032982749902,0.6083775607999999,0.6447657224159999,0.7443902775999999,0.13601271679999993,0.0,0.06009697510658181,0.1825833995666667,0.1825833995666667,0.12148932347834351,0.27067097142411023,0.5624999999999997,0.44101067652165615,0.18627904967008102,0.0,0.0,0.0,0.0,7.810110140027415e-05
392,100,100,1.0,feasible,0.7350120308548305,0.7724508381778382,0.8068223606823295,0.07181032982749902,0.6083775607999999,0.650123723696,0.7443902775999999,0.13601271679999993,0.0,0.0567919221809267,0.18840951198095238,0.18840951198095238,0.12148932347834351,0.2766456605316142,0.5624999999999997,0.44101067652165615,0.1862323036820782,0.0,0.0,0.0,0.0,-4.674598800283314e-05
393,100,100,1.0,feasible,0.7350120308548305,0.772629037358066,0.8068223606823295,0.07181032982749902,0.6083775607999999,0.648855630304,0.7443902775999999,0.13601271679999993,0.0,0.05899379217917144,0.18840951198095238,0.18840951198095238,0.12148932347834351,0.27172930370388915,0.5624999999999997,0.44101067652165615,0.1861774949469866,0.0,0.0,0.0,0.0,-5.4808735091588234e-05
394,100,100,1.0,feasible,0.7350120308548305,0.7712830713018681,0.8068223606823295,0.07181032982749902,0.6083775607999999,0.645653018288,0.7443902775999999,0.13601271679999993,0.0,0.06142914621144523,0.18840951198095238,0.18840951198095238,0.12148932347834351,0.2762033048050674,0.5624999999999997,0.44101067652165615,0.18620632214822344,0.0,0.0,0.0,0.0,2.8827201236841793e-05
395,100,100,1.0,feasible,0.7350120308548305,0.7724395492491234,0.8066286170268433,0.07161658617201283,0.6083775607999999,0.6487926693119997,0.7443902775999999,0.13601271679999993,0.0,0.059870583903173576,0.1876312915797619,0.1876312915797619,0.12148932347834351,0.2687395368572033,0.5624999999999997,0.44101067652165615,0.18612880795089665,0.0,0.0,0.0,0.0,-7.751419732679454e-05
396,100,100,1.0,feasible,0.7350120308548305,0.7727209293408683,0.8066286170268433,0.07161658617201283,0.6083775607999999,0.6471865770959998,0.7443902775999999,0.13601271679999993,0.0,0.06126744138866452,0.19151965024166667,0.19151965024166667,0.12148932347834351,0.2689106476940549,0.5624999999999997,0.44101067652165615,0.18617723915590928,0.0,0.0,0.0,0.0,4.843120501263343e-05
397,100,100,1.0,feasible,0.7350120308548305,0.7718792301458147,0.8066286170268433,0.07161658617201283,0.6083775607999999,0.645570274768,0.7447700695999999,0.13639250879999998,0.0,0.06267332788511595,0.1881132458547619,0.1881132458547619,0.12148932347834351,0.27100299586719534,0.5624999999999997,0.44101067652165615,0.18613353764105825,0.0,0.0,0.0,0.0,-4.370151485103002e-05
398,100,100,1.0,feasible,0.7350120308548305,0.773623898676155,0.8066286170268433,0.07161658617201283,0.6083775607999999,0.6498642286880001,0.7492495191999998,0.14087195839999989,0.0,0.06246919157138803,0.1881132458547619,0.1881132458547619,0.12148932347834351,0.2649288934529832,0.5624999999999997,0.44101067652165615,0.18612733425188066,0.0,0.0,0.0,0.0,-6.203389177589225e-06
399,100,100,1.0,feasible,0.7350120308548305,0.7735109681213264,0.8066286170268433,0.07161658617201283,0.6083775607999999,0.6524759947519999,0.7492495191999998,0.14087195839999989,0.0,0.0551743472892516,0.17700027606605237,0.17700027606605237,0.12148932347834351,0.26562367284041555,0.5624999999999997,0.44101067652165615,0.18607898376944984,0.0,0.0,0.0,0.0,-4.8350482430820074e-05
400,100,100,1.0,feasible,0.7350120308548305,0.7712531861074774,0.8066286170268433,0.07161658617201283,0.6083775607999999,0.6490219814799998,0.7492495191999998,0.14087195839999989,0.0,0.05530431121451121,0.18006898802857146,0.18006898802857146,0.12148932347834351,0.28208433052092735,0.5624999999999997,0.44101067652165615,0.18605123901941537,0.0,0.0,0.0,0.0,-2.7744750034475185e-05
401,100,100,1.0,feasible,0.7350120308548305,0.7733839306507596,0.8066286170268433,0.07161658617201283,0.6083775607999999,0.6502187161039998,0.7443902775999999,0.13601271679999993,0.0,0.05990511728992993,0.18006898802857146,0.18006898802857146,0.12148932347834351,0.26862981756145765,0.5624999999999997,0.44101067652165615,0.18597618208089603,0.0,0.0,0.0,0.0,-7.505693851933559e-05
402,100,100,1.0,feasible,0.7350120308548305,0.772076563166937,0.8066286170268433,0.07161658617201283,0.6083775607999999,0.6475927045760002,0.7443902775999999,0.13601271679999993,0.0,0.059369261444273735,0.18006898802857146,0.18006898802857146,0.12148932347834351,0.27647036816984516,0.5624999999999997,0.44101067652165615,0.18602836239408554,0.0,0.0,0.0,0.0,5.218031318951488e-05
403,100,100,1.0,feasible,0.7350120308548305,0.7717151057785219,0.8066286170268433,0.07161658617201283,0.6083775607999999,0.646474336088,0.7443902775999999,0.13601271679999993,0.0,0.06090589165344303,0.18006898802857146,0.18006898802857146,0.12148932347834351,0.27373653366186096,0.5624999999999997,0.44101067652165615,0.18622217361089274,0.0,0.0,0.0,0.0,0.00019381121680719926
404,100,100,1.0,feasible,0.7350120308548305,0.7735783130518199,0.8066286170268433,0.07161658617201283,0.6083775607999999,0.6486729116,0.7443902775999999,0.13601271679999993,0.0,0.061217041296555766,0.18006898802857146,0.18006898802857146,0.12148932347834351,0.2625497803196317,0.5624999999999997,0.44101067652165615,0.1861877015508454,0.0,0.0,0.0,0.0,-3.447206004733583e-05
405,100,100,1.0,feasible,0.7350120308548305,0.7733072514162873,0.8066286170268433,0.07161658617201283,0.6083775607999999,0.6488883667199999,0.7443902775999999,0.13601271679999993,0.0,0.06052140025258077,0.18006898802857146,0.18006898802857146,0.12148932347834351,0.2702826155134694,0.5624999999999997,0.44101067652165615,0.18608890610990114,0.0,0.0,0.0,0.0,-9.879544094426596e-05
406,100,100,1.0,feasible,0.7350120308548305,0.7736433996154048,0.8075926959168365,0.072580665062006,0.6083775607999999,0.65288535164,0.7443902775999999,0.13601271679999993,0.0,0.05463317364706837,0.18006898802857146,0.18006898802857146,0.12148932347834351,0.2654802811143085,0.5624999999999997,0.44101067652165615,0.18627996794784957,0.0,0.0,0.0,0.0,0.00019106183794842524
407,100,100,1.0,feasible,0.7350120308548305,0.7728726266766087,0.8075926959168365,0.072580665062006,0.6083775607999999,0.6503588261759999,0.7443902775999999,0.13601271679999993,0.0,0.05656881479068928,0.1882476761190476,0.1882476761190476,0.12148932347834351,0.27410931446961967,0.5624999999999997,0.44101067652165615,0.18618654268880075,0.0,0.0,0.0,0.0,-9.342525904881827e-05
408,100,100,1.0,feasible,0.7350120308548305,0.7767819342376989,0.8075926959168365,0.072580665062006,0.6083775607999999,0.6546463983439997,0.7443902775999999,0.13601271679999993,0.0,0.060467121237566195,0.18090887196880953,0.18090887196880953,0.12148932347834351,0.24699615679503534,0.5624999999999997,0.44101067652165615,0.18618917526800857,0.0,0.0,0.0,0.0,2.632579207823005e-06
409,100,100,1.0,feasible,0.7350120308548305,0.7737978888545866,0.8077489020285001,0.07273687117366967,0.6083775607999999,0.6489367906639998,0.7443902775999999,0.13601271679999993,0.0,0.058773147355479526,0.18090887196880953,0.18090887196880953,0.12148932347834351,0.26071176633954396,0.5624999999999997,0.44101067652165615,0.1863758145824105,0.0,0.0,0.0,0.0,0.00018663931440193737
410,100,100,1.0,feasible,0.7350120308548305,0.7742251482209197,0.8077489020285001,0.07273687117366967,0.6083775607999999,0.6514856396879999,0.7443902775999999,0.13601271679999993,0.0,0.05605907560110713,0.1857515996559524,0.1857515996559524,0.12148932347834351,0.26329307405649727,0.5624999999999997,0.44101067652165615,0.18641862870186404,0.0,0.0,0.0,0.0,4.281411945353253e-05
411,100,100,1.0,feasible,0.7350120308548305,0.7737433278321384,0.8077489020285001,0.07273687117366967,0.6083775607999999,0.6472523577520001,0.7443902775999999,0.13601271679999993,0.0,0.061107545879987145,0.1857515996559524,0.1857515996559524,0.12148932347834351,0.2627178263075365,0.5624999999999997,0.44101067652165615,0.18651519346655923,0.0,0.0,0.0,0.0,9.656476469518949e-05
412,100,100,1.0,feasible,0.7350120308548305,0.7735969481197565,0.8077489020285001,0.07273687117366967,0.6083775607999999,0.649526779112,0.7443902775999999,0.13601271679999993,0.0,0.05690049083609999,0.1857515996559524,0.1857515996559524,0.12148932347834351,0.26075918564639466,0.5624999999999997,0.44101067652165615,0.1865376957089669,0.0,0.0,0.0,0.0,2.250224240765708e-05
413,100,100,1.0,feasible,0.7350120308548305,0.7734985653035773,0.8077489020285001,0.07273687117366967,0.6083775607999999,0.650878535568,0.7443902775999999,0.13601271679999993,0.0,0.055341762977493575,0.1857515996559524,0.1857515996559524,0.12148932347834351,0.270863460673648,0.5624999999999997,0.44101067652165615,0.18644677162220974,0.0,0.0,0.0,0.0,-9.092408675714925e-05
414,100,100,1.0,feasible,0.7350120308548305,0.7728387443636301,0.8077489020285001,0.07273687117366967,0.6083775607999999,0.6516810133600001,0.7443902775999999,0.13601271679999993,0.0,0.05266780742099643,0.1857515996559524,0.1857515996559524,0.12148932347834351,0.2737451559210902,0.5624999999999997,0.44101067652165615,0.18650178672853668,0.0,0.0,0.0,0.0,5.5015106326938845e-05
415,100,100,1.0,feasible,0.7350120308548305,0.7749008386103989,0.8077489020285001,0.07273687117366967,0.6083775607999999,0.65052528928,0.7443902775999999,0.13601271679999993,0.0,0.059686890294939295,0.1857515996559524,0.1857515996559524,0.12148932347834351,0.2595208257582752,0.5624999999999997,0.44101067652165615,0.18647126440629913,0.0,0.0,0.0,0.0,-3.052232223754725e-05
416,100,100,1.0,feasible,0.7350120308548305,0.773995665281775,0.8077489020285001,0.07273687117366967,0.6083775607999999,0.6508570265839999,0.7444029255999999,0.13602536479999994,0.0,0.05598885354347382,0.18908070123285714,0.18908070123285714,0.12148932347834351,0.2652911989088723,0.5624999999999997,0.44101067652165615,0.18649432678875677,0.0,0.0,0.0,0.0,2.3062382457639252e-05
417,100,100,1.0,feasible,0.7350120308548305,0.7740387446488062,0.8077489020285001,0.07273687117366967,0.6083775607999999,0.6499358124319998,0.7444029255999999,0.13602536479999994,0.0,0.05736983393035452,0.18908070123285714,0.18908070123285714,0.12148932347834351,0.25971878762879996,0.5624999999999997,0.44101067652165615,0.18648558571130563,0.0,0.0,0.0,0.0,-8.741077451135393e-06
418,100,100,1.0,feasible,0.7350120308548305,0.7721280945877592,0.8077489020285001,0.07273687117366967,0.6083775607999999,0.6485670172159999,0.7444029255999999,0.13602536479999994,0.0,0.05415009244102154,0.18908070123285714,0.18908070123285714,0.12148932347834351,0.27244226536245036,0.5624999999999997,0.44101067652165615,0.18637919266865746,0.0,0.0,0.0,0.0,-0.00010639304264817295
419,100,100,1.0,feasible,0.7350120308548305,0.7746814731271694,0.8077489020285001,0.07273687117366967,0.6083775607999999,0.6506097647279999,0.7444029255999999,0.13602536479999994,0.0,0.05795790550534059,0.18908070123285714,0.18908070123285714,0.12148932347834351,0.25771871980995137,0.5624999999999997,0.44101067652165615,0.18645351473562732,0.0,0.0,0.0,0.0,7.432206696986188e-05
420,100,100,1.0,feasible,0.7350120308548305,0.7760773672056235,0.8077489020285001,0.07273687117366967,0.6083775607999999,0.6498126370959999,0.7444029255999999,0.13602536479999994,0.0,0.06278106132588963,0.18908070123285714,0.18908070123285714,0.12148932347834351,0.25044246803953996,0.5624999999999997,0.44101067652165615,0.18639613710689212,0.0,0.0,0.0,0.0,-5.737762873520014e-05
421,100,100,1.0,feasible,0.7350120308548305,0.7742231018375108,0.8077489020285001,0.07273687117366967,0.6083775607999999,0.6492339507359998,0.7444029255999999,0.13602536479999994,0.0,0.059274057226737016,0.18908070123285714,0.18908070123285714,0.12148932347834351,0.2611225594526312,0.5624999999999997,0.44101067652165615,0.18636151642967125,0.0,0.0,0.0,0.0,-3.4620677220875695e-05
422,100,100,1.0,feasible,0.7350120308548305,0.7739972351438089,0.8077489020285001,0.07273687117366967,0.6083775607999999,0.6503683420719999,0.7444568351999998,0.1360792743999999,0.0,0.05785024783192036,0.18908070123285714,0.18908070123285714,0.12148932347834351,0.26335221071777976,0.5624999999999997,0.44101067652165615,0.1863562036815492,0.0,0.0,0.0,0.0,-5.312748122043853e-06
423,100,100,1.0,feasible,0.7350120308548305,0.7729931560096281,0.8077489020285001,0.07273687117366967,0.6083775607999999,0.6505384804080001,0.7444568351999998,0.1360792743999999,0.0,0.05439134693660774,0.18908070123285714,0.18908070123285714,0.12148932347834351,0.2691216536192078,0.5624999999999997,0.44101067652165615,0.18629681990853633,0.0,0.0,0.0,0.0,-5.938377301287212e-05
424,100,100,1.0,feasible,0.7350120308548305,0.7733055230225174,0.8077489020285001,0.07273687117366967,0.6083775607999999,0.652339309264,0.7445431967999999,0.13616563599999998,0.0,0.05191030342790168,0.18908070123285714,0.18908070123285714,0.12148932347834351,0.2711779073752545,0.5624999999999997,0.44101067652165615,0.18628127688192758,0.0,0.0,0.0,0.0,-1.5543026608749733e-05
425,100,100,1.0,feasible,0.7350120308548305,0.7726648389601103,0.8077489020285001,0.07273687117366967,0.6083775607999999,0.6507230281280001,0.7445431967999999,0.13616563599999998,0.0,0.052947823281599055,0.19027650448714287,0.19027650448714287,0.12148932347834351,0.27533086574705956,0.5624999999999997,0.44101067652165615,0.18624387929580868,0.0,0.0,0.0,0.0,-3.7397586118897985e-05
426,100,100,1.0,feasible,0.7350120308548305,0.7727973886705736,0.8077489020285001,0.07273687117366967,0.6083775607999999,0.6507010717839999,0.7445431967999999,0.13616563599999998,0.0,0.05450767062548119,0.19027650448714287,0.19027650448714287,0.12148932347834351,0.2723984332412099,0.5624999999999997,0.44101067652165615,0.1863168482529291,0.0,0.0,0.0,0.0,7.296895712041729e-05
427,100,100,1.0,feasible,0.7350120308548305,0.7733782905638986,0.8077489020285001,0.07273687117366967,0.6083775607999999,0.6513688081359998,0.7445689247999998,0.13619136399999987,0.0,0.05409835566599239,0.19027650448714287,0.19027650448714287,0.12148932347834351,0.2732190359238428,0.5624999999999997,0.44101067652165615,0.1862772043363693,0.0,0.0,0.0,0.0,-3.964391655980615e-05
428,100,100,1.0,feasible,0.7350120308548305,0.7750402660003837,0.8077489020285001,0.07273687117366967,0.6083775607999999,0.652577004096,0.7445689247999998,0.13619136399999987,0.0,0.056925553284431905,0.18703359968928573,0.18703359968928573,0.12148932347834351,0.26055672043323425,0.5624999999999997,0.44101067652165615,0.186200946172835,0.0,0.0,0.0,0.0,-7.625816353429293e-05
429,100,100,1.0,feasible,0.7350120308548305,0.7739103754146828,0.8077489020285001,0.07273687117366967,0.6083775607999999,0.6525284898159999,0.7445689247999998,0.13619136399999987,0.0,0.05257171836630095,0.21100726318809523,0.21100726318809523,0.12148932347834351,0.2705720420609563,0.5624999999999997,0.44101067652165615,0.18617613467315455,0.0,0.0,0.0,0.0,-2.4811499680449378e-05
430,100,100,1.0,feasible,0.7350120308548305,0.7732233862696877,0.8077489020285001,0.07273687117366967,0.6083775607999999,0.6529727887039998,0.7445689247999998,0.13619136399999987,0.0,0.05147710196928739,0.21100726318809523,0.21100726318809523,0.12148932347834351,0.2780554145371653,0.5624999999999997,0.44101067652165615,0.18605697996398224,0.0,0.0,0.0,0.0,-0.00011915470917231441
431,100,100,1.0,feasible,0.7350120308548305,0.7745155595573229,0.8093150160466048,0.07430298519177436,0.6083775607999999,0.651157919416,0.7445689247999998,0.13619136399999987,0.0,0.05909859109982774,0.21100726318809523,0.21100726318809523,0.12145532006787042,0.26826931064754234,0.5624999999999997,0.44104467993212926,0.18592217396102126,0.0,0.0,0.0,3.4003410473090745e-05,-0.0001348060029609799
432,100,100,1.0,feasible,0.7350120308548305,0.7728533231350183,0.8093150160466048,0.07430298519177436,0.6083775607999999,0.6536371861999999,0.7445689247999998,0.13619136399999987,0.0,0.050014174653430304,0.1737884583011905,0.1737884583011905,0.12145532006787042,0.27946269180622924,0.5624999999999997,0.44104467993212926,0.18593813751435428,0.0,0.0,0.0,0.0,1.5963553333026015e-05
433,100,100,1.0,feasible,0.7350120308548305,0.7745250689498195,0.8093150160466048,0.07430298519177436,0.6083775607999999,0.6527140793039998,0.7445689247999998,0.13619136399999987,0.0,0.05581526964165888,0.185511354675,0.185511354675,0.12145532006787042,0.2697574934056364,0.5624999999999997,0.44104467993212926,0.185805117690568,0.0,0.0,0.0,0.0,-0.00013301982378627342
434,100,100,1.0,feasible,0.7350120308548305,0.7741066533942059,0.8077489020285001,0.07273687117366967,0.6083775607999999,0.6551607577839998,0.7445689247999998,0.13619136399999987,0.0,0.0519309831494115,0.185511354675,0.185511354675,0.12145532006787042,0.27061950189124095,0.5624999999999997,0.44104467993212926,0.18605108111171498,0.0,0.0,0.0,0.0,0.00024596342114696634
435,100,100,1.0,feasible,0.7350120308548305,0.7722257444674097,0.8077489020285001,0.07273687117366967,0.6083775607999999,0.6493035750239998,0.7445689247999998,0.13619136399999987,0.0,0.05526890364500613,0.18807700174999997,0.18807700174999997,0.12145532006787042,0.2783837900322564,0.5624999999999997,0.44104467993212926,0.18612346770499533,0.0,0.0,0.0,0.0,7.238659328034913e-05
436,100,100,1.0,feasible,0.7350120308548305,0.7725812880862679,0.8077489020285001,0.07273687117366967,0.6083775607999999,0.6501800755999999,0.7445689247999998,0.13619136399999987,0.0,0.05505847113682542,0.18807700174999997,0.18807700174999997,0.12145532006787042,0.27477833066965546,0.5624999999999997,0.44104467993212926,0.18617424456632597,0.0,0.0,0.0,0.0,5.077686133064807e-05
437,100,100,1.0,feasible,0.7350120308548305,0.7722024569575987,0.8077489020285001,0.07273687117366967,0.6083775607999999,0.650940203136,0.7445689247999998,0.13619136399999987,0.0,0.05187702984298715,0.185511354675,0.185511354675,0.12145532006787042,0.27763028281228297,0.5624999999999997,0.44104467993212926,0.18600757119433564,0.0,0.0,0.0,0.0,-0.0001666733719903335
438,100,100,1.0,feasible,0.7350120308548305,0.7743041724242582,0.8077489020285001,0.07273687117366967,0.6083775607999999,0.650991071872,0.7445689247999998,0.13619136399999987,0.0,0.05759570612514018,0.185511354675,0.185511354675,0.12145532006787042,0.2618306496623111,0.5624999999999997,0.44104467993212926,0.18623038067745343,0.0,0.0,0.0,0.0,0.00022280948311778626
439,100,100,1.0,feasible,0.7350120308548305,0.7715120488261559,0.8084301649137497,0.07341813405891928,0.6083775607999999,0.646813719752,0.7445689247999998,0.13619136399999987,0.0,0.057499692470766445,0.19093437457738097,0.19093437457738097,0.12145532006787042,0.27528474849457746,0.5624999999999997,0.44104467993212926,0.18631210176334573,0.0,0.0,0.0,0.0,8.17210858923001e-05
440,100,100,1.0,feasible,0.7350120308548305,0.7721997710620411,0.8084301649137497,0.07341813405891928,0.6083775607999999,0.6475688636479999,0.7445689247999998,0.13619136399999987,0.0,0.057048877988790235,0.19093437457738097,0.19093437457738097,0.12145532006787042,0.27534956313736303,0.5624999999999997,0.44104467993212926,0.18627527323729698,0.0,0.0,0.0,0.0,-3.6828526048748866e-05
441,100,100,1.0,feasible,0.7350120308548305,0.7731542190222035,0.8084301649137497,0.07341813405891928,0.6083775607999999,0.64852413256,0.7445689247999998,0.13619136399999987,0.0,0.05758666324727929,0.19093437457738097,0.19093437457738097,0.12145532006787042,0.2647390423503266,0.5624999999999997,0.44104467993212926,0.18632544888355412,0.0,0.0,0.0,0.0,5.0175646257144546e-05
442,100,100,1.0,feasible,0.7350120308548305,0.7745622072296932,0.8084301649137497,0.07341813405891928,0.6083775607999999,0.6481957439759999,0.7445689247999998,0.13619136399999987,0.0,0.0631969626481426,0.19093437457738097,0.19093437457738097,0.12145532006787042,0.25989043461096595,0.5624999999999997,0.44104467993212926,0.18633898831112922,0.0,0.0,0.0,0.0,1.3539427575093299e-05
443,100,100,1.0,feasible,0.7350120308548305,0.7724568004447702,0.8084301649137497,0.07341813405891928,0.6083775607999999,0.6471682594479999,0.7445689247999998,0.13619136399999987,0.0,0.057146308758940244,0.19093437457738097,0.19093437457738097,0.12145532006787042,0.27198450595667717,0.5624999999999997,0.44104467993212926,0.18625054681083725,0.0,0.0,0.0,0.0,-8.844150029196918e-05
444,100,100,1.0,feasible,0.7350120308548305,0.7753256211536115,0.8084301649137497,0.07341813405891928,0.6083775607999999,0.6514253302640001,0.7445689247999998,0.13619136399999987,0.0,0.060512684494851775,0.19093437457738097,0.19093437457738097,0.12145532006787042,0.25840489023943486,0.5624999999999997,0.44104467993212926,0.1861228416820811,0.0,0.0,0.0,0.0,-0.00012770512875615037
445,100,100,1.0,feasible,0.7350120308548305,0.7724572680088256,0.8084301649137497,0.07341813405891928,0.6083775607999999,0.64703224756,0.7445689247999998,0.13619136399999987,0.0,0.05808421483297949,0.19093437457738097,0.19093437457738097,0.12145532006787042,0.2719454461834783,0.5624999999999997,0.44104467993212926,0.18627693949189078,0.0,0.0,0.0,0.0,0.00015409780980968346
446,100,100,1.0,feasible,0.7350120308548305,0.7751548679460346,0.8084301649137497,0.07341813405891928,0.6083775607999999,0.6506952433679999,0.7445689247999998,0.13619136399999987,0.0,0.06256830406736048,0.19093437457738097,0.19093437457738097,0.12145532006787042,0.25968593321522937,0.5624999999999997,0.44104467993212926,0.18615575450794536,0.0,0.0,0.0,0.0,-0.00012118498394542154
447,100,100,1.0,feasible,0.7350120308548305,0.7720260871121344,0.8084301649137497,0.07341813405891928,0.6083775607999999,0.6460353658559999,0.7445689247999998,0.13619136399999987,0.0,0.05998081181470119,0.19093437457738097,0.19093437457738097,0.12145532006787042,0.27069905622809753,0.5624999999999997,0.44104467993212926,0.18618855863330291,0.0,0.0,0.0,0.0,3.280412535755506e-05
448,100,100,1.0,feasible,0.7350120308548305,0.7730597453089844,0.8084301649137497,0.07341813405891928,0.6083775607999999,0.6464658294159998,0.7445689247999998,0.13619136399999987,0.0,0.06141890142101016,0.19093437457738097,0.19093437457738097,0.12145532006787042,0.26660267787655323,0.5624999999999997,0.44104467993212926,0.18613455670378112,0.0,0.0,0.0,0.0,-5.400192952179084e-05
449,100,100,1.0,feasible,0.7350120308548305,0.7725580402769784,0.8084301649137497,0.07341813405891928,0.6083775607999999,0.6475433315919997,0.7445689247999998,0.13619136399999987,0.0,0.059465266963238006,0.19093437457738097,0.19093437457738097,0.12145532006787042,0.2706263362228962,0.5624999999999997,0.44104467993212926,0.18614537607438408,0.0,0.0,0.0,0.0,1.0819370602960232e-05
450,100,100,1.0,feasible,0.7350120308548305,0.7742435126689691,0.8084301649137497,0.07341813405891928,0.6083775607999999,0.6536358807999999,0.7445689247999998,0.13619136399999987,0.0,0.055384877945423606,0.19093437457738097,0.19093437457738097,0.12145532006787042,0.2673682231015273,0.5624999999999997,0.44104467993212926,0.18615155756037066,0.0,0.0,0.0,0.0,6.181485986578306e-06
451,100,100,1.0,feasible,0.7350120308548305,0.7730523423499556,0.8084301649137497,0.07341813405891928,0.6083775607999999,0.6463462455439999,0.7445689247999998,0.13619136399999987,0.0,0.06322992643885052,0.19093437457738097,0.19093437457738097,0.12145532006787042,0.2690892580188418,0.5624999999999997,0.44104467993212926,0.18621759707050875,0.0,0.0,0.0,0.0,6.60395101380884e-05
452,100,100,1.0,feasible,0.7350120308548305,0.772635912614899,0.8084301649137497,0.07341813405891928,0.6083775607999999,0.648100713696,0.7445689247999998,0.13619136399999987,0.0,0.05962692953245957,0.19093437457738097,0.19093437457738097,0.12145532006787042,0.2745041668972536,0.5624999999999997,0.44104467993212926,0.1862584552831772,0.0,0.0,0.0,0.0,4.085821266844314e-05
453,100,100,1.0,feasible,0.7350120308548305,0.7732375010168663,0.8084301649137497,0.07341813405891928,0.6083775607999999,0.6510594452159998,0.7445689247999998,0.13619136399999987,0.0,0.057205105309724294,0.20163290651428575,0.20163290651428575,0.12145532006787042,0.27307353676092755,0.5624999999999997,0.44104467993212926,0.1860556083005047,0.0,0.0,0.0,0.0,-0.00020284698267250545
454,100,100,1.0,feasible,0.7350120308548305,0.7727657317086147,0.8084301649137497,0.07341813405891928,0.6083775607999999,0.6481748948879997,0.7445689247999998,0.13619136399999987,0.0,0.059409381743910965,0.20163290651428575,0.20163290651428575,0.1214092384303245,0.274423156908229,0.5624999999999997,0.4410907615696752,0.18604445553482524,0.0,0.0,0.0,4.6081637545922205e-05,-1.1152765679450782e-05
455,100,100,1.0,feasible,0.7350120308548305,0.7742467298519177,0.8084301649137497,0.07341813405891928,0.6083775607999999,0.6494521620639999,0.7445689247999998,0.13619136399999987,0.0,0.06328381917830667,0.20163290651428575,0.20163290651428575,0.1214092384303245,0.2628142575673089,0.5624999999999997,0.4410907615696752,0.18597649669624233,0.0,0.0,0.0,0.0,-6.795883858290441e-05
456,100,100,1.0,feasible,0.7350120308548305,0.7738109325388518,0.8084301649137497,0.07341813405891928,0.6083775607999999,0.649321252856,0.7445689247999998,0.13619136399999987,0.0,0.061239559471591674,0.20163290651428575,0.20163290651428575,0.1214092384303245,0.26819486507038837,0.5624999999999997,0.4410907615696752,0.18602548638013985,0.0,0.0,0.0,0.0,4.898968389752123e-05
457,100,100,1.0,feasible,0.7350120308548305,0.7730965324812934,0.8087175511485531,0.07370552029372268,0.6083775607999999,0.650918523656,0.7445689247999998,0.13619136399999987,0.0,0.05483842755136786,0.185511354675,0.185511354675,0.1214092384303245,0.2732653302281654,0.5624999999999997,0.4410907615696752,0.18597625527104883,0.0,0.0,0.0,0.0,-4.923110909102468e-05
458,100,100,1.0,feasible,0.7350120308548305,0.7733058829722849,0.8087175511485531,0.07370552029372268,0.6083775607999999,0.6499108930399998,0.7445689247999998,0.13619136399999987,0.0,0.05705622728945738,0.185511354675,0.185511354675,0.1214092384303245,0.2691576431210955,0.5624999999999997,0.4410907615696752,0.1860515100631813,0.0,0.0,0.0,0.0,7.525479213246755e-05
459,100,100,1.0,feasible,0.7350120308548305,0.7739382084227233,0.8087175511485531,0.07370552029372268,0.6083775607999999,0.6520141505520001,0.7445689247999998,0.13619136399999987,0.0,0.05510498638232244,0.185511354675,0.185511354675,0.1214092384303245,0.26911450866355036,0.5624999999999997,0.4410907615696752,0.18607692064490586,0.0,0.0,0.0,0.0,2.54105817245609e-05
460,100,100,1.0,feasible,0.7350120308548305,0.7725249210986693,0.8087175511485531,0.07370552029372268,0.6083775607999999,0.649213758648,0.7445689247999998,0.13619136399999987,0.0,0.055896300060205226,0.185511354675,0.185511354675,0.1214092384303245,0.27515626863916387,0.5624999999999997,0.4410907615696752,0.18601008306291236,0.0,0.0,0.0,0.0,-6.683758199349521e-05
461,100,100,1.0,feasible,0.7350120308548305,0.7728114910714597,0.8087175511485531,0.07370552029372268,0.6083775607999999,0.6495118260559998,0.7445689247999998,0.13619136399999987,0.0,0.05489378260334677,0.185511354675,0.185511354675,0.1214092384303245,0.27285452186029263,0.5624999999999997,0.4410907615696752,0.18598876716681728,0.0,0.0,0.0,0.0,-2.1315896095081e-05
462,100,100,1.0,feasible,0.7350120308548305,0.771256211042506,0.8087175511485531,0.07370552029372268,0.6083775607999999,0.6467122826639999,0.7445689247999998,0.13619136399999987,0.0,0.053965554355824924,0.185511354675,0.185511354675,0.1214092384303245,0.281771067132978,0.5624999999999997,0.4410907615696752,0.18606485994082672,0.0,0.0,0.0,0.0,7.60927740094397e-05
463,100,100,1.0,feasible,0.7350120308548305,0.7734849665245146,0.8087175511485531,0.07370552029372268,0.6083775607999999,0.6498200463519999,0.7445689247999998,0.13619136399999987,0.0,0.055316722244498025,0.185511354675,0.185511354675,0.1214092384303245,0.269297897130357,0.5624999999999997,0.4410907615696752,0.18612255549146767,0.0,0.0,0.0,0.0,5.7695550640946e-05
464,100,100,1.0,feasible,0.7350120308548305,0.7734339855510788,0.8088941824952469,0.07388215164041645,0.6083775607999999,0.649438184976,0.7459110967999998,0.13753353599999985,0.0,0.05742361809262611,0.18349926558214286,0.18349926558214286,0.1214092384303245,0.2664805397132899,0.5624999999999997,0.4410907615696752,0.1861825548652249,0.0,0.0,0.0,0.0,5.999937375722464e-05
465,100,100,1.0,feasible,0.7350120308548305,0.7735777787391206,0.8088941824952469,0.07388215164041645,0.6083775607999999,0.651692389096,0.7459110967999998,0.13753353599999985,0.0,0.05377724045544957,0.18696432524285714,0.18696432524285714,0.1214092384303245,0.26877191865462335,0.5624999999999997,0.4410907615696752,0.18623912681831226,0.0,0.0,0.0,0.0,5.657195308736429e-05
466,100,100,1.0,feasible,0.7350120308548305,0.7730367577198123,0.8088941824952469,0.07388215164041645,0.6083775607999999,0.651632026576,0.7459110967999998,0.13753353599999985,0.0,0.053067114472112376,0.18718500429166668,0.18718500429166668,0.1214092384303245,0.2751528856182187,0.5624999999999997,0.4410907615696752,0.1862484438864575,0.0,0.0,0.0,0.0,9.31706814524813e-06
467,100,100,1.0,feasible,0.7350120308548305,0.7734185439153718,0.8088941824952469,0.07388215164041645,0.6083775607999999,0.6511255704719997,0.7445689247999998,0.13619136399999987,0.0,0.05596980511024381,0.20462049609404764,0.20462049609404764,0.1214092384303245,0.27349816704117097,0.5624999999999997,0.4410907615696752,0.18622642699767927,0.0,0.0,0.0,0.0,-2.201688877823127e-05
468,100,100,1.0,feasible,0.7350120308548305,0.7736023359330578,0.8088941824952469,0.07388215164041645,0.6083775607999999,0.6514196365199999,0.7445689247999998,0.13619136399999987,0.0,0.055499650303022625,0.19088828030261903,0.19088828030261903,0.1214092384303245,0.27187769270035217,0.5624999999999997,0.4410907615696752,0.18613882971838713,0.0,0.0,0.0,0.0,-8.759727929213978e-05
469,100,100,1.0,feasible,0.7350120308548305,0.7733741447133413,0.8088941824952469,0.07388215164041645,0.6083775607999999,0.650093546136,0.7445689247999998,0.13619136399999987,0.0,0.057878823261292386,0.19088828030261903,0.19088828030261903,0.1214092384303245,0.2727336892039231,0.5624999999999997,0.4410907615696752,0.1861921330718041,0.0,0.0,0.0,0.0,5.33033534169669e-05
470,100,100,1.0,feasible,0.7350120308548305,0.7745650259911393,0.8088941824952469,0.07388215164041645,0.6083775607999999,0.650421898696,0.7445689247999998,0.13619136399999987,0.0,0.06105262981135142,0.18890702977857143,0.18890702977857143,0.1214092384303245,0.26570376462317696,0.5624999999999997,0.4410907615696752,0.18607524187968794,0.0,0.0,0.0,0.0,-0.00011689119211616417
471,100,100,1.0,feasible,0.7350120308548305,0.7738389174079501,0.8088941824952469,0.07388215164041645,0.6083775607999999,0.6492472934959999,0.7453818615999999,0.13700430079999992,0.0,0.06028156944799357,0.18890702977857143,0.18890702977857143,0.1214092384303245,0.26631750858917025,0.5624999999999997,0.4410907615696752,0.1860859203411418,0.0,0.0,0.0,0.0,1.067846145386131e-05
472,100,100,1.0,feasible,0.7350120308548305,0.7743766267646905,0.8088941824952469,0.07388215164041645,0.6083775607999999,0.6524977423839999,0.7453818615999999,0.13700430079999992,0.0,0.056516127139893936,0.18890702977857143,0.18890702977857143,0.1214092384303245,0.26989742931457245,0.5624999999999997,0.4410907615696752,0.18616388123009103,0.0,0.0,0.0,0.0,7.796088894923558e-05
473,100,100,1.0,feasible,0.7350120308548305,0.773213185391485,0.8088941824952469,0.07388215164041645,0.6083775607999999,0.651785291776,0.7453818615999999,0.13700430079999992,0.0,0.053146978175827975,0.18890702977857143,0.18890702977857143,0.1214092384303245,0.2743276538115777,0.5624999999999997,0.4410907615696752,0.18620974346896912,0.0,0.0,0.0,0.0,4.58622388780916e-05
474,100,100,1.0,feasible,0.7350120308548305,0.7741056938979298,0.8088941824952469,0.07388215164041645,0.6083775607999999,0.652690999472,0.7454353711999999,0.13705781039999998,0.0,0.05465797622558179,0.18890702977857143,0.18890702977857143,0.1214092384303245,0.27070962698742485,0.5624999999999997,0.4410907615696752,0.18611394065411663,0.0,0.0,0.0,0.0,-9.580281485249698e-05
475,100,100,1.0,feasible,0.7350120308548305,0.7741245327385624,0.8088941824952469,0.07388215164041645,0.6083775607999999,0.649012404504,0.7454353711999999,0.13705781039999998,0.0,0.05963341085904881,0.18890702977857143,0.18890702977857143,0.1214092384303245,0.26258710484148934,0.5624999999999997,0.4410907615696752,0.18612178676769364,0.0,0.0,0.0,0.0,7.846113577014702e-06
476,100,100,1.0,feasible,0.7350120308548305,0.7734422716576843,0.8088941824952469,0.07388215164041645,0.6083775607999999,0.6499236996800001,0.7438729767999999,0.13549541599999992,0.0,0.057559613691770956,0.18890702977857143,0.18890702977857143,0.1214092384303245,0.27066138053770245,0.5624999999999997,0.4410907615696752,0.1858289268569593,0.0,0.0,0.0,0.0,-0.00029285991073435547
477,100,100,1.0,feasible,0.7350120308548305,0.7748639921101286,0.8088941824952469,0.07388215164041645,0.6083775607999999,0.655029173992,0.7438729767999999,0.13549541599999992,0.0,0.053310906854768574,0.18890702977857143,0.18890702977857143,0.1214092384303245,0.2668362333572244,0.5624999999999997,0.4410907615696752,0.18585567390957897,0.0,0.0,0.0,0.0,2.6747052619680023e-05
478,100,100,1.0,feasible,0.7350120308548305,0.7737838807571557,0.8088941824952469,0.07388215164041645,0.6083775607999999,0.6546809474399999,0.7440791407999999,0.13570158,0.0,0.05118132576618619,0.18890702977857143,0.18890702977857143,0.1214092384303245,0.27071276734863725,0.5624999999999997,0.4410907615696752,0.18577504271310016,0.0,0.0,0.0,0.0,-8.063119647880312e-05
479,100,100,1.0,feasible,0.7350120308548305,0.7730574383583625,0.8088941824952469,0.07388215164041645,0.6083775607999999,0.6521433052319999,0.7440791407999999,0.13570158,0.0,0.05406540389002359,0.18890702977857143,0.18890702977857143,0.1214092384303245,0.2729108490674563,0.5624999999999997,0.4410907615696752,0.18602609961510988,0.0,0.0,0.0,0.0,0.0002510569020097164
480,100,100,1.0,feasible,0.7350120308548305,0.7758156570657389,0.8088941824952469,0.07388215164041645,0.6083775607999999,0.6522468149759999,0.7440791407999999,0.13570158,0.0,0.06232225562103595,0.18890702977857143,0.18890702977857143,0.1214092384303245,0.25223074234118664,0.5624999999999997,0.4410907615696752,0.18614629007771102,0.0,0.0,0.0,0.0,0.00012019046260114408
481,100,100,1.0,feasible,0.7350120308548305,0.7736956808339005,0.8088941824952469,0.07388215164041645,0.6083775607999999,0.652953427344,0.7440791407999999,0.13570158,0.0,0.05488540574171095,0.18890702977857143,0.18890702977857143,0.1214092384303245,0.2677033151278422,0.5624999999999997,0.4410907615696752,0.18615048114740254,0.0,0.0,0.0,0.0,4.1910696915170575e-06
482,100,100,1.0,feasible,0.7350120308548305,0.7760456090227267,0.8088941824952469,0.07388215164041645,0.6083775607999999,0.6560301675599999,0.7443579519999999,0.13598039119999994,0.0,0.05672934657879191,0.18890702977857143,0.18890702977857143,0.1214092384303245,0.2551034335707977,0.5624999999999997,0.4410907615696752,0.18597834599716212,0.0,0.0,0.0,0.0,-0.00017213515024042114
483,100,100,1.0,feasible,0.7350120308548305,0.77637504569794,0.8088941824952469,0.07388215164041645,0.6083775607999999,0.6559362824079998,0.7443579519999999,0.13598039119999994,0.0,0.05830210167195976,0.18890702977857143,0.18890702977857143,0.1214092384303245,0.25845212731811634,0.5624999999999997,0.4410907615696752,0.1858559026653931,0.0,0.0,0.0,0.0,-0.00012244333176902877
484,100,100,1.0,feasible,0.7350120308548305,0.7751091226466432,0.8088941824952469,0.07388215164041645,0.6083775607999999,0.6504049668959999,0.7443579519999999,0.13598039119999994,0.0,0.0641236729325043,0.1900437891059524,0.1900437891059524,0.1214092384303245,0.26574073727100667,0.5624999999999997,0.4410907615696752,0.1859969110323083,0.0,0.0,0.0,0.0,0.00014100836691521845
485,100,100,1.0,feasible,0.7350120308548305,0.7748669703207576,0.8088941824952469,0.07388215164041645,0.6083775607999999,0.6494515618559998,0.7443579519999999,0.13598039119999994,0.0,0.06324324201325476,0.1968300455642857,0.1968300455642857,0.1214092384303245,0.26479156031029405,0.5624999999999997,0.4410907615696752,0.1860951084423736,0.0,0.0,0.0,0.0,9.81974100652816e-05
486,100,100,1.0,feasible,0.7350120308548305,0.7756116950142153,0.8088941824952469,0.07388215164041645,0.6083775607999999,0.6502672636,0.7443579519999999,0.13598039119999994,0.0,0.06544297024212502,0.1968300455642857,0.1968300455642857,0.1214092384303245,0.26223830815057425,0.5624999999999997,0.4410907615696752,0.1860295741657233,0.0,0.0,0.0,0.0,-6.553427665029199e-05
487,100,100,1.0,feasible,0.7350120308548305,0.7748885496188932,0.8088941824952469,0.07388215164041645,0.6083775607999999,0.6514002603279999,0.7444000839999998,0.13602252319999986,0.0,0.06196459947481608,0.1968300455642857,0.1968300455642857,0.1214092384303245,0.26511769061947477,0.5624999999999997,0.4410907615696752,0.1858153260894514,0.0,0.0,0.0,0.0,-0.00021424807627190567
488,100,100,1.0,feasible,0.7350120308548305,0.7749684933162402,0.8088941824952469,0.07388215164041645,0.6083775607999999,0.6492942803680001,0.7444000839999998,0.13602252319999986,0.0,0.06659074736185225,0.2013718390580952,0.2013718390580952,0.1214092384303245,0.26794883651478457,0.5624999999999997,0.4410907615696752,0.18586320393676342,0.0,0.0,0.0,0.0,4.787784731202782e-05
489,100,100,1.0,feasible,0.7350120308548305,0.7732216718844296,0.8088941824952469,0.07388215164041645,0.6083775607999999,0.6457948744880001,0.7444000839999998,0.13602252319999986,0.0,0.06650932061979202,0.2013718390580952,0.2013718390580952,0.1214092384303245,0.2698650292046877,0.5624999999999997,0.4410907615696752,0.1859154877185526,0.0,0.0,0.0,0.0,5.2283781789175254e-05
490,100,100,1.0,feasible,0.7350120308548305,0.7732225765928871,0.8101659589590636,0.07515392810423316,0.6083775607999999,0.645824348408,0.7444000839999998,0.13602252319999986,0.0,0.06618171787050732,0.2013718390580952,0.2013718390580952,0.1214092384303245,0.2735872556268658,0.5624999999999997,0.4410907615696752,0.18597043306651814,0.0,0.0,0.0,0.0,5.4945347965545954e-05
491,100,100,1.0,feasible,0.7350120308548305,0.7740998874505084,0.8101659589590636,0.07515392810423316,0.6083775607999999,0.6503351515600001,0.7444000839999998,0.13602252319999986,0.0,0.060893344218845,0.2013718390580952,0.2013718390580952,0.1214092384303245,0.268999827450929,0.5624999999999997,0.4410907615696752,0.18610127834247794,0.0,0.0,0.0,0.0,0.0001308452759598011
492,100,100,1.0,feasible,0.7350120308548305,0.7757467106919225,0.8101659589590636,0.07515392810423316,0.6083775607999999,0.6510119477199998,0.7444000839999998,0.13602252319999986,0.0,0.06497488441491142,0.2013886474307143,0.2013886474307143,0.1214092384303245,0.2542621491169273,0.5624999999999997,0.4410907615696752,0.18609278901738813,0.0,0.0,0.0,0.0,-8.48932508981659e-06
493,100,100,1.0,feasible,0.7350120308548305,0.7749633934671132,0.8101659589590636,0.07515392810423316,0.6083775607999999,0.6499529458480001,0.7444000839999998,0.13602252319999986,0.0,0.06275278001258186,0.2017818831888095,0.2017818831888095,0.1214092384303245,0.2622449431803145,0.5624999999999997,0.4410907615696752,0.1861129812066995,0.0,0.0,0.0,0.0,2.0192189311374342e-05
494,100,100,1.0,feasible,0.7350120308548305,0.7743480742783387,0.8107059143076414,0.07569388345281092,0.6083775607999999,0.648723131088,0.7444000839999998,0.13602252319999986,0.0,0.06308912550305024,0.20327819013476184,0.20327819013476184,0.1214092384303245,0.26474916888632327,0.5624999999999997,0.4410907615696752,0.18612200864142397,0.0,0.0,0.0,0.0,9.027434724473427e-06
495,100,100,1.0,feasible,0.7350120308548305,0.7750855560480003,0.8107059143076414,0.07569388345281092,0.6083775607999999,0.6501871797919999,0.7444000839999998,0.13602252319999986,0.0,0.06278032587223882,0.20327819013476184,0.20327819013476184,0.1214092384303245,0.2630585307606756,0.5624999999999997,0.4410907615696752,0.18608929691790024,0.0,0.0,0.0,0.0,-3.271172352373175e-05
496,100,100,1.0,feasible,0.7350120308548305,0.7741141899560461,0.8107059143076414,0.07569388345281092,0.6083775607999999,0.6514580718559999,0.7444000839999998,0.13602252319999986,0.0,0.0579191069478494,0.20327819013476184,0.20327819013476184,0.1214092384303245,0.2724863016075312,0.5624999999999997,0.4410907615696752,0.18588090516590783,0.0,0.0,0.0,0.0,-0.000208391751992415
497,100,100,1.0,feasible,0.7350120308548305,0.7722720437566498,0.8107059143076414,0.07569388345281092,0.6083775607999999,0.6509370409599999,0.7444000839999998,0.13602252319999986,0.0,0.05450702108912882,0.20376700308095236,0.20376700308095236,0.1214092384303245,0.2839010418317447,0.5624999999999997,0.4410907615696752,0.18588544779939745,0.0,0.0,0.0,0.0,4.542633489618142e-06
498,100,100,1.0,feasible,0.7350120308548305,0.7745187244815378,0.8107059143076414,0.07569388345281092,0.6083775607999999,0.651077651736,0.7444000839999998,0.13602252319999986,0.0,0.06311799589173549,0.20376700308095236,0.20376700308095236,0.1214092384303245,0.26693417541884207,0.5624999999999997,0.4410907615696752,0.18590320171382185,0.0,0.0,0.0,0.0,1.7753914424406547e-05
499,100,100,1.0,feasible,0.7350120308548305,0.7715218560340467,0.8107059143076414,0.07569388345281092,0.6083775607999999,0.648814573848,0.7444000839999998,0.13602252319999986,0.0,0.05797405176172809,0.20376700308095236,0.20376700308095236,0.1214092384303245,0.2845600848179221,0.5624999999999997,0.4410907615696752,0.18583130269871762,0.0,0.0,0.0,0.0,-7.189901510423757e-05
500,100,100,1.0,feasible,0.7350120308548305,0.773661894932238,0.8107059143076414,0.07569388345281092,0.6083775607999999,0.6489340475919999,0.7444000839999998,0.13602252319999986,0.0,0.0637472219344412,0.20147454251785715,0.20147454251785715,0.1214092384303245,0.2711161565720014,0.5624999999999997,0.4410907615696752,0.18579580993324063,0.0,0.0,0.0,0.0,-3.549276547698543e-05
501,100,100,1.0,feasible,0.7350120308548305,0.7735617724635027,0.8107059143076414,0.07569388345281092,0.6083775607999999,0.6512429048879999,0.7444000839999998,0.13602252319999986,0.0,0.05756031926780551,0.19572132327738098,0.19572132327738098,0.1214092384303245,0.2749208159308028,0.5624999999999997,0.4410907615696752,0.18595399757097045,0.0,0.0,0.0,0.0,0.00015818763772981748
502,100,100,1.0,feasible,0.7350120308548305,0.7745122470287618,0.8107059143076414,0.07569388345281092,0.6083775607999999,0.6515462952639999,0.7444000839999998,0.13602252319999986,0.0,0.06014609559057274,0.19572132327738098,0.19572132327738098,0.1214092384303245,0.2670267709933832,0.5624999999999997,0.4410907615696752,0.18578245350294426,0.0,0.0,0.0,0.0,-0.0001715440680261915
503,100,100,1.0,feasible,0.7350120308548305,0.7732299127029809,0.8107059143076414,0.07569388345281092,0.6083775607999999,0.6469823353999999,0.7444000839999998,0.13602252319999986,0.0,0.06339838970591902,0.19396673605,0.19396673605,0.1214092384303245,0.2712087250118008,0.5624999999999997,0.4410907615696752,0.18588859186372755,0.0,0.0,0.0,0.0,0.00010613836078329775
504,100,100,1.0,feasible,0.7350120308548305,0.773959264741074,0.8107059143076414,0.07569388345281092,0.6083775607999999,0.6487019538079999,0.7444795759999998,0.13610201519999987,0.0,0.06303069225783464,0.19396673605,0.19396673605,0.1214092384303245,0.26411532537520604,0.5624999999999997,0.4410907615696752,0.18591269822329343,0.0,0.0,0.0,0.0,2.4106359565873037e-05
505,100,100,1.0,feasible,0.7350120308548305,0.772735314989622,0.8107059143076414,0.07569388345281092,0.6083775607999999,0.6485150269599999,0.7445826423999998,0.1362050815999999,0.0,0.05921177122870858,0.19396673605,0.19396673605,0.1214092384303245,0.27086830879227436,0.5624999999999997,0.4410907615696752,0.18594445500600393,0.0,0.0,0.0,0.0,3.175678271050142e-05
506,100,100,1.0,feasible,0.7350120308548305,0.7736967704428515,0.8107059143076414,0.07569388345281092,0.6083775607999999,0.6513780779519999,0.7445826423999998,0.1362050815999999,0.0,0.0574328717374031,0.19015618002261905,0.19015618002261905,0.1214092384303245,0.27234093441867196,0.5624999999999997,0.4410907615696752,0.18600197346674868,0.0,0.0,0.0,0.0,5.751846074475431e-05
507,100,100,1.0,feasible,0.7350120308548305,0.7742950562407341,0.8107059143076414,0.07569388345281092,0.6083775607999999,0.6501608062399999,0.7445826423999998,0.1362050815999999,0.0,0.061412664022823346,0.19015618002261905,0.19015618002261905,0.1214092384303245,0.2656451915668648,0.5624999999999997,0.4410907615696752,0.18606251007514457,0.0,0.0,0.0,0.0,6.0536608395889147e-05
508,100,100,1.0,feasible,0.7350120308548305,0.7726602416749517,0.8065153791010413,0.07150334824621085,0.6083775607999999,0.64903419796,0.7445826423999998,0.1362050815999999,0.0,0.05819766936579156,0.19015618002261905,0.19015618002261905,0.1214092384303245,0.2746813370865156,0.5624999999999997,0.4410907615696752,0.1861400264096878,0.0,0.0,0.0,0.0,7.751633454322615e-05
509,100,100,1.0,feasible,0.7350120308548305,0.7737040720858842,0.8065153791010413,0.07150334824621085,0.6083775607999999,0.6531329437279999,0.7445826423999998,0.1362050815999999,0.0,0.055514651818653935,0.19433136680238092,0.19433136680238092,0.1214092384303245,0.270166583127264,0.5624999999999997,0.4410907615696752,0.18608262086087957,0.0,0.0,0.0,0.0,-5.7405548808231455e-05
510,100,100,1.0,feasible,0.7350120308548305,0.7725956307362252,0.8065153791010413,0.07150334824621085,0.6083775607999999,0.6517436450879999,0.7445826423999998,0.1362050815999999,0.0,0.05359250355840035,0.19433136680238092,0.19433136680238092,0.1214092384303245,0.275580553128699,0.5624999999999997,0.4410907615696752,0.1860456427943123,0.0,0.0,0.0,0.0,-3.697806656727254e-05
511,100,100,1.0,feasible,0.7350120308548305,0.7734383806917482,0.8065153791010413,0.07150334824621085,0.6083775607999999,0.6502545325519999,0.7457794775999999,0.1374019167999999,0.0,0.05829490414639178,0.19433136680238092,0.19433136680238092,0.1214092384303245,0.27357668338325114,0.5624999999999997,0.4410907615696752,0.1860990012191705,0.0,0.0,0.0,0.0,5.335842485820752e-05
512,100,100,1.0,feasible,0.7350120308548305,0.7721483638881622,0.8065153791010413,0.07150334824621085,0.6083775607999999,0.647925656352,0.7457794775999999,0.1374019167999999,0.0,0.0579217207274137,0.19433136680238092,0.19433136680238092,0.1214092384303245,0.2746704702748347,0.5624999999999997,0.4410907615696752,0.1861172910930402,0.0,0.0,0.0,0.0,1.8289873869703488e-05
513,100,100,1.0,feasible,0.7350120308548305,0.7712837847112481,0.8065153791010413,0.07150334824621085,0.6083775607999999,0.6476328511359999,0.7457794775999999,0.1374019167999999,0.0,0.054387225479323585,0.19433136680238092,0.19433136680238092,0.1214092384303245,0.28019757052832533,0.5624999999999997,0.4410907615696752,0.18618678420831164,0.0,0.0,0.0,0.0,6.949311527143509e-05
514,100,100,1.0,feasible,0.7350120308548305,0.7719363504151185,0.8065153791010413,0.07150334824621085,0.6083775607999999,0.6477145364799999,0.7457794775999999,0.1374019167999999,0.0,0.057302768441401905,0.19433136680238092,0.19433136680238092,0.1214092384303245,0.2748371830595191,0.5624999999999997,0.4410907615696752,0.18610920988220359,0.0,0.0,0.0,0.0,-7.757432610805415e-05
515,100,100,1.0,feasible,0.7350120308548305,0.7725876718739643,0.8092722696352886,0.07426023878045818,0.6083775607999999,0.6504833839119999,0.7457794775999999,0.1374019167999999,0.0,0.05522593317542964,0.19433136680238092,0.19433136680238092,0.1214092384303245,0.2770528076194918,0.5624999999999997,0.4410907615696752,0.18606096280334994,0.0,0.0,0.0,0.0,-4.8247078853647096e-05
516,100,100,1.0,feasible,0.7350120308548305,0.7729273065215494,0.8092722696352886,0.07426023878045818,0.6083775607999999,0.6516890963199998,0.7457794775999999,0.1374019167999999,0.0,0.05260340873374202,0.19433136680238092,0.19433136680238092,0.1214092384303245,0.27326469130012215,0.5624999999999997,0.4410907615696752,0.18600846394125653,0.0,0.0,0.0,0.0,-5.2498862093408594e-05
517,100,100,1.0,feasible,0.7350120308548305,0.7725982336028117,0.8092722696352886,0.07426023878045818,0.6083775607999999,0.6515016205759998,0.7457794775999999,0.1374019167999999,0.0,0.05234168588415548,0.19124382254047617,0.19124382254047617,0.1214092384303245,0.27881613642513425,0.5624999999999997,0.4410907615696752,0.18597074347685028,0.0,0.0,0.0,0.0,-3.772046440625454e-05
518,100,100,1.0,feasible,0.7350120308548305,0.7718860134268222,0.8092722696352886,0.07426023878045818,0.6083775607999999,0.6489235486239998,0.7457794775999999,0.1374019167999999,0.0,0.05428130212186381,0.19154646470714284,0.19154646470714284,0.1214092384303245,0.2811690007875385,0.5624999999999997,0.4410907615696752,0.18605450084834424,0.0,0.0,0.0,0.0,8.375737149396434e-05
519,100,100,1.0,feasible,0.7350120308548305,0.7737935610128548,0.8092722696352886,0.07426023878045818,0.6083775607999999,0.6497954291839999,0.7457794775999999,0.1374019167999999,0.0,0.05840476089803429,0.19667928311666666,0.19667928311666666,0.1214092384303245,0.2706285076415972,0.5624999999999997,0.4410907615696752,0.18605596231491806,0.0,0.0,0.0,0.0,1.4614665738155175e-06
520,100,100,1.0,feasible,0.7350120308548305,0.7732584051602045,0.8092722696352886,0.07426023878045818,0.6083775607999999,0.6488588158639998,0.7457794775999999,0.1374019167999999,0.0,0.058247800105314045,0.19667928311666666,0.19667928311666666,0.1214092384303245,0.2734980260900383,0.5624999999999997,0.4410907615696752,0.1860007077105355,0.0,0.0,0.0,0.0,-5.525460438254859e-05
521,100,100,1.0,feasible,0.7350120308548305,0.7744906495377879,0.8092722696352886,0.07426023878045818,0.6083775607999999,0.649190517096,0.7457794775999999,0.1374019167999999,0.0,0.062124610369179746,0.19667928311666666,0.19667928311666666,0.1214092384303245,0.26161563469946597,0.5624999999999997,0.4410907615696752,0.18602371071998333,0.0,0.0,0.0,0.0,2.3003009447825074e-05
522,100,100,1.0,feasible,0.7350120308548305,0.7708552512078559,0.8092722696352886,0.07426023878045818,0.6083775607999999,0.6435965763199999,0.7457794775999999,0.1374019167999999,0.0,0.06049547044483414,0.19667928311666666,0.19667928311666666,0.1214092384303245,0.2824772620933166,0.5624999999999997,0.4410907615696752,0.18589692729524665,0.0,0.0,0.0,0.0,-0.0001267834247366817
523,100,100,1.0,feasible,0.7350120308548305,0.7752112452095652,0.8092722696352886,0.07426023878045818,0.6083775607999999,0.6501745018879999,0.7457794775999999,0.1374019167999999,0.0,0.06441555705738272,0.19667928311666666,0.19667928311666666,0.1214092384303245,0.26396480344100964,0.5624999999999997,0.4410907615696752,0.18596674505556227,0.0,0.0,0.0,0.0,6.981776031561582e-05
524,100,100,1.0,feasible,0.7350120308548305,0.772425785892069,0.8065153791010413,0.07150334824621085,0.6083775607999999,0.6504553146719999,0.7457794775999999,0.1374019167999999,0.0,0.05386637763793523,0.197001728242881,0.197001728242881,0.1214092384303245,0.2786661105132099,0.5624999999999997,0.4410907615696752,0.18597310490556512,0.0,0.0,0.0,0.0,6.359850002857215e-06
525,100,100,1.0,feasible,0.7350120308548305,0.7736892305557008,0.8065153791010413,0.07150334824621085,0.6083775607999999,0.6507649267999998,0.7457794775999999,0.1374019167999999,0.0,0.05789931997572499,0.197001728242881,0.197001728242881,0.1214092384303245,0.26802659588215877,0.5624999999999997,0.4410907615696752,0.18597047586620233,0.0,0.0,0.0,0.0,-2.629039362794794e-06
526,100,100,1.0,feasible,0.7350120308548305,0.7723865338984528,0.8065153791010413,0.07150334824621085,0.6083775607999999,0.647208148672,0.7457794775999999,0.1374019167999999,0.0,0.0614917805976388,0.19529452412619047,0.19529452412619047,0.1214092384303245,0.2718721734986016,0.5624999999999997,0.4410907615696752,0.1859533214894165,0.0,0.0,0.0,0.0,-1.7154376785816217e-05
527,100,100,1.0,feasible,0.7350120308548305,0.77237234742295,0.8065153791010413,0.07150334824621085,0.6083775607999999,0.6464635645439999,0.7457794775999999,0.1374019167999999,0.0,0.06427847480618927,0.19529452412619047,0.19529452412619047,0.1214092384303245,0.2733797481553295,0.5624999999999997,0.4410907615696752,0.18593045807978897,0.0,0.0,0.0,0.0,-2.286340962753819e-05
528,100,100,1.0,feasible,0.7350120308548305,0.7737698886740619,0.8065153791010413,0.07150334824621085,0.6083775607999999,0.6486304194239999,0.7457794775999999,0.1374019167999999,0.0,0.062385425357511196,0.19529452412619047,0.19529452412619047,0.1214092384303245,0.2666451711450131,0.5624999999999997,0.4410907615696752,0.1859473641674884,0.0,0.0,0.0,0.0,1.6906087699414263e-05
529,100,100,1.0,feasible,0.7350120308548305,0.7726667556703818,0.8065153791010413,0.07150334824621085,0.6083775607999999,0.6456936130479999,0.7457794775999999,0.1374019167999999,0.0,0.06279920629086405,0.19529452412619047,0.19529452412619047,0.1214092384303245,0.27322412121945133,0.5624999999999997,0.4410907615696752,0.18606479334610504,0.0,0.0,0.0,0.0,0.00011742917861665148
530,100,100,1.0,feasible,0.7350120308548305,0.774392479081855,0.8065153791010413,0.07150334824621085,0.6083775607999999,0.6497769734479999,0.7457794775999999,0.1374019167999999,0.0,0.06155184899723047,0.19529452412619047,0.19529452412619047,0.1214092384303245,0.2647642659261898,0.5624999999999997,0.4410907615696752,0.18602119838905884,0.0,0.0,0.0,0.0,-4.35949570462002e-05
531,100,100,1.0,feasible,0.7350120308548305,0.7759384916958821,0.8065153791010413,0.07150334824621085,0.6083775607999999,0.6493355913359999,0.7457794775999999,0.1374019167999999,0.0,0.0652831941876762,0.19529452412619047,0.19529452412619047,0.1214092384303245,0.2538997753746635,0.5624999999999997,0.4410907615696752,0.18604766250516458,0.0,0.0,0.0,0.0,2.6464116105739954e-05
532,100,100,1.0,feasible,0.7350120308548305,0.774033213522753,0.8065153791010413,0.07150334824621085,0.6083775607999999,0.649639047784,0.7433519247999999,0.13497436399999996,0.0,0.060057518070247395,0.19657795455119048,0.19657795455119048,0.1214092384303245,0.2677170925927053,0.5624999999999997,0.4410907615696752,0.18611461012682584,0.0,0.0,0.0,0.0,6.694762166126189e-05
533,100,100,1.0,feasible,0.7350120308548305,0.7736734768501562,0.8065153791010413,0.07150334824621085,0.6083775607999999,0.6483908782719999,0.7411408367999999,0.13276327599999993,0.0,0.05941539064931619,0.19761827187857142,0.19761827187857142,0.1214092384303245,0.2669966769185257,0.5624999999999997,0.4410907615696752,0.18610466493685757,0.0,0.0,0.0,0.0,-9.945189968274537e-06
534,100,100,1.0,feasible,0.7350120308548305,0.7709958181806289,0.8065153791010413,0.07150334824621085,0.6083775607999999,0.6484785772719998,0.7411408367999999,0.13276327599999993,0.0,0.0517051868988819,0.19761827187857142,0.19761827187857142,0.1214092384303245,0.28540325937854344,0.5624999999999997,0.4410907615696752,0.18612292754769724,0.0,0.0,0.0,0.0,1.8262610839675508e-05
535,100,100,1.0,feasible,0.7350120308548305,0.7746528079108017,0.8065153791010413,0.07150334824621085,0.6083775607999999,0.6503813751199999,0.7411408367999999,0.13276327599999993,0.0,0.059776916352834775,0.19761827187857142,0.19761827187857142,0.1214092384303245,0.26190432318319584,0.5624999999999997,0.4410907615696752,0.18616474587258497,0.0,0.0,0.0,0.0,4.1818324887726854e-05
536,100,100,1.0,feasible,0.7350120308548305,0.7735088536488584,0.8065153791010413,0.07150334824621085,0.6083775607999999,0.6484844859119999,0.7411408367999999,0.13276327599999993,0.0,0.0575227397510782,0.1979772514345238,0.1979772514345238,0.1214092384303245,0.2654341867555138,0.5624999999999997,0.4410907615696752,0.18618868812307482,0.0,0.0,0.0,0.0,2.3942250489850103e-05
537,100,100,1.0,feasible,0.7350120308548305,0.7724369593986014,0.8065153791010413,0.07150334824621085,0.6083775607999999,0.646884759984,0.7411408367999999,0.13276327599999993,0.0,0.056888742697185586,0.1979772514345238,0.1979772514345238,0.1214092384303245,0.2710567139440953,0.5624999999999997,0.4410907615696752,0.1862781041683292,0.0,0.0,0.0,0.0,8.94160452543924e-05
538,100,100,1.0,feasible,0.7350120308548305,0.7737560806054106,0.8065153791010413,0.07150334824621085,0.6083775607999999,0.6496882059920001,0.7411408367999999,0.13276327599999993,0.0,0.0582288229834075,0.1979772514345238,0.1979772514345238,0.1214092384303245,0.2682679785538905,0.5624999999999997,0.4410907615696752,0.18620961461489766,0.0,0.0,0.0,0.0,-6.84895534315555e-05
539,100,100,1.0,feasible,0.7350120308548305,0.7750487427310623,0.8065153791010413,0.07150334824621085,0.6083775607999999,0.6519317310639999,0.7411408367999999,0.13276327599999993,0.0,0.06053490677335893,0.20387275193571427,0.20387275193571427,0.1214092384303245,0.26261556802913927,0.5624999999999997,0.4410907615696752,0.18608211723872245,0.0,0.0,0.0,0.0,-0.0001274973761752063
540,100,100,1.0,feasible,0.7350120308548305,0.7727037159585233,0.8065153791010413,0.07150334824621085,0.6083775607999999,0.6522212348719999,0.7422631695999999,0.1338856088,0.0,0.05139752385611083,0.1979772514345238,0.1979772514345238,0.1214092384303245,0.27565709136956956,0.5624999999999997,0.4410907615696752,0.18609449800072225,0.0,0.0,0.0,0.0,1.238076199980287e-05
541,100,100,1.0,feasible,0.7350120308548305,0.7727282232972285,0.8065153791010413,0.07150334824621085,0.6083775607999999,0.650067022096,0.7423387799999999,0.13396121919999993,0.0,0.05567157351036811,0.1979772514345238,0.1979772514345238,0.1214092384303245,0.2734895909963201,0.5624999999999997,0.4410907615696752,0.18616626440691722,0.0,0.0,0.0,0.0,7.176640619496744e-05
542,100,100,1.0,feasible,0.7350120308548305,0.7730138428383306,0.8065153791010413,0.07150334824621085,0.6083775607999999,0.6482067657039998,0.7425441007999998,0.13416653999999983,0.0,0.05852477087213358,0.1979772514345238,0.1979772514345238,0.1214092384303245,0.2738400060460936,0.5624999999999997,0.4410907615696752,0.18593970382122682,0.0,0.0,0.0,0.0,-0.0002265605856903996
543,100,100,1.0,feasible,0.7350120308548305,0.7733270999127904,0.8065153791010413,0.07150334824621085,0.6083775607999999,0.6495810968479999,0.7425441007999998,0.13416653999999983,0.0,0.058252179247485714,0.2007977867095238,0.2007977867095238,0.1214092384303245,0.2733434385916489,0.5624999999999997,0.4410907615696752,0.1859228752891489,0.0,0.0,0.0,0.0,-1.6828532077933778e-05
544,100,100,1.0,feasible,0.7350120308548305,0.7745283897729057,0.8102278093767986,0.07521577852196815,0.6083775607999999,0.6483772155280001,0.7425441007999998,0.13416653999999983,0.0,0.06355223828816102,0.2007977867095238,0.2007977867095238,0.1214092384303245,0.26454503224239895,0.5624999999999997,0.4410907615696752,0.18601058718926408,0.0,0.0,0.0,0.0,8.771190011519492e-05
545,100,100,1.0,feasible,0.7350120308548305,0.7728782871757974,0.8102278093767986,0.07521577852196815,0.6083775607999999,0.6472255532719999,0.7434282871999999,0.13505072639999993,0.0,0.05889525651710745,0.2007977867095238,0.2007977867095238,0.1214092384303245,0.2717489556035103,0.5624999999999997,0.4410907615696752,0.18609621819959882,0.0,0.0,0.0,0.0,8.563101033473575e-05
546,100,100,1.0,feasible,0.7350120308548305,0.7752788017572776,0.8102278093767986,0.07521577852196815,0.6083775607999999,0.6528873969119998,0.7434282871999999,0.13505072639999993,0.0,0.05736020442386388,0.18891603697488094,0.18891603697488094,0.1214092384303245,0.2629783511885034,0.5624999999999997,0.4410907615696752,0.1861185017756753,0.0,0.0,0.0,0.0,2.228357607647613e-05
547,100,100,1.0,feasible,0.7350120308548305,0.7744007034351944,0.8102278093767986,0.07521577852196815,0.6083775607999999,0.6528716675279999,0.7434282871999999,0.13505072639999993,0.0,0.05399071553536745,0.18189112483214284,0.18189112483214284,0.1214092384303245,0.2611286485503517,0.5624999999999997,0.4410907615696752,0.18623597452312224,0.0,0.0,0.0,0.0,0.00011747274744694503
548,100,100,1.0,feasible,0.7350120308548305,0.7733629282446408,0.8102278093767986,0.07521577852196815,0.6083775607999999,0.6485791484879999,0.7434282871999999,0.13505072639999993,0.0,0.05732619341141509,0.18189112483214284,0.18189112483214284,0.1214092384303245,0.26993241478387875,0.5624999999999997,0.4410907615696752,0.1862476466645785,0.0,0.0,0.0,0.0,1.1672141456253726e-05
549,100,100,1.0,feasible,0.7350120308548305,0.7738468393516823,0.8102278093767986,0.07521577852196815,0.6083775607999999,0.65006762884,0.7434282871999999,0.13505072639999993,0.0,0.056341558396945546,0.18189112483214284,0.18189112483214284,0.1214092384303245,0.2673914857023323,0.5624999999999997,0.4410907615696752,0.18611863440174017,0.0,0.0,0.0,0.0,-0.00012901226283831835
550,100,100,1.0,feasible,0.7350120308548305,0.7748548960153839,0.8102278093767986,0.07521577852196815,0.6083775607999999,0.65206411496,0.7434282871999999,0.13505072639999993,0.0,0.05666360741902596,0.18801823674642856,0.18801823674642856,0.1214092384303245,0.26395969414499726,0.5624999999999997,0.4410907615696752,0.18610462500816582,0.0,0.0,0.0,0.0,-1.400939357434905e-05
551,100,100,1.0,feasible,0.7350120308548305,0.7734401064683516,0.8102278093767986,0.07521577852196815,0.6083775607999999,0.6496621051119998,0.7465981471999998,0.1382205863999999,0.0,0.056479212387559284,0.18801823674642856,0.18801823674642856,0.1214092384303245,0.2679613039432784,0.5624999999999997,0.4410907615696752,0.1862230383033155,0.0,0.0,0.0,0.0,0.00011841329514966636
552,100,100,1.0,feasible,0.7350120308548305,0.7713035455025903,0.8102278093767986,0.07521577852196815,0.6083775607999999,0.646078749,0.7465981471999998,0.1382205863999999,0.0,0.05630896682278881,0.18801823674642856,0.18801823674642856,0.1214092384303245,0.28122599031767614,0.5624999999999997,0.4410907615696752,0.18627676154914122,0.0,0.0,0.0,0.0,5.372324582572641e-05
553,100,100,1.0,feasible,0.7350120308548305,0.7733958709922731,0.8102278093767986,0.07521577852196815,0.6083775607999999,0.650931067328,0.7465981471999998,0.1382205863999999,0.0,0.05554285862014451,0.18801823674642856,0.18801823674642856,0.1214092384303245,0.2722848651374241,0.5624999999999997,0.4410907615696752,0.186118723026685,0.0,0.0,0.0,0.0,-0.0001580385224562164
554,100,100,1.0,feasible,0.7350120308548305,0.7730382445441544,0.8102278093767986,0.07521577852196815,0.6083775607999999,0.6499096034399998,0.7465981471999998,0.1382205863999999,0.0,0.05627093965877013,0.18866726035928572,0.18866726035928572,0.1214092384303245,0.26964103604504697,0.5624999999999997,0.4410907615696752,0.18613736738979453,0.0,0.0,0.0,0.0,1.8644363109526774e-05
555,100,100,1.0,feasible,0.7350120308548305,0.7727259324237352,0.8102278093767986,0.07521577852196815,0.6083775607999999,0.6503076890239999,0.7465981471999998,0.1382205863999999,0.0,0.055045280513674626,0.18866726035928572,0.18866726035928572,0.1214092384303245,0.27907865589898295,0.5624999999999997,0.4410907615696752,0.18604923003944618,0.0,0.0,0.0,0.0,-8.813735034834957e-05
556,100,100,1.0,feasible,0.7350120308548305,0.7736551811312857,0.8102278093767986,0.07521577852196815,0.6083775607999999,0.650606535864,0.7465981471999998,0.1382205863999999,0.0,0.05714224187378652,0.18189112483214284,0.18189112483214284,0.1214092384303245,0.2738161541367692,0.5624999999999997,0.4410907615696752,0.18607429317371976,0.0,0.0,0.0,0.0,2.5063134273584087e-05
557,100,100,1.0,feasible,0.7350120308548305,0.7746664598529643,0.8102353205832591,0.07522328972842862,0.6083775607999999,0.6516822292639999,0.7465981471999998,0.1382205863999999,0.0,0.05738358284483703,0.18189112483214284,0.18189112483214284,0.1214092384303245,0.26473977951739414,0.5624999999999997,0.4410907615696752,0.1862061423804092,0.0,0.0,0.0,0.0,0.00013184920668943279
558,100,100,1.0,feasible,0.7350120308548305,0.7751856783091763,0.8102550409886105,0.07524301013377999,0.6083775607999999,0.65290903172,0.7465981471999998,0.1382205863999999,0.0,0.05753567068156893,0.18189112483214284,0.18189112483214284,0.1214092384303245,0.2633527057196937,0.5624999999999997,0.4410907615696752,0.18621296047156316,0.0,0.0,0.0,0.0,6.8180911539650335e-06
559,100,100,1.0,feasible,0.7350120308548305,0.7751628728646678,0.8102550409886105,0.07524301013377999,0.6083775607999999,0.6542296690159999,0.7465981471999998,0.1382205863999999,0.0,0.05482018925736904,0.18189112483214284,0.18189112483214284,0.1214092384303245,0.2625661583816973,0.5624999999999997,0.4410907615696752,0.18615954755840836,0.0,0.0,0.0,0.0,-5.341291315480445e-05
560,100,100,1.0,feasible,0.7350120308548305,0.7742048098163363,0.8102550409886105,0.07524301013377999,0.6083775607999999,0.6506933320959999,0.7465981471999998,0.1382205863999999,0.0,0.057671713066944526,0.18189112483214284,0.18189112483214284,0.12090781565312221,0.2639705034752118,0.5624999999999997,0.44159218434687747,0.1861776060708205,0.0,0.0,0.0,0.00050142277720229,1.8058512412155725e-05
561,100,100,1.0,feasible,0.7350120308548305,0.7744264228158302,0.8102550409886105,0.07524301013377999,0.6083775607999999,0.653469828592,0.7465981471999998,0.1382205863999999,0.0,0.05517703756435858,0.18189112483214284,0.18189112483214284,0.12090781565312221,0.2689749393913478,0.5624999999999997,0.44159218434687747,0.186204382791457,0.0,0.0,0.0,0.0,2.677672063650105e-05
562,100,100,1.0,feasible,0.7350120308548305,0.7739086737097309,0.8102550409886105,0.07524301013377999,0.6083775607999999,0.6518146488,0.7465981471999998,0.1382205863999999,0.0,0.055431991304564034,0.18189112483214284,0.18189112483214284,0.12090781565312221,0.26508781694017514,0.5624999999999997,0.44159218434687747,0.18636342594738697,0.0,0.0,0.0,0.0,0.000159043155929961
563,100,100,1.0,feasible,0.7350120308548305,0.7728054186402247,0.8102550409886105,0.07524301013377999,0.6083775607999999,0.6488940295679998,0.7465981471999998,0.1382205863999999,0.0,0.05687175713045834,0.18189112483214284,0.18189112483214284,0.12090781565312221,0.268007062727447,0.5624999999999997,0.44159218434687747,0.18628325295569792,0.0,0.0,0.0,0.0,-8.017299168905367e-05
564,100,100,1.0,feasible,0.7350120308548305,0.7736106159471859,0.8102550409886105,0.07524301013377999,0.6083775607999999,0.6503257226079999,0.7465981471999998,0.1382205863999999,0.0,0.05672804677802738,0.18189112483214284,0.18189112483214284,0.12090781565312221,0.2639264033926837,0.5624999999999997,0.44159218434687747,0.18629244192477917,0.0,0.0,0.0,0.0,9.188969081252996e-06
565,100,100,1.0,feasible,0.7350120308548305,0.773365968109989,0.8102550409886105,0.07524301013377999,0.6083775607999999,0.6507951083519999,0.7465981471999998,0.1382205863999999,0.0,0.05499365937458644,0.18189112483214284,0.18189112483214284,0.12090781565312221,0.26891945333530703,0.5624999999999997,0.44159218434687747,0.18621454821342895,0.0,0.0,0.0,0.0,-7.789371135022427e-05
566,100,100,1.0,feasible,0.7350120308548305,0.7748661744614797,0.8102550409886105,0.07524301013377999,0.6083775607999999,0.6517916251760001,0.7465981471999998,0.1382205863999999,0.0,0.05822913430882287,0.18239176587166664,0.18239176587166664,0.12090781565312221,0.2599812078951162,0.5624999999999997,0.44159218434687747,0.18633949524188295,0.0,0.0,0.0,0.0,0.0001249470284540033
567,100,100,1.0,feasible,0.7350120308548305,0.7710135739443253,0.8102550409886105,0.07524301013377999,0.6083775607999999,0.646331654008,0.7465981471999998,0.1382205863999999,0.0,0.05477215683393119,0.18368027831309522,0.18368027831309522,0.12090781565312221,0.28255982589260614,0.5624999999999997,0.44159218434687747,0.18632358709754637,0.0,0.0,0.0,0.0,-1.590814433657939e-05
568,100,100,1.0,feasible,0.7350120308548305,0.7741887126462943,0.8081756132593796,0.07316358240454912,0.6083775607999999,0.649940017512,0.7465981471999998,0.1382205863999999,0.0,0.05738159731926143,0.18368027831309522,0.18368027831309522,0.12090781565312221,0.2648744072798798,0.5624999999999997,0.44159218434687747,0.1863705843991439,0.0,0.0,0.0,0.0,4.6997301597517804e-05
569,100,100,1.0,feasible,0.7350120308548305,0.7729549128521096,0.8081756132593796,0.07316358240454912,0.6083775607999999,0.6505592899920001,0.7465981471999998,0.1382205863999999,0.0,0.05307085508466666,0.18368027831309522,0.18368027831309522,0.12090781565312221,0.27572913469533084,0.5624999999999997,0.44159218434687747,0.18629409042594763,0.0,0.0,0.0,0.0,-7.649397319625661e-05
570,100,100,1.0,feasible,0.7350120308548305,0.7781237189498194,0.8081756132593796,0.07316358240454912,0.6083775607999999,0.6543056274479998,0.7465981471999998,0.1382205863999999,0.0,0.06167793534865477,0.18368027831309522,0.18368027831309522,0.12090781565312221,0.24180147864657575,0.5624999999999997,0.44159218434687747,0.18627747060984318,0.0,0.0,0.0,0.0,-1.6619816104457286e-05
571,100,100,1.0,feasible,0.7350120308548305,0.7740056550049708,0.8081756132593796,0.07316358240454912,0.6083775607999999,0.65142028228,0.7465981471999998,0.1382205863999999,0.0,0.053953201962975955,0.1982850667630952,0.1982850667630952,0.12090781565312221,0.26517540465126876,0.5624999999999997,0.44159218434687747,0.186385370955878,0.0,0.0,0.0,0.0,0.00010790034603483378
572,100,100,1.0,feasible,0.7350120308548305,0.7752364392505187,0.8081756132593796,0.07316358240454912,0.6083775607999999,0.6536536763119998,0.7465981471999998,0.1382205863999999,0.0,0.055444196398583806,0.1982850667630952,0.1982850667630952,0.12090781565312221,0.26133929075056667,0.5624999999999997,0.44159218434687747,0.18625053841785622,0.0,0.0,0.0,0.0,-0.00013483253802179518
573,100,100,1.0,feasible,0.7350120308548305,0.7722035168812026,0.8081756132593796,0.07316358240454912,0.6083775607999999,0.6455416644239999,0.7465981471999998,0.1382205863999999,0.0,0.059470273334005,0.1982850667630952,0.1982850667630952,0.12090781565312221,0.2743678472515218,0.5624999999999997,0.44159218434687747,0.18632746516588858,0.0,0.0,0.0,0.0,7.692674803236321e-05
574,100,100,1.0,feasible,0.7350120308548305,0.7736492303263391,0.8081756132593796,0.07316358240454912,0.6083775607999999,0.6464014741199999,0.7465981471999998,0.1382205863999999,0.0,0.0636084743524381,0.1982850667630952,0.1982850667630952,0.12090781565312221,0.26206521596187643,0.5624999999999997,0.44159218434687747,0.18627491911986643,0.0,0.0,0.0,0.0,-5.2546046022144965e-05
575,100,100,1.0,feasible,0.7350120308548305,0.7723955593061588,0.8081756132593796,0.07316358240454912,0.6083775607999999,0.6458040572239999,0.7465981471999998,0.1382205863999999,0.0,0.05918792239435833,0.1982850667630952,0.1982850667630952,0.12090781565312221,0.2698559159806832,0.5624999999999997,0.44159218434687747,0.18634063349991364,0.0,0.0,0.0,0.0,6.571438004721042e-05
576,100,100,1.0,feasible,0.7350120308548305,0.7738847110346571,0.8081756132593796,0.07316358240454912,0.6083775607999999,0.650097723136,0.7466570247999998,0.1382794639999999,0.0,0.058486873719894056,0.19831026556785714,0.19831026556785714,0.12090781565312221,0.26574854273207793,0.5624999999999997,0.44159218434687747,0.1863768808179568,0.0,0.0,0.0,0.0,3.624731804316439e-05
577,100,100,1.0,feasible,0.7350120308548305,0.7719648595067413,0.8081756132593796,0.07316358240454912,0.6083775607999999,0.646169533328,0.7466570247999998,0.1382794639999999,0.0,0.05841096149570893,0.19831026556785714,0.19831026556785714,0.12090781565312221,0.2749139959607612,0.5624999999999997,0.44159218434687747,0.18639919226020296,0.0,0.0,0.0,0.0,2.2311442246153446e-05
578,100,100,1.0,feasible,0.7350120308548305,0.7745403245661313,0.8081756132593796,0.07316358240454912,0.6083775607999999,0.652011968104,0.7466570247999998,0.1382794639999999,0.0,0.05513761715741276,0.18548590600714285,0.18548590600714285,0.12090781565312221,0.2647389755328121,0.5624999999999997,0.44159218434687747,0.18631424074610406,0.0,0.0,0.0,0.0,-8.495151409890211e-05
579,100,100,1.0,feasible,0.7350120308548305,0.7744012439807791,0.8081756132593796,0.07316358240454912,0.6083775607999999,0.6498787160559999,0.7466570247999998,0.1382794639999999,0.0,0.057937989221592524,0.18548590600714285,0.18548590600714285,0.12090781565312221,0.26450891560527995,0.5624999999999997,0.44159218434687747,0.18642441112987973,0.0,0.0,0.0,0.0,0.00011017038377567068
580,100,100,1.0,feasible,0.7350120308548305,0.773829293001413,0.8081756132593796,0.07316358240454912,0.6083775607999999,0.64877215824,0.7466570247999998,0.1382794639999999,0.0,0.057611935585365516,0.18548590600714285,0.18548590600714285,0.12090781565312221,0.26076868744631243,0.5624999999999997,0.44159218434687747,0.1864678875965013,0.0,0.0,0.0,0.0,4.347646662156146e-05
581,100,100,1.0,feasible,0.7350120308548305,0.7728885007866326,0.8081756132593796,0.07316358240454912,0.6083775607999999,0.6508548349279998,0.7466570247999998,0.1382794639999999,0.0,0.05211206137361422,0.18548590600714285,0.18548590600714285,0.12090781565312221,0.2726619251130841,0.5624999999999997,0.44159218434687747,0.186412207420745,0.0,0.0,0.0,0.0,-5.56801757563008e-05
582,100,100,1.0,feasible,0.7350120308548305,0.7744075543918859,0.8081756132593796,0.07316358240454912,0.6083775607999999,0.6521489848400001,0.7467931927999999,0.13841563199999996,0.0,0.05646604606082845,0.18548590600714285,0.18548590600714285,0.12090781565312221,0.26715447716620583,0.5624999999999997,0.44159218434687747,0.18634036111533775,0.0,0.0,0.0,0.0,-7.184630540724157e-05
583,100,100,1.0,feasible,0.7350120308548305,0.7740277319623949,0.8081756132593796,0.07316358240454912,0.6083775607999999,0.6500380165839998,0.7467931927999999,0.13841563199999996,0.0,0.05931006360490726,0.19262312533690476,0.19262312533690476,0.12090781565312221,0.26431275107249264,0.5624999999999997,0.44159218434687747,0.18638129924373187,0.0,0.0,0.0,0.0,4.093812839411903e-05
584,100,100,1.0,feasible,0.7350120308548305,0.7746614343990372,0.8081756132593796,0.07316358240454912,0.6083775607999999,0.651732025256,0.7467931927999999,0.13841563199999996,0.0,0.059813165257681315,0.19262312533690476,0.19262312533690476,0.12090781565312221,0.26437406094783783,0.5624999999999997,0.44159218434687747,0.18629532289453027,0.0,0.0,0.0,0.0,-8.597634920159969e-05
585,100,100,1.0,feasible,0.7350120308548305,0.7720903915851255,0.8081756132593796,0.07316358240454912,0.6083775607999999,0.6469778933519998,0.7467931927999999,0.13841563199999996,0.0,0.05889440121232785,0.19941551188809525,0.19941551188809525,0.12090781565312221,0.278310500531338,0.5624999999999997,0.44159218434687747,0.18630111238505426,0.0,0.0,0.0,0.0,5.789490523988583e-06
586,100,100,1.0,feasible,0.7350120308548305,0.7759454430144942,0.8081756132593796,0.07316358240454912,0.6083775607999999,0.6541393172879999,0.7432271727999998,0.1348496119999999,0.0,0.059073058206139895,0.19952472622190476,0.19952472622190476,0.12090781565312221,0.2598371995634451,0.5624999999999997,0.44159218434687747,0.1860851683528345,0.0,0.0,0.0,0.0,-0.00021594403221975034
587,100,100,1.0,feasible,0.7350120308548305,0.7736469053956709,0.8081756132593796,0.07316358240454912,0.6083775607999999,0.650922408896,0.7432271727999998,0.1348496119999999,0.0,0.056423284731717746,0.19941551188809525,0.19941551188809525,0.12090781565312221,0.27187317607643857,0.5624999999999997,0.44159218434687747,0.18614134151575518,0.0,0.0,0.0,0.0,5.617316292066965e-05
588,100,100,1.0,feasible,0.7350120308548305,0.7750321569950988,0.8081756132593796,0.07316358240454912,0.6083775607999999,0.653736122552,0.7432271727999998,0.1348496119999999,0.0,0.05701279264935441,0.19343777646428573,0.19343777646428573,0.12090781565312221,0.26512511530054705,0.5624999999999997,0.44159218434687747,0.18607968408292697,0.0,0.0,0.0,0.0,-6.165743282821046e-05
589,100,100,1.0,feasible,0.7350120308548305,0.7709957862600945,0.8081756132593796,0.07316358240454912,0.6083775607999999,0.6469245838640001,0.7434008751999999,0.13502331439999993,0.0,0.05733523311434846,0.19343777646428573,0.19343777646428573,0.12090781565312221,0.28239482203796734,0.5624999999999997,0.44159218434687747,0.18618831632345328,0.0,0.0,0.0,0.0,0.00010863224052631848
590,100,100,1.0,feasible,0.7350120308548305,0.7714755728855981,0.8081756132593796,0.07316358240454912,0.6083775607999999,0.6496020859519999,0.7434008751999999,0.13502331439999993,0.0,0.054528026163730835,0.19343777646428573,0.19343777646428573,0.12090781565312221,0.2816218461263312,0.5624999999999997,0.44159218434687747,0.1861444099702071,0.0,0.0,0.0,0.0,-4.390635324619252e-05
591,100,100,1.0,feasible,0.7350120308548305,0.7718628242949087,0.8081756132593796,0.07316358240454912,0.6083775607999999,0.6477612775679998,0.7434008751999999,0.13502331439999993,0.0,0.056670752774164404,0.1937158890583333,0.1937158890583333,0.12090781565312221,0.27610054912688553,0.5624999999999997,0.44159218434687747,0.18633336164014574,0.0,0.0,0.0,0.0,0.00018895166993865287
592,100,100,1.0,feasible,0.7350120308548305,0.7736798028517607,0.8081756132593796,0.07316358240454912,0.6083775607999999,0.6512079020239997,0.7434008751999999,0.13502331439999993,0.0,0.05742917394611334,0.1965242609297619,0.1965242609297619,0.12090781565312221,0.26802533859027794,0.5624999999999997,0.44159218434687747,0.1862647688496551,0.0,0.0,0.0,0.0,-6.859279049065137e-05
593,100,100,1.0,feasible,0.7350120308548305,0.7709738761891057,0.8081756132593796,0.07316358240454912,0.6083775607999999,0.6466086749839998,0.7434008751999999,0.13502331439999993,0.0,0.05671489331844119,0.19343777646428573,0.19343777646428573,0.12090781565312221,0.28106796017335683,0.5624999999999997,0.44159218434687747,0.18628799113818556,0.0,0.0,0.0,0.0,2.3222288530466706e-05
594,100,100,1.0,feasible,0.7350120308548305,0.7741596699457554,0.8081756132593796,0.07316358240454912,0.6083775607999999,0.6535675485839999,0.7434008751999999,0.13502331439999993,0.0,0.054338490767349645,0.19343777646428573,0.19343777646428573,0.12090781565312221,0.26813256243167155,0.5624999999999997,0.44159218434687747,0.18615899488213117,0.0,0.0,0.0,0.0,-0.00012899625605439224
595,100,100,1.0,feasible,0.7350120308548305,0.7726947168227721,0.8081756132593796,0.07316358240454912,0.6083775607999999,0.6485933666000001,0.7434008751999999,0.13502331439999993,0.0,0.05723656459543644,0.19348199624523812,0.19348199624523812,0.12090781565312221,0.27753673390428146,0.5624999999999997,0.44159218434687747,0.18616652703441655,0.0,0.0,0.0,0.0,7.532152285383287e-06
596,100,100,1.0,feasible,0.7350120308548305,0.7729322300437792,0.8081756132593796,0.07316358240454912,0.6083775607999999,0.6494351684799998,0.7434008751999999,0.13502331439999993,0.0,0.05837957316711788,0.19631587536071432,0.19631587536071432,0.12090781565312221,0.27025939050300674,0.5624999999999997,0.44159218434687747,0.1861520754804586,0.0,0.0,0.0,0.0,-1.4451553957961494e-05
597,100,100,1.0,feasible,0.7350120308548305,0.7740078239495578,0.8081756132593796,0.07316358240454912,0.6083775607999999,0.650710890176,0.7434008751999999,0.13502331439999993,0.0,0.05929589085670833,0.19631587536071432,0.19631587536071432,0.12090781565312221,0.26621424982213604,0.5624999999999997,0.44159218434687747,0.18621887857342062,0.0,0.0,0.0,0.0,6.680309296203113e-05
598,100,100,1.0,feasible,0.7350120308548305,0.7740616689419706,0.8081756132593796,0.07316358240454912,0.6083775607999999,0.6502695107599998,0.7434008751999999,0.13502331439999993,0.0,0.06194445381414166,0.19631587536071432,0.19631587536071432,0.12090781565312221,0.26572025550019146,0.5624999999999997,0.44159218434687747,0.18625969230983375,0.0,0.0,0.0,0.0,4.081373641312558e-05
599,100,100,1.0,feasible,0.7350120308548305,0.7713593139936862,0.8081756132593796,0.07316358240454912,0.6083775607999999,0.6445372500639999,0.7434008751999999,0.13502331439999993,0.0,0.06202020171036238,0.19631587536071432,0.19631587536071432,0.12090781565312221,0.280980889719888,0.5624999999999997,0.44159218434687747,0.1862298543018687,0.0,0.0,0.0,0.0,-2.983800796504954e-05
600,100,100,1.0,feasible,0.7350120308548305,0.7730725674899273,0.8081756132593796,0.07316358240454912,0.6083775607999999,0.6465721258559999,0.7434008751999999,0.13502331439999993,0.0,0.06227501268815381,0.1967798720345238,0.1967798720345238,0.12090781565312221,0.27521783557555557,0.5624999999999997,0.44159218434687747,0.18624013705546882,0.0,0.0,0.0,0.0,1.0282753600127092e-05
601,100,100,1.0,feasible,0.7350120308548305,0.7737698920708841,0.8082147578183594,0.07320272696352892,0.6083775607999999,0.650656427256,0.7434008751999999,0.13502331439999993,0.0,0.05844890970543593,0.19180816331309522,0.19180816331309522,0.12085195379827728,0.267669752369848,0.5624999999999997,0.4416480462017224,0.18622385567167998,0.0,0.0,0.0,5.586185484493522e-05,-1.628138378884092e-05
602,100,100,1.0,feasible,0.7350120308548305,0.7739198970566689,0.8082147578183594,0.07320272696352892,0.6083775607999999,0.649365027688,0.7449400592,0.1365624984,0.0,0.0610115465776431,0.19180816331309522,0.19180816331309522,0.12085195379827728,0.2703191787351969,0.5624999999999997,0.4416480462017224,0.18630472221098662,0.0,0.0,0.0,0.0,8.08665393066399e-05
603,100,100,1.0,feasible,0.7350120308548305,0.7733519494723805,0.8082147578183594,0.07320272696352892,0.6083775607999999,0.6502004923119997,0.7449400592,0.1365624984,0.0,0.05671626005379595,0.19180816331309522,0.19180816331309522,0.12085195379827728,0.2721807825071868,0.5624999999999997,0.4416480462017224,0.18622651269926338,0.0,0.0,0.0,0.0,-7.820951172324286e-05
604,100,100,1.0,feasible,0.7350120308548305,0.773136783240891,0.8082147578183594,0.07320272696352892,0.6083775607999999,0.648000015776,0.7449400592,0.1365624984,0.0,0.05996496918942385,0.19180816331309522,0.19180816331309522,0.12085195379827728,0.27135080419530694,0.5624999999999997,0.4416480462017224,0.18625928815523576,0.0,0.0,0.0,0.0,3.277545597238363e-05
605,100,100,1.0,feasible,0.7350120308548305,0.7748920499537788,0.8082147578183594,0.07320272696352892,0.6083775607999999,0.651904231952,0.7449400592,0.1365624984,0.0,0.05827163660202172,0.19180816331309522,0.19180816331309522,0.12085195379827728,0.26418910658652983,0.5624999999999997,0.4416480462017224,0.1862374776346521,0.0,0.0,0.0,0.0,-2.18105205836705e-05
606,100,100,1.0,feasible,0.7350120308548305,0.774095798730225,0.8082147578183594,0.07320272696352892,0.6083775607999999,0.6501698431279999,0.7452606512,0.13688309040000002,0.0,0.05880465963831071,0.19180816331309522,0.19180816331309522,0.12085195379827728,0.26773659761937985,0.5624999999999997,0.4416480462017224,0.18624527921252892,0.0,0.0,0.0,0.0,7.801577876831445e-06
607,100,100,1.0,feasible,0.7350120308548305,0.7739456958871855,0.8082147578183594,0.07320272696352892,0.6083775607999999,0.6498310383359999,0.7452606512,0.13688309040000002,0.0,0.0581606148005632,0.19180816331309522,0.19180816331309522,0.12085195379827728,0.26845649214554307,0.5624999999999997,0.4416480462017224,0.1863042885906305,0.0,0.0,0.0,0.0,5.900937810157658e-05
608,100,100,1.0,feasible,0.7350120308548305,0.7732765286370852,0.8082147578183594,0.07320272696352892,0.6083775607999999,0.6506026283599998,0.7452606512,0.13688309040000002,0.0,0.0539321224153512,0.19374297169166665,0.19374297169166665,0.12085195379827728,0.2744124974418847,0.5624999999999997,0.4416480462017224,0.18638339492287986,0.0,0.0,0.0,0.0,7.910633224936237e-05
609,100,100,1.0,feasible,0.7350120308548305,0.7742591007918651,0.8082147578183594,0.07320272696352892,0.6083775607999999,0.6498910408559999,0.7452606512,0.13688309040000002,0.0,0.05862191766593095,0.19374297169166665,0.19374297169166665,0.12085195379827728,0.267288866794331,0.5624999999999997,0.4416480462017224,0.1863534813781676,0.0,0.0,0.0,0.0,-2.9913544712267814e-05
610,100,100,1.0,feasible,0.7350120308548305,0.7751863181187102,0.8082147578183594,0.07320272696352892,0.6083775607999999,0.6510477143839999,0.7452606512,0.13688309040000002,0.0,0.06032391088585713,0.19374297169166665,0.19374297169166665,0.12085195379827728,0.25930821932333936,0.5624999999999997,0.4416480462017224,0.18630995202502448,0.0,0.0,0.0,0.0,-4.352935314311246e-05
611,100,100,1.0,feasible,0.7350120308548305,0.774405300950587,0.8082147578183594,0.07320272696352892,0.6083775607999999,0.649217470376,0.7452606512,0.13688309040000002,0.0,0.060397795483653566,0.19184588440357145,0.19184588440357145,0.12085195379827728,0.26066384214248134,0.5624999999999997,0.4416480462017224,0.1863448374692229,0.0,0.0,0.0,0.0,3.488544419841255e-05
612,100,100,1.0,feasible,0.7350120308548305,0.773815222597806,0.8082147578183594,0.07320272696352892,0.6083775607999999,0.6475914936639998,0.7452606512,0.13688309040000002,0.0,0.06151532538652572,0.19184588440357145,0.19184588440357145,0.12085195379827728,0.26766695555270176,0.5624999999999997,0.4416480462017224,0.18624664033494784,0.0,0.0,0.0,0.0,-9.819713427505761e-05
613,100,100,1.0,feasible,0.7350120308548305,0.7728802921886174,0.8082147578183594,0.07320272696352892,0.6083775607999999,0.64588627332,0.7452606512,0.13688309040000002,0.0,0.06204669758715786,0.19184588440357145,0.19184588440357145,0.12085195379827728,0.27158486241940055,0.5624999999999997,0.4416480462017224,0.18634664485735208,0.0,0.0,0.0,0.0,0.00010000452240424562
614,100,100,1.0,feasible,0.7350120308548305,0.7744996761533497,0.8082147578183594,0.07320272696352892,0.6083775607999999,0.6509903231119999,0.7452606512,0.13688309040000002,0.0,0.05971848318061261,0.19469890148690475,0.19469890148690475,0.12085195379827728,0.26437997118590884,0.5624999999999997,0.4416480462017224,0.18629538912866445,0.0,0.0,0.0,0.0,-5.125572868763806e-05
615,100,100,1.0,feasible,0.7350120308548305,0.7742365967976558,0.8082147578183594,0.07320272696352892,0.6083775607999999,0.6494975521359998,0.7452606512,0.13688309040000002,0.0,0.06191759912491857,0.19469890148690475,0.19469890148690475,0.12085195379827728,0.2615828685221296,0.5624999999999997,0.4416480462017224,0.1863193761929845,0.0,0.0,0.0,0.0,2.3987064320052376e-05
616,100,100,1.0,feasible,0.7350120308548305,0.7728005776734166,0.8082147578183594,0.07320272696352892,0.6083775607999999,0.646712147864,0.7452606512,0.13688309040000002,0.0,0.06204865293361108,0.19469890148690475,0.19469890148690475,0.12085195379827728,0.27239483782514673,0.5624999999999997,0.4416480462017224,0.18630084966701688,0.0,0.0,0.0,0.0,-1.85265259676215e-05
617,100,100,1.0,feasible,0.7350120308548305,0.7752228212800657,0.8082267545741542,0.0732147237193237,0.6083775607999999,0.6497985075759999,0.7452606512,0.13688309040000002,0.0,0.06572121119044333,0.19469890148690475,0.19469890148690475,0.1208005846653467,0.25940233474061025,0.5624999999999997,0.44169941533465296,0.18635113169846168,0.0,0.0,0.0,5.1369132930578765e-05,5.028203144480381e-05
618,100,100,1.0,feasible,0.7350120308548305,0.77422748100832,0.8082267545741542,0.0732147237193237,0.6083775607999999,0.649002627392,0.7452606512,0.13688309040000002,0.0,0.06194430934843976,0.19469890148690475,0.19469890148690475,0.1208005846653467,0.26525569984950803,0.5624999999999997,0.44169941533465296,0.18635872075194884,0.0,0.0,0.0,0.0,7.5890534871614346e-06
619,100,100,1.0,feasible,0.7350120308548305,0.7724863640590933,0.8082267545741542,0.0732147237193237,0.6083775607999999,0.6480932584399999,0.7452606512,0.13688309040000002,0.0,0.058225690049055236,0.19469890148690475,0.19469890148690475,0.1208005846653467,0.277366643284992,0.5624999999999997,0.44169941533465296,0.18623344475500173,0.0,0.0,0.0,0.0,-0.00012527599694711622
620,100,100,1.0,feasible,0.7350120308548305,0.7761201137128705,0.8082267545741542,0.0732147237193237,0.6083775607999999,0.6522047877839999,0.7452606512,0.13688309040000002,0.0,0.0643886719140806,0.19469890148690475,0.19469890148690475,0.1208005846653467,0.25541248041812403,0.5624999999999997,0.44169941533465296,0.18613073291647214,0.0,0.0,0.0,0.0,-0.00010271183852958443
621,100,100,1.0,feasible,0.7350120308548305,0.7710427915877419,0.8082267545741542,0.0732147237193237,0.6083775607999999,0.646708040984,0.7452606512,0.13688309040000002,0.0,0.059064578282380716,0.19469890148690475,0.19469890148690475,0.1208005846653467,0.2811328787108561,0.5624999999999997,0.44169941533465296,0.18619201745629096,0.0,0.0,0.0,0.0,6.128453981882331e-05
622,100,100,1.0,feasible,0.7350120308548305,0.7750825852990424,0.8082267545741542,0.0732147237193237,0.6083775607999999,0.6531639397119998,0.7452606512,0.13688309040000002,0.0,0.060586842925020666,0.19469890148690475,0.19469890148690475,0.1208005846653467,0.2631265239850566,0.5624999999999997,0.44169941533465296,0.186221584785925,0.0,0.0,0.0,0.0,2.9567329634022643e-05
623,100,100,1.0,feasible,0.7350120308548305,0.771826713975372,0.8082267545741542,0.0732147237193237,0.6083775607999999,0.6483490610079998,0.7452606512,0.13688309040000002,0.0,0.05814726915799973,0.1952845739095238,0.1952845739095238,0.1208005846653467,0.27957857762986565,0.5624999999999997,0.44169941533465296,0.18616598436847936,0.0,0.0,0.0,0.0,-5.560041744562261e-05
624,100,100,1.0,feasible,0.7350120308548305,0.773531252622399,0.8082267545741542,0.0732147237193237,0.6083775607999999,0.649044537944,0.7452606512,0.13688309040000002,0.0,0.06148090750247191,0.19594999712261907,0.19594999712261907,0.1208005846653467,0.26801135252744085,0.5624999999999997,0.44169941533465296,0.18605417533911112,0.0,0.0,0.0,0.0,-0.00011180902936824832
625,100,100,1.0,feasible,0.7350120308548305,0.7735441938150803,0.8082267545741542,0.0732147237193237,0.6083775607999999,0.6498526169679999,0.7453049199999999,0.1369273592,0.0,0.057379596935254046,0.19594999712261907,0.19594999712261907,0.1208005846653467,0.272419648057747,0.5624999999999997,0.44169941533465296,0.18627429298066794,0.0,0.0,0.0,0.0,0.00022011764155682734
626,100,100,1.0,feasible,0.7350120308548305,0.7748464686759803,0.8082267545741542,0.0732147237193237,0.6083775607999999,0.6496009715119999,0.7453049199999999,0.1369273592,0.0,0.0619245882116606,0.19594999712261907,0.19594999712261907,0.1208005846653467,0.26561633237141924,0.5624999999999997,0.44169941533465296,0.18617508277077988,0.0,0.0,0.0,0.0,-9.921020988806761e-05
627,100,100,1.0,feasible,0.7350120308548305,0.77374001320967,0.8082267545741542,0.0732147237193237,0.6083775607999999,0.6495140584239999,0.7453049199999999,0.1369273592,0.0,0.059732539226215374,0.19594999712261907,0.19594999712261907,0.1208005846653467,0.2714200610234613,0.5624999999999997,0.44169941533465296,0.18613511984253828,0.0,0.0,0.0,0.0,-3.9962928241599194e-05
628,100,100,1.0,feasible,0.7350120308548305,0.7729130975337065,0.8082267545741542,0.0732147237193237,0.6083775607999999,0.649604103536,0.7453049199999999,0.1369273592,0.0,0.057489785418852024,0.19594999712261907,0.19594999712261907,0.1208005846653467,0.2799339824120007,0.5624999999999997,0.44169941533465296,0.18617570950290946,0.0,0.0,0.0,0.0,4.0589660371181946e-05
629,100,100,1.0,feasible,0.7350120308548305,0.7764216257844521,0.8102834290024943,0.07527139814766381,0.6083775607999999,0.6550860919439998,0.7453049199999999,0.1369273592,0.0,0.06000737940905809,0.19572498320238094,0.19572498320238094,0.1208005846653467,0.2557937694563911,0.5624999999999997,0.44169941533465296,0.18603031648834084,0.0,0.0,0.0,0.0,-0.00014539301456861775
630,100,100,1.0,feasible,0.7350120308548305,0.7750518455976488,0.8102834290024943,0.07527139814766381,0.6083775607999999,0.651414456088,0.7453049199999999,0.1369273592,0.0,0.06094995993257501,0.19720209427976196,0.19720209427976196,0.1208005846653467,0.2660983467914986,0.5624999999999997,0.44169941533465296,0.1861361396451445,0.0,0.0,0.0,0.0,0.00010582315680365828
631,100,100,1.0,feasible,0.7350120308548305,0.7743191843842117,0.8107338841504892,0.07572185329565873,0.6083775607999999,0.6528693090479999,0.7453049199999999,0.1369273592,0.0,0.055039893876547376,0.19720209427976196,0.19720209427976196,0.1208005846653467,0.27176017349965526,0.5624999999999997,0.44169941533465296,0.18616830768117962,0.0,0.0,0.0,0.0,3.216803603511842e-05
632,100,100,1.0,feasible,0.7350120308548305,0.7748730436650795,0.8107338841504892,0.07572185329565873,0.6083775607999999,0.6503663824079999,0.7453049199999999,0.1369273592,0.0,0.061241494280477385,0.19730284107857143,0.19730284107857143,0.1208005846653467,0.265804274358258,0.5624999999999997,0.44169941533465296,0.18610248999312554,0.0,0.0,0.0,0.0,-6.581768805408172e-05
633,100,100,1.0,feasible,0.7350120308548305,0.7750435856321836,0.8107338841504892,0.07572185329565873,0.6083775607999999,0.6526464178320001,0.7453049199999999,0.1369273592,0.0,0.05846123145376358,0.19730284107857143,0.19730284107857143,0.1208005846653467,0.26853153073134783,0.5624999999999997,0.44169941533465296,0.18603624665096077,0.0,0.0,0.0,0.0,-6.624334216476235e-05
634,100,100,1.0,feasible,0.7350120308548305,0.7751344422418154,0.8107338841504892,0.07572185329565873,0.6083775607999999,0.653362858304,0.7453049199999999,0.1369273592,0.0,0.05929307867465512,0.19730284107857143,0.19730284107857143,0.1208005846653467,0.2675745439746966,0.5624999999999997,0.44169941533465296,0.1860755507731745,0.0,0.0,0.0,0.0,3.930412221372914e-05
635,100,100,1.0,feasible,0.7350120308548305,0.7752512267795162,0.8107338841504892,0.07572185329565873,0.6083775607999999,0.6552636980559998,0.7453049199999999,0.1369273592,0.0,0.05674952713171763,0.1976574547380952,0.1976574547380952,0.1208005846653467,0.26870871295785925,0.5624999999999997,0.44169941533465296,0.18612930172117387,0.0,0.0,0.0,0.0,5.375094799936475e-05
636,100,100,1.0,feasible,0.7350120308548305,0.7751090524837355,0.8118836936842656,0.07687166282943514,0.6083775607999999,0.6527644818479998,0.7453049199999999,0.1369273592,0.0,0.06026293349611166,0.1976574547380952,0.1976574547380952,0.1208005846653467,0.26596522635143205,0.5624999999999997,0.44169941533465296,0.1861832262918618,0.0,0.0,0.0,0.0,5.3924570687924334e-05
637,100,100,1.0,feasible,0.7350120308548305,0.7753154395766836,0.8126474362932341,0.07763540543840364,0.6083775607999999,0.6535043059919999,0.7453049199999999,0.1369273592,0.0,0.06136353888235023,0.1976574547380952,0.1976574547380952,0.1208005846653467,0.26639698168932957,0.5624999999999997,0.44169941533465296,0.186116689225423,0.0,0.0,0.0,0.0,-6.65370664388043e-05
638,100,100,1.0,feasible,0.7350120308548305,0.7727964363673627,0.8126474362932341,0.07763540543840364,0.6083775607999999,0.6493850467519999,0.7453049199999999,0.1369273592,0.0,0.060701539825038335,0.1976574547380952,0.1976574547380952,0.1208005846653467,0.2808648271100596,0.5624999999999997,0.44169941533465296,0.18604688161933963,0.0,0.0,0.0,0.0,-6.980760608335523e-05
639,100,100,1.0,feasible,0.7350120308548305,0.7728414093855197,0.8129710966633527,0.07795906580852219,0.6083775607999999,0.6484261852639999,0.7453049199999999,0.1369273592,0.0,0.06227929084775715,0.19766183951071428,0.19766183951071428,0.1208005846653467,0.2759017540464178,0.5624999999999997,0.44169941533465296,0.18609141111494787,0.0,0.0,0.0,0.0,4.452949560823649e-05
640,100,100,1.0,feasible,0.7350120308548305,0.7739041627134461,0.8129710966633527,0.07795906580852219,0.6083775607999999,0.6495300149359999,0.7453049199999999,0.1369273592,0.0,0.06336010917718359,0.19766183951071428,0.19766183951071428,0.1208005846653467,0.27244049096014916,0.5624999999999997,0.44169941533465296,0.1861176796974749,0.0,0.0,0.0,0.0,2.6268582527022577e-05
641,100,100,1.0,feasible,0.7350120308548305,0.7762680816841958,0.8141219811452393,0.07910995029040879,0.6083775607999999,0.6584119628959999,0.7453049199999999,0.1369273592,0.0,0.05550504701815024,0.19938600423595237,0.19938600423595237,0.1208005846653467,0.26756307562824055,0.5624999999999997,0.44169941533465296,0.18603530597317547,0.0,0.0,0.0,0.0,-8.237372429942269e-05
642,100,100,1.0,feasible,0.7350120308548305,0.774728339847906,0.8141219811452393,0.07910995029040879,0.6083775607999999,0.65390002344,0.7453049199999999,0.1369273592,0.0,0.05837244029150429,0.19938600423595237,0.19938600423595237,0.1208005846653467,0.2747000015557523,0.5624999999999997,0.44169941533465296,0.18598658011836663,0.0,0.0,0.0,0.0,-4.872585480883429e-05
643,100,100,1.0,feasible,0.7350120308548305,0.7762604639657787,0.8141219811452393,0.07910995029040879,0.6083775607999999,0.65217101836,0.7453049199999999,0.1369273592,0.0,0.06603587826180238,0.19938600423595237,0.19938600423595237,0.1208005846653467,0.25953639985403404,0.5624999999999997,0.44169941533465296,0.18617098030811008,0.0,0.0,0.0,0.0,0.0001844001897434444
644,100,100,1.0,feasible,0.7350120308548305,0.775503594984564,0.8141219811452393,0.07910995029040879,0.6083775607999999,0.6541765590959998,0.7453049199999999,0.1369273592,0.0,0.05983243442320714,0.19938600423595237,0.19938600423595237,0.1208005846653467,0.26383135053523327,0.5624999999999997,0.44169941533465296,0.18612240777039002,0.0,0.0,0.0,0.0,-4.857253772005965e-05
645,100,100,1.0,feasible,0.7350120308548305,0.7755933944281653,0.8141219811452393,0.07910995029040879,0.6083775607999999,0.6531541619279999,0.7453049199999999,0.1369273592,0.0,0.061821253857355235,0.20052848608857143,0.20052848608857143,0.1208005846653467,0.26341596160940617,0.5624999999999997,0.44169941533465296,0.1862096539434445,0.0,0.0,0.0,0.0,8.724617305447269e-05
646,100,100,1.0,feasible,0.7350120308548305,0.7748930198943016,0.8141219811452393,0.07910995029040879,0.6083775607999999,0.6532125116719999,0.7453049199999999,0.1369273592,0.0,0.05977545879014762,0.18355688222785715,0.18355688222785715,0.1208005846653467,0.26876539065861327,0.5624999999999997,0.44169941533465296,0.18595347778127058,0.0,0.0,0.0,0.0,-0.00025617616217391004
647,100,100,1.0,feasible,0.7350120308548305,0.7758079487685973,0.8141219811452393,0.07910995029040879,0.6083775607999999,0.65544345768,0.7453049199999999,0.1369273592,0.0,0.059798541758329514,0.1855230455559524,0.1855230455559524,0.1208005846653467,0.26628187789860597,0.5624999999999997,0.44169941533465296,0.18583745214580655,0.0,0.0,0.0,0.0,-0.00011602563546403433
648,100,100,1.0,feasible,0.7350120308548305,0.7738444897511033,0.8141219811452393,0.07910995029040879,0.6083775607999999,0.6522379788719997,0.7453049199999999,0.1369273592,0.0,0.058489003868293095,0.1855230455559524,0.1855230455559524,0.1208005846653467,0.274803669248072,0.5624999999999997,0.44169941533465296,0.18588858963435725,0.0,0.0,0.0,0.0,5.1137488550706545e-05
649,100,100,1.0,feasible,0.7350120308548305,0.7727087261664312,0.8141219811452393,0.07910995029040879,0.6083775607999999,0.647730729592,0.7453049199999999,0.1369273592,0.0,0.06347899622207215,0.18668077612007142,0.18668077612007142,0.1208005846653467,0.2751664517764248,0.5624999999999997,0.44169941533465296,0.18605901385128468,0.0,0.0,0.0,0.0,0.00017042421692742282
650,100,100,1.0,feasible,0.7350120308548305,0.7745338188277259,0.8141219811452393,0.07910995029040879,0.6083775607999999,0.6519121102879999,0.7453049199999999,0.1369273592,0.0,0.06221286440006739,0.18758767755595238,0.18758767755595238,0.1208005846653467,0.26654321164378714,0.5624999999999997,0.44169941533465296,0.18599370182311148,0.0,0.0,0.0,0.0,-6.531202817319781e-05
651,100,100,1.0,feasible,0.7350120308548305,0.7735461916191372,0.8141219811452393,0.07910995029040879,0.6083775607999999,0.6521411366559999,0.7453049199999999,0.1369273592,0.0,0.05875921121242453,0.18758767755595238,0.18758767755595238,0.1208005846653467,0.27369218085097075,0.5624999999999997,0.44169941533465296,0.18600306766438285,0.0,0.0,0.0,0.0,9.365841271369302e-06
652,100,100,1.0,feasible,0.7350120308548305,0.7726584773254496,0.8142744172640539,0.07926238640922345,0.6083775607999999,0.6500522936639999,0.7453049199999999,0.1369273592,0.0,0.06013330489212071,0.18800305849166665,0.18800305849166665,0.1208005846653467,0.27761114739828363,0.5624999999999997,0.44169941533465296,0.18590977811669182,0.0,0.0,0.0,0.0,-9.328954769102782e-05
653,100,100,1.0,feasible,0.7350120308548305,0.7727303452653794,0.8142744172640539,0.07926238640922345,0.6083775607999999,0.6484512303519999,0.7453049199999999,0.1369273592,0.0,0.0634570282213375,0.1980387595285714,0.1980387595285714,0.1208005846653467,0.2747186009182888,0.5624999999999997,0.44169941533465296,0.18592205785012136,0.0,0.0,0.0,0.0,1.227973342954325e-05
654,100,100,1.0,feasible,0.7350120308548305,0.7745047861249195,0.8142744172640539,0.07926238640922345,0.6083775607999999,0.6496582847999999,0.7453049199999999,0.1369273592,0.0,0.06661423228661822,0.19837429478690474,0.19837429478690474,0.1208005846653467,0.26626715521956457,0.5624999999999997,0.44169941533465296,0.18603741795847448,0.0,0.0,0.0,0.0,0.00011536010835311306
655,100,100,1.0,feasible,0.7350120308548305,0.7742319999624998,0.8142744172640539,0.07926238640922345,0.6083775607999999,0.65124978004,0.7453049199999999,0.1369273592,0.0,0.06134389059883428,0.19837429478690474,0.19837429478690474,0.1208005846653467,0.2687483244499015,0.5624999999999997,0.44169941533465296,0.18606690760177386,0.0,0.0,0.0,0.0,2.9489643299379642e-05
656,100,100,1.0,feasible,0.7350120308548305,0.7739726770394012,0.8142744172640539,0.07926238640922345,0.6083775607999999,0.6489752835279999,0.7453049199999999,0.1369273592,0.0,0.06436853550638785,0.19837429478690474,0.19837429478690474,0.1208005846653467,0.2664371454025398,0.5624999999999997,0.44169941533465296,0.1861093154369156,0.0,0.0,0.0,0.0,4.240783514175561e-05
657,100,100,1.0,feasible,0.7350120308548305,0.7730651651195647,0.8082267545741542,0.0732147237193237,0.6083775607999999,0.6502519744559998,0.7453049199999999,0.1369273592,0.0,0.05954637520026226,0.19839278495119048,0.19839278495119048,0.1208005846653467,0.274938205233097,0.5624999999999997,0.44169941533465296,0.18610963312246398,0.0,0.0,0.0,0.0,3.176855483677521e-07
658,100,100,1.0,feasible,0.7350120308548305,0.7748971356801494,0.8082267545741542,0.0732147237193237,0.6083775607999999,0.65252816352,0.7453049199999999,0.1369273592,0.0,0.060546973244474195,0.1932431221154762,0.1932431221154762,0.1208005846653467,0.26194374909643825,0.5624999999999997,0.44169941533465296,0.1862012211648228,0.0,0.0,0.0,0.0,9.158804235881446e-05
659,100,100,1.0,feasible,0.7350120308548305,0.7734596965735263,0.8082267545741542,0.0732147237193237,0.6083775607999999,0.6510913556719998,0.7453049199999999,0.1369273592,0.0,0.05832910124797658,0.1932431221154762,0.1932431221154762,0.1208005846653467,0.2700462548834388,0.5624999999999997,0.44169941533465296,0.18621454916820557,0.0,0.0,0.0,0.0,1.332800338277318e-05
660,100,100,1.0,feasible,0.7350120308548305,0.7741726859252087,0.8082267545741542,0.0732147237193237,0.6083775607999999,0.651039196056,0.7453049199999999,0.1369273592,0.0,0.06164876051583538,0.1932431221154762,0.1932431221154762,0.1208005846653467,0.26639588383265767,0.5624999999999997,0.44169941533465296,0.18616204813659265,0.0,0.0,0.0,0.0,-5.250103161291708e-05
661,100,100,1.0,feasible,0.7350120308548305,0.7721097689951687,0.8082267545741542,0.0732147237193237,0.6083775607999999,0.6464276537199999,0.7453049199999999,0.1369273592,0.0,0.06411425908725062,0.1932431221154762,0.1932431221154762,0.1208005846653467,0.2770737612433,0.5624999999999997,0.44169941533465296,0.18610836619074897,0.0,0.0,0.0,0.0,-5.368194584368102e-05
662,100,100,1.0,feasible,0.7350120308548305,0.7737179986595849,0.8082267545741542,0.0732147237193237,0.6083775607999999,0.649247493656,0.7453049199999999,0.1369273592,0.0,0.06452778645317847,0.19395106805238096,0.19395106805238096,0.1208005846653467,0.27044894680888815,0.5624999999999997,0.44169941533465296,0.18607390703686114,0.0,0.0,0.0,0.0,-3.4459153887833605e-05
663,100,100,1.0,feasible,0.7350120308548305,0.7729128184178395,0.8082267545741542,0.0732147237193237,0.6083775607999999,0.6491949899839998,0.7453049199999999,0.1369273592,0.0,0.06284379783653439,0.19395106805238096,0.19395106805238096,0.1208005846653467,0.2773668823088191,0.5624999999999997,0.44169941533465296,0.18599238894258002,0.0,0.0,0.0,0.0,-8.151809428111334e-05
664,100,100,1.0,feasible,0.7350120308548305,0.7732183704777352,0.8074490286571435,0.07243699780231305,0.6083775607999999,0.6456603769039999,0.7453049199999999,0.1369273592,0.0,0.06873462960731024,0.19395106805238096,0.19395106805238096,0.12074275379307588,0.2704044458103242,0.5624999999999997,0.4417572462069238,0.1859898729075123,0.0,0.0,0.0,5.7830872270819844e-05,-2.5160350677344567e-06
665,100,100,1.0,feasible,0.7350120308548305,0.7762380523424554,0.809050421223379,0.07403839036854853,0.6083775607999999,0.6537393161039999,0.7453049199999999,0.1369273592,0.0,0.0639992032149419,0.19395106805238096,0.19395106805238096,0.12074275379307588,0.2590488619133244,0.5624999999999997,0.4417572462069238,0.18608360463259666,0.0,0.0,0.0,0.0,9.373172508436722e-05
666,100,100,1.0,feasible,0.7350120308548305,0.7731225531282158,0.809050421223379,0.07403839036854853,0.6083775607999999,0.6490704731279999,0.7453049199999999,0.1369273592,0.0,0.06332100317070644,0.19455427647380952,0.19455427647380952,0.12074275379307588,0.275534357196025,0.5624999999999997,0.4417572462069238,0.18619837611438259,0.0,0.0,0.0,0.0,0.00011477148178593022
667,100,100,1.0,feasible,0.7350120308548305,0.7740617969171333,0.809050421223379,0.07403839036854853,0.6083775607999999,0.6502785000879999,0.7453049199999999,0.1369273592,0.0,0.06343988520813762,0.19455427647380952,0.19455427647380952,0.12074275379307588,0.2693276671199548,0.5624999999999997,0.4417572462069238,0.18627122077090452,0.0,0.0,0.0,0.0,7.28446565219365e-05
668,100,100,1.0,feasible,0.7350120308548305,0.7728563945458984,0.809050421223379,0.07403839036854853,0.6083775607999999,0.650116220776,0.7453049199999999,0.1369273592,0.0,0.05971679438642608,0.19455427647380952,0.19455427647380952,0.12074275379307588,0.2738530791541027,0.5624999999999997,0.4417572462069238,0.18625922089933983,0.0,0.0,0.0,0.0,-1.1999871564694065e-05
669,100,100,1.0,feasible,0.7350120308548305,0.7729147065869568,0.809050421223379,0.07403839036854853,0.6083775607999999,0.648036600888,0.7453049199999999,0.1369273592,0.0,0.06376535502444011,0.19455427647380952,0.19455427647380952,0.12074275379307588,0.2697583705846077,0.5624999999999997,0.4417572462069238,0.1862399392322679,0.0,0.0,0.0,0.0,-1.928166707193535e-05
670,100,100,1.0,feasible,0.7350120308548305,0.774371989073483,0.809050421223379,0.07403839036854853,0.6083775607999999,0.6502258647759999,0.7453049199999999,0.1369273592,0.0,0.0638203480107706,0.19530019435745238,0.19530019435745238,0.12074275379307588,0.26293414835635465,0.5624999999999997,0.4417572462069238,0.18631054386491858,0.0,0.0,0.0,0.0,7.060463265068373e-05
671,100,100,1.0,feasible,0.7350120308548305,0.773085615708231,0.809050421223379,0.07403839036854853,0.6083775607999999,0.648581696064,0.7453049199999999,0.1369273592,0.0,0.06170729239849715,0.19530019435745238,0.19530019435745238,0.1199902824498513,0.2726811314343861,0.5624999999999997,0.44250971755014834,0.18635345688844063,0.0,0.0,0.0,0.0007524713432245783,4.291302352205095e-05
672,100,100,1.0,feasible,0.7350120308548305,0.7747996965368985,0.809050421223379,0.07403839036854853,0.6083775607999999,0.6471293776239999,0.7455598695999999,0.13718230879999993,0.0,0.06875307287576553,0.19530019435745238,0.19530019435745238,0.1199902824498513,0.2610384082728933,0.5624999999999997,0.44250971755014834,0.1863400679541274,0.0,0.0,0.0,0.0,-1.3388934313240952e-05
673,100,100,1.0,feasible,0.7350120308548305,0.7720051991497044,0.8092335432473444,0.07422151239251396,0.6083775607999999,0.6445415806879999,0.7456072383999999,0.13722967759999993,0.0,0.06427305192556672,0.19530019435745238,0.19530019435745238,0.1199902824498513,0.2739926495379283,0.5624999999999997,0.44250971755014834,0.18632518787991775,0.0,0.0,0.0,0.0,-1.4880074209633332e-05
674,100,100,1.0,feasible,0.7350120308548305,0.7744447786937717,0.8092335432473444,0.07422151239251396,0.6083775607999999,0.648363466024,0.7456072383999999,0.13722967759999993,0.0,0.06603697295101975,0.19530019435745238,0.19530019435745238,0.1199902824498513,0.2611884032425838,0.5624999999999997,0.44250971755014834,0.1863854606473495,0.0,0.0,0.0,0.0,6.0272767431757135e-05
675,100,100,1.0,feasible,0.7350120308548305,0.7715403373013797,0.8092335432473444,0.07422151239251396,0.6083775607999999,0.647478086048,0.7456072383999999,0.13722967759999993,0.0,0.05833593833504167,0.19733566021904764,0.19733566021904764,0.1199902824498513,0.2790672835880656,0.5624999999999997,0.44250971755014834,0.18637627218046468,0.0,0.0,0.0,0.0,-9.18846688482966e-06
676,100,100,1.0,feasible,0.7350120308548305,0.7739864520267559,0.8092335432473444,0.07422151239251396,0.6083775607999999,0.6508061200239998,0.7456072383999999,0.13722967759999993,0.0,0.05923687716989665,0.19733566021904764,0.19733566021904764,0.1199902824498513,0.2688670998894657,0.5624999999999997,0.44250971755014834,0.18649151134777403,0.0,0.0,0.0,0.0,0.00011523916730935002
677,100,100,1.0,feasible,0.7350120308548305,0.7739229758385224,0.8092335432473444,0.07422151239251396,0.6083775607999999,0.6509654283359998,0.7456072383999999,0.13722967759999993,0.0,0.05890737388618119,0.19733566021904764,0.19733566021904764,0.1199902824498513,0.2707463397799653,0.5624999999999997,0.44250971755014834,0.18644725366049109,0.0,0.0,0.0,0.0,-4.425768728294477e-05
678,100,100,1.0,feasible,0.7350120308548305,0.7751417259030575,0.8092335432473444,0.07422151239251396,0.6083775607999999,0.6526438078879998,0.7456072383999999,0.13722967759999993,0.0,0.06048235840920144,0.19733566021904764,0.19733566021904764,0.1199902824498513,0.26522161747929,0.5624999999999997,0.44250971755014834,0.18651095800170717,0.0,0.0,0.0,0.0,6.370434121608093e-05
679,100,100,1.0,feasible,0.7350120308548305,0.7753836951380529,0.8092335432473444,0.07422151239251396,0.6083775607999999,0.6548337391760001,0.7456072383999999,0.13722967759999993,0.0,0.05706496012398368,0.19733566021904764,0.19733566021904764,0.1199902824498513,0.26231832989524806,0.5624999999999997,0.44250971755014834,0.18655061304905612,0.0,0.0,0.0,0.0,3.965504734895764e-05
680,100,100,1.0,feasible,0.7350120308548305,0.773944853768336,0.8092335432473444,0.07422151239251396,0.6083775607999999,0.652161701064,0.7456072383999999,0.13722967759999993,0.0,0.05829980826185415,0.19733566021904764,0.19733566021904764,0.1199902824498513,0.2685507417620591,0.5624999999999997,0.44250971755014834,0.18657047558469755,0.0,0.0,0.0,0.0,1.986253564142948e-05
681,100,100,1.0,feasible,0.7350120308548305,0.771206688844121,0.8092335432473444,0.07422151239251396,0.6083775607999999,0.6442068309519999,0.7456072383999999,0.13722967759999993,0.0,0.06245662453693738,0.19733566021904764,0.19733566021904764,0.1199902824498513,0.2786770863901227,0.5624999999999997,0.44250971755014834,0.186654290230645,0.0,0.0,0.0,0.0,8.38146459474498e-05
682,100,100,1.0,feasible,0.7350120308548305,0.7740825503627927,0.8092335432473444,0.07422151239251396,0.6083775607999999,0.6468727502239999,0.7456072383999999,0.13722967759999993,0.0,0.06657232120746114,0.1981399841202381,0.1981399841202381,0.11984522830925845,0.2600146990382666,0.5624999999999997,0.4426547716907412,0.18668592820725916,0.0,0.0,0.0,0.0001450541405928485,3.1637976614151686e-05
683,100,100,1.0,feasible,0.7350120308548305,0.7736300805304097,0.8092335432473444,0.07422151239251396,0.6083775607999999,0.6487136309920001,0.7456072383999999,0.13722967759999993,0.0,0.06081170649340209,0.1981399841202381,0.1981399841202381,0.11984522830925845,0.2658907266699022,0.5624999999999997,0.4426547716907412,0.18665999026221147,0.0,0.0,0.0,0.0,-2.5937945047682653e-05
684,100,100,1.0,feasible,0.7350120308548305,0.7742333075523693,0.8092335432473444,0.07422151239251396,0.6083775607999999,0.6501540641279999,0.7456072383999999,0.13722967759999993,0.0,0.06015092915202829,0.1962451825130952,0.1962451825130952,0.11984522830925845,0.2638054878724092,0.5624999999999997,0.4426547716907412,0.18656444718542914,0.0,0.0,0.0,0.0,-9.554307678233398e-05
685,100,100,1.0,feasible,0.7350120308548305,0.773839498043012,0.8092335432473444,0.07422151239251396,0.6083775607999999,0.6504316059999998,0.7456072383999999,0.13722967759999993,0.0,0.058978252489965424,0.1962451825130952,0.1962451825130952,0.11984522830925845,0.2678308994994649,0.5624999999999997,0.4426547716907412,0.18655667470550574,0.0,0.0,0.0,0.0,-7.772479923395803e-06
686,100,100,1.0,feasible,0.7350120308548305,0.7741704091430764,0.8092335432473444,0.07422151239251396,0.6083775607999999,0.6495044746079999,0.7456072383999999,0.13722967759999993,0.0,0.061789903841326384,0.19633506207619048,0.19633506207619048,0.11984522830925845,0.263676776797782,0.5624999999999997,0.4426547716907412,0.18641414934256412,0.0,0.0,0.0,0.0,-0.00014252536294162566
687,100,100,1.0,feasible,0.7350120308548305,0.7726460380348142,0.8092335432473444,0.07422151239251396,0.6083775607999999,0.6473153647279999,0.7456072383999999,0.13722967759999993,0.0,0.06090019351264018,0.19395164836428572,0.19395164836428572,0.11984522830925845,0.27097043902406914,0.5624999999999997,0.4426547716907412,0.1864055379909728,0.0,0.0,0.0,0.0,-8.611351591303329e-06
688,100,100,1.0,feasible,0.7350120308548305,0.7713899819475694,0.8092335432473444,0.07422151239251396,0.6083775607999999,0.6486724479999998,0.7456072383999999,0.13722967759999993,0.0,0.053978624153780845,0.19395164836428572,0.19395164836428572,0.11984522830925845,0.28354730656532084,0.5624999999999997,0.4426547716907412,0.18644471748708635,0.0,0.0,0.0,0.0,3.9179496113539436e-05
689,100,100,1.0,feasible,0.7350120308548305,0.7730920877121378,0.8087760906458759,0.07376405979104539,0.6083775607999999,0.6491763540239998,0.7456072383999999,0.13722967759999993,0.0,0.059504268495151544,0.1942130851357143,0.1942130851357143,0.11984522830925845,0.2699058499560289,0.5624999999999997,0.4426547716907412,0.1864230835445349,0.0,0.0,0.0,0.0,-2.1633942551446683e-05
690,100,100,1.0,feasible,0.7350120308548305,0.7730293819684998,0.8087760906458759,0.07376405979104539,0.6083775607999999,0.6496011333999999,0.7456072383999999,0.13722967759999993,0.0,0.058795221574432344,0.1942130851357143,0.1942130851357143,0.11984522830925845,0.2733122318761576,0.5624999999999997,0.4426547716907412,0.1864486158918613,0.0,0.0,0.0,0.0,2.5532347326384652e-05
691,100,100,1.0,feasible,0.7350120308548305,0.7748577343039783,0.8090234270838785,0.07401139622904807,0.6083775607999999,0.6508179305280001,0.7456072383999999,0.13722967759999993,0.0,0.06188406320942518,0.1942130851357143,0.1942130851357143,0.11984522830925845,0.262322540380776,0.5624999999999997,0.4426547716907412,0.1865826308020878,0.0,0.0,0.0,0.0,0.0001340149102265209
692,100,100,1.0,feasible,0.7350120308548305,0.7753161328990287,0.8090234270838785,0.07401139622904807,0.6083775607999999,0.6508555466079998,0.7456072383999999,0.13722967759999993,0.0,0.06262333554664971,0.1942130851357143,0.1942130851357143,0.11984522830925845,0.2580868212263569,0.5624999999999997,0.4426547716907412,0.1866913568313515,0.0,0.0,0.0,0.0,0.00010872602926367825
693,100,100,1.0,feasible,0.7350120308548305,0.7742050314766363,0.8090234270838785,0.07401139622904807,0.6083775607999999,0.6494661623199999,0.7456072383999999,0.13722967759999993,0.0,0.06130966263459376,0.1942130851357143,0.1942130851357143,0.11984522830925845,0.2643203137516046,0.5624999999999997,0.4426547716907412,0.18667293519079742,0.0,0.0,0.0,0.0,-1.8421640554072694e-05
694,100,100,1.0,feasible,0.7350120308548305,0.7728962184736536,0.8090234270838785,0.07401139622904807,0.6083775607999999,0.6463577212879998,0.7456072383999999,0.13722967759999993,0.0,0.061718137659985316,0.1942130851357143,0.1942130851357143,0.11984522830925845,0.26770582338973836,0.5624999999999997,0.4426547716907412,0.1866346571500429,0.0,0.0,0.0,0.0,-3.8278040754513576e-05
695,100,100,1.0,feasible,0.7350120308548305,0.7737451292327282,0.8090234270838785,0.07401139622904807,0.6083775607999999,0.648415383632,0.7456072383999999,0.13722967759999993,0.0,0.06118777815931094,0.1942130851357143,0.1942130851357143,0.11984522830925845,0.2633828737223821,0.5624999999999997,0.4426547716907412,0.1866245032173649,0.0,0.0,0.0,0.0,-1.015393267800313e-05
696,100,100,1.0,feasible,0.7350120308548305,0.7737814270917273,0.8090234270838785,0.07401139622904807,0.6083775607999999,0.6521189491759999,0.7456072383999999,0.13722967759999993,0.0,0.05640067647754929,0.1942130851357143,0.1942130851357143,0.11984522830925845,0.26591921864671897,0.5624999999999997,0.4426547716907412,0.18666200108400954,0.0,0.0,0.0,0.0,3.7497866644642386e-05
697,100,100,1.0,feasible,0.7350120308548305,0.7728458454668341,0.8090234270838785,0.07401139622904807,0.6083775607999999,0.6479110033359998,0.7456072383999999,0.13722967759999993,0.0,0.06003731828759881,0.1942130851357143,0.1942130851357143,0.11984522830925845,0.2713600414417415,0.5624999999999997,0.4426547716907412,0.18662000189616143,0.0,0.0,0.0,0.0,-4.199918784811296e-05
698,100,100,1.0,feasible,0.7350120308548305,0.774313484291769,0.809071347653184,0.07405931679835354,0.6083775607999999,0.650681006152,0.7456072383999999,0.13722967759999993,0.0,0.05989049202188285,0.1942130851357143,0.1942130851357143,0.11984522830925845,0.2614025129241631,0.5624999999999997,0.4426547716907412,0.18670342016036962,0.0,0.0,0.0,0.0,8.341826420818488e-05
699,100,100,1.0,feasible,0.7350120308548305,0.7721144621823384,0.809071347653184,0.07405931679835354,0.6083775607999999,0.6468490544880001,0.7456072383999999,0.13722967759999993,0.0,0.05902968248063653,0.1942130851357143,0.1942130851357143,0.11984522830925845,0.27514023286192973,0.5624999999999997,0.4426547716907412,0.18677117114764616,0.0,0.0,0.0,0.0,6.77509872765436e-05
700,100,100,1.0,feasible,0.7350120308548305,0.7722883546465387,0.809071347653184,0.07405931679835354,0.6083775607999999,0.649069472688,0.7457252287999999,0.13734766799999998,0.0,0.05596112984806168,0.1942130851357143,0.1942130851357143,0.11984522830925845,0.2742077996916598,0.5624999999999997,0.4426547716907412,0.18669715813095944,0.0,0.0,0.0,0.0,-7.401301668671922e-05
701,100,100,1.0,feasible,0.7350120308548305,0.7733808864528282,0.809071347653184,0.07405931679835354,0.6083775607999999,0.648775514976,0.7457252287999999,0.13734766799999998,0.0,0.0609290277117712,0.1942130851357143,0.1942130851357143,0.11984522830925845,0.26762066408584567,0.5624999999999997,0.4426547716907412,0.18661144288696993,0.0,0.0,0.0,0.0,-8.571524398950925e-05
702,100,100,1.0,feasible,0.7350120308548305,0.7727998236329862,0.809071347653184,0.07405931679835354,0.6083775607999999,0.6485489140159999,0.7457252287999999,0.13734766799999998,0.0,0.05843797772585739,0.1942130851357143,0.1942130851357143,0.11984522830925845,0.271552157731969,0.5624999999999997,0.4426547716907412,0.1866409647998758,0.0,0.0,0.0,0.0,2.9521912905866587e-05
703,100,100,1.0,feasible,0.7350120308548305,0.7737727681762684,0.809071347653184,0.07405931679835354,0.6083775607999999,0.6501520043279999,0.7457252287999999,0.13734766799999998,0.0,0.05936493921440203,0.1942130851357143,0.1942130851357143,0.11984522830925845,0.2687577786183309,0.5624999999999997,0.4426547716907412,0.18668222484356936,0.0,0.0,0.0,0.0,4.126004369356395e-05
704,100,100,1.0,feasible,0.7350120308548305,0.7732581696788937,0.809071347653184,0.07405931679835354,0.6083775607999999,0.6509032737439998,0.7457252287999999,0.13734766799999998,0.0,0.055718730268652025,0.1955902330047619,0.1955902330047619,0.11984522830925845,0.27143110056923286,0.5624999999999997,0.4426547716907412,0.18664967392443277,0.0,0.0,0.0,0.0,-3.255091913659247e-05
705,100,100,1.0,feasible,0.7350120308548305,0.7742867511834371,0.809071347653184,0.07405931679835354,0.6083775607999999,0.6514933523999998,0.7457252287999999,0.13734766799999998,0.0,0.05859839322731095,0.1955902330047619,0.1955902330047619,0.11984522830925845,0.2665302574540422,0.5624999999999997,0.4426547716907412,0.18666739668142907,0.0,0.0,0.0,0.0,1.7722756996296773e-05
706,100,100,1.0,feasible,0.7350120308548305,0.7748151982837109,0.809071347653184,0.07405931679835354,0.6083775607999999,0.6529105217999998,0.7457252287999999,0.13734766799999998,0.0,0.05894894321547489,0.1955902330047619,0.1955902330047619,0.11984522830925845,0.26735720121243367,0.5624999999999997,0.4426547716907412,0.18653830011524267,0.0,0.0,0.0,0.0,-0.00012909656618639853
707,100,100,1.0,feasible,0.7350120308548305,0.7727730992151117,0.809071347653184,0.07405931679835354,0.6083775607999999,0.64966890084,0.7457252287999999,0.13734766799999998,0.0,0.058446924411790356,0.1955902330047619,0.1955902330047619,0.11984522830925845,0.272745435514281,0.5624999999999997,0.4426547716907412,0.18653575249957466,0.0,0.0,0.0,0.0,-2.5476156680082074e-06
708,100,100,1.0,feasible,0.7350120308548305,0.7736466996973819,0.809071347653184,0.07405931679835354,0.6083775607999999,0.6515772142319999,0.7457252287999999,0.13734766799999998,0.0,0.05790866159218774,0.1955902330047619,0.1955902330047619,0.11984522830925845,0.2684257821062586,0.5624999999999997,0.4426547716907412,0.18640456591569288,0.0,0.0,0.0,0.0,-0.00013118658388178162
709,100,100,1.0,feasible,0.7350120308548305,0.7726227239826977,0.809071347653184,0.07405931679835354,0.6083775607999999,0.6462006583919999,0.7457252287999999,0.13734766799999998,0.0,0.061835845912745595,0.19335752408238097,0.19335752408238097,0.11984522830925845,0.27167978338372106,0.5624999999999997,0.4426547716907412,0.18657548782367042,0.0,0.0,0.0,0.0,0.0001709219079775448
710,100,100,1.0,feasible,0.7350120308548305,0.7752094583921999,0.809071347653184,0.07405931679835354,0.6083775607999999,0.6514673758799998,0.7457252287999999,0.13734766799999998,0.0,0.0624774497295368,0.19335752408238097,0.19335752408238097,0.11984522830925845,0.2601518063741639,0.5624999999999997,0.4426547716907412,0.18642071266144222,0.0,0.0,0.0,0.0,-0.00015477516222819898
711,100,100,1.0,feasible,0.7350120308548305,0.775833744194443,0.809071347653184,0.07405931679835354,0.6083775607999999,0.651236431064,0.7456765927999999,0.13729903199999993,0.0,0.06525085304768416,0.19335752408238097,0.19335752408238097,0.11984522830925845,0.25917273313834416,0.5624999999999997,0.4426547716907412,0.18629615469487099,0.0,0.0,0.0,0.0,-0.00012455796657123708
712,100,100,1.0,feasible,0.7350120308548305,0.7739457595599393,0.809094467932953,0.07408243707812256,0.6083775607999999,0.64790551324,0.7456765927999999,0.13729903199999993,0.0,0.06322916625957917,0.1948054531383333,0.1948054531383333,0.11984522830925845,0.2669380211642089,0.5624999999999997,0.4426547716907412,0.18635139509032628,0.0,0.0,0.0,0.0,5.524039545529158e-05
713,100,100,1.0,feasible,0.7350120308548305,0.7720535802434897,0.809094467932953,0.07408243707812256,0.6083775607999999,0.6431342014559999,0.7456765927999999,0.13729903199999993,0.0,0.06551191980578179,0.1952866411009524,0.1952866411009524,0.11984522830925845,0.2765543197882527,0.5624999999999997,0.4426547716907412,0.18645675878762896,0.0,0.0,0.0,0.0,0.00010536369730268502
714,100,100,1.0,feasible,0.7350120308548305,0.775062446311897,0.809094467932953,0.07408243707812256,0.6083775607999999,0.6508864388479998,0.7456765927999999,0.13729903199999993,0.0,0.06247264506751989,0.1952866411009524,0.1952866411009524,0.11984522830925845,0.25817939802227474,0.5624999999999997,0.4426547716907412,0.18639911981117457,0.0,0.0,0.0,0.0,-5.763897645438831e-05
715,100,100,1.0,feasible,0.7350120308548305,0.7730219021287914,0.8098967380042906,0.07488470714946016,0.6083775607999999,0.648726138016,0.7456765927999999,0.13729903199999993,0.0,0.05821736646033618,0.1952866411009524,0.1952866411009524,0.11984522830925845,0.2733707154458139,0.5624999999999997,0.4426547716907412,0.1863035336293008,0.0,0.0,0.0,0.0,-9.558618187377466e-05
716,100,100,1.0,feasible,0.7350120308548305,0.7754709760486979,0.8098967380042906,0.07488470714946016,0.6083775607999999,0.6508109079439999,0.7456765927999999,0.13729903199999993,0.0,0.061996415419357846,0.1952866411009524,0.1952866411009524,0.11984522830925845,0.26106417582632285,0.5624999999999997,0.4426547716907412,0.18635045418093854,0.0,0.0,0.0,0.0,4.692055163774134e-05
717,100,100,1.0,feasible,0.7350120308548305,0.7755512306045386,0.8098967380042906,0.07488470714946016,0.6083775607999999,0.6516752267279997,0.7456765927999999,0.13729903199999993,0.0,0.060855446711038805,0.1952866411009524,0.1952866411009524,0.11984522830925845,0.2602647003500931,0.5624999999999997,0.4426547716907412,0.18632716915378145,0.0,0.0,0.0,0.0,-2.3285027157093907e-05
718,100,100,1.0,feasible,0.7350120308548305,0.7751682039183367,0.8098967380042906,0.07488470714946016,0.6083775607999999,0.6508734413599998,0.7456765927999999,0.13729903199999993,0.0,0.06056740982981203,0.1952866411009524,0.1952866411009524,0.11984522830925845,0.26042478629322824,0.5624999999999997,0.4426547716907412,0.1862824546090121,0.0,0.0,0.0,0.0,-4.4714544769342e-05
719,100,100,1.0,feasible,0.7350120308548305,0.7732923326792597,0.8098967380042906,0.07488470714946016,0.6083775607999999,0.6509407264639999,0.7456765927999999,0.13729903199999993,0.0,0.054873810834187034,0.1952866411009524,0.1952866411009524,0.11984522830925845,0.2745546200318639,0.5624999999999997,0.4426547716907412,0.18616984537908837,0.0,0.0,0.0,0.0,-0.00011260922992373246
720,100,100,1.0,feasible,0.7350120308548305,0.7751981794873807,0.8098967380042906,0.07488470714946016,0.6083775607999999,0.6510002150319998,0.7456765927999999,0.13729903199999993,0.0,0.06106301798136597,0.1952866411009524,0.1952866411009524,0.11968652165298888,0.2602869323269813,0.5624999999999997,0.4428134783470108,0.18627454500626678,0.0,0.0,0.0,0.00015870665626957492,0.0001046996271784062
721,100,100,1.0,feasible,0.7350120308548305,0.7750298946365968,0.8098967380042906,0.07488470714946016,0.6083775607999999,0.6537666267600001,0.7456765927999999,0.13729903199999993,0.0,0.05556706545471144,0.1952866411009524,0.1952866411009524,0.11968652165298888,0.26485627199832557,0.5624999999999997,0.4428134783470108,0.186277502062149,0.0,0.0,0.0,0.0,2.9570558822133997e-06
722,100,100,1.0,feasible,0.7350120308548305,0.7752101788202258,0.8098967380042906,0.07488470714946016,0.6083775607999999,0.654314768256,0.7456765927999999,0.13729903199999993,0.0,0.05560496028250246,0.1952866411009524,0.1952866411009524,0.11968652165298888,0.2609692962566532,0.5624999999999997,0.4428134783470108,0.18634360515526865,0.0,0.0,0.0,0.0,6.610309311966267e-05
723,100,100,1.0,feasible,0.7350120308548305,0.7744045318324525,0.8098967380042906,0.07488470714946016,0.6083775607999999,0.6532770400879998,0.7456765927999999,0.13729903199999993,0.0,0.05478471680780603,0.1952866411009524,0.1952866411009524,0.11968652165298888,0.26795704925195407,0.5624999999999997,0.4428134783470108,0.18633084511862774,0.0,0.0,0.0,0.0,-1.2760036640913075e-05
724,100,100,1.0,feasible,0.7350120308548305,0.7730370324717005,0.8098967380042906,0.07488470714946016,0.6083775607999999,0.6484449864639998,0.7456765927999999,0.13729903199999993,0.0,0.059290924994265304,0.20038267785238098,0.20038267785238098,0.11968652165298888,0.269743680666724,0.5624999999999997,0.4428134783470108,0.1863632351247037,0.0,0.0,0.0,0.0,3.2390006075966316e-05
725,100,100,1.0,feasible,0.7350120308548305,0.7730172326033873,0.8098967380042906,0.07488470714946016,0.6083775607999999,0.647867144712,0.7457409408,0.13736338000000003,0.0,0.06005577603801148,0.20038267785238098,0.20038267785238098,0.11968652165298888,0.2714777936571265,0.5624999999999997,0.4428134783470108,0.18633375935413843,0.0,0.0,0.0,0.0,-2.947577056527928e-05
726,100,100,1.0,feasible,0.7350120308548305,0.7746174624509444,0.8098967380042906,0.07488470714946016,0.6083775607999999,0.6492301478399999,0.7457409408,0.13736338000000003,0.0,0.06324841924787507,0.20038267785238098,0.20038267785238098,0.11968652165298888,0.2646655231364556,0.5624999999999997,0.4428134783470108,0.18648501858987215,0.0,0.0,0.0,0.0,0.00015125923573372502
727,100,100,1.0,feasible,0.7350120308548305,0.7739399283353392,0.8098967380042906,0.07488470714946016,0.6083775607999999,0.6492874616240001,0.7457409408,0.13736338000000003,0.0,0.06194849840098151,0.20038267785238098,0.20038267785238098,0.11968652165298888,0.27179503870519084,0.5624999999999997,0.4428134783470108,0.1863401200201826,0.0,0.0,0.0,0.0,-0.00014489856968954995
728,100,100,1.0,feasible,0.7350120308548305,0.7761436582474317,0.8098967380042906,0.07488470714946016,0.6083775607999999,0.6516214782879999,0.7457409408,0.13736338000000003,0.0,0.0657935193633881,0.20050082156785715,0.20050082156785715,0.11968652165298888,0.2593570593631995,0.5624999999999997,0.4428134783470108,0.18640376382524637,0.0,0.0,0.0,0.0,6.364380506376777e-05
729,100,100,1.0,feasible,0.7350120308548305,0.7738051218600108,0.8098967380042906,0.07488470714946016,0.6083775607999999,0.6494473685119999,0.7457409408,0.13736338000000003,0.0,0.061899248158707856,0.20050082156785715,0.20050082156785715,0.11968652165298888,0.2698187044998731,0.5624999999999997,0.4428134783470108,0.1864369113279727,0.0,0.0,0.0,0.0,3.314750272631617e-05
730,100,100,1.0,feasible,0.7350120308548305,0.7743882503392462,0.8098967380042906,0.07488470714946016,0.6083775607999999,0.6490256897519998,0.7457409408,0.13736338000000003,0.0,0.0658516820363019,0.20050082156785715,0.20050082156785715,0.11968652165298888,0.26442639143865504,0.5624999999999997,0.4428134783470108,0.1864030451709586,0.0,0.0,0.0,0.0,-3.386615701408968e-05
731,100,100,1.0,feasible,0.7350120308548305,0.7730547798030805,0.8098967380042906,0.07488470714946016,0.6083775607999999,0.6485292728639999,0.7457409408,0.13736338000000003,0.0,0.06158514409856977,0.20050082156785715,0.20050082156785715,0.11968652165298888,0.27399293479628645,0.5624999999999997,0.4428134783470108,0.18635666413659707,0.0,0.0,0.0,0.0,-4.638103436152563e-05
732,100,100,1.0,feasible,0.7350120308548305,0.7737432028046675,0.8098967380042906,0.07488470714946016,0.6083775607999999,0.652257947584,0.7457409408,0.13736338000000003,0.0,0.05538522322195975,0.2017590912440476,0.2017590912440476,0.11968652165298888,0.27405904787704966,0.5624999999999997,0.4428134783470108,0.1862446086159985,0.0,0.0,0.0,0.0,-0.00011205552059856405
733,100,100,1.0,feasible,0.7350120308548305,0.7742921585744682,0.8098967380042906,0.07488470714946016,0.6083775607999999,0.651913508696,0.7457409408,0.13736338000000003,0.0,0.05883009467009691,0.2017590912440476,0.2017590912440476,0.11958165623106282,0.26851909853365613,0.5624999999999997,0.44291834376893685,0.18635308674616446,0.0,0.0,0.0,0.00010486542192605919,0.00010847813016595653
734,100,100,1.0,feasible,0.7350120308548305,0.7737532070343431,0.8098967380042906,0.07488470714946016,0.6083775607999999,0.648383127728,0.7457409408,0.13736338000000003,0.0,0.06424411036897551,0.1952866411009524,0.1952866411009524,0.11958165623106282,0.2711669888863505,0.5624999999999997,0.44291834376893685,0.18626111863668166,0.0,0.0,0.0,0.0,-9.196810948280953e-05
735,100,100,1.0,feasible,0.7350120308548305,0.7730601951554951,0.8098967380042906,0.07488470714946016,0.6083775607999999,0.64938406384,0.7457409408,0.13736338000000003,0.0,0.06007182306055026,0.1952866411009524,0.1952866411009524,0.11958165623106282,0.2762038779367695,0.5624999999999997,0.44291834376893685,0.18611173490085836,0.0,0.0,0.0,0.0,-0.00014938373582329412
736,100,100,1.0,feasible,0.7350120308548305,0.7748106604695376,0.8098967380042906,0.07488470714946016,0.6083775607999999,0.6517429091599999,0.7457409408,0.13736338000000003,0.0,0.061890198745290725,0.1952866411009524,0.1952866411009524,0.11958165623106282,0.2646906132021534,0.5624999999999997,0.44291834376893685,0.1863243291657336,0.0,0.0,0.0,0.0,0.00021259426487524324
737,100,100,1.0,feasible,0.7350120308548305,0.774424501733731,0.8098967380042906,0.07488470714946016,0.6083775607999999,0.651663428408,0.7457409408,0.13736338000000003,0.0,0.059909429120318596,0.1952866411009524,0.1952866411009524,0.11958165623106282,0.26563828576764914,0.5624999999999997,0.44291834376893685,0.18642994689063025,0.0,0.0,0.0,0.0,0.000105617724896645
738,100,100,1.0,feasible,0.7350120308548305,0.774342781580416,0.8098967380042906,0.07488470714946016,0.6083775607999999,0.65031156316,0.7457409408,0.13736338000000003,0.0,0.0628027455341977,0.1952866411009524,0.1952866411009524,0.11958165623106282,0.26669051987167497,0.5624999999999997,0.44291834376893685,0.18653111526250948,0.0,0.0,0.0,0.0,0.00010116837187923444
739,100,100,1.0,feasible,0.7350120308548305,0.7730293256388117,0.8098967380042906,0.07488470714946016,0.6083775607999999,0.6498951548559999,0.7457409408,0.13736338000000003,0.0,0.05864224576787912,0.1952866411009524,0.1952866411009524,0.11958165623106282,0.27391653990999887,0.5624999999999997,0.44291834376893685,0.186622145162407,0.0,0.0,0.0,0.0,9.102989989751009e-05
740,100,100,1.0,feasible,0.7350120308548305,0.7734744082247572,0.8098967380042906,0.07488470714946016,0.6083775607999999,0.651015414184,0.7457409408,0.13736338000000003,0.0,0.057731876544691724,0.1952866411009524,0.1952866411009524,0.11958165623106282,0.2699894705818138,0.5624999999999997,0.44291834376893685,0.1866184366911843,0.0,0.0,0.0,0.0,-3.7084712226909122e-06
741,100,100,1.0,feasible,0.7350120308548305,0.7750720007796558,0.8098967380042906,0.07488470714946016,0.6083775607999999,0.6550116814799999,0.7457409408,0.13736338000000003,0.0,0.055287863108798144,0.1952866411009524,0.1952866411009524,0.11958165623106282,0.2644793909887379,0.5624999999999997,0.44291834376893685,0.18654857480830545,0.0,0.0,0.0,0.0,-6.986188287885775e-05
742,100,100,1.0,feasible,0.7350120308548305,0.7729987169596916,0.8098967380042906,0.07488470714946016,0.6083775607999999,0.6504688125839998,0.7457409408,0.13736338000000003,0.0,0.05701412439196505,0.1952866411009524,0.1952866411009524,0.11958165623106282,0.27751839818188606,0.5624999999999997,0.44291834376893685,0.18641609576615903,0.0,0.0,0.0,0.0,-0.00013247904214641615
743,100,100,1.0,feasible,0.7350120308548305,0.7746397223640835,0.8098967380042906,0.07488470714946016,0.6083775607999999,0.6532925049759999,0.7457409408,0.13736338000000003,0.0,0.056851438869296195,0.1952866411009524,0.1952866411009524,0.11958165623106282,0.2703894687262304,0.5624999999999997,0.44291834376893685,0.18646590718032804,0.0,0.0,0.0,0.0,4.9811414169015356e-05
744,100,100,1.0,feasible,0.7350120308548305,0.7746389480412678,0.8098967380042906,0.07488470714946016,0.6083775607999999,0.650882954896,0.7457409408,0.13736338000000003,0.0,0.06121978592342571,0.1952866411009524,0.1952866411009524,0.11958165623106282,0.2649933908848887,0.5624999999999997,0.44291834376893685,0.18637533278440038,0.0,0.0,0.0,0.0,-9.05743959276617e-05
745,100,100,1.0,feasible,0.7350120308548305,0.7761065917708824,0.8098967380042906,0.07488470714946016,0.6083775607999999,0.651920851176,0.7457409408,0.13736338000000003,0.0,0.06479141514273451,0.1952866411009524,0.1952866411009524,0.11958165623106282,0.25913284099213774,0.5624999999999997,0.44291834376893685,0.18637212481756454,0.0,0.0,0.0,0.0,-3.2079668358386826e-06
746,100,100,1.0,feasible,0.7350120308548305,0.7728851608968657,0.8098967380042906,0.07488470714946016,0.6083775607999999,0.6470335748799999,0.7457409408,0.13736338000000003,0.0,0.06281587282296047,0.19823667840476192,0.19823667840476192,0.11958165623106282,0.272125676965598,0.5624999999999997,0.44291834376893685,0.18640935448388474,0.0,0.0,0.0,0.0,3.72296663201932e-05
747,100,100,1.0,feasible,0.7350120308548305,0.77489097935831,0.8098967380042906,0.07488470714946016,0.6083775607999999,0.65241574672,0.7457409408,0.13736338000000003,0.0,0.0599868157970819,0.19823667840476192,0.19823667840476192,0.11958165623106282,0.2649536981821645,0.5624999999999997,0.44291834376893685,0.18639946613936081,0.0,0.0,0.0,0.0,-9.888344523922843e-06
748,100,100,1.0,feasible,0.7350120308548305,0.7748855706460502,0.8098967380042906,0.07488470714946016,0.6083775607999999,0.652928917016,0.7457409408,0.13736338000000003,0.0,0.05892592985055882,0.1975367991190476,0.1975367991190476,0.11958165623106282,0.26528356145281556,0.5624999999999997,0.44291834376893685,0.18648843976333834,0.0,0.0,0.0,0.0,8.89736239775285e-05
749,100,100,1.0,feasible,0.7350120308548305,0.7739476313432055,0.8105032469956219,0.07549121614079146,0.6083775607999999,0.6495433595679998,0.7457409408,0.13736338000000003,0.0,0.062399664873685,0.1975367991190476,0.1975367991190476,0.11958165623106282,0.27003350516546276,0.5624999999999997,0.44291834376893685,0.1864775955025931,0.0,0.0,0.0,0.0,-1.0844260745240808e-05
750,100,100,1.0,feasible,0.7350120308548305,0.7735873283126646,0.8105032469956219,0.07549121614079146,0.6083775607999999,0.6504048086879999,0.7457409408,0.13736338000000003,0.0,0.059792104767833566,0.19090845910309523,0.19090845910309523,0.11958165623106282,0.2734261578622698,0.5624999999999997,0.44291834376893685,0.18647863830678288,0.0,0.0,0.0,0.0,1.0428041897769802e-06
751,100,100,1.0,feasible,0.7350120308548305,0.7750482417037309,0.8105032469956219,0.07549121614079146,0.6083775607999999,0.6497261860959999,0.7457409408,0.13736338000000003,0.0,0.06372668925401713,0.1927350008864286,0.1927350008864286,0.11958165623106282,0.26639349789199535,0.5624999999999997,0.44291834376893685,0.1864225661391667,0.0,0.0,0.0,0.0,-5.607216761618905e-05
752,100,100,1.0,feasible,0.7350120308548305,0.7726815280737097,0.8105267433240891,0.07551471246925867,0.6083775607999999,0.6509293701919999,0.7457409408,0.13736338000000003,0.0,0.05519838843860285,0.1927350008864286,0.1927350008864286,0.11958165623106282,0.28176992052108685,0.5624999999999997,0.44291834376893685,0.18643235273097022,0.0,0.0,0.0,0.0,9.786591803534472e-06
753,100,100,1.0,feasible,0.7350120308548305,0.7751283882223151,0.8098967380042906,0.07488470714946016,0.6083775607999999,0.653217007592,0.7457409408,0.13736338000000003,0.0,0.06032080110275905,0.19536276124166665,0.19536276124166665,0.11958165623106282,0.2662937109645677,0.5624999999999997,0.44291834376893685,0.18628600723121075,0.0,0.0,0.0,0.0,-0.00014634549975947597
754,100,100,1.0,feasible,0.7350120308548305,0.7742271713271588,0.8098967380042906,0.07488470714946016,0.6083775607999999,0.6510302846319999,0.7457409408,0.13736338000000003,0.0,0.06011909206362667,0.1927350008864286,0.1927350008864286,0.11958165623106282,0.26568944533816014,0.5624999999999997,0.44291834376893685,0.1865017439932558,0.0,0.0,0.0,0.0,0.0002157367620450601
755,100,100,1.0,feasible,0.7350120308548305,0.772188465762301,0.8098967380042906,0.07488470714946016,0.6083775607999999,0.6486237293999999,0.7457409408,0.13736338000000003,0.0,0.057912030009385954,0.1927350008864286,0.1927350008864286,0.11958165623106282,0.27667424889748327,0.5624999999999997,0.44291834376893685,0.18642597240176853,0.0,0.0,0.0,0.0,-7.577159148727808e-05
756,100,100,1.0,feasible,0.7350120308548305,0.7749455784678981,0.8098967380042906,0.07488470714946016,0.6083775607999999,0.651437938016,0.7457409408,0.13736338000000003,0.0,0.06297086479415,0.1927350008864286,0.1927350008864286,0.11958165623106282,0.26155168567429876,0.5624999999999997,0.44291834376893685,0.18635445462105882,0.0,0.0,0.0,0.0,-7.151778070971226e-05
757,100,100,1.0,feasible,0.7350120308548305,0.7740685952645074,0.8098967380042906,0.07488470714946016,0.6083775607999999,0.650391479872,0.7457409408,0.13736338000000003,0.0,0.06228249378619664,0.1927350008864286,0.1927350008864286,0.11958165623106282,0.265331581758371,0.5624999999999997,0.44291834376893685,0.186453718973968,0.0,0.0,0.0,0.0,9.926435290918967e-05
758,100,100,1.0,feasible,0.7350120308548305,0.7725187456586958,0.8098967380042906,0.07488470714946016,0.6083775607999999,0.6487685699119998,0.7457409408,0.13736338000000003,0.0,0.059798984218860894,0.19501300093809526,0.19501300093809526,0.11958165623106282,0.27656891599645117,0.5624999999999997,0.44291834376893685,0.18642500755902552,0.0,0.0,0.0,0.0,-2.871141494248386e-05
759,100,100,1.0,feasible,0.7350120308548305,0.7734409244928747,0.8098967380042906,0.07488470714946016,0.6083775607999999,0.6512251590319998,0.7457409408,0.13736338000000003,0.0,0.058629832409670415,0.19501300093809526,0.19501300093809526,0.11958165623106282,0.27181254517544406,0.5624999999999997,0.44291834376893685,0.18636272488232575,0.0,0.0,0.0,0.0,-6.228267669977638e-05
760,100,100,1.0,feasible,0.7350120308548305,0.7730388678902202,0.8098967380042906,0.07488470714946016,0.6083775607999999,0.6469441229279999,0.7457558527999998,0.13737829199999985,0.0,0.06598515266063495,0.19544996291190472,0.19544996291190472,0.11958165623106282,0.2745109034554208,0.5624999999999997,0.44291834376893685,0.18629302858774618,0.0,0.0,0.0,0.0,-6.969629457956317e-05
761,100,100,1.0,feasible,0.7350120308548305,0.7740025199021506,0.8098967380042906,0.07488470714946016,0.6083775607999999,0.6494497555439999,0.7457558527999998,0.13737829199999985,0.0,0.06519762532046665,0.19544996291190472,0.19544996291190472,0.11958165623106282,0.26678279057543264,0.5624999999999997,0.44291834376893685,0.18634563581327127,0.0,0.0,0.0,0.0,5.26072255250809e-05
762,100,100,1.0,feasible,0.7350120308548305,0.774707206977657,0.8098967380042906,0.07488470714946016,0.6083775607999999,0.650990879264,0.7457558527999998,0.13737829199999985,0.0,0.06570570255360476,0.19548699237857145,0.19548699237857145,0.11958165623106282,0.26607562790743594,0.5624999999999997,0.44291834376893685,0.1861301207048056,0.0,0.0,0.0,0.0,-0.00021551510846565258
763,100,100,1.0,feasible,0.7350120308548305,0.7727012598991854,0.8098967380042906,0.07488470714946016,0.6083775607999999,0.6490527311839998,0.7457794711999999,0.13740191039999994,0.0,0.06254203669324619,0.19548699237857145,0.19548699237857145,0.11958165623106282,0.2759213035907151,0.5624999999999997,0.44291834376893685,0.18617436741782267,0.0,0.0,0.0,0.0,4.4246713017059847e-05
764,100,100,1.0,feasible,0.7350120308548305,0.774613171638498,0.8098967380042906,0.07488470714946016,0.6083775607999999,0.650612224952,0.7457794711999999,0.13740191039999994,0.0,0.0674476715132081,0.19548699237857145,0.19548699237857145,0.11958165623106282,0.2616617622533499,0.5624999999999997,0.44291834376893685,0.18620357452989383,0.0,0.0,0.0,0.0,2.9207112071161223e-05
765,100,100,1.0,feasible,0.7350120308548305,0.7737864259318369,0.8098967380042906,0.07488470714946016,0.6083775607999999,0.6520561205359999,0.7457794711999999,0.13740191039999994,0.0,0.062189145775626974,0.19548699237857145,0.19548699237857145,0.11958165623106282,0.26956380652305184,0.5624999999999997,0.44291834376893685,0.18622298625945002,0.0,0.0,0.0,0.0,1.9411729556190194e-05
766,100,100,1.0,feasible,0.7350120308548305,0.774450823193449,0.8098967380042906,0.07488470714946016,0.6083775607999999,0.6518793618959998,0.7457794711999999,0.13740191039999994,0.0,0.06432522095985936,0.19548699237857145,0.19548699237857145,0.11958165623106282,0.26573141229114167,0.5624999999999997,0.44291834376893685,0.18614055656452305,0.0,0.0,0.0,0.0,-8.242969492697205e-05
767,100,100,1.0,feasible,0.7350120308548305,0.7719300227294927,0.8098967380042906,0.07488470714946016,0.6083775607999999,0.6459711396,0.7457794711999999,0.13740191039999994,0.0,0.06616606252524954,0.19548699237857145,0.19548699237857145,0.11958165623106282,0.2782384077221645,0.5624999999999997,0.44291834376893685,0.1861615061642248,0.0,0.0,0.0,0.0,2.0949599701752808e-05
768,100,100,1.0,feasible,0.7350120308548305,0.7732342971682974,0.8103422753039262,0.07533024444909575,0.6083775607999999,0.6483695670239998,0.7457794711999999,0.13740191039999994,0.0,0.06666859857211214,0.19548699237857145,0.19548699237857145,0.11958165623106282,0.271912407775689,0.5624999999999997,0.44291834376893685,0.1861829979552831,0.0,0.0,0.0,0.0,2.1491791058286802e-05
769,100,100,1.0,feasible,0.7350120308548305,0.7729325489892384,0.8103422753039262,0.07533024444909575,0.6083775607999999,0.649208855272,0.7457794711999999,0.13740191039999994,0.0,0.06348456006661263,0.19548699237857145,0.19548699237857145,0.11958165623106282,0.27424201824324884,0.5624999999999997,0.44291834376893685,0.1862290939797207,0.0,0.0,0.0,0.0,4.609602443761407e-05
770,100,100,1.0,feasible,0.7350120308548305,0.7741528346135733,0.8103422753039262,0.07533024444909575,0.6083775607999999,0.6512056406639999,0.7457794711999999,0.13740191039999994,0.0,0.06240208970144476,0.19548699237857145,0.19548699237857145,0.11958165623106282,0.2686281051977896,0.5624999999999997,0.44291834376893685,0.18624579590559065,0.0,0.0,0.0,0.0,1.6701925869944123e-05
771,100,100,1.0,feasible,0.7350120308548305,0.7746200367772488,0.8103422753039262,0.07533024444909575,0.6083775607999999,0.6510761364559999,0.7457794711999999,0.13740191039999994,0.0,0.0633330557203662,0.19548699237857145,0.19548699237857145,0.11958165623106282,0.26556201174013155,0.5624999999999997,0.44291834376893685,0.1861942936364092,0.0,0.0,0.0,0.0,-5.150226918143597e-05
772,100,100,1.0,feasible,0.7350120308548305,0.7749318277353354,0.8103422753039262,0.07533024444909575,0.6083775607999999,0.6533053839919998,0.7457794711999999,0.13740191039999994,0.0,0.060027447444110926,0.19548699237857145,0.19548699237857145,0.11958165623106282,0.2643509661279067,0.5624999999999997,0.44291834376893685,0.1862304478529119,0.0,0.0,0.0,0.0,3.615421650268735e-05
773,100,100,1.0,feasible,0.7350120308548305,0.7739040982383619,0.8103422753039262,0.07533024444909575,0.6083775607999999,0.651786141824,0.7457794711999999,0.13740191039999994,0.0,0.058986909575889035,0.19548699237857145,0.19548699237857145,0.11958165623106282,0.2708768788940828,0.5624999999999997,0.44291834376893685,0.18624230557947685,0.0,0.0,0.0,0.0,1.1857726564951099e-05
774,100,100,1.0,feasible,0.7350120308548305,0.773917749413078,0.8098967380042906,0.07488470714946016,0.6083775607999999,0.651467816112,0.7457794711999999,0.13740191039999994,0.0,0.06118835438462691,0.19548699237857145,0.19548699237857145,0.11958165623106282,0.27064511190268414,0.5624999999999997,0.44291834376893685,0.18616485768446983,0.0,0.0,0.0,0.0,-7.74478950070212e-05
775,100,100,1.0,feasible,0.7350120308548305,0.7725499187553414,0.8098967380042906,0.07488470714946016,0.6083775607999999,0.6503766545199998,0.7457794711999999,0.13740191039999994,0.0,0.058772378500765006,0.19548699237857145,0.19548699237857145,0.11958165623106282,0.276540172705651,0.5624999999999997,0.44291834376893685,0.1861215805973435,0.0,0.0,0.0,0.0,-4.327708712634215e-05
776,100,100,1.0,feasible,0.7350120308548305,0.773602864750667,0.8098967380042906,0.07488470714946016,0.6083775607999999,0.650878001464,0.7457794711999999,0.13740191039999994,0.0,0.06185202048125465,0.19548699237857145,0.19548699237857145,0.11958165623106282,0.2693152859034811,0.5624999999999997,0.44291834376893685,0.18604548966586984,0.0,0.0,0.0,0.0,-7.609093147364909e-05
777,100,100,1.0,feasible,0.7350120308548305,0.7745477828493188,0.8098967380042906,0.07488470714946016,0.6083775607999999,0.652626664168,0.7457794711999999,0.13740191039999994,0.0,0.06103217790669678,0.19549047581214288,0.19549047581214288,0.11958165623106282,0.2690453473656966,0.5624999999999997,0.44291834376893685,0.18618686174132631,0.0,0.0,0.0,0.0,0.00014137207545647512
778,100,100,1.0,feasible,0.7350120308548305,0.7734796436110095,0.8098967380042906,0.07488470714946016,0.6083775607999999,0.650683959136,0.7457794711999999,0.13740191039999994,0.0,0.06037946710272559,0.19549047581214288,0.19549047581214288,0.11958165623106282,0.27299147445666166,0.5624999999999997,0.44291834376893685,0.1862076113573895,0.0,0.0,0.0,0.0,2.0749616063187037e-05
779,100,100,1.0,feasible,0.7350120308548305,0.7742354161521285,0.8098967380042906,0.07488470714946016,0.6083775607999999,0.6512562579519999,0.7457794711999999,0.13740191039999994,0.0,0.06225772448373524,0.19549047581214288,0.19549047581214288,0.11958165623106282,0.2669807397515546,0.5624999999999997,0.44291834376893685,0.18613229508734958,0.0,0.0,0.0,0.0,-7.53162700399268e-05
780,100,100,1.0,feasible,0.7350120308548305,0.7744316671750998,0.8098967380042906,0.07488470714946016,0.6083775607999999,0.651820418488,0.7457794711999999,0.13740191039999994,0.0,0.06479205880218024,0.20081094594166668,0.20081094594166668,0.11928676352919632,0.26688502342193354,0.5624999999999997,0.44321323647080335,0.18609790764700762,0.0,0.0,0.0,0.0002948927018665004,-3.438744034195418e-05
781,100,100,1.0,feasible,0.7350120308548305,0.7715876467400973,0.8098967380042906,0.07488470714946016,0.6083775607999999,0.651446316032,0.7457794711999999,0.13740191039999994,0.0,0.056176291719267135,0.20081094594166668,0.20081094594166668,0.11928676352919632,0.2846225254499222,0.5624999999999997,0.44321323647080335,0.18613337787402484,0.0,0.0,0.0,0.0,3.5470227017220246e-05
782,100,100,1.0,feasible,0.7350120308548305,0.7736543752873564,0.8106407744231071,0.07562874356827665,0.6083775607999999,0.6527333876239999,0.7457794711999999,0.13740191039999994,0.0,0.06004011432323262,0.19695534893571431,0.19695534893571431,0.11928676352919632,0.27048280574500533,0.5624999999999997,0.44321323647080335,0.18620692340792544,0.0,0.0,0.0,0.0,7.354553390059859e-05
783,100,100,1.0,feasible,0.7350120308548305,0.7737547515706485,0.8106407744231071,0.07562874356827665,0.6083775607999999,0.6494996805679999,0.7457794711999999,0.13740191039999994,0.0,0.06567296053120954,0.19695534893571431,0.19695534893571431,0.11928676352919632,0.2693562479846449,0.5624999999999997,0.44321323647080335,0.18614713776942265,0.0,0.0,0.0,0.0,-5.9785638502785066e-05
784,100,100,1.0,feasible,0.7350120308548305,0.7735416732449025,0.8106407744231071,0.07562874356827665,0.6083775607999999,0.646217056088,0.7457969015999999,0.13741934079999996,0.0,0.07057235804059964,0.19695534893571431,0.19695534893571431,0.11928676352919632,0.26763242275484367,0.5624999999999997,0.44321323647080335,0.18616708660942038,0.0,0.0,0.0,0.0,1.9948839997729895e-05
785,100,100,1.0,feasible,0.7350120308548305,0.7711536583119667,0.8106407744231071,0.07562874356827665,0.6083775607999999,0.648338630328,0.7457969015999999,0.13741934079999996,0.0,0.05876116334333499,0.19695534893571431,0.19695534893571431,0.11928676352919632,0.28459648312158126,0.5624999999999997,0.44321323647080335,0.18630667274809182,0.0,0.0,0.0,0.0,0.00013958613867143255
786,100,100,1.0,feasible,0.7350120308548305,0.7733445908333769,0.8106407744231071,0.07562874356827665,0.6083775607999999,0.6505670522959999,0.7457969015999999,0.13741934079999996,0.0,0.06269192335383429,0.19695534893571431,0.19695534893571431,0.11928676352919632,0.2726660677754789,0.5624999999999997,0.44321323647080335,0.1863073935729629,0.0,0.0,0.0,0.0,7.208248710699472e-07
787,100,100,1.0,feasible,0.7350120308548305,0.7747191057209638,0.8106407744231071,0.07562874356827665,0.6083775607999999,0.6508920772879999,0.7457969015999999,0.13741934079999996,0.0,0.06466774361172666,0.19695534893571431,0.19695534893571431,0.11928676352919632,0.26511592800673267,0.5624999999999997,0.44321323647080335,0.18647208305672786,0.0,0.0,0.0,0.0,0.00016468948376496817
788,100,100,1.0,feasible,0.7350120308548305,0.775664135480439,0.8106407744231071,0.07562874356827665,0.6083775607999999,0.648295137568,0.7458429144,0.1374653536,0.0,0.07192060186975642,0.19704750302857146,0.19704750302857146,0.11928676352919632,0.2556687982117543,0.5624999999999997,0.44321323647080335,0.18653370543740105,0.0,0.0,0.0,0.0,6.162238067319858e-05
789,100,100,1.0,feasible,0.7350120308548305,0.7740068259440462,0.8106407744231071,0.07562874356827665,0.6083775607999999,0.6511023983440001,0.7458429144,0.1374653536,0.0,0.0613871822002751,0.19704750302857146,0.19704750302857146,0.11928676352919632,0.2706694229971239,0.5624999999999997,0.44321323647080335,0.18650392048510428,0.0,0.0,0.0,0.0,-2.9784952296774136e-05
790,100,100,1.0,feasible,0.7350120308548305,0.7736097295117996,0.8106407744231071,0.07562874356827665,0.6083775607999999,0.649758732856,0.7458429144,0.1374653536,0.0,0.06263985987936606,0.19704750302857146,0.19704750302857146,0.11921566228582701,0.26777777371041,0.5624999999999997,0.44328433771417264,0.18651225696097357,0.0,0.0,0.0,7.11012433693009e-05,8.336475869286097e-06
791,100,100,1.0,feasible,0.7350120308548305,0.773903679712382,0.8106407744231071,0.07562874356827665,0.6083775607999999,0.6528074426159999,0.7458429144,0.1374653536,0.0,0.05788034103631273,0.19704750302857146,0.19704750302857146,0.11921566228582701,0.26886805220229343,0.5624999999999997,0.44328433771417264,0.18663305248433862,0.0,0.0,0.0,0.0,0.00012079552336505262
792,100,100,1.0,feasible,0.7350120308548305,0.7755364764053861,0.8106407744231071,0.07562874356827665,0.6083775607999999,0.6537298079359998,0.7458429144,0.1374653536,0.0,0.061469204911512955,0.19704750302857146,0.19704750302857146,0.11921566228582701,0.2612674651114562,0.5624999999999997,0.44328433771417264,0.18657029700175629,0.0,0.0,0.0,0.0,-6.275548258233288e-05
793,100,100,1.0,feasible,0.7350120308548305,0.7749066580128372,0.8106407744231071,0.07562874356827665,0.6083775607999999,0.6536192895519999,0.7458429144,0.1374653536,0.0,0.05851727892132748,0.19704750302857146,0.19704750302857146,0.11921566228582701,0.26172803375275566,0.5624999999999997,0.44328433771417264,0.18641586655221992,0.0,0.0,0.0,0.0,-0.00015443044953636353
794,100,100,1.0,feasible,0.7350120308548305,0.7737052789353427,0.8106407744231071,0.07562874356827665,0.6083775607999999,0.649991893424,0.7458429144,0.1374653536,0.0,0.06154149625793677,0.19704750302857146,0.19704750302857146,0.11921566228582701,0.2727171196282844,0.5624999999999997,0.44328433771417264,0.1864919937599009,0.0,0.0,0.0,0.0,7.612720768096493e-05
795,100,100,1.0,feasible,0.7350120308548305,0.77564910211571,0.8106407744231071,0.07562874356827665,0.6083775607999999,0.6521196553759999,0.7458429144,0.1374653536,0.0,0.063302015052622,0.19704750302857146,0.19704750302857146,0.11921566228582701,0.25884287555785884,0.5624999999999997,0.44328433771417264,0.1865780133568812,0.0,0.0,0.0,0.0,8.601959698031902e-05
796,100,100,1.0,feasible,0.7350120308548305,0.7757597558709642,0.8089060810527968,0.07389405019796635,0.6083775607999999,0.6499443999439998,0.7458429144,0.1374653536,0.0,0.06740786774759534,0.19704750302857146,0.19704750302857146,0.11921566228582701,0.25424479436678404,0.5624999999999997,0.44328433771417264,0.1865927692793886,0.0,0.0,0.0,0.0,1.4755922507381225e-05
797,100,100,1.0,feasible,0.7350120308548305,0.774545115859976,0.8089060810527968,0.07389405019796635,0.6083775607999999,0.6479588579999997,0.7458429144,0.1374653536,0.0,0.06625794711818819,0.19704750302857146,0.19704750302857146,0.11921566228582701,0.26259476633939743,0.5624999999999997,0.44328433771417264,0.1865096815839806,0.0,0.0,0.0,0.0,-8.308769540799066e-05
798,100,100,1.0,feasible,0.7350120308548305,0.7760222274815551,0.8089060810527968,0.07389405019796635,0.6083775607999999,0.6509328822079999,0.7458429144,0.1374653536,0.0,0.06514718601327438,0.19704750302857146,0.19704750302857146,0.1189878393088946,0.2506501090012246,0.5624999999999997,0.44351216069110505,0.18647287674074658,0.0,0.0,0.0,0.0002278229769324125,-3.6804843234011786e-05
799,100,100,1.0,feasible,0.7350120308548305,0.7764599137102541,0.8096471369019588,0.07463510604712831,0.6083775607999999,0.6547009806079999,0.7458429144,0.1374653536,0.0,0.06128658175171581,0.19893454709809522,0.19893454709809522,0.1189878393088946,0.2593242571297144,0.5624999999999997,0.44351216069110505,0.18644573086163066,0.0,0.0,0.0,0.0,-2.7145879115925142e-05
800,100,100,1.0,feasible,0.7350120308548305,0.7771057124875727,0.8096471369019588,0.07463510604712831,0.6083775607999999,0.6558871507919999,0.7458429144,0.1374653536,0.0,0.06205682466516033,0.19893454709809522,0.19893454709809522,0.1189878393088946,0.25321809916592075,0.5624999999999997,0.44351216069110505,0.1864376901969013,0.0,0.0,0.0,0.0,-8.040664729369595e-06
801,100,100,1.0,feasible,0.7350120308548305,0.7754490687030158,0.8096471369019588,0.07463510604712831,0.6083775607999999,0.6534019149999999,0.7458429144,0.1374653536,0.0,0.06424885597157842,0.19893454709809522,0.19893454709809522,0.1189878393088946,0.25886359273617743,0.5624999999999997,0.44351216069110505,0.1865073202885908,0.0,0.0,0.0,0.0,6.963009168950429e-05
802,100,100,1.0,feasible,0.7350120308548305,0.7748543476296375,0.8105985658346851,0.07558653497985468,0.6083775607999999,0.651068248688,0.7458429144,0.1374653536,0.0,0.06470921545148914,0.19893454709809522,0.19893454709809522,0.1189878393088946,0.26286824155121324,0.5624999999999997,0.44351216069110505,0.18652992629038112,0.0,0.0,0.0,0.0,2.2606001790326236e-05
803,100,100,1.0,feasible,0.7350120308548305,0.7740229021758849,0.8105985658346851,0.07558653497985468,0.6083775607999999,0.6483470609199999,0.7458429144,0.1374653536,0.0,0.0668678640832458,0.19893454709809522,0.19893454709809522,0.1189878393088946,0.26558883717755444,0.5624999999999997,0.44351216069110505,0.1866083773025607,0.0,0.0,0.0,0.0,7.845101217957007e-05
804,100,100,1.0,feasible,0.7350120308548305,0.7758280867284113,0.8106656492770307,0.0756536184222002,0.6083775607999999,0.65121886932,0.7458429144,0.1374653536,0.0,0.06843616472748272,0.19893454709809522,0.19893454709809522,0.1189878393088946,0.25348520865344965,0.5624999999999997,0.44351216069110505,0.1865388443622659,0.0,0.0,0.0,0.0,-6.953294029479751e-05
805,100,100,1.0,feasible,0.7350120308548305,0.7737203779952209,0.8106657244518863,0.07565369359705587,0.6083775607999999,0.648012280392,0.7458429144,0.1374653536,0.0,0.06782880428421312,0.19893454709809522,0.19893454709809522,0.1189878393088946,0.2649248796658755,0.5624999999999997,0.44351216069110505,0.18647435271322108,0.0,0.0,0.0,0.0,-6.449164904481774e-05
806,100,100,1.0,feasible,0.7350120308548305,0.7742776106779692,0.8089060810527968,0.07389405019796635,0.6083775607999999,0.648914930448,0.7458429144,0.1374653536,0.0,0.0669866050350954,0.19893454709809522,0.19893454709809522,0.1189878393088946,0.26101153092858104,0.5624999999999997,0.44351216069110505,0.1864531831965857,0.0,0.0,0.0,0.0,-2.1169516635388685e-05
807,100,100,1.0,feasible,0.7350120308548305,0.7731458257957897,0.8089060810527968,0.07389405019796635,0.6083775607999999,0.6483159571839998,0.7458429144,0.1374653536,0.0,0.06443468457172707,0.1992806808661905,0.1992806808661905,0.11868619776789222,0.26855843105443694,0.5624999999999997,0.4438138022321074,0.18652797540338728,0.0,0.0,0.0,0.00030164154100238705,7.479220680159382e-05
808,100,100,1.0,feasible,0.7350120308548305,0.7757728506784923,0.8089060810527968,0.07389405019796635,0.6083775607999999,0.651423404536,0.7458429144,0.1374653536,0.0,0.06604586574110612,0.1992806808661905,0.1992806808661905,0.11868619776789222,0.2578196277391903,0.5624999999999997,0.4438138022321074,0.186520278427844,0.0,0.0,0.0,0.0,-7.696975543286522e-06
809,100,100,1.0,feasible,0.7350120308548305,0.7736868328850748,0.8082911455880559,0.07327911473322546,0.6083775607999999,0.6482223008319999,0.7458429144,0.1374653536,0.0,0.06399601658784564,0.1992806808661905,0.1992806808661905,0.11868619776789222,0.2691000470754911,0.5624999999999997,0.4438138022321074,0.18652429158850348,0.0,0.0,0.0,0.0,4.013160659482873e-06
810,100,100,1.0,feasible,0.7350120308548305,0.7732505305731427,0.8082911455880559,0.07327911473322546,0.6083775607999999,0.6478936797439999,0.7458429144,0.1374653536,0.0,0.06353784740843017,0.1992806808661905,0.1992806808661905,0.11868619776789222,0.26859908508593583,0.5624999999999997,0.4438138022321074,0.18657204336200509,0.0,0.0,0.0,0.0,4.775177350160864e-05
811,100,100,1.0,feasible,0.7350120308548305,0.7728804803769207,0.8082911455880559,0.07327911473322546,0.6083775607999999,0.6472467465759999,0.7458429144,0.1374653536,0.0,0.06388146297448921,0.1992806808661905,0.1992806808661905,0.11868619776789222,0.2725971111058806,0.5624999999999997,0.4438138022321074,0.18649330090975824,0.0,0.0,0.0,0.0,-7.874245224684384e-05
812,100,100,1.0,feasible,0.7350120308548305,0.7752621861100936,0.8082911455880559,0.07327911473322546,0.6083775607999999,0.646974668936,0.7458429144,0.1374653536,0.0,0.07143848997134,0.1992806808661905,0.1992806808661905,0.11868619776789222,0.25783048680380655,0.5624999999999997,0.4438138022321074,0.18651770975385518,0.0,0.0,0.0,0.0,2.440884409693478e-05
813,100,100,1.0,feasible,0.7350120308548305,0.774152005058169,0.8082911455880559,0.07327911473322546,0.6083775607999999,0.6498910340319999,0.7458429144,0.1374653536,0.0,0.06309784103527166,0.1992806808661905,0.1992806808661905,0.11868619776789222,0.2643489925550788,0.5624999999999997,0.4438138022321074,0.18645924198226316,0.0,0.0,0.0,0.0,-5.846777159201899e-05
814,100,100,1.0,feasible,0.7350120308548305,0.7743182199344182,0.8082911455880559,0.07327911473322546,0.6083775607999999,0.6517909973759999,0.7458429144,0.1374653536,0.0,0.05901242072438727,0.1992806808661905,0.1992806808661905,0.11868619776789222,0.2703694878227603,0.5624999999999997,0.4438138022321074,0.18635212643007915,0.0,0.0,0.0,0.0,-0.0001071155521840117
815,100,100,1.0,feasible,0.7350120308548305,0.7737214790051103,0.8082911455880559,0.07327911473322546,0.6083775607999999,0.6490853935119999,0.7458429144,0.1374653536,0.0,0.0619248318461394,0.19957539942857144,0.19957539942857144,0.11868619776789222,0.26897814581292157,0.5624999999999997,0.4438138022321074,0.18646214176990972,0.0,0.0,0.0,0.0,0.00011001533983057143
816,100,100,1.0,feasible,0.7350120308548305,0.7749679622852458,0.8048468486735387,0.06983481781870826,0.6083775607999999,0.65363575848,0.7458429144,0.1374653536,0.0,0.060516010064614295,0.20043060573333327,0.20043060573333327,0.11868619776789222,0.2660973174997708,0.5624999999999997,0.4438138022321074,0.18645377157952517,0.0,0.0,0.0,0.0,-8.370190384549003e-06
817,100,100,1.0,feasible,0.7350120308548305,0.7740028653218914,0.8048468486735387,0.06983481781870826,0.6083775607999999,0.6516718359279998,0.7458429144,0.1374653536,0.0,0.060209662469676184,0.19928604080476187,0.19928604080476187,0.11868619776789222,0.2692813028200923,0.5624999999999997,0.4438138022321074,0.1864911293205243,0.0,0.0,0.0,0.0,3.73577409991388e-05
818,100,100,1.0,feasible,0.7350120308548305,0.774333535800499,0.8048468486735387,0.06983481781870826,0.6083775607999999,0.6495020575519999,0.7458429144,0.1374653536,0.0,0.06303247196926381,0.19928604080476187,0.19928604080476187,0.11868619776789222,0.26303999620748963,0.5624999999999997,0.4438138022321074,0.18654458484454534,0.0,0.0,0.0,0.0,5.345552402102882e-05
819,100,100,1.0,feasible,0.7350120308548305,0.7729913128346678,0.8048468486735387,0.06983481781870826,0.6083775607999999,0.6486830500399999,0.7458429144,0.1374653536,0.0,0.06060273173366904,0.19928604080476187,0.19928604080476187,0.11826314062638806,0.2717900316825966,0.5624999999999997,0.4442368593736116,0.1866092862682021,0.0,0.0,0.0,0.00042305714150416007,6.470142365677667e-05
820,100,100,1.0,feasible,0.7350120308548305,0.7755333060026511,0.8048468486735387,0.06983481781870826,0.6083775607999999,0.6501640790959999,0.7458429144,0.1374653536,0.0,0.06705042583708785,0.19928604080476187,0.19928604080476187,0.11826314062638806,0.2515869505764584,0.5624999999999997,0.4442368593736116,0.1865033244723706,0.0,0.0,0.0,0.0,-0.00010596179583149956
821,100,100,1.0,feasible,0.7350120308548305,0.7743927079334765,0.8048468486735387,0.06983481781870826,0.6083775607999999,0.6505820588960001,0.7458429144,0.1374653536,0.0,0.06263437968623524,0.19928604080476187,0.19928604080476187,0.11826314062638806,0.2632661958428158,0.5624999999999997,0.4442368593736116,0.18650806525623526,0.0,0.0,0.0,0.0,4.740783864642939e-06
822,100,100,1.0,feasible,0.7350120308548305,0.7729352262981181,0.8048468486735387,0.06983481781870826,0.6083775607999999,0.6502208236,0.7458429144,0.1374653536,0.0,0.05885359452892953,0.19928604080476187,0.19928604080476187,0.11826314062638806,0.26829341433345194,0.5624999999999997,0.4442368593736116,0.18645509714948133,0.0,0.0,0.0,0.0,-5.2968106753925603e-05
823,100,100,1.0,feasible,0.7350120308548305,0.77584765375351,0.8048468486735387,0.06983481781870826,0.6083775607999999,0.6559183999279999,0.7458429144,0.1374653536,0.0,0.05818792682792309,0.19928604080476187,0.19928604080476187,0.11826314062638806,0.25945732887565875,0.5624999999999997,0.4442368593736116,0.18647984027716746,0.0,0.0,0.0,0.0,2.4743127686133182e-05
824,100,100,1.0,feasible,0.7350120308548305,0.7748401393691242,0.8096810233199029,0.07466899246507241,0.6083775607999999,0.6525100018960001,0.7458429144,0.1374653536,0.0,0.05964557762844346,0.19928604080476187,0.19928604080476187,0.11826314062638806,0.2661006063082495,0.5624999999999997,0.4442368593736116,0.18648131664964077,0.0,0.0,0.0,0.0,1.4763724733024564e-06
825,100,100,1.0,feasible,0.7350120308548305,0.7749007886932483,0.8096810233199029,0.07466899246507241,0.6083775607999999,0.656027052488,0.7458429144,0.1374653536,0.0,0.05335159005093619,0.18799459786190478,0.18799459786190478,0.11826314062638806,0.2686888150987701,0.5624999999999997,0.4442368593736116,0.1864314714305491,0.0,0.0,0.0,0.0,-4.984521909165429e-05
826,100,100,1.0,feasible,0.7350120308548305,0.7736825934714738,0.8099256918354176,0.07491366098058716,0.6083775607999999,0.6517025060480001,0.7458429144,0.1374653536,0.0,0.05755871148634334,0.18799459786190478,0.18799459786190478,0.11826314062638806,0.27124646199744,0.5624999999999997,0.4442368593736116,0.1865520442533007,0.0,0.0,0.0,0.0,0.00012057282275157455
827,100,100,1.0,feasible,0.7350120308548305,0.7740955646652016,0.8099256918354176,0.07491366098058716,0.6083775607999999,0.6526220014080001,0.7458429144,0.1374653536,0.0,0.05801440009916095,0.18799459786190478,0.18799459786190478,0.11826314062638806,0.26968324566343965,0.5624999999999997,0.4442368593736116,0.18653626939464263,0.0,0.0,0.0,0.0,-1.57748586580575e-05
828,100,100,1.0,feasible,0.7350120308548305,0.7732347442633387,0.8099256918354176,0.07491366098058716,0.6083775607999999,0.6494100015519999,0.7458429144,0.1374653536,0.0,0.06031789765490406,0.18799459786190478,0.18799459786190478,0.11826314062638806,0.27548909065110944,0.5624999999999997,0.4442368593736116,0.18651115038093347,0.0,0.0,0.0,0.0,-2.5119013709162807e-05
829,100,100,1.0,feasible,0.7350120308548305,0.7740691269635289,0.8049017596323234,0.06988972877749289,0.6083775607999999,0.654818861184,0.7458429144,0.1374653536,0.0,0.05489150274948595,0.18799459786190478,0.18799459786190478,0.11826314062638806,0.2663933624715351,0.5624999999999997,0.4442368593736116,0.18647218546833774,0.0,0.0,0.0,0.0,-3.8964912595723655e-05
830,100,100,1.0,feasible,0.7350120308548305,0.7712575767219577,0.8049017596323234,0.06988972877749289,0.6083775607999999,0.65019025968,0.7458429144,0.1374653536,0.0,0.05425608335808429,0.18799459786190478,0.18799459786190478,0.11826314062638806,0.2816622733383909,0.5624999999999997,0.4442368593736116,0.186501832301129,0.0,0.0,0.0,0.0,2.9646832791246913e-05
831,100,100,1.0,feasible,0.7350120308548305,0.7720450747501441,0.8049017596323234,0.06988972877749289,0.6083775607999999,0.6528187284079999,0.7458429144,0.1374653536,0.0,0.05278402777136048,0.18799459786190478,0.18799459786190478,0.11826314062638806,0.27872522562631397,0.5624999999999997,0.4442368593736116,0.18637663719995518,0.0,0.0,0.0,0.0,-0.00012519510117381394
832,100,100,1.0,feasible,0.7350120308548305,0.7728863932909492,0.8049328076326024,0.06992077677777198,0.6083775607999999,0.6515549439999999,0.7458429144,0.1374653536,0.0,0.0575776917536793,0.18799459786190478,0.18799459786190478,0.11826314062638806,0.2761290637222397,0.5624999999999997,0.4442368593736116,0.18642842160866618,0.0,0.0,0.0,0.0,5.1784408711008645e-05
833,100,100,1.0,feasible,0.7350120308548305,0.7731286437679868,0.8052620694015662,0.07025003854673573,0.6083775607999999,0.6519776434159997,0.7458429144,0.1374653536,0.0,0.05840148479540023,0.18799459786190478,0.18799459786190478,0.11826314062638806,0.27030771760711914,0.5624999999999997,0.4442368593736116,0.1865164630911092,0.0,0.0,0.0,0.0,8.804148244301313e-05
834,100,100,1.0,feasible,0.7350120308548305,0.7737063268684702,0.8052620694015662,0.07025003854673573,0.6083775607999999,0.6489178476719998,0.7458429144,0.1374653536,0.0,0.0653542961000038,0.19727866179357145,0.19727866179357145,0.11826314062638806,0.26439392259327815,0.5624999999999997,0.4442368593736116,0.1865187787476058,0.0,0.0,0.0,0.0,2.315656496609808e-06
835,100,100,1.0,feasible,0.7350120308548305,0.7724388124675143,0.8052620694015662,0.07025003854673573,0.6083775607999999,0.652017520024,0.7458429144,0.1374653536,0.0,0.055095597252386656,0.19727866179357145,0.19727866179357145,0.11826314062638806,0.2736018290531723,0.5624999999999997,0.4442368593736116,0.18657568575832775,0.0,0.0,0.0,0.0,5.690701072194604e-05
836,100,100,1.0,feasible,0.7350120308548305,0.7719731506305268,0.8052620694015662,0.07025003854673573,0.6083775607999999,0.6498715953599999,0.7458429144,0.1374653536,0.0,0.059095706213526646,0.19737209194642855,0.19737209194642855,0.11826314062638806,0.27816662218459515,0.5624999999999997,0.4442368593736116,0.1865536075559906,0.0,0.0,0.0,0.0,-2.207820233715574e-05
837,100,100,1.0,feasible,0.7350120308548305,0.7728751545314216,0.8052620694015662,0.07025003854673573,0.6083775607999999,0.6503021697199998,0.7458429144,0.1374653536,0.0,0.05972340114515025,0.19737209194642855,0.19737209194642855,0.11826314062638806,0.2727747029199253,0.5624999999999997,0.4442368593736116,0.186526337803456,0.0,0.0,0.0,0.0,-2.7269752534586633e-05
838,100,100,1.0,feasible,0.7350120308548305,0.7720994065546892,0.8058814649503775,0.07086943409554702,0.6083775607999999,0.650727162216,0.7458429144,0.1374653536,0.0,0.056175121939150946,0.19737209194642855,0.19737209194642855,0.11826314062638806,0.28146723963506903,0.5624999999999997,0.4442368593736116,0.1863936051782894,0.0,0.0,0.0,0.0,-0.00013273262516660944
839,100,100,1.0,feasible,0.7350120308548305,0.7749177101233146,0.8070603452636351,0.07204831440880466,0.6083775607999999,0.6518010630559998,0.7458429144,0.1374653536,0.0,0.06420321742871905,0.19737209194642855,0.19737209194642855,0.11826314062638806,0.2646190076984288,0.5624999999999997,0.4442368593736116,0.18640743633266715,0.0,0.0,0.0,0.0,1.3831154377752508e-05
840,100,100,1.0,feasible,0.7350120308548305,0.7746439070805644,0.8097267565799802,0.0747147257251497,0.6083775607999999,0.6524088208559999,0.7458429144,0.1374653536,0.0,0.061914607867692484,0.19737209194642855,0.19737209194642855,0.11826314062638806,0.2702763215123492,0.5624999999999997,0.4442368593736116,0.18636877560019927,0.0,0.0,0.0,0.0,-3.8660732467887815e-05
841,100,100,1.0,feasible,0.7350120308548305,0.7728305001447684,0.8097267565799802,0.0747147257251497,0.6083775607999999,0.6540926467439999,0.7458429144,0.1374653536,0.0,0.05354664988685083,0.19727866179357145,0.19727866179357145,0.11826314062638806,0.2796445255963999,0.5624999999999997,0.4442368593736116,0.18640207066507763,0.0,0.0,0.0,0.0,3.3295064878369196e-05
842,100,100,1.0,feasible,0.7350120308548305,0.7729672039418835,0.8097267565799802,0.0747147257251497,0.6083775607999999,0.6509419388719999,0.7458429144,0.1374653536,0.0,0.05924317458813595,0.19528750229928568,0.19528750229928568,0.11826314062638806,0.2757804474474594,0.5624999999999997,0.4442368593736116,0.18642579551661181,0.0,0.0,0.0,0.0,2.3724851534179248e-05
843,100,100,1.0,feasible,0.7350120308548305,0.7750321947150856,0.8097267565799802,0.0747147257251497,0.6083775607999999,0.652143480144,0.7458429144,0.1374653536,0.0,0.06375449725725192,0.19528750229928568,0.19528750229928568,0.11826314062638806,0.2598669637973957,0.5624999999999997,0.4442368593736116,0.18647633943258424,0.0,0.0,0.0,0.0,5.0543915972423026e-05
844,100,100,1.0,feasible,0.7350120308548305,0.7750883069759127,0.8098094099384296,0.07479737908359918,0.6083775607999999,0.656248588904,0.7458429144,0.1374653536,0.0,0.05684397861192834,0.19528750229928568,0.19528750229928568,0.11826314062638806,0.26701594051986455,0.5624999999999997,0.4442368593736116,0.1863023030490976,0.0,0.0,0.0,0.0,-0.00017403638348664763
845,100,100,1.0,feasible,0.7350120308548305,0.7741961468255628,0.8098094099384296,0.07479737908359918,0.6083775607999999,0.6466334516399997,0.7458429144,0.1374653536,0.0,0.0698411942725031,0.195400577623881,0.195400577623881,0.11819872839406848,0.2638370910865141,0.5624999999999997,0.4443012716059312,0.18641160903936665,0.0,0.0,0.0,6.441223231958004e-05,0.00010930599026906518
846,100,100,1.0,feasible,0.7350120308548305,0.7739067874217291,0.8098094099384296,0.07479737908359918,0.6083775607999999,0.6478146420719999,0.7458429144,0.1374653536,0.0,0.06710372128648857,0.195400577623881,0.195400577623881,0.11819872839406848,0.2666323587019128,0.5624999999999997,0.4443012716059312,0.18643763816120257,0.0,0.0,0.0,0.0,2.6029121835913216e-05
847,100,100,1.0,feasible,0.7350120308548305,0.7731679185320846,0.8106502294490083,0.07563819859417786,0.6083775607999999,0.646770113632,0.7458429144,0.1374653536,0.0,0.06734952388521584,0.195400577623881,0.195400577623881,0.11819872839406848,0.26940184662275846,0.5624999999999997,0.4443012716059312,0.18642664867617115,0.0,0.0,0.0,0.0,-1.098948503142072e-05
848,100,100,1.0,feasible,0.7350120308548305,0.7740012951563672,0.8106502294490083,0.07563819859417786,0.6083775607999999,0.649568493,0.7458429144,0.1374653536,0.0,0.06506052910483213,0.195400577623881,0.195400577623881,0.11819872839406848,0.2673269093902635,0.5624999999999997,0.4443012716059312,0.18644595916134393,0.0,0.0,0.0,0.0,1.931048517278544e-05
849,100,100,1.0,feasible,0.7350120308548305,0.7731982518549531,0.8106502294490083,0.07563819859417786,0.6083775607999999,0.6493004643039998,0.7458429144,0.1374653536,0.0,0.06334430266644761,0.195400577623881,0.195400577623881,0.11819872839406848,0.2701397335719453,0.5624999999999997,0.4443012716059312,0.18648532756422442,0.0,0.0,0.0,0.0,3.9368402880490816e-05
850,100,100,1.0,feasible,0.7350120308548305,0.7733489710297734,0.8106502294490083,0.07563819859417786,0.6083775607999999,0.6501757696799999,0.7458429144,0.1374653536,0.0,0.0612771807933681,0.195400577623881,0.195400577623881,0.11771291440122209,0.2734071240035378,0.5624999999999997,0.44478708559877755,0.1865930743608103,0.0,0.0,0.0,0.00048581399284639004,0.0001077467965858725
851,100,100,1.0,feasible,0.7350120308548305,0.776246439775522,0.8106502294490083,0.07563819859417786,0.6083775607999999,0.6519368091040001,0.7458429144,0.1374653536,0.0,0.06665597321511571,0.1995234294535714,0.1995234294535714,0.11771291440122209,0.26028066968003455,0.5624999999999997,0.44478708559877755,0.18652325506336717,0.0,0.0,0.0,0.0,-6.981929744312443e-05
852,100,100,1.0,feasible,0.7350120308548305,0.7747052650846805,0.8106502294490083,0.07563819859417786,0.6083775607999999,0.6530361144639998,0.7458429144,0.1374653536,0.0,0.059842640073960715,0.1995234294535714,0.1995234294535714,0.11771291440122209,0.2668745558539266,0.5624999999999997,0.44478708559877755,0.18658236051293936,0.0,0.0,0.0,0.0,5.910544957218877e-05
853,100,100,1.0,feasible,0.7350120308548305,0.7744616114332059,0.8106502294490083,0.07563819859417786,0.6083775607999999,0.650347240752,0.7458429144,0.1374653536,0.0,0.06292772003053738,0.19977550248464288,0.19977550248464288,0.11771291440122209,0.26652802110771473,0.5624999999999997,0.44478708559877755,0.18656888954504236,0.0,0.0,0.0,0.0,-1.3470967897000197e-05
854,100,100,1.0,feasible,0.7350120308548305,0.7728484120087907,0.8106502294490083,0.07563819859417786,0.6083775607999999,0.6475978477839999,0.7458429144,0.1374653536,0.0,0.0627863599306469,0.18520714935476193,0.18520714935476193,0.11771291440122209,0.26943563231824247,0.5624999999999997,0.44478708559877755,0.18666097550394262,0.0,0.0,0.0,0.0,9.20859589002565e-05
855,100,100,1.0,feasible,0.7350120308548305,0.7739811234943226,0.8106502294490083,0.07563819859417786,0.6083775607999999,0.6492987026079998,0.7458429144,0.1374653536,0.0,0.06379423599174172,0.1868347279404762,0.1868347279404762,0.11771291440122209,0.26597341323727497,0.5624999999999997,0.44478708559877755,0.18659622398483694,0.0,0.0,0.0,0.0,-6.475151910567689e-05
856,100,100,1.0,feasible,0.7350120308548305,0.7753326953909617,0.8106502294490083,0.07563819859417786,0.6083775607999999,0.6501374199919999,0.7458429144,0.1374653536,0.0,0.06797888530476977,0.1868347279404762,0.1868347279404762,0.11771291440122209,0.2586436803757306,0.5624999999999997,0.44478708559877755,0.18655474749786188,0.0,0.0,0.0,0.0,-4.1476486975056126e-05
857,100,100,1.0,feasible,0.7350120308548305,0.7742463991793558,0.8106502294490083,0.07563819859417786,0.6083775607999999,0.6503993141679999,0.7458429144,0.1374653536,0.0,0.0638227367269312,0.1880523912380952,0.1880523912380952,0.11771291440122209,0.26621064559060115,0.5624999999999997,0.44478708559877755,0.18656532367725492,0.0,0.0,0.0,0.0,1.0576179393040341e-05
858,100,100,1.0,feasible,0.7350120308548305,0.7733932512915771,0.8106502294490083,0.07563819859417786,0.6083775607999999,0.648185960968,0.7458429144,0.1374653536,0.0,0.06423668781446047,0.1909471487842857,0.1909471487842857,0.11771291440122209,0.2727782001414697,0.5624999999999997,0.44478708559877755,0.18654446475160855,0.0,0.0,0.0,0.0,-2.085892564637759e-05
859,100,100,1.0,feasible,0.7350120308548305,0.7734025297882543,0.8106502294490083,0.07563819859417786,0.6083775607999999,0.6484307554879999,0.7458429144,0.1374653536,0.0,0.06414307058875263,0.1909471487842857,0.1909471487842857,0.11771291440122209,0.27343828094553224,0.5624999999999997,0.44478708559877755,0.1865013948408365,0.0,0.0,0.0,0.0,-4.3069910772047804e-05
860,100,100,1.0,feasible,0.7350120308548305,0.7765806456935797,0.8106502294490083,0.07563819859417786,0.6083775607999999,0.6547659922319998,0.7458429144,0.1374653536,0.0,0.06259433079825394,0.1909471487842857,0.1909471487842857,0.11771291440122209,0.25624248119583304,0.5624999999999997,0.44478708559877755,0.18650277508552626,0.0,0.0,0.0,0.0,1.380244689763721e-06
861,100,100,1.0,feasible,0.7350120308548305,0.7755225435255437,0.8106502294490083,0.07563819859417786,0.6083775607999999,0.6525486597199999,0.7458429144,0.1374653536,0.0,0.06192160062181982,0.1909471487842857,0.1909471487842857,0.11771291440122209,0.2649556547109295,0.5624999999999997,0.44478708559877755,0.18641497278362218,0.0,0.0,0.0,0.0,-8.7802301904083e-05
862,100,100,1.0,feasible,0.7350120308548305,0.7752633631887395,0.8106502294490083,0.07563819859417786,0.6083775607999999,0.6525042025999997,0.7458429144,0.1374653536,0.0,0.06170286559368691,0.1909471487842857,0.1909471487842857,0.11771291440122209,0.2628163095352538,0.5624999999999997,0.44478708559877755,0.18639888583161068,0.0,0.0,0.0,0.0,-1.6086952011495903e-05
863,100,100,1.0,feasible,0.7350120308548305,0.7747871833708335,0.8106502294490083,0.07563819859417786,0.6083775607999999,0.653701117864,0.7458429144,0.1374653536,0.0,0.05831892648638405,0.1909471487842857,0.1909471487842857,0.11771291440122209,0.2681133020493776,0.5624999999999997,0.44478708559877755,0.18647272935193124,0.0,0.0,0.0,0.0,7.384352032055452e-05
864,100,100,1.0,feasible,0.7350120308548305,0.7750736581131286,0.8106502294490083,0.07563819859417786,0.6083775607999999,0.6549418708799999,0.7458429144,0.1374653536,0.0,0.058045581241110235,0.19220144626547622,0.19220144626547622,0.11771291440122209,0.26506501854210945,0.5624999999999997,0.44478708559877755,0.18655284430948565,0.0,0.0,0.0,0.0,8.011495755441689e-05
865,100,100,1.0,feasible,0.7350120308548305,0.7750049624640261,0.8106502294490083,0.07563819859417786,0.6083775607999999,0.6533917174639998,0.7458429144,0.1374653536,0.0,0.06054863695245547,0.19220144626547622,0.19220144626547622,0.11771291440122209,0.2680418570702262,0.5624999999999997,0.44478708559877755,0.1864118212282578,0.0,0.0,0.0,0.0,-0.0001410230812278479
866,100,100,1.0,feasible,0.7350120308548305,0.7762376105855268,0.8106502294490083,0.07563819859417786,0.6083775607999999,0.6545160358479998,0.7458429144,0.1374653536,0.0,0.06241086793022095,0.19220144626547622,0.19220144626547622,0.11771291440122209,0.26121172848597096,0.5624999999999997,0.44478708559877755,0.1863653566177118,0.0,0.0,0.0,0.0,-4.646461054599871e-05
867,100,100,1.0,feasible,0.7350120308548305,0.773627108836098,0.8106502294490083,0.07563819859417786,0.6083775607999999,0.6489587790799999,0.7458429144,0.1374653536,0.0,0.06305538434245096,0.19220144626547622,0.19220144626547622,0.11771291440122209,0.27328302676334976,0.5624999999999997,0.44478708559877755,0.1863656826779948,0.0,0.0,0.0,0.0,3.2606028299575485e-07
868,100,100,1.0,feasible,0.7350120308548305,0.7751930355641603,0.8106502294490083,0.07563819859417786,0.6083775607999999,0.653335654232,0.7458429144,0.1374653536,0.0,0.06126722384217881,0.19220144626547622,0.19220144626547622,0.11771291440122209,0.2655566779688,0.5624999999999997,0.44478708559877755,0.18643103913633297,0.0,0.0,0.0,0.0,6.535645833816162e-05
869,100,100,1.0,feasible,0.7350120308548305,0.7730186597910453,0.8106502294490083,0.07563819859417786,0.6083775607999999,0.650277573504,0.7458429144,0.1374653536,0.0,0.058884140286671424,0.19220144626547622,0.19220144626547622,0.11771291440122209,0.27710961906118836,0.5624999999999997,0.44478708559877755,0.186528200486259,0.0,0.0,0.0,0.0,9.716134992604486e-05
870,100,100,1.0,feasible,0.7350120308548305,0.7745120514738458,0.8106502294490083,0.07563819859417786,0.6083775607999999,0.6522394793439998,0.7458429144,0.1374653536,0.0,0.06046358166730166,0.1858237769830952,0.1858237769830952,0.11771291440122209,0.26741340472803216,0.5624999999999997,0.44478708559877755,0.18662390033721826,0.0,0.0,0.0,0.0,9.569985095925215e-05
871,100,100,1.0,feasible,0.7350120308548305,0.7718129576666145,0.8106502294490083,0.07563819859417786,0.6083775607999999,0.647302039936,0.7458801567999999,0.13750259599999992,0.0,0.06084112947435596,0.1858237769830952,0.1858237769830952,0.11771291440122209,0.280564359929436,0.5624999999999997,0.44478708559877755,0.18650717330775213,0.0,0.0,0.0,0.0,-0.00011672702946613489
872,100,100,1.0,feasible,0.7350120308548305,0.7735415177123124,0.8106502294490083,0.07563819859417786,0.6083775607999999,0.650116873352,0.7458801567999999,0.13750259599999992,0.0,0.06086701061935714,0.1858237769830952,0.1858237769830952,0.11771291440122209,0.26850167820090026,0.5624999999999997,0.44478708559877755,0.18651392212441448,0.0,0.0,0.0,0.0,6.7488166623497214e-06
873,100,100,1.0,feasible,0.7350120308548305,0.7720932413296007,0.8106502294490083,0.07563819859417786,0.6083775607999999,0.6480659874559999,0.7458611231999999,0.13748356239999993,0.0,0.059113579192228344,0.1858237769830952,0.1858237769830952,0.11771291440122209,0.28041675558054346,0.5624999999999997,0.44478708559877755,0.18656035205060365,0.0,0.0,0.0,0.0,4.6429926189167636e-05
874,100,100,1.0,feasible,0.7350120308548305,0.7732704983962116,0.8106502294490083,0.07563819859417786,0.6083775607999999,0.651196782416,0.7458611231999999,0.13748356239999993,0.0,0.05860187906284333,0.1858237769830952,0.1858237769830952,0.11771291440122209,0.2743616676692304,0.5624999999999997,0.44478708559877755,0.1865607742883315,0.0,0.0,0.0,0.0,4.222377278650935e-07
875,100,100,1.0,feasible,0.7350120308548305,0.7740354452941588,0.8106502294490083,0.07563819859417786,0.6083775607999999,0.6521447821839998,0.7458611231999999,0.13748356239999993,0.0,0.05956285932081703,0.1858237769830952,0.1858237769830952,0.11771291440122209,0.2699530601065071,0.5624999999999997,0.44478708559877755,0.1866297942530199,0.0,0.0,0.0,0.0,6.901996468838822e-05
876,100,100,1.0,feasible,0.7350120308548305,0.77336840531631,0.8106502294490083,0.07563819859417786,0.6083775607999999,0.649000308792,0.7458611231999999,0.13748356239999993,0.0,0.0607007897827252,0.1858237769830952,0.1858237769830952,0.11771291440122209,0.2713259956797427,0.5624999999999997,0.44478708559877755,0.186542981224599,0.0,0.0,0.0,0.0,-8.681302842089567e-05
877,100,100,1.0,feasible,0.7350120308548305,0.7732142690745296,0.8106502294490083,0.07563819859417786,0.6083775607999999,0.6520250293119999,0.7458611231999999,0.13748356239999993,0.0,0.05557319435036738,0.1858237769830952,0.1858237769830952,0.11771291440122209,0.2717857375837837,0.5624999999999997,0.44478708559877755,0.18652571682713848,0.0,0.0,0.0,0.0,-1.726439746052577e-05
878,100,100,1.0,feasible,0.7350120308548305,0.7735686387752255,0.8106502294490083,0.07563819859417786,0.6083775607999999,0.6515539773599999,0.7458611231999999,0.13748356239999993,0.0,0.05741922859742024,0.1858237769830952,0.1858237769830952,0.11771291440122209,0.27252331757858284,0.5624999999999997,0.44478708559877755,0.186441837116959,0.0,0.0,0.0,0.0,-8.38797101794797e-05
879,100,100,1.0,feasible,0.7350120308548305,0.7734765345882828,0.8106502294490083,0.07563819859417786,0.6083775607999999,0.651646040472,0.7458611231999999,0.13748356239999993,0.0,0.05734231399412769,0.1858237769830952,0.1858237769830952,0.11771291440122209,0.2744739374121816,0.5624999999999997,0.44478708559877755,0.1865044415106749,0.0,0.0,0.0,0.0,6.260439371591486e-05
880,100,100,1.0,feasible,0.7350120308548305,0.7759114342682224,0.8106502294490083,0.07563819859417786,0.6083775607999999,0.6529540543919998,0.7458611231999999,0.13748356239999993,0.0,0.06267772387840416,0.1858237769830952,0.1858237769830952,0.11771291440122209,0.25748881960368225,0.5624999999999997,0.44478708559877755,0.18652836806590334,0.0,0.0,0.0,0.0,2.392655522842624e-05
881,100,100,1.0,feasible,0.7350120308548305,0.7741705538921737,0.8106502294490083,0.07563819859417786,0.6083775607999999,0.6510453224639999,0.7458611231999999,0.13748356239999993,0.0,0.05989860765708282,0.1858237769830952,0.1858237769830952,0.11771291440122209,0.26728986421846057,0.5624999999999997,0.44478708559877755,0.1864273343276614,0.0,0.0,0.0,0.0,-0.00010103373824194017
882,100,100,1.0,feasible,0.7350120308548305,0.7745421649521219,0.8106502294490083,0.07563819859417786,0.6083775607999999,0.6510553515599998,0.7458611231999999,0.13748356239999993,0.0,0.06180778719318995,0.19539022078809526,0.19539022078809526,0.11771291440122209,0.26684988970365603,0.5624999999999997,0.44478708559877755,0.18640433130584816,0.0,0.0,0.0,0.0,-2.300302181323932e-05
883,100,100,1.0,feasible,0.7350120308548305,0.7745830848534004,0.8106502294490083,0.07563819859417786,0.6083775607999999,0.6496552079039999,0.7458611231999999,0.13748356239999993,0.0,0.06426451427351595,0.19539022078809526,0.19539022078809526,0.11771291440122209,0.2665338317782587,0.5624999999999997,0.44478708559877755,0.1865172984453262,0.0,0.0,0.0,0.0,0.00011296713947803183
884,100,100,1.0,feasible,0.7350120308548305,0.7742211342394434,0.8106502294490083,0.07563819859417786,0.6083775607999999,0.6510239053279999,0.7458611231999999,0.13748356239999993,0.0,0.06006623223327192,0.19539022078809526,0.19539022078809526,0.11771291440122209,0.2703782233519225,0.5624999999999997,0.44478708559877755,0.1864141680381964,0.0,0.0,0.0,0.0,-0.00010313040712978117
885,100,100,1.0,feasible,0.7350120308548305,0.7731852889260984,0.8106502294490083,0.07563819859417786,0.6083775607999999,0.6474111101999998,0.7458611231999999,0.13748356239999993,0.0,0.06479868479975001,0.19539022078809526,0.19539022078809526,0.11771291440122209,0.27577242834377325,0.5624999999999997,0.44478708559877755,0.18641132393012194,0.0,0.0,0.0,0.0,-2.844108074467888e-06
886,100,100,1.0,feasible,0.7350120308548305,0.7744412207515741,0.8107429922557688,0.07573096140093838,0.6083775607999999,0.6502503854239999,0.7458611231999999,0.13748356239999993,0.0,0.06253000823104786,0.19553182423309523,0.19553182423309523,0.11771291440122209,0.267251279336488,0.5624999999999997,0.44478708559877755,0.18651876123702968,0.0,0.0,0.0,0.0,0.00010743730690773723
887,100,100,1.0,feasible,0.7350120308548305,0.7724668342891527,0.8107429922557688,0.07573096140093838,0.6083775607999999,0.6489272900639997,0.7458611231999999,0.13748356239999993,0.0,0.05829146549711007,0.19565351837666667,0.19565351837666667,0.11771291440122209,0.2799052908623303,0.5624999999999997,0.44478708559877755,0.18642425468455287,0.0,0.0,0.0,0.0,-9.45065524768085e-05
888,100,100,1.0,feasible,0.7350120308548305,0.7732489552526468,0.8107429922557688,0.07573096140093838,0.6083775607999999,0.6478335078239997,0.7458611231999999,0.13748356239999993,0.0,0.06242202113253618,0.19565351837666667,0.19565351837666667,0.11771291440122209,0.2749489175292461,0.5624999999999997,0.44478708559877755,0.18648730625036,0.0,0.0,0.0,0.0,6.305156580713178e-05
889,100,100,1.0,feasible,0.7350120308548305,0.7773457802687807,0.8120494564212583,0.07703742556642779,0.6083775607999999,0.6560212338879999,0.7458611231999999,0.13748356239999993,0.0,0.06045625271780187,0.19565351837666667,0.19565351837666667,0.11771291440122209,0.25479079039041475,0.5624999999999997,0.44478708559877755,0.18648103073324052,0.0,0.0,0.0,0.0,-6.2755171194861514e-06
890,100,100,1.0,feasible,0.7350120308548305,0.7740702596419163,0.8120494564212583,0.07703742556642779,0.6083775607999999,0.647975295336,0.7458611231999999,0.13748356239999993,0.0,0.06350238895310328,0.19565351837666667,0.19565351837666667,0.11771291440122209,0.26497281435809744,0.5624999999999997,0.44478708559877755,0.1864793091489351,0.0,0.0,0.0,0.0,-1.7215843054196878e-06
891,100,100,1.0,feasible,0.7350120308548305,0.7752071539270575,0.8120494564212583,0.07703742556642779,0.6083775607999999,0.6486080818079999,0.7458611231999999,0.13748356239999993,0.0,0.0670068203370621,0.19565351837666667,0.19565351837666667,0.11771291440122209,0.26273427725353704,0.5624999999999997,0.44478708559877755,0.18649819338131265,0.0,0.0,0.0,0.0,1.888423237755843e-05
892,100,100,1.0,feasible,0.7350120308548305,0.7745501552796817,0.8120494564212583,0.07703742556642779,0.6083775607999999,0.65149580472,0.7458611231999999,0.13748356239999993,0.0,0.061318340962477624,0.19565351837666667,0.19565351837666667,0.11771291440122209,0.2669027990931405,0.5624999999999997,0.44478708559877755,0.1863004755732362,0.0,0.0,0.0,0.0,-0.000197717808076453
893,100,100,1.0,feasible,0.7350120308548305,0.77482061150559,0.8120494564212583,0.07703742556642779,0.6083775607999999,0.6525870064319998,0.7458611231999999,0.13748356239999993,0.0,0.06039491730885072,0.19565351837666667,0.19565351837666667,0.11771291440122209,0.2630621505773624,0.5624999999999997,0.44478708559877755,0.18645454954143753,0.0,0.0,0.0,0.0,0.00015407396820132924
894,100,100,1.0,feasible,0.7350120308548305,0.77268016291054,0.8120494564212583,0.07703742556642779,0.6083775607999999,0.6481707520719999,0.7458611231999999,0.13748356239999993,0.0,0.0605755742814219,0.19565351837666667,0.19565351837666667,0.11771291440122209,0.2758590774658899,0.5624999999999997,0.44478708559877755,0.1864822946326659,0.0,0.0,0.0,0.0,2.7745091228381646e-05
895,100,100,1.0,feasible,0.7350120308548305,0.7754420586076083,0.8120494564212583,0.07703742556642779,0.6083775607999999,0.6507979612239998,0.7458611231999999,0.13748356239999993,0.0,0.0653164204428693,0.19565351837666667,0.19565351837666667,0.11771291440122209,0.26178360178699545,0.5624999999999997,0.44478708559877755,0.18639900827863945,0.0,0.0,0.0,0.0,-8.328635402646278e-05
896,100,100,1.0,feasible,0.7350120308548305,0.7738300451110182,0.8120494564212583,0.07703742556642779,0.6083775607999999,0.6491075789199999,0.7458762487999998,0.13749868799999987,0.0,0.06351165942002453,0.1934296908761905,0.1934296908761905,0.11771291440122209,0.26788182041810904,0.5624999999999997,0.44478708559877755,0.18638237934708368,0.0,0.0,0.0,0.0,-1.6628931555767723e-05
897,100,100,1.0,feasible,0.7350120308548305,0.7739945061325938,0.8120494564212583,0.07703742556642779,0.6083775607999999,0.649785779568,0.7458762487999998,0.13749868799999987,0.0,0.061856474522076425,0.1934296908761905,0.1934296908761905,0.11771291440122209,0.2695356349862929,0.5624999999999997,0.44478708559877755,0.18638216616087025,0.0,0.0,0.0,0.0,-2.1318621343247024e-07
898,100,100,1.0,feasible,0.7350120308548305,0.772584558686097,0.8105126397537195,0.07550060889888899,0.6083775607999999,0.647777247504,0.7458762487999998,0.13749868799999987,0.0,0.05917350967902301,0.1934296908761905,0.1934296908761905,0.11771291440122209,0.2746604485414787,0.5624999999999997,0.44478708559877755,0.18640355052608915,0.0,0.0,0.0,0.0,2.1384365218896084e-05
899,100,100,1.0,feasible,0.7350120308548305,0.7739333854847996,0.807585389304589,0.07257335844975854,0.6083775607999999,0.6513455281919999,0.7457899679999999,0.13741240719999992,0.0,0.059041974466511694,0.1934296908761905,0.1934296908761905,0.11771291440122209,0.2675591362525129,0.5624999999999997,0.44478708559877755,0.18648585694947795,0.0,0.0,0.0,0.0,8.230642338880045e-05
900,100,100,1.0,feasible,0.7350120308548305,0.7718872635297299,0.807585389304589,0.07257335844975854,0.6083775607999999,0.650542966016,0.7457899679999999,0.13741240719999992,0.0,0.054082149332122374,0.1934296908761905,0.1934296908761905,0.11771291440122209,0.28176899325821386,0.5624999999999997,0.44478708559877755,0.18643061876543227,0.0,0.0,0.0,0.0,-5.5238184045680594e-05
901,100,100,1.0,feasible,0.7350120308548305,0.773145936559224,0.807585389304589,0.07257335844975854,0.6083775607999999,0.6509675784319999,0.7457899679999999,0.13741240719999992,0.0,0.0576393659487669,0.1934296908761905,0.1934296908761905,0.11771291440122209,0.2719192334754024,0.5624999999999997,0.44478708559877755,0.1863716779033773,0.0,0.0,0.0,0.0,-5.894086205496252e-05
902,100,100,1.0,feasible,0.7350120308548305,0.7744702786867945,0.807585389304589,0.07257335844975854,0.6083775607999999,0.6513267978239999,0.7457899679999999,0.13741240719999992,0.0,0.06239013214099108,0.1934296908761905,0.1934296908761905,0.11771291440122209,0.26537302122950346,0.5624999999999997,0.44478708559877755,0.18641893085810857,0.0,0.0,0.0,0.0,4.7252954731263896e-05
903,100,100,1.0,feasible,0.7350120308548305,0.7741434713367521,0.807585389304589,0.07257335844975854,0.6083775607999999,0.6529697169679999,0.7457899679999999,0.13741240719999992,0.0,0.0578796514476025,0.1934296908761905,0.1934296908761905,0.11771291440122209,0.2654544979355139,0.5624999999999997,0.44478708559877755,0.18646644632882256,0.0,0.0,0.0,0.0,4.7515470713993535e-05
904,100,100,1.0,feasible,0.7350120308548305,0.7754108367510857,0.807585389304589,0.07257335844975854,0.6083775607999999,0.6539955541439998,0.7457899679999999,0.13741240719999992,0.0,0.060693450480912015,0.1935739033285714,0.1935739033285714,0.11771291440122209,0.2625481140163693,0.5624999999999997,0.44478708559877755,0.18637895805642574,0.0,0.0,0.0,0.0,-8.7488272396824e-05
905,100,100,1.0,feasible,0.7350120308548305,0.7727626398278479,0.807585389304589,0.07257335844975854,0.6083775607999999,0.649430422712,0.7457899679999999,0.13741240719999992,0.0,0.059754780656546255,0.1935739033285714,0.1935739033285714,0.11771291440122209,0.2731917098441067,0.5624999999999997,0.44478708559877755,0.18651321090773976,0.0,0.0,0.0,0.0,0.00013425285131402065
906,100,100,1.0,feasible,0.7350120308548305,0.7736443335243227,0.807585389304589,0.07257335844975854,0.6083775607999999,0.6488022530879999,0.7458801519999998,0.13750259119999986,0.0,0.0642731902700203,0.1935739033285714,0.1935739033285714,0.11771291440122209,0.26530913058095196,0.5624999999999997,0.44478708559877755,0.18636458427709712,0.0,0.0,0.0,0.0,-0.00014862663064263426
907,100,100,1.0,feasible,0.7350120308548305,0.7763302367214344,0.807585389304589,0.07257335844975854,0.6083775607999999,0.65169862564,0.7458801519999998,0.13750259119999986,0.0,0.06840354611760066,0.1935739033285714,0.1935739033285714,0.11771291440122209,0.24944646619840782,0.5624999999999997,0.44478708559877755,0.18639695983089355,0.0,0.0,0.0,0.0,3.237555379642654e-05
908,100,100,1.0,feasible,0.7350120308548305,0.7738664097526728,0.807585389304589,0.07257335844975854,0.6083775607999999,0.6506117019039999,0.7458801519999998,0.13750259119999986,0.0,0.061014956712363164,0.1935739033285714,0.1935739033285714,0.11771291440122209,0.26068731378759663,0.5624999999999997,0.44478708559877755,0.1863046322832394,0.0,0.0,0.0,0.0,-9.232754765414741e-05
909,100,100,1.0,feasible,0.7350120308548305,0.7742680078017896,0.807585389304589,0.07257335844975854,0.6083775607999999,0.6532797749759999,0.7458801519999998,0.13750259119999986,0.0,0.058688797289857216,0.1935739033285714,0.1935739033285714,0.11771291440122209,0.26325054051734115,0.5624999999999997,0.44478708559877755,0.18633600733842595,0.0,0.0,0.0,0.0,3.137505518654993e-05
910,100,100,1.0,feasible,0.7350120308548305,0.7731416098738947,0.807585389304589,0.07257335844975854,0.6083775607999999,0.6499394288479999,0.7458801519999998,0.13750259119999986,0.0,0.06065638808429507,0.1935739033285714,0.1935739033285714,0.11771291440122209,0.27139364751072564,0.5624999999999997,0.44478708559877755,0.18634053657540448,0.0,0.0,0.0,0.0,4.5292369785232545e-06
911,100,100,1.0,feasible,0.7350120308548305,0.7745039023058276,0.8082399219472206,0.07322789109239014,0.6083775607999999,0.6534566279679999,0.7458801519999998,0.13750259119999986,0.0,0.05896705013786578,0.1935739033285714,0.1935739033285714,0.11771291440122209,0.266646332737743,0.5624999999999997,0.44478708559877755,0.18632543971249993,0.0,0.0,0.0,0.0,-1.5096862904545594e-05
912,100,100,1.0,feasible,0.7350120308548305,0.7723841838810109,0.8082399219472206,0.07322789109239014,0.6083775607999999,0.6466382147279998,0.7458801519999998,0.13750259119999986,0.0,0.06262836612716043,0.19629244054761907,0.19629244054761907,0.11771291440122209,0.26990862558673895,0.5624999999999997,0.44478708559877755,0.18624696090237453,0.0,0.0,0.0,0.0,-7.847881012540414e-05
913,100,100,1.0,feasible,0.7350120308548305,0.7744103716001256,0.8087510739015927,0.07373904304676226,0.6083775607999999,0.6497805606399999,0.7458801519999998,0.13750259119999986,0.0,0.06344022674447793,0.1976588581547619,0.1976588581547619,0.11771291440122209,0.2659690663069949,0.5624999999999997,0.44478708559877755,0.18624326278488423,0.0,0.0,0.0,0.0,-3.698117490291697e-06
914,100,100,1.0,feasible,0.7350120308548305,0.7753114162759667,0.8087510739015927,0.07373904304676226,0.6083775607999999,0.6520313118399998,0.7459240879999999,0.13754652719999994,0.0,0.06265276057348554,0.1976588581547619,0.1976588581547619,0.11771291440122209,0.2638792626553512,0.5624999999999997,0.44478708559877755,0.18626194667353196,0.0,0.0,0.0,0.0,1.8683888647730296e-05
915,100,100,1.0,feasible,0.7350120308548305,0.7740884329862382,0.8087510739015927,0.07373904304676226,0.6083775607999999,0.6500198529119998,0.7459240879999999,0.13754652719999994,0.0,0.06264902041416924,0.1976588581547619,0.1976588581547619,0.11771291440122209,0.27016686062942513,0.5624999999999997,0.44478708559877755,0.1862348146261166,0.0,0.0,0.0,0.0,-2.713204741536246e-05
916,100,100,1.0,feasible,0.7350120308548305,0.774086402986064,0.8087510739015927,0.07373904304676226,0.6083775607999999,0.6498833157599999,0.7459240879999999,0.13754652719999994,0.0,0.06273513811755983,0.1976588581547619,0.1976588581547619,0.11771291440122209,0.26816717565547327,0.5624999999999997,0.44478708559877755,0.18623037128613718,0.0,0.0,0.0,0.0,-4.443339979426364e-06
917,100,100,1.0,feasible,0.7350120308548305,0.7748241177149287,0.8087510739015927,0.07373904304676226,0.6083775607999999,0.6521479288719999,0.7459240879999999,0.13754652719999994,0.0,0.061487136603379844,0.1976588581547619,0.1976588581547619,0.11771291440122209,0.2671797139328924,0.5624999999999997,0.44478708559877755,0.18631354844452036,0.0,0.0,0.0,0.0,8.317715838318529e-05
918,100,100,1.0,feasible,0.7350120308548305,0.7734370071416113,0.8087510739015927,0.07373904304676226,0.6083775607999999,0.648631921392,0.7459240879999999,0.13754652719999994,0.0,0.06359018485496237,0.1976588581547619,0.1976588581547619,0.11771291440122209,0.2698869862485299,0.5624999999999997,0.44478708559877755,0.18634783793714726,0.0,0.0,0.0,0.0,3.4289492626904394e-05
919,100,100,1.0,feasible,0.7350120308548305,0.7746641405482009,0.8087510739015927,0.07373904304676226,0.6083775607999999,0.6509086747119999,0.7459240879999999,0.13754652719999994,0.0,0.06311601559302596,0.1976588581547619,0.1976588581547619,0.11771291440122209,0.26763383746367614,0.5624999999999997,0.44478708559877755,0.1863826570577286,0.0,0.0,0.0,0.0,3.4819120581341956e-05
920,100,100,1.0,feasible,0.7350120308548305,0.7746790457624754,0.8087510739015927,0.07373904304676226,0.6083775607999999,0.6502921790799999,0.7459240879999999,0.13754652719999994,0.0,0.06463088023935476,0.1976588581547619,0.1976588581547619,0.11771291440122209,0.25951109454901133,0.5624999999999997,0.44478708559877755,0.18637745075634077,0.0,0.0,0.0,0.0,-5.206301387838952e-06
921,100,100,1.0,feasible,0.7350120308548305,0.7731278614619853,0.8087510739015927,0.07373904304676226,0.6083775607999999,0.6488506127519998,0.7459240879999999,0.13754652719999994,0.0,0.06135727628484356,0.1976588581547619,0.1976588581547619,0.11771291440122209,0.2711517110456433,0.5624999999999997,0.44478708559877755,0.18646361112079968,0.0,0.0,0.0,0.0,8.616036445890929e-05
922,100,100,1.0,feasible,0.7350120308548305,0.7732436846231663,0.8087510739015927,0.07373904304676226,0.6083775607999999,0.6500169681439999,0.7459240879999999,0.13754652719999994,0.0,0.05962621652868643,0.1976588581547619,0.1976588581547619,0.11771291440122209,0.2704181266814562,0.5624999999999997,0.44478708559877755,0.18647798144175193,0.0,0.0,0.0,0.0,1.4370320952250548e-05
923,100,100,1.0,feasible,0.7350120308548305,0.7738653558456733,0.8087510739015927,0.07373904304676226,0.6083775607999999,0.6501555980399999,0.7459404319999999,0.1375628712,0.0,0.06209989876631024,0.1976588581547619,0.1976588581547619,0.11771291440122209,0.2661323858349953,0.5624999999999997,0.44478708559877755,0.18658644855844708,0.0,0.0,0.0,0.0,0.00010846711669515452
924,100,100,1.0,feasible,0.7350120308548305,0.7740198731193206,0.8087510739015927,0.07373904304676226,0.6083775607999999,0.65062277284,0.7459404319999999,0.1375628712,0.0,0.0624865071887243,0.19829001668928573,0.19829001668928573,0.11771291440122209,0.27147628207985247,0.5624999999999997,0.44478708559877755,0.18649023975269252,0.0,0.0,0.0,0.0,-9.62088057545607e-05
925,100,100,1.0,feasible,0.7350120308548305,0.77349505485497,0.8089464904156421,0.07393445956081168,0.6083775607999999,0.6491819919519999,0.7459404319999999,0.1375628712,0.0,0.06306472460596142,0.19435436455714286,0.19435436455714286,0.11771291440122209,0.26980644506896195,0.5624999999999997,0.44478708559877755,0.1865802317289978,0.0,0.0,0.0,0.0,8.999197630527034e-05
926,100,100,1.0,feasible,0.7350120308548305,0.7733467090358086,0.8089464904156421,0.07393445956081168,0.6083775607999999,0.6499757387439999,0.7459404319999999,0.1375628712,0.0,0.06185116089095405,0.19435436455714286,0.19435436455714286,0.11771291440122209,0.27184938881635823,0.5624999999999997,0.44478708559877755,0.18652368175641526,0.0,0.0,0.0,0.0,-5.654997258253136e-05
927,100,100,1.0,feasible,0.7350120308548305,0.7733349682050478,0.8089464904156421,0.07393445956081168,0.6083775607999999,0.648543679656,0.7459404319999999,0.1375628712,0.0,0.06424303655506959,0.19435436455714286,0.19435436455714286,0.11771291440122209,0.26953148117652237,0.5624999999999997,0.44478708559877755,0.18643526107906416,0.0,0.0,0.0,0.0,-8.84206773510976e-05
928,100,100,1.0,feasible,0.7350120308548305,0.7754283040596167,0.8089464904156421,0.07393445956081168,0.6083775607999999,0.6550373600559999,0.7459404319999999,0.1375628712,0.0,0.0591428740417357,0.19011736644761906,0.19011736644761906,0.11771291440122209,0.2639545553547237,0.5624999999999997,0.44478708559877755,0.18639035687243607,0.0,0.0,0.0,0.0,-4.490420662808803e-05
929,100,100,1.0,feasible,0.7350120308548305,0.7736228578279526,0.8089464904156421,0.07393445956081168,0.6083775607999999,0.6518055987920001,0.7459404319999999,0.1375628712,0.0,0.05755233665266986,0.18069316890476192,0.18069316890476192,0.11771291440122209,0.27350463123312524,0.5624999999999997,0.44478708559877755,0.1863274444431675,0.0,0.0,0.0,0.0,-6.291242926856344e-05
930,100,100,1.0,feasible,0.7350120308548305,0.773788280041163,0.8089464904156421,0.07393445956081168,0.6083775607999999,0.6523768913439999,0.7459404319999999,0.1375628712,0.0,0.05851372068220459,0.18069316890476192,0.18069316890476192,0.11771291440122209,0.2750894546560058,0.5624999999999997,0.44478708559877755,0.18626576826247127,0.0,0.0,0.0,0.0,-6.167618069624625e-05
931,100,100,1.0,feasible,0.7350120308548305,0.7755897028037952,0.8089464904156421,0.07393445956081168,0.6083775607999999,0.6534573122959998,0.7459404319999999,0.1375628712,0.0,0.06335508825544865,0.18379318103452383,0.18379318103452383,0.11761755073045008,0.2598768845285662,0.5624999999999997,0.44488244926954956,0.1862358855708107,0.0,0.0,0.0,9.536367077200847e-05,-2.9882691660571004e-05
932,100,100,1.0,feasible,0.7350120308548305,0.7755317453988105,0.8089464904156421,0.07393445956081168,0.6083775607999999,0.6511263487599998,0.7459404319999999,0.1375628712,0.0,0.06670505769131804,0.18379318103452383,0.18379318103452383,0.11761755073045008,0.2627840084440329,0.5624999999999997,0.44488244926954956,0.18629309960220547,0.0,0.0,0.0,0.0,5.7214031394775544e-05
933,100,100,1.0,feasible,0.7350120308548305,0.776626142992692,0.8089464904156421,0.07393445956081168,0.6083775607999999,0.6523446448959999,0.7459404319999999,0.1375628712,0.0,0.06803857686485175,0.18379318103452383,0.18379318103452383,0.11761755073045008,0.2531902235799018,0.5624999999999997,0.44488244926954956,0.18636343272299408,0.0,0.0,0.0,0.0,7.03331207886071e-05
934,100,100,1.0,feasible,0.7350120308548305,0.7737228440958961,0.8089464904156421,0.07393445956081168,0.6083775607999999,0.652930442816,0.7459404319999999,0.1375628712,0.0,0.05851154178724441,0.18379318103452383,0.18379318103452383,0.11761755073045008,0.272532511282605,0.5624999999999997,0.44488244926954956,0.18634011614111823,0.0,0.0,0.0,0.0,-2.3316581875848508e-05
935,100,100,1.0,feasible,0.7350120308548305,0.7763150514537875,0.8091965250379363,0.0741844941831058,0.6083775607999999,0.6538800920719998,0.7459404319999999,0.1375628712,0.0,0.06545549085835915,0.18379318103452383,0.18379318103452383,0.11761755073045008,0.2554486679946409,0.5624999999999997,0.44488244926954956,0.18629073984397604,0.0,0.0,0.0,0.0,-4.937629714218961e-05
936,100,100,1.0,feasible,0.7350120308548305,0.7741360595878467,0.8091965250379363,0.0741844941831058,0.6083775607999999,0.6487164935679999,0.7459404319999999,0.1375628712,0.0,0.06746069835099905,0.18379318103452383,0.18379318103452383,0.11761755073045008,0.26395010293538407,0.5624999999999997,0.44488244926954956,0.1863244771281889,0.0,0.0,0.0,0.0,3.37372842128536e-05
937,100,100,1.0,feasible,0.7350120308548305,0.7758414051881117,0.8091965250379363,0.0741844941831058,0.6083775607999999,0.6541613644240001,0.7459404319999999,0.1375628712,0.0,0.06392743684594096,0.18379318103452383,0.18379318103452383,0.11761755073045008,0.2598501746124593,0.5624999999999997,0.44488244926954956,0.18629940415204055,0.0,0.0,0.0,0.0,-2.5072976148343695e-05
938,100,100,1.0,feasible,0.7350120308548305,0.7751089282472572,0.8091965250379363,0.0741844941831058,0.6083775607999999,0.6506891027839998,0.7459404319999999,0.1375628712,0.0,0.06625088889547498,0.1874288935690476,0.1874288935690476,0.11761755073045008,0.2620314900523775,0.5624999999999997,0.44488244926954956,0.18625239232321608,0.0,0.0,0.0,0.0,-4.701182882446697e-05
939,100,100,1.0,feasible,0.7350120308548305,0.7754017219873371,0.8090272998970923,0.07401526904226186,0.6083775607999999,0.654969310744,0.7459901775999999,0.13761261679999992,0.0,0.059963904166030695,0.1874288935690476,0.1874288935690476,0.11761755073045008,0.26639749421376435,0.5624999999999997,0.44488244926954956,0.18636364918375561,0.0,0.0,0.0,0.0,0.00011125686053953254
940,100,100,1.0,feasible,0.7350120308548305,0.7753728178596968,0.8090272998970923,0.07401526904226186,0.6083775607999999,0.6531190998799998,0.7459901775999999,0.13761261679999992,0.0,0.06315487541842045,0.1884539652964286,0.1884539652964286,0.11761755073045008,0.2634462071407759,0.5624999999999997,0.44488244926954956,0.18630888928692146,0.0,0.0,0.0,0.0,-5.475989683415006e-05
941,100,100,1.0,feasible,0.7350120308548305,0.7737081683960371,0.8090272998970923,0.07401526904226186,0.6083775607999999,0.6514848918319999,0.7459901775999999,0.13761261679999992,0.0,0.05985581311563952,0.1884539652964286,0.1884539652964286,0.11761755073045008,0.27453446278108073,0.5624999999999997,0.44488244926954956,0.1862727377257546,0.0,0.0,0.0,0.0,-3.615156116687501e-05
942,100,100,1.0,feasible,0.7350120308548305,0.7743778154466016,0.8090272998970923,0.07401526904226186,0.6083775607999999,0.6501731992880001,0.7459901775999999,0.13761261679999992,0.0,0.06317924114846978,0.1884539652964286,0.1884539652964286,0.11761755073045008,0.2656646474345653,0.5624999999999997,0.44488244926954956,0.18646112215013366,0.0,0.0,0.0,0.0,0.00018838442437907332
943,100,100,1.0,feasible,0.7350120308548305,0.7751735067700974,0.8090272998970923,0.07401526904226186,0.6083775607999999,0.6519052463359999,0.7459901775999999,0.13761261679999992,0.0,0.06245126880230071,0.1884539652964286,0.1884539652964286,0.11761755073045008,0.26272323796080266,0.5624999999999997,0.44488244926954956,0.1864057966764155,0.0,0.0,0.0,0.0,-5.532547371817076e-05
944,100,100,1.0,feasible,0.7350120308548305,0.7734797981590009,0.8090272998970923,0.07401526904226186,0.6083775607999999,0.6513397463679997,0.7459901775999999,0.13761261679999992,0.0,0.05878312920789047,0.1884539652964286,0.1884539652964286,0.11761755073045008,0.27397759586185516,0.5624999999999997,0.44488244926954956,0.18637289203670981,0.0,0.0,0.0,0.0,-3.2904639705677585e-05
945,100,100,1.0,feasible,0.7350120308548305,0.7731449048043884,0.8090272998970923,0.07401526904226186,0.6083775607999999,0.6493991038639999,0.7459901775999999,0.13761261679999992,0.0,0.06042461767602858,0.1884539652964286,0.1884539652964286,0.11761755073045008,0.26592324984255494,0.5624999999999997,0.44488244926954956,0.18645624099858732,0.0,0.0,0.0,0.0,8.334896187750518e-05
946,100,100,1.0,feasible,0.7350120308548305,0.7738416351481695,0.8090272998970923,0.07401526904226186,0.6083775607999999,0.649691799064,0.7459901775999999,0.13761261679999992,0.0,0.060782648705842116,0.1884539652964286,0.1884539652964286,0.11761755073045008,0.26452215334002305,0.5624999999999997,0.44488244926954956,0.1867350803904197,0.0,0.0,0.0,0.0,0.00027883939183237505
947,100,100,1.0,feasible,0.7350120308548305,0.7730447350190992,0.8090272998970923,0.07401526904226186,0.6083775607999999,0.648572175736,0.7459901775999999,0.13761261679999992,0.0,0.06127130616772557,0.18438768513095238,0.18438768513095238,0.11761755073045008,0.26908033424419825,0.5624999999999997,0.44488244926954956,0.1867578583516678,0.0,0.0,0.0,0.0,2.277796124811049e-05
948,100,100,1.0,feasible,0.7350120308548305,0.7733658047241555,0.8090272998970923,0.07401526904226186,0.6083775607999999,0.6515349344399999,0.7459901775999999,0.13761261679999992,0.0,0.05801908033506563,0.18438768513095238,0.18438768513095238,0.11761755073045008,0.26875588352123125,0.5624999999999997,0.44488244926954956,0.18662710046156164,0.0,0.0,0.0,0.0,-0.00013075789010616456
949,100,100,1.0,feasible,0.7350120308548305,0.7714797577747547,0.8077542111000646,0.07274218024523416,0.6083775607999999,0.6473122195759998,0.7459901775999999,0.13761261679999992,0.0,0.05873968493683714,0.18438768513095238,0.18438768513095238,0.11761755073045008,0.28032390513179267,0.5624999999999997,0.44488244926954956,0.18663830798219322,0.0,0.0,0.0,0.0,1.1207520631578705e-05
950,100,100,1.0,feasible,0.7350120308548305,0.7732147291463906,0.8094732361816056,0.07446120532677514,0.6083775607999999,0.6535926269999999,0.7459901775999999,0.13761261679999992,0.0,0.054230229582652265,0.18438768513095238,0.18438768513095238,0.11761755073045008,0.2760994396611679,0.5624999999999997,0.44488244926954956,0.18653609787741443,0.0,0.0,0.0,0.0,-0.00010221010477878822
951,100,100,1.0,feasible,0.7350120308548305,0.773146459841627,0.8094732361816056,0.07446120532677514,0.6083775607999999,0.65295332808,0.7459901775999999,0.13761261679999992,0.0,0.05490631256158263,0.18438768513095238,0.18438768513095238,0.11761755073045008,0.2768778758246301,0.5624999999999997,0.44488244926954956,0.18651220703120974,0.0,0.0,0.0,0.0,-2.3890846204688287e-05
952,100,100,1.0,feasible,0.7350120308548305,0.7722948236582772,0.8094732361816056,0.07446120532677514,0.6083775607999999,0.6503789167919999,0.7460249008,0.13764734,0.0,0.056545247094735594,0.1870705657797619,0.1870705657797619,0.11761755073045008,0.27795387148516076,0.5624999999999997,0.44488244926954956,0.18642001997618182,0.0,0.0,0.0,0.0,-9.218705502792024e-05
953,100,100,1.0,feasible,0.7350120308548305,0.7728101534107756,0.8094732361816056,0.07446120532677514,0.6083775607999999,0.6496858891359999,0.7460249008,0.13764734,0.0,0.06022431417483748,0.1870705657797619,0.1870705657797619,0.11761755073045008,0.27756569682322096,0.5624999999999997,0.44488244926954956,0.18643290005331797,0.0,0.0,0.0,0.0,1.2880077136151469e-05
954,100,100,1.0,feasible,0.7350120308548305,0.7737182915624509,0.8094732361816056,0.07446120532677514,0.6083775607999999,0.649993906296,0.7460249008,0.13764734,0.0,0.061261926289541906,0.1870705657797619,0.1870705657797619,0.11761755073045008,0.2708640642545781,0.5624999999999997,0.44488244926954956,0.18657077230932795,0.0,0.0,0.0,0.0,0.00013787225600997433
955,100,100,1.0,feasible,0.7350120308548305,0.774508136834807,0.8094732361816056,0.07446120532677514,0.6083775607999999,0.6488997872559998,0.7460249008,0.13764734,0.0,0.06559254939093119,0.1870705657797619,0.1870705657797619,0.11761755073045008,0.2633942478879069,0.5624999999999997,0.44488244926954956,0.18660320642589728,0.0,0.0,0.0,0.0,3.243411656933537e-05
956,100,100,1.0,feasible,0.7350120308548305,0.7729093318455341,0.8099123922522806,0.07490036139745015,0.6083775607999999,0.6477971794399998,0.7460249008,0.13764734,0.0,0.062110105355582264,0.1870705657797619,0.1870705657797619,0.11761755073045008,0.27212722318628324,0.5624999999999997,0.44488244926954956,0.18656400067044826,0.0,0.0,0.0,0.0,-3.920575544902327e-05
957,100,100,1.0,feasible,0.7350120308548305,0.7759870922095479,0.8099123922522806,0.07490036139745015,0.6083775607999999,0.652888441832,0.7460249008,0.13764734,0.0,0.061873830178522764,0.1870705657797619,0.1870705657797619,0.11761755073045008,0.2603096752571452,0.5624999999999997,0.44488244926954956,0.18655712886517622,0.0,0.0,0.0,0.0,-6.871805272035125e-06
958,100,100,1.0,feasible,0.7350120308548305,0.7751657435639161,0.8099123922522806,0.07490036139745015,0.6083775607999999,0.651927928896,0.7460249008,0.13764734,0.0,0.06199403642030967,0.1870705657797619,0.1870705657797619,0.11761755073045008,0.26109357258873606,0.5624999999999997,0.44488244926954956,0.18657444140100748,0.0,0.0,0.0,0.0,1.73125358312598e-05
959,100,100,1.0,feasible,0.7350120308548305,0.7753663623087924,0.8099123922522806,0.07490036139745015,0.6083775607999999,0.6529810984799999,0.7460249008,0.13764734,0.0,0.062080945571199406,0.1870705657797619,0.1870705657797619,0.11761755073045008,0.260799947660354,0.5624999999999997,0.44488244926954956,0.1865473331700847,0.0,0.0,0.0,0.0,-2.710823092277881e-05
960,100,100,1.0,feasible,0.7350120308548305,0.7725682101704081,0.8099123922522806,0.07490036139745015,0.6083775607999999,0.647975110608,0.7460249008,0.13764734,0.0,0.06160094060616558,0.18841624591809522,0.18841624591809522,0.11761755073045008,0.27453826932539926,0.5624999999999997,0.44488244926954956,0.18656125232168635,0.0,0.0,0.0,0.0,1.3919151601649027e-05
961,100,100,1.0,feasible,0.7350120308548305,0.7763780246638063,0.8099123922522806,0.07490036139745015,0.6083775607999999,0.6522341811199999,0.7460249008,0.13764734,0.0,0.06574135694992476,0.18841624591809522,0.18841624591809522,0.11761755073045008,0.2502555176772917,0.5624999999999997,0.44488244926954956,0.18656710938808377,0.0,0.0,0.0,0.0,5.857066397413346e-06
962,100,100,1.0,feasible,0.7350120308548305,0.7754481453647987,0.8099123922522806,0.07490036139745015,0.6083775607999999,0.6518712594080001,0.7460249008,0.13764734,0.0,0.06275152543519188,0.18841624591809522,0.18841624591809522,0.11761755073045008,0.25740142611767597,0.5624999999999997,0.44488244926954956,0.18664536005045607,0.0,0.0,0.0,0.0,7.825066237229783e-05
963,100,100,1.0,feasible,0.7350120308548305,0.7762462452322396,0.8099123922522806,0.07490036139745015,0.6083775607999999,0.6541008208479998,0.7452753831999999,0.13689782239999992,0.0,0.06085614997568855,0.18841624591809522,0.18841624591809522,0.11761755073045008,0.2577987928145331,0.5624999999999997,0.44488244926954956,0.18672242604345404,0.0,0.0,0.0,0.0,7.706599299797667e-05
964,100,100,1.0,feasible,0.7350120308548305,0.7750547128503653,0.8099123922522806,0.07490036139745015,0.6083775607999999,0.651983126544,0.7453126015999999,0.13693504079999996,0.0,0.05929530421254428,0.18841624591809522,0.18841624591809522,0.11761755073045008,0.26242151289613774,0.5624999999999997,0.44488244926954956,0.18670031836461667,0.0,0.0,0.0,0.0,-2.210767883736864e-05
965,100,100,1.0,feasible,0.7350120308548305,0.7742581385885966,0.8099123922522806,0.07490036139745015,0.6083775607999999,0.6520946189519999,0.7453126015999999,0.13693504079999996,0.0,0.05745443962792107,0.18841624591809522,0.18841624591809522,0.11761755073045008,0.2674416803278118,0.5624999999999997,0.44488244926954956,0.1866638618455182,0.0,0.0,0.0,0.0,-3.645651909847669e-05
966,100,100,1.0,feasible,0.7350120308548305,0.7754694561639891,0.8099123922522806,0.07490036139745015,0.6083775607999999,0.651348943536,0.7453126015999999,0.13693504079999996,0.0,0.06324799600561667,0.18841624591809522,0.18841624591809522,0.11761755073045008,0.25479702694924283,0.5624999999999997,0.44488244926954956,0.18670211865347142,0.0,0.0,0.0,0.0,3.825680795321862e-05
967,100,100,1.0,feasible,0.7350120308548305,0.7740408783623742,0.8099123922522806,0.07490036139745015,0.6083775607999999,0.6454593077119999,0.7453126015999999,0.13693504079999996,0.0,0.06817053684860784,0.18841624591809522,0.18841624591809522,0.11761755073045008,0.26002527807954456,0.5624999999999997,0.44488244926954956,0.18666909600651352,0.0,0.0,0.0,0.0,-3.3022646957897583e-05
968,100,100,1.0,feasible,0.7350120308548305,0.7738668506104687,0.8099123922522806,0.07490036139745015,0.6083775607999999,0.6478992557759998,0.7453126015999999,0.13693504079999996,0.0,0.0631709558610781,0.18841624591809522,0.18841624591809522,0.11761755073045008,0.2630783235897999,0.5624999999999997,0.44488244926954956,0.18673742814505845,0.0,0.0,0.0,0.0,6.833213854492981e-05
969,100,100,1.0,feasible,0.7350120308548305,0.7741802957554985,0.8099123922522806,0.07490036139745015,0.6083775607999999,0.6469505009759999,0.7453126015999999,0.13693504079999996,0.0,0.06652425103301274,0.18841624591809522,0.18841624591809522,0.11761755073045008,0.2612212148058517,0.5624999999999997,0.44488244926954956,0.18671148096931234,0.0,0.0,0.0,0.0,-2.5947175746110496e-05
970,100,100,1.0,feasible,0.7350120308548305,0.773857319125111,0.8099123922522806,0.07490036139745015,0.6083775607999999,0.6496584206559999,0.7453126015999999,0.13693504079999996,0.0,0.06052144202560536,0.1889110446214286,0.1889110446214286,0.11761755073045008,0.2653844376620331,0.5624999999999997,0.44488244926954956,0.1867272489457768,0.0,0.0,0.0,0.0,1.5767976464464706e-05
971,100,100,1.0,feasible,0.7350120308548305,0.7747577771405648,0.8099123922522806,0.07490036139745015,0.6083775607999999,0.6500498844639999,0.7453126015999999,0.13693504079999996,0.0,0.06221340192199464,0.18446632808095237,0.18446632808095237,0.11761755073045008,0.25824318074630476,0.5624999999999997,0.44488244926954956,0.18676224481757311,0.0,0.0,0.0,0.0,3.4995871796311695e-05
972,100,100,1.0,feasible,0.7350120308548305,0.7753943545715383,0.8094732361816056,0.07446120532677514,0.6083775607999999,0.6507467179679999,0.7453126015999999,0.13693504079999996,0.0,0.062287327660718456,0.18446632808095237,0.18446632808095237,0.11761755073045008,0.2553998955757019,0.5624999999999997,0.44488244926954956,0.18673562022009962,0.0,0.0,0.0,0.0,-2.662459747349022e-05
973,100,100,1.0,feasible,0.7350120308548305,0.7737885028683307,0.8094732361816056,0.07446120532677514,0.6083775607999999,0.6480492007519999,0.7453126015999999,0.13693504079999996,0.0,0.06175490563072078,0.18446632808095237,0.18446632808095237,0.11761755073045008,0.263948152230461,0.5624999999999997,0.44488244926954956,0.1867343688011981,0.0,0.0,0.0,0.0,-1.2514189015322419e-06
974,100,100,1.0,feasible,0.7350120308548305,0.7708281126977482,0.8094732361816056,0.07446120532677514,0.6083775607999999,0.6447005626639999,0.7453126015999999,0.13693504079999996,0.0,0.05839980260776294,0.18446632808095237,0.18446632808095237,0.11761755073045008,0.2791497360547185,0.5624999999999997,0.44488244926954956,0.186834271515468,0.0,0.0,0.0,0.0,9.990271426990605e-05
975,100,100,1.0,feasible,0.7350120308548305,0.774276928361502,0.8094732361816056,0.07446120532677514,0.6083775607999999,0.6501490167039999,0.7453126015999999,0.13693504079999996,0.0,0.059655057017261495,0.18446632808095237,0.18446632808095237,0.11761755073045008,0.25900971645376186,0.5624999999999997,0.44488244926954956,0.18680320961259123,0.0,0.0,0.0,0.0,-3.106190287677224e-05
976,100,100,1.0,feasible,0.7350120308548305,0.774474731792336,0.8094732361816056,0.07446120532677514,0.6083775607999999,0.650065946072,0.7453126015999999,0.13693504079999996,0.0,0.06024414762233388,0.18446632808095237,0.18446632808095237,0.11761755073045008,0.25926206218942915,0.5624999999999997,0.44488244926954956,0.18680398708205015,0.0,0.0,0.0,0.0,7.774694589235409e-07
977,100,100,1.0,feasible,0.7350120308548305,0.7730513254382294,0.8094732361816056,0.07446120532677514,0.6083775607999999,0.6499614625679999,0.7453126015999999,0.13693504079999996,0.0,0.05773234772261072,0.18446632808095237,0.18446632808095237,0.11761755073045008,0.2733703425068345,0.5624999999999997,0.44488244926954956,0.18666220681219564,0.0,0.0,0.0,0.0,-0.00014178026985450787
978,100,100,1.0,feasible,0.7350120308548305,0.7734701354699736,0.8094732361816056,0.07446120532677514,0.6083775607999999,0.6466373357599999,0.7453126015999999,0.13693504079999996,0.0,0.06420797433120143,0.19021265317142855,0.19021265317142855,0.11761755073045008,0.2692631384533618,0.5624999999999997,0.44488244926954956,0.18669994450558305,0.0,0.0,0.0,0.0,3.773769338741295e-05
979,100,100,1.0,feasible,0.7350120308548305,0.7739230882031292,0.8094732361816056,0.07446120532677514,0.6083775607999999,0.6486865039519999,0.7453126015999999,0.13693504079999996,0.0,0.06230769418216834,0.18915268804880953,0.18915268804880953,0.11761755073045008,0.26565965913455647,0.5624999999999997,0.44488244926954956,0.18673758627569656,0.0,0.0,0.0,0.0,3.764177011350567e-05
980,100,100,1.0,feasible,0.7350120308548305,0.7746359284888285,0.8094732361816056,0.07446120532677514,0.6083775607999999,0.6523812130159999,0.7453126015999999,0.13693504079999996,0.0,0.05829090410526238,0.18446632808095237,0.18446632808095237,0.11761755073045008,0.2655255405700786,0.5624999999999997,0.44488244926954956,0.18671308998197117,0.0,0.0,0.0,0.0,-2.4496293725390084e-05
981,100,100,1.0,feasible,0.7350120308548305,0.7735866189123195,0.8094732361816056,0.07446120532677514,0.6083775607999999,0.6476972682159999,0.7453126015999999,0.13693504079999996,0.0,0.06343753739055429,0.1846674787142857,0.1846674787142857,0.11761755073045008,0.265589715165225,0.5624999999999997,0.44488244926954956,0.1867497534314904,0.0,0.0,0.0,0.0,3.666344951921974e-05
982,100,100,1.0,feasible,0.7350120308548305,0.7750127358135802,0.8094732361816056,0.07446120532677514,0.6083775607999999,0.6499453766559999,0.7453126015999999,0.13693504079999996,0.0,0.06362187513520429,0.1846674787142857,0.1846674787142857,0.11761755073045008,0.2579294581784765,0.5624999999999997,0.44488244926954956,0.18679113451453144,0.0,0.0,0.0,0.0,4.138108304105326e-05
983,100,100,1.0,feasible,0.7350120308548305,0.7711276563061413,0.8094732361816056,0.07446120532677514,0.6083775607999999,0.6446466571439998,0.7453126015999999,0.13693504079999996,0.0,0.05926898820210547,0.1853614107452381,0.1853614107452381,0.11761755073045008,0.2750520224146166,0.5624999999999997,0.44488244926954956,0.18673543889032052,0.0,0.0,0.0,0.0,-5.569562421092744e-05
984,100,100,1.0,feasible,0.7350120308548305,0.7724535705056423,0.8094732361816056,0.07446120532677514,0.6083775607999999,0.647427480656,0.7457279511999999,0.13735039039999997,0.0,0.06008389976806296,0.18799824168333332,0.18799824168333332,0.11761755073045008,0.27270456501587537,0.5624999999999997,0.44488244926954956,0.18675639373248826,0.0,0.0,0.0,0.0,2.0954842167741905e-05
985,100,100,1.0,feasible,0.7350120308548305,0.7753343597770918,0.8094732361816056,0.07446120532677514,0.6083775607999999,0.647626944488,0.7457279511999999,0.13735039039999997,0.0,0.06878399354210014,0.18799824168333332,0.18799824168333332,0.11761755073045008,0.25880774181746014,0.5624999999999997,0.44488244926954956,0.18667806868561532,0.0,0.0,0.0,0.0,-7.832504687294017e-05
986,100,100,1.0,feasible,0.7350120308548305,0.7741516073500426,0.8094732361816056,0.07446120532677514,0.6083775607999999,0.6476647676879999,0.7457819887999999,0.13740442799999997,0.0,0.06351938188736214,0.18799824168333332,0.18799824168333332,0.11761755073045008,0.2615667394395723,0.5624999999999997,0.44488244926954956,0.18680335607860377,0.0,0.0,0.0,0.0,0.00012528739298844904
987,100,100,1.0,feasible,0.7350120308548305,0.7745571009532033,0.8094732361816056,0.07446120532677514,0.6083775607999999,0.650255835312,0.7457819887999999,0.13740442799999997,0.0,0.06137757091991524,0.18799824168333332,0.18799824168333332,0.11761755073045008,0.26050213172861264,0.5624999999999997,0.44488244926954956,0.18671837574085925,0.0,0.0,0.0,0.0,-8.49803377445113e-05
988,100,100,1.0,feasible,0.7350120308548305,0.7738164046046779,0.8094732361816056,0.07446120532677514,0.6083775607999999,0.6492401164239999,0.7457819887999999,0.13740442799999997,0.0,0.061191445776516425,0.18630144745714286,0.18630144745714286,0.11761755073045008,0.26625384265438945,0.5624999999999997,0.44488244926954956,0.18674203928767683,0.0,0.0,0.0,0.0,2.3663546817570547e-05
989,100,100,1.0,feasible,0.7350120308548305,0.7737033708187256,0.8094732361816056,0.07446120532677514,0.6083775607999999,0.649866352192,0.7457819887999999,0.13740442799999997,0.0,0.059412148591818224,0.18630144745714286,0.18630144745714286,0.11761755073045008,0.2655908487580674,0.5624999999999997,0.44488244926954956,0.1868599708449608,0.0,0.0,0.0,0.0,0.00011793155728398452
990,100,100,1.0,feasible,0.7350120308548305,0.7746016271702162,0.8094732361816056,0.07446120532677514,0.6083775607999999,0.6513810877599999,0.7457819887999999,0.13740442799999997,0.0,0.058602580530259296,0.18630144745714286,0.18630144745714286,0.11746931894880666,0.26105094214716557,0.5624999999999997,0.44503068105119303,0.18686891183519574,0.0,0.0,0.0,0.00014823178164341533,8.940990234934665e-06
991,100,100,1.0,feasible,0.7350120308548305,0.772516660508782,0.8094732361816056,0.07446120532677514,0.6083775607999999,0.6487669817839999,0.7457819887999999,0.13740442799999997,0.0,0.05648125686183714,0.18736886208785714,0.18736886208785714,0.11746931894880666,0.27557345381824616,0.5624999999999997,0.44503068105119303,0.18669551909549464,0.0,0.0,0.0,0.0,-0.00017339273970110036
992,100,100,1.0,feasible,0.7350120308548305,0.7734773810684946,0.8094732361816056,0.07446120532677514,0.6083775607999999,0.653085453112,0.7457819887999999,0.13740442799999997,0.0,0.05525047245343393,0.18736886208785714,0.18736886208785714,0.11746931894880666,0.2756125591866393,0.5624999999999997,0.44503068105119303,0.1863858740241271,0.0,0.0,0.0,0.0,-0.00030964507136754804
993,100,100,1.0,feasible,0.7350120308548305,0.7757865678317899,0.8094732361816056,0.07446120532677514,0.6083775607999999,0.6559473428239998,0.7457819887999999,0.13740442799999997,0.0,0.05612040950093583,0.18090319570364286,0.18090319570364286,0.11746931894880666,0.2611221388119153,0.5624999999999997,0.44503068105119303,0.1863206483765631,0.0,0.0,0.0,0.0,-6.522564756400451e-05
994,100,100,1.0,feasible,0.7350120308548305,0.7747343124143166,0.8094732361816056,0.07446120532677514,0.6083775607999999,0.6531626594079999,0.7457819887999999,0.13740442799999997,0.0,0.057318022530425,0.1824029054738095,0.1824029054738095,0.11746931894880666,0.2624190367617502,0.5624999999999997,0.44503068105119303,0.18649763436200387,0.0,0.0,0.0,0.0,0.00017698598544077515
995,100,100,1.0,feasible,0.7350120308548305,0.7729262382903389,0.8094732361816056,0.07446120532677514,0.6083775607999999,0.650150053864,0.7457819887999999,0.13740442799999997,0.0,0.05869023656138524,0.1824029054738095,0.1824029054738095,0.11746931894880666,0.27138089918110525,0.5624999999999997,0.44503068105119303,0.1866073424034386,0.0,0.0,0.0,0.0,0.00010970804143473067
996,100,100,1.0,feasible,0.7350120308548305,0.7759394392941238,0.8094732361816056,0.07446120532677514,0.6083775607999999,0.654715920112,0.7457819887999999,0.13740442799999997,0.0,0.059600200716185235,0.18606943934761905,0.18606943934761905,0.11746931894880666,0.2549098361471646,0.5624999999999997,0.44503068105119303,0.18655450328110115,0.0,0.0,0.0,0.0,-5.28391223374447e-05
997,100,100,1.0,feasible,0.7350120308548305,0.7743051950560759,0.8094732361816056,0.07446120532677514,0.6083775607999999,0.6502704606079999,0.7457819887999999,0.13740442799999997,0.0,0.06107751535768858,0.1839773261464286,0.1839773261464286,0.11746931894880666,0.26246608321715115,0.5624999999999997,0.44503068105119303,0.18668060900871503,0.0,0.0,0.0,0.0,0.00012610572761387329
998,100,100,1.0,feasible,0.7350120308548305,0.7745714579151622,0.8094732361816056,0.07446120532677514,0.6083775607999999,0.6512685355439999,0.7457819887999999,0.13740442799999997,0.0,0.06121026579116726,0.17865486304880954,0.17865486304880954,0.11746931894880666,0.26039686503112536,0.5624999999999997,0.44503068105119303,0.18663325864643077,0.0,0.0,0.0,0.0,-4.7350362284259706e-05
999,100,100,1.0,feasible,0.7350120308548305,0.7735181943226415,0.8094732361816056,0.07446120532677514,0.6083775607999999,0.6472175365039997,0.7457819887999999,0.13740442799999997,0.0,0.06616024122548583,0.17865486304880954,0.17865486304880954,0.11746931894880666,0.266537483983394,0.5624999999999997,0.44503068105119303,0.18665812986121721,0.0,0.0,0.0,0.0,2.487121478644827e-05
1000,100,100,1.0,feasible,0.7350120308548305,0.7725026527601904,0.8094732361816056,0.07446120532677514,0.6083775607999999,0.64797800072,0.7457819887999999,0.13740442799999997,0.0,0.06180807942825774,0.18150445347380953,0.18150445347380953,0.11746931894880666,0.2696811213120841,0.5624999999999997,0.44503068105119303,0.18655958677844778,0.0,0.0,0.0,0.0,-9.854308276943669e-05
