gen,n_total,n_feasible,feasible_ratio,basis,J1_min,J1_mean,J1_max,J1_span,J2_min,J2_mean,J2_max,J2_span,J3_min,J3_mean,J3_max,J3_span,J4_min,J4_mean,J4_max,J4_span,hypervolume,J1_improve_from_prev,J2_improve_from_prev,J3_improve_from_prev,J4_improve_from_prev,hypervolume_improve_from_prev
1,100,10,0.1,feasible,0.7488297600858145,0.7755057181727801,0.798755188896447,0.049925428810632555,0.6466880575999999,0.6962718560799999,0.7566687511999999,0.10998069359999996,0.0056509833095238085,0.05752872247190477,0.1595708564404762,0.15391987313095237,0.22454180706777707,0.3648777480920885,0.5343688889216968,0.3098270818539197,0.14487714907897076,,,,,
2,100,33,0.33,feasible,0.7391652862225944,0.774594176062863,0.8113471396926724,0.072181853470078,0.6192113927999999,0.7017705635151514,0.8476247695999997,0.22841337679999973,0.0056509833095238085,0.04339645089202741,0.1595708564404762,0.15391987313095237,0.22454180706777707,0.3751461203653705,0.5522218467853094,0.32768003971753235,0.15605155512338184,0.009664473863220113,0.027476664799999995,0.0,0.0,0.011174406044411084
3,100,72,0.72,feasible,0.7369938163884672,0.7712548607404695,0.8113471396926724,0.07435332330420519,0.6135740416,0.6938494601888887,0.8476247695999997,0.2340507279999997,0.0027174768452380956,0.04089869538020833,0.1595708564404762,0.1568533795952381,0.1830584363661506,0.38974810271894245,0.5591632669245226,0.37610483055837196,0.16697303508579897,0.002171469834127193,0.005637351199999974,0.002933506464285713,0.04148337070162647,0.01092147996241713
4,100,100,1.0,feasible,0.734818381647568,0.7663898565163172,0.8012844968866099,0.06646611523904189,0.6079396359999999,0.6748123520559999,0.8177343151999998,0.20979467919999994,0.0,0.035166965172809525,0.13764939679761906,0.13764939679761906,0.1830584363661506,0.39363635871582864,0.5624999999999997,0.37944156363384907,0.17041337752315333,0.002175434740899207,0.005634405600000059,0.0027174768452380956,0.0,0.00344034243735436
5,100,100,1.0,feasible,0.734818381647568,0.7655861089730174,0.801528343536881,0.066709961889313,0.6079396359999999,0.662490580296,0.7636615304,0.15572189440000006,0.0,0.036721690812785715,0.283635647052381,0.283635647052381,0.18305842740189512,0.38071833156608703,0.5624999999999997,0.3794415725981045,0.17146283384763378,0.0,0.0,0.0,8.96425547680657e-09,0.0010494563244804467
6,100,100,1.0,feasible,0.734818381647568,0.7626603517250099,0.801528343536881,0.066709961889313,0.6079396359999999,0.6524595409839999,0.7636615304,0.15572189440000006,0.0,0.03615694670742856,0.283635647052381,0.283635647052381,0.18305842740189512,0.385953603507894,0.5624999999999997,0.3794415725981045,0.17232090654507784,0.0,0.0,0.0,0.0,0.0008580726974440622
7,100,100,1.0,feasible,0.734818381647568,0.7624289213977988,0.801528343536881,0.066709961889313,0.6079396359999999,0.6499034761439998,0.7367257511999998,0.12878611519999994,0.0,0.031961467317547614,0.283635647052381,0.283635647052381,0.18305842740189512,0.3807474754545933,0.5624999999999997,0.3794415725981045,0.17283272209995293,0.0,0.0,0.0,0.0,0.0005118155548750891
8,100,100,1.0,feasible,0.734818381647568,0.7599348868217259,0.8034871880069071,0.06866880635933914,0.6079396359999999,0.6437369217039999,0.7367257511999998,0.12878611519999994,0.0,0.027464366451166667,0.283635647052381,0.283635647052381,0.1770310066065676,0.38628209969062444,0.5624999999999997,0.3854689933934321,0.17428372456868857,0.0,0.0,0.0,0.006027420795327532,0.0014510024687356404
9,100,100,1.0,feasible,0.734818381647568,0.7584008477979522,0.8034871880069071,0.06866880635933914,0.6079396359999999,0.6413680668639999,0.7367257511999998,0.12878611519999994,0.0,0.022595418810404756,0.14628572551190477,0.14628572551190477,0.17655386259713776,0.38732280709463346,0.5624999999999997,0.3859461374028619,0.17483934136813756,0.0,0.0,0.0,0.0004771440094298307,0.000555616799448988
10,100,100,1.0,feasible,0.734818381647568,0.7631808132175185,0.8031848423246646,0.06836646067709662,0.6079396359999999,0.6500344625119999,0.7420040175999999,0.1340643816,0.0,0.02514832695097619,0.23128231289047615,0.23128231289047615,0.17655386259713776,0.3542379535252683,0.5624999999999997,0.3859461374028619,0.17497402865032924,0.0,0.0,0.0,0.0,0.00013468728219168113
11,100,100,1.0,feasible,0.734818381647568,0.7604224683585369,0.8031848423246646,0.06836646067709662,0.6079396359999999,0.6425571795679998,0.7420040175999999,0.1340643816,0.0,0.024081601953309523,0.23128231289047615,0.23128231289047615,0.17655386259713776,0.36472704195186184,0.5624999999999997,0.3859461374028619,0.17520936779016216,0.0,0.0,0.0,0.0,0.0002353391398329241
12,100,100,1.0,feasible,0.734818381647568,0.7626493487337135,0.8031848423246646,0.06836646067709662,0.6079396359999999,0.6448615339999999,0.7420040175999999,0.1340643816,0.0,0.02668767725509524,0.23128231289047615,0.23128231289047615,0.17655386259713776,0.35144914439453395,0.5624999999999997,0.3859461374028619,0.17529847443742505,0.0,0.0,0.0,0.0,8.910664726288764e-05
13,100,100,1.0,feasible,0.734818381647568,0.7630698250440412,0.7953232569375402,0.06050487528997228,0.6079396359999999,0.6436004198399999,0.725785672,0.1178460360000001,0.0,0.026810116873738098,0.11949760052380952,0.11949760052380952,0.17655386259713776,0.3460186265020988,0.5624999999999997,0.3859461374028619,0.17582242601045817,0.0,0.0,0.0,0.0,0.0005239515730331157
14,100,100,1.0,feasible,0.734818381647568,0.7648702288716797,0.7953232569375402,0.06050487528997228,0.6079396359999999,0.6449724765359999,0.725785672,0.1178460360000001,0.0,0.02780817951183334,0.1319164327857143,0.1319164327857143,0.16593995925350305,0.3317783458639136,0.5624999999999997,0.39656004074649664,0.17788244147266663,0.0,0.0,0.0,0.010613903343634712,0.0020600154622084643
15,100,100,1.0,feasible,0.734818381647568,0.7673135880069073,0.7977913228855984,0.06297294123803043,0.6079396359999999,0.652578988488,0.7379308735999999,0.12999123759999998,0.0,0.025733492205047618,0.1083529814047619,0.1083529814047619,0.16593995925350305,0.31811710385867564,0.5624999999999997,0.39656004074649664,0.17831173439423362,0.0,0.0,0.0,0.0,0.0004292929215669872
16,100,100,1.0,feasible,0.734818381647568,0.7681612280431862,0.7998470844888635,0.06502870284129558,0.6079396359999999,0.6523465076639998,0.7436997167999999,0.13576008080000002,0.0,0.02783073819482047,0.1083529814047619,0.1083529814047619,0.16593995925350305,0.31354283393256355,0.5624999999999997,0.39656004074649664,0.178356116965793,0.0,0.0,0.0,0.0,4.4382571559392625e-05
17,100,100,1.0,feasible,0.734818381647568,0.7675674512436119,0.7998470844888635,0.06502870284129558,0.6079396359999999,0.6507334735359999,0.7436997167999999,0.13576008080000002,0.0,0.02853148735333333,0.1083529814047619,0.1083529814047619,0.16080059966130103,0.31469792951897696,0.5624999999999997,0.40169940033869866,0.1796929558523167,0.0,0.0,0.0,0.00513935959220202,0.0013368388865236946
18,100,100,1.0,feasible,0.734818381647568,0.7675528597299984,0.7998470844888635,0.06502870284129558,0.6079396359999999,0.6491660467679999,0.7436997167999999,0.13576008080000002,0.0,0.030457496126309526,0.16143626191666668,0.16143626191666668,0.16080059966130103,0.3136586867919921,0.5624999999999997,0.40169940033869866,0.1798215507936236,0.0,0.0,0.0,0.0,0.0001285949413069032
19,100,100,1.0,feasible,0.734818381647568,0.7700994721547799,0.8067555293635428,0.07193714771597481,0.6079396359999999,0.6510180436319998,0.7436997167999999,0.13576008080000002,0.0,0.03673328115478572,0.19112223817857144,0.19112223817857144,0.15313890015692747,0.295545802781478,0.5624999999999997,0.40936109984307223,0.18122197034528248,0.0,0.0,0.0,0.007661699504373565,0.0014004195516588713
20,100,100,1.0,feasible,0.734818381647568,0.7694766949313658,0.8107498789527845,0.07593149730521653,0.6079396359999999,0.6496755241999999,0.7436997167999999,0.13576008080000002,0.0,0.04508222380964286,0.27088461115238105,0.27088461115238105,0.1180665535283871,0.2957590128564054,0.5624999999999997,0.44443344647161254,0.18556168714520588,0.0,0.0,0.0,0.03507234662854036,0.004339716799923399
21,100,100,1.0,feasible,0.734818381647568,0.7692841186655154,0.8107498789527845,0.07593149730521653,0.6079396359999999,0.650163850224,0.7436997167999999,0.13576008080000002,0.0,0.043606154905357145,0.27088461115238105,0.27088461115238105,0.1180665535283871,0.29894998410900114,0.5624999999999997,0.44443344647161254,0.18574823861314485,0.0,0.0,0.0,0.0,0.00018655146793897237
22,100,100,1.0,feasible,0.734818381647568,0.7681599636274049,0.8107498789527845,0.07593149730521653,0.6079396359999999,0.6483283097759999,0.7436997167999999,0.13576008080000002,0.0,0.04258329375347619,0.24304127338095244,0.24304127338095244,0.1180665535283871,0.30467793104469765,0.5624999999999997,0.44443344647161254,0.18586595605864029,0.0,0.0,0.0,0.0,0.0001177174454954355
23,100,100,1.0,feasible,0.734818381647568,0.7682432766923063,0.8107498789527845,0.07593149730521653,0.6079396359999999,0.6475102072479999,0.7436997167999999,0.13576008080000002,0.0,0.04729423547833332,0.24304127338095244,0.24304127338095244,0.1180665535283871,0.3008337779574913,0.5624999999999997,0.44443344647161254,0.18587175954560298,0.0,0.0,0.0,0.0,5.803486962691062e-06
24,100,100,1.0,feasible,0.734818381647568,0.7692889484494096,0.8107498789527845,0.07593149730521653,0.6079396359999999,0.6466747931599999,0.7436997167999999,0.13576008080000002,0.0,0.055837239477540476,0.3922379213578571,0.3922379213578571,0.1180665535283871,0.2933248770060813,0.5624999999999997,0.44443344647161254,0.1862902859307839,0.0,0.0,0.0,0.0,0.00041852638518091734
25,100,100,1.0,feasible,0.734818381647568,0.770540813976244,0.8107498789527845,0.07593149730521653,0.6079396359999999,0.6486185138159999,0.7436997167999999,0.13576008080000002,0.0,0.05950626318587381,0.3922379213578571,0.3922379213578571,0.1180665535283871,0.2893753905171366,0.5624999999999997,0.44443344647161254,0.18621521037391858,0.0,0.0,0.0,0.0,-7.507555686531164e-05
26,100,100,1.0,feasible,0.734818381647568,0.7715066472424258,0.8140459138715923,0.07922753222402434,0.6079396359999999,0.647399903992,0.7436997167999999,0.13576008080000002,0.0,0.06642908654668332,0.3922379213578571,0.3922379213578571,0.1180665535283871,0.2810252596091377,0.5624999999999997,0.44443344647161254,0.18641627431405408,0.0,0.0,0.0,0.0,0.00020106394013549855
27,100,100,1.0,feasible,0.734818381647568,0.7710742705274449,0.8140459138715923,0.07922753222402434,0.6079396359999999,0.6471800944239999,0.7436997167999999,0.13576008080000002,0.0,0.06778315650276903,0.3922379213578571,0.3922379213578571,0.1180665535283871,0.2880525871406896,0.5624999999999997,0.44443344647161254,0.18642461264037324,0.0,0.0,0.0,0.0,8.338326319162759e-06
28,100,100,1.0,feasible,0.734818381647568,0.773091086405735,0.8107498789527845,0.07593149730521653,0.6079396359999999,0.648672878632,0.7436997167999999,0.13576008080000002,0.0,0.06983901729946668,0.3922379213578571,0.3922379213578571,0.1180665535283871,0.27514435733011566,0.5624999999999997,0.44443344647161254,0.1867478833039667,0.0,0.0,0.0,0.0,0.0003232706635934446
29,100,100,1.0,feasible,0.734818381647568,0.7720907829853664,0.8107498789527845,0.07593149730521653,0.6079396359999999,0.6485440399439998,0.7436997167999999,0.13576008080000002,0.0,0.06422691736200713,0.3129032904761904,0.3129032904761904,0.1180665535283871,0.27877704807650766,0.5624999999999997,0.44443344647161254,0.18693795035109398,0.0,0.0,0.0,0.0,0.00019006704712729028
30,100,100,1.0,feasible,0.734818381647568,0.7712896993284845,0.8107498789527845,0.07593149730521653,0.6079396359999999,0.6480546465279999,0.7436997167999999,0.13576008080000002,0.0,0.06501044824985476,0.3124215312976191,0.3124215312976191,0.1180665535283871,0.28310765992949627,0.5624999999999997,0.44443344647161254,0.1870279630879748,0.0,0.0,0.0,0.0,9.001273688083455e-05
31,100,100,1.0,feasible,0.734818381647568,0.7713643501316868,0.8107498789527845,0.07593149730521653,0.6079396359999999,0.6485476907919999,0.7436997167999999,0.13576008080000002,0.0,0.06463666378930714,0.3124215312976191,0.3124215312976191,0.1180665535283871,0.28318282313085796,0.5624999999999997,0.44443344647161254,0.18701263112149297,0.0,0.0,0.0,0.0,-1.5331966481846315e-05
32,100,100,1.0,feasible,0.734818381647568,0.7702512185748176,0.8107498789527845,0.07593149730521653,0.6079396359999999,0.6461108872719998,0.7446084639999999,0.13666882800000002,0.0,0.07248849117083095,0.3124215312976191,0.3124215312976191,0.1180665535283871,0.28756611568269547,0.5624999999999997,0.44443344647161254,0.18702094901610916,0.0,0.0,0.0,0.0,8.317894616194366e-06
33,100,100,1.0,feasible,0.734818381647568,0.7714903572026582,0.8107498789527845,0.07593149730521653,0.6079396359999999,0.646251750856,0.7446084639999999,0.13666882800000002,0.0,0.07957255535201904,0.3124215312976191,0.3124215312976191,0.1180665535283871,0.28072144155955114,0.5624999999999997,0.44443344647161254,0.18702524659253894,0.0,0.0,0.0,0.0,4.297576429779237e-06
34,100,100,1.0,feasible,0.734818381647568,0.7707054668794586,0.8107498789527845,0.07593149730521653,0.6079396359999999,0.6432227924319999,0.7446084639999999,0.13666882800000002,0.0,0.08136463124349523,0.3124215312976191,0.3124215312976191,0.1180665535283871,0.2807947783894226,0.5624999999999997,0.44443344647161254,0.1871028867287192,0.0,0.0,0.0,0.0,7.764013618025145e-05
35,100,100,1.0,feasible,0.734818381647568,0.7727452020686165,0.8107498789527845,0.07593149730521653,0.6079396359999999,0.6437736108,0.7461761327999998,0.13823649679999994,0.0,0.08603938345919523,0.3124215312976191,0.3124215312976191,0.1180665535283871,0.26689030723371543,0.5624999999999997,0.44443344647161254,0.18720243585933938,0.0,0.0,0.0,0.0,9.954913062018567e-05
36,100,100,1.0,feasible,0.734818381647568,0.772543377844348,0.8107498789527845,0.07593149730521653,0.6079396359999999,0.6430179485359999,0.7398428647999998,0.13190322879999994,0.0,0.08544507207362383,0.3124215312976191,0.3124215312976191,0.1180665535283871,0.26806473058843533,0.5624999999999997,0.44443344647161254,0.18727938655078097,0.0,0.0,0.0,0.0,7.695069144159072e-05
37,100,100,1.0,feasible,0.734818381647568,0.7721762393167986,0.8107498789527845,0.07593149730521653,0.6079396359999999,0.6445389919200001,0.7398428647999998,0.13190322879999994,0.0,0.07311065421607381,0.3025718074190476,0.3025718074190476,0.1180665535283871,0.27417841589210673,0.5624999999999997,0.44443344647161254,0.18736379977218992,0.0,0.0,0.0,0.0,8.441322140895213e-05
38,100,100,1.0,feasible,0.734818381647568,0.77420843010221,0.8107498789527845,0.07593149730521653,0.6079396359999999,0.6463896100959999,0.7398428647999998,0.13190322879999994,0.0,0.07143022467214526,0.3025718074190476,0.3025718074190476,0.1180665535283871,0.2642781141876575,0.5624999999999997,0.44443344647161254,0.18743933136401292,0.0,0.0,0.0,0.0,7.553159182299707e-05
39,100,100,1.0,feasible,0.734818381647568,0.7743363218225106,0.8107498789527845,0.07593149730521653,0.6079396359999999,0.646359273992,0.7417626512,0.13382301520000006,0.0,0.07756196501261906,0.34027858202595235,0.34027858202595235,0.11601147800524025,0.2633377847927986,0.5624999999999997,0.4464885219947594,0.18772893784696554,0.0,0.0,0.0,0.0020550755231468487,0.00028960648295262015
40,100,100,1.0,feasible,0.734818381647568,0.7736290693222052,0.8107498789527845,0.07593149730521653,0.6079396359999999,0.643963489456,0.7417626512,0.13382301520000006,0.0,0.08402256915780239,0.34027858202595235,0.34027858202595235,0.11601147800524025,0.2674959507538779,0.5624999999999997,0.4464885219947594,0.18765711266215251,0.0,0.0,0.0,0.0,-7.182518481302358e-05
41,100,100,1.0,feasible,0.734818381647568,0.7756176720335585,0.8111084381595242,0.0762900565119562,0.6079396359999999,0.6477804657039999,0.7457760935999999,0.13783645759999996,0.0,0.07982548082199999,0.34027858202595235,0.34027858202595235,0.1023401863024483,0.2602324778496424,0.5624999999999997,0.4601598136975514,0.18946317056045894,0.0,0.0,0.0,0.013671291702791952,0.001806057898306429
42,100,100,1.0,feasible,0.734818381647568,0.7752949453996826,0.8111084381595242,0.0762900565119562,0.6079396359999999,0.6449510137119999,0.7457760935999999,0.13783645759999996,0.0,0.09117231200479287,0.35172123194999994,0.35172123194999994,0.1023401863024483,0.2581539640021057,0.5624999999999997,0.4601598136975514,0.18946759360606685,0.0,0.0,0.0,0.0,4.423045607909737e-06
43,100,100,1.0,feasible,0.734818381647568,0.7743189684204559,0.8111084381595242,0.0762900565119562,0.6079396359999999,0.6439617592239999,0.7457760935999999,0.13783645759999996,0.0,0.0789667752787119,0.3025718074190476,0.3025718074190476,0.1023401863024483,0.26205997361273986,0.5624999999999997,0.4601598136975514,0.18967599639812122,0.0,0.0,0.0,0.0,0.00020840279205436296
44,100,100,1.0,feasible,0.734818381647568,0.773132409477962,0.8111084381595242,0.0762900565119562,0.6079396359999999,0.644357128448,0.7457760935999999,0.13783645759999996,0.0,0.07334227628818096,0.3025718074190476,0.3025718074190476,0.1023401863024483,0.2707539861835268,0.5624999999999997,0.4601598136975514,0.1895824840744541,0.0,0.0,0.0,0.0,-9.351232366711093e-05
45,100,100,1.0,feasible,0.734818381647568,0.7749470458052081,0.8111084381595242,0.0762900565119562,0.6079396359999999,0.6441025585279999,0.7457760935999999,0.13783645759999996,0.0,0.0872499448877857,0.3025718074190476,0.3025718074190476,0.1023401863024483,0.2587366692034524,0.5624999999999997,0.4601598136975514,0.18956003922336453,0.0,0.0,0.0,0.0,-2.2444851089570284e-05
46,100,100,1.0,feasible,0.734818381647568,0.7733819424642004,0.8111084381595242,0.0762900565119562,0.6079396359999999,0.6430060459839999,0.7416961855999998,0.13375654959999994,0.0,0.0769409545256143,0.3025718074190476,0.3025718074190476,0.1023401863024483,0.26774133277662765,0.5624999999999997,0.4601598136975514,0.18966990562836278,0.0,0.0,0.0,0.0,0.0001098664049982434
47,100,100,1.0,feasible,0.734818381647568,0.774466826654806,0.8111084381595242,0.0762900565119562,0.6079396359999999,0.6457769332879999,0.7416961855999998,0.13375654959999994,0.0,0.07607645900181191,0.3025718074190476,0.3025718074190476,0.1023401863024483,0.26215845529995707,0.5624999999999997,0.4601598136975514,0.18950982366269065,0.0,0.0,0.0,0.0,-0.00016008196567213195
48,100,100,1.0,feasible,0.734818381647568,0.7744285968220749,0.8111084381595242,0.0762900565119562,0.6079396359999999,0.6427497307279999,0.7416961855999998,0.13375654959999994,0.0,0.08245389514014284,0.32461368943738095,0.32461368943738095,0.1023401863024483,0.2622351112039507,0.5624999999999997,0.4601598136975514,0.18972727509441,0.0,0.0,0.0,0.0,0.0002174514317193621
49,100,100,1.0,feasible,0.734818381647568,0.7743229940479306,0.8111084381595242,0.0762900565119562,0.6079396359999999,0.6413850815199998,0.7416961855999998,0.13375654959999994,0.0,0.08099296960076906,0.3025718074190476,0.3025718074190476,0.1023401863024483,0.2626886436071488,0.5624999999999997,0.4601598136975514,0.18971784024486923,0.0,0.0,0.0,0.0,-9.434849540773671e-06
50,100,100,1.0,feasible,0.734818381647568,0.7737769690431341,0.8111084381595242,0.0762900565119562,0.6079396359999999,0.6430607637199999,0.7416961855999998,0.13375654959999994,0.0,0.07915003490965476,0.32657578276976185,0.32657578276976185,0.1023401863024483,0.26670212685418404,0.5624999999999997,0.4601598136975514,0.1896505582620639,0.0,0.0,0.0,0.0,-6.728198280533948e-05
51,100,100,1.0,feasible,0.734818381647568,0.7755382025421662,0.8111084381595242,0.0762900565119562,0.6079396359999999,0.6439833459999998,0.7416961855999998,0.13375654959999994,0.0,0.08067729222565476,0.32657578276976185,0.32657578276976185,0.1023401863024483,0.25811323015803045,0.5624999999999997,0.4601598136975514,0.18941240882146493,0.0,0.0,0.0,0.0,-0.00023814944059896703
52,100,100,1.0,feasible,0.734818381647568,0.7723420850862506,0.8111084381595242,0.0762900565119562,0.6079396359999999,0.6438929840159999,0.7416961855999998,0.13375654959999994,0.0,0.07227728412748333,0.32657578276976185,0.32657578276976185,0.1023401863024483,0.27381884266215617,0.5624999999999997,0.4601598136975514,0.18958378349151134,0.0,0.0,0.0,0.0,0.00017137467004640916
53,100,100,1.0,feasible,0.734818381647568,0.7748344281181866,0.8111084381595242,0.0762900565119562,0.6079396359999999,0.649071911712,0.7416961855999998,0.13375654959999994,0.0,0.0722059503748143,0.32657578276976185,0.32657578276976185,0.1023401863024483,0.2650928387697676,0.5624999999999997,0.4601598136975514,0.1895882321246382,0.0,0.0,0.0,0.0,4.4486331268744905e-06
54,100,100,1.0,feasible,0.734818381647568,0.7767646198402315,0.8111084381595242,0.0762900565119562,0.6079396359999999,0.6493715567839999,0.7416961855999998,0.13375654959999994,0.0,0.0791294446248619,0.32657578276976185,0.32657578276976185,0.1023401863024483,0.252209315810391,0.5624999999999997,0.4601598136975514,0.18961611096664308,0.0,0.0,0.0,0.0,2.787884200486368e-05
55,100,100,1.0,feasible,0.734818381647568,0.7779085761568382,0.8111084381595242,0.0762900565119562,0.6079396359999999,0.6505138233839999,0.7416961855999998,0.13375654959999994,0.0,0.07636445441271189,0.2992657130595238,0.2992657130595238,0.1023401863024483,0.24756007049632273,0.5624999999999997,0.4601598136975514,0.1895757812102374,0.0,0.0,0.0,0.0,-4.032975640566594e-05
56,100,100,1.0,feasible,0.734818381647568,0.7766607612683795,0.8111084381595242,0.0762900565119562,0.6079396359999999,0.648236485976,0.7449315839999999,0.13699194800000003,0.0,0.07762883767104523,0.2992657130595238,0.2992657130595238,0.1023401863024483,0.2534573794504919,0.5624999999999997,0.4601598136975514,0.1893025961062086,0.0,0.0,0.0,0.0,-0.00027318510402882246
57,100,100,1.0,feasible,0.734818381647568,0.7755019876127185,0.8111084381595242,0.0762900565119562,0.6079396359999999,0.6466418979439998,0.7449315839999999,0.13699194800000003,0.0,0.07825470444614047,0.2992657130595238,0.2992657130595238,0.1023401863024483,0.25824130000858014,0.5624999999999997,0.4601598136975514,0.18947915369380602,0.0,0.0,0.0,0.0,0.00017655758759743678
58,100,100,1.0,feasible,0.734818381647568,0.7738971941534541,0.8111084381595242,0.0762900565119562,0.6079396359999999,0.6453710577599999,0.7449315839999999,0.13699194800000003,0.0,0.07348081433214049,0.2992657130595238,0.2992657130595238,0.1023401863024483,0.26808478057635093,0.5624999999999997,0.4601598136975514,0.18955449133131513,0.0,0.0,0.0,0.0,7.533763750910971e-05
59,100,100,1.0,feasible,0.734818381647568,0.7735184084663281,0.8111084381595242,0.0762900565119562,0.6079396359999999,0.6454767631119998,0.7389646215999999,0.13102498559999998,0.0,0.07884976440651999,0.2992657130595238,0.2992657130595238,0.1023401863024483,0.2701416454099514,0.5624999999999997,0.4601598136975514,0.1895928713577492,0.0,0.0,0.0,0.0,3.8380026434053915e-05
60,100,100,1.0,feasible,0.734818381647568,0.7745771443034554,0.8111084381595242,0.0762900565119562,0.6079396359999999,0.6452152233039999,0.7389646215999999,0.13102498559999998,0.0,0.07871034021832952,0.29962108922857145,0.29962108922857145,0.1023401863024483,0.2629222790364748,0.5624999999999997,0.4601598136975514,0.18979576984765878,0.0,0.0,0.0,0.0,0.00020289848990959203
61,100,100,1.0,feasible,0.734818381647568,0.7742061626471666,0.8111084381595242,0.0762900565119562,0.6079396359999999,0.6458737436079999,0.7389646215999999,0.13102498559999998,0.0,0.07223953944894856,0.317859151002381,0.317859151002381,0.1023401863024483,0.2715173297485163,0.5624999999999997,0.4601598136975514,0.18984048733743403,0.0,0.0,0.0,0.0,4.471748977524781e-05
62,100,100,1.0,feasible,0.734818381647568,0.7752914886923762,0.8111084381595242,0.0762900565119562,0.6079396359999999,0.6447400572479998,0.7389646215999999,0.13102498559999998,0.0,0.0732091875395557,0.3377469605714285,0.3377469605714285,0.1023401863024483,0.2602055824046735,0.5624999999999997,0.4601598136975514,0.1898451556283816,0.0,0.0,0.0,0.0,4.668290947584808e-06
63,100,100,1.0,feasible,0.734818381647568,0.776011877846092,0.8111084381595242,0.0762900565119562,0.6079396359999999,0.6473984664479999,0.7389646215999999,0.13102498559999998,0.0,0.07195703037433572,0.3377469605714285,0.3377469605714285,0.1017839529266807,0.25762528861697837,0.5624999999999997,0.460716047073319,0.18991263767819316,0.0,0.0,0.0,0.0005562333757676008,6.748204981155137e-05
64,100,100,1.0,feasible,0.734818381647568,0.7767453756876495,0.8111084381595242,0.0762900565119562,0.6079396359999999,0.6487326126559999,0.7389646215999999,0.13102498559999998,0.0,0.07009103015462857,0.29420800744761905,0.29420800744761905,0.1017839529266807,0.25189559668141176,0.5624999999999997,0.460716047073319,0.18980437439416545,0.0,0.0,0.0,0.0,-0.00010826328402771535
65,100,100,1.0,feasible,0.734818381647568,0.7763959617489055,0.8111084381595242,0.0762900565119562,0.6079396359999999,0.6487091866079999,0.7389646215999999,0.13102498559999998,0.0,0.07090026995460713,0.29420800744761905,0.29420800744761905,0.1017839529266807,0.25142283847696784,0.5624999999999997,0.460716047073319,0.18991262797648734,0.0,0.0,0.0,0.0,0.00010825358232188775
66,100,100,1.0,feasible,0.734818381647568,0.7744891077817313,0.8111084381595242,0.0762900565119562,0.6079396359999999,0.6460932391119998,0.7501608447999998,0.1422212087999999,0.0,0.07143161084736668,0.2840050326354762,0.2840050326354762,0.1017839529266807,0.26171449571603095,0.5624999999999997,0.460716047073319,0.19004424519947027,0.0,0.0,0.0,0.0,0.0001316172229829382
67,100,100,1.0,feasible,0.734818381647568,0.7750809809516335,0.8111084381595242,0.0762900565119562,0.6079396359999999,0.6478681079599999,0.7501608447999998,0.1422212087999999,0.0,0.07428524664193334,0.2840050326354762,0.2840050326354762,0.1017839529266807,0.2607375043709188,0.5624999999999997,0.460716047073319,0.19004109383898052,0.0,0.0,0.0,0.0,-3.15136048975595e-06
68,100,100,1.0,feasible,0.734818381647568,0.7745418411682627,0.8111084381595242,0.0762900565119562,0.6079396359999999,0.6476665494559998,0.7501608447999998,0.1422212087999999,0.0,0.0679688424928619,0.27699144494285716,0.27699144494285716,0.1017839529266807,0.265491419161902,0.5624999999999997,0.460716047073319,0.19002863893474556,0.0,0.0,0.0,0.0,-1.2454904234959763e-05
69,100,100,1.0,feasible,0.734818381647568,0.7746257119058829,0.8111084381595242,0.0762900565119562,0.6079396359999999,0.6467894141359999,0.7406045767999998,0.1326649407999999,0.0,0.06796256700296904,0.2994726383438095,0.2994726383438095,0.1017839529266807,0.26148936796035566,0.5624999999999997,0.460716047073319,0.1899125241813048,0.0,0.0,0.0,0.0,-0.00011611475344075473
70,100,100,1.0,feasible,0.734818381647568,0.7740609489020285,0.8111084381595242,0.0762900565119562,0.6079396359999999,0.6476156393839999,0.7429235655999998,0.13498392959999994,0.0,0.06350054140927858,0.2994726383438095,0.2994726383438095,0.10089325520564674,0.26840009087497946,0.5624999999999997,0.46160674479435293,0.19017505198144313,0.0,0.0,0.0,0.0008906977210339645,0.0002625278001383291
71,100,100,1.0,feasible,0.734818381647568,0.775045653601765,0.8111084381595242,0.0762900565119562,0.6079396359999999,0.6503531551519999,0.7391239967999998,0.13118436079999996,0.0,0.06365723478101666,0.2994726383438095,0.2994726383438095,0.10089325520564674,0.26445773248757304,0.5624999999999997,0.46160674479435293,0.19025035865883516,0.0,0.0,0.0,0.0,7.530667739202856e-05
72,100,100,1.0,feasible,0.734818381647568,0.7742742460493954,0.8111084381595242,0.0762900565119562,0.6079396359999999,0.647297442992,0.7483278495999998,0.14038821359999987,0.0,0.06999194817064999,0.36537085958309523,0.36537085958309523,0.10089325520564674,0.266879752279725,0.5624999999999997,0.46160674479435293,0.1903183282588553,0.0,0.0,0.0,0.0,6.796960002014574e-05
73,100,100,1.0,feasible,0.734818381647568,0.7753670108968658,0.8111084381595242,0.0762900565119562,0.6079396359999999,0.646572218824,0.7483278495999998,0.14038821359999987,0.0,0.07166961795261667,0.32058724265238087,0.32058724265238087,0.10089325520564674,0.25598854046921865,0.5624999999999997,0.46160674479435293,0.1903131549068277,0.0,0.0,0.0,0.0,-5.173352027598721e-06
74,100,100,1.0,feasible,0.734818381647568,0.7756964023529206,0.8111084381595242,0.0762900565119562,0.6079396359999999,0.6493746781999998,0.7399912335999999,0.13205159759999996,0.0,0.06868908433935954,0.29677895388095243,0.29677895388095243,0.10089325520564674,0.2546758382871654,0.5624999999999997,0.46160674479435293,0.19015503106010292,0.0,0.0,0.0,0.0,-0.00015812384672478363
75,100,100,1.0,feasible,0.734818381647568,0.7731113922679783,0.8095337273472522,0.07471534569968419,0.6079396359999999,0.6425876368319998,0.7399912335999999,0.13205159759999996,0.0,0.07231118787283572,0.29677895388095243,0.29677895388095243,0.10089325520564674,0.26582995420158445,0.5624999999999997,0.46160674479435293,0.19025404125027673,0.0,0.0,0.0,0.0,9.901019017380386e-05
76,100,100,1.0,feasible,0.734818381647568,0.7723148160657912,0.8095337273472522,0.07471534569968419,0.6079396359999999,0.6427092586959999,0.7399912335999999,0.13205159759999996,0.0,0.0651893454172619,0.23850051680952383,0.23850051680952383,0.10089325520564674,0.2692315496095802,0.5624999999999997,0.46160674479435293,0.19039055133929222,0.0,0.0,0.0,0.0,0.00013651008901549577
77,100,100,1.0,feasible,0.734818381647568,0.7729834261864894,0.808496091517974,0.073677709870406,0.6079396359999999,0.6449067554319998,0.7399912335999999,0.13205159759999996,0.0,0.06221492543216666,0.23904971519047616,0.23904971519047616,0.10089325520564674,0.2641675754447026,0.5624999999999997,0.46160674479435293,0.19050998868157057,0.0,0.0,0.0,0.0,0.00011943734227834457
78,100,100,1.0,feasible,0.734818381647568,0.7731134218103014,0.808496091517974,0.073677709870406,0.6079396359999999,0.6445901908399999,0.7399912335999999,0.13205159759999996,0.0,0.06346205188561904,0.2544410272738095,0.2544410272738095,0.10089325520564674,0.2641626117319155,0.5624999999999997,0.46160674479435293,0.19053040150944778,0.0,0.0,0.0,0.0,2.041282787720866e-05
79,100,100,1.0,feasible,0.734818381647568,0.7724120244466536,0.808508742434549,0.07369036078698099,0.6079396359999999,0.6427649574399998,0.7399912335999999,0.13205159759999996,0.0,0.060675487647071424,0.2544410272738095,0.2544410272738095,0.09920228830076983,0.2635322942900277,0.5624999999999997,0.46329771169922984,0.19072504744087931,0.0,0.0,0.0,0.0016909669048769116,0.0001946459314315363
80,100,100,1.0,feasible,0.734818381647568,0.7717622089337729,0.808508742434549,0.07369036078698099,0.6079396359999999,0.6406086267919998,0.7399912335999999,0.13205159759999996,0.0,0.0670441955465881,0.2588795034397619,0.2588795034397619,0.09920228830076983,0.26748872086894726,0.5624999999999997,0.46329771169922984,0.19067705401287127,0.0,0.0,0.0,0.0,-4.799342800804185e-05
81,100,100,1.0,feasible,0.734818381647568,0.7745353778417317,0.808508742434549,0.07369036078698099,0.6079396359999999,0.644623941064,0.7399912335999999,0.13205159759999996,0.0,0.07152607948303094,0.2803342910490476,0.2803342910490476,0.09920228830076983,0.25516438984652656,0.5624999999999997,0.46329771169922984,0.19049365580437988,0.0,0.0,0.0,0.0,-0.0001833982084913921
82,100,100,1.0,feasible,0.734818381647568,0.7728438894667994,0.808508742434549,0.07369036078698099,0.6079396359999999,0.643663682272,0.7399912335999999,0.13205159759999996,0.0,0.06381244016260239,0.2803342910490476,0.2803342910490476,0.09920228830076983,0.2669582635481192,0.5624999999999997,0.46329771169922984,0.19052909446305386,0.0,0.0,0.0,0.0,3.543865867397522e-05
83,100,100,1.0,feasible,0.734818381647568,0.7737384268152723,0.808508742434549,0.07369036078698099,0.6079396359999999,0.6456953324879998,0.7399912335999999,0.13205159759999996,0.0,0.06803552490912618,0.2803342910490476,0.2803342910490476,0.09920228830076983,0.2586286190145602,0.5624999999999997,0.46329771169922984,0.19049347749169582,0.0,0.0,0.0,0.0,-3.5616971358037874e-05
84,100,100,1.0,feasible,0.734818381647568,0.7739167418851274,0.808508742434549,0.07369036078698099,0.6079396359999999,0.645202775488,0.7399912335999999,0.13205159759999996,0.0,0.06795427877525714,0.2806637126059524,0.2806637126059524,0.09920228830076983,0.2590939064074151,0.5624999999999997,0.46329771169922984,0.1905189330096137,0.0,0.0,0.0,0.0,2.545551791788281e-05
85,100,100,1.0,feasible,0.734818381647568,0.7770591155721838,0.811114759475346,0.07629637782777798,0.6079396359999999,0.6471988167359999,0.7399912335999999,0.13205159759999996,0.0,0.07775671488272141,0.2806637126059524,0.2806637126059524,0.09663279222833537,0.23830144633098704,0.5624999999999997,0.4658672077716643,0.19075781530566494,0.0,0.0,0.0,0.0025694960724344518,0.0002388822960512349
86,100,100,1.0,feasible,0.734818381647568,0.7729136914089616,0.811114759475346,0.07629637782777798,0.6079396359999999,0.6467520637359999,0.7399912335999999,0.13205159759999996,0.0,0.07039540363924285,0.3213834436833333,0.3213834436833333,0.09663279222833537,0.2684856571164267,0.5624999999999997,0.4658672077716643,0.19061269103534972,0.0,0.0,0.0,0.0,-0.00014512427031521113
87,100,100,1.0,feasible,0.734818381647568,0.7760078715425672,0.811114759475346,0.07629637782777798,0.6079396359999999,0.6466315272559998,0.7413847159999999,0.13344508,0.0,0.07960527745831665,0.2806637126059524,0.2806637126059524,0.09663279222833537,0.2523529667841781,0.5624999999999997,0.4658672077716643,0.19062641238532235,0.0,0.0,0.0,0.0,1.3721349972628527e-05
88,100,100,1.0,feasible,0.734818381647568,0.7741493295231368,0.811114759475346,0.07629637782777798,0.6079396359999999,0.64457104256,0.7413847159999999,0.13344508,0.0,0.07568158368926191,0.28241055947619054,0.28241055947619054,0.09663279222833537,0.26369498728579366,0.5624999999999997,0.4658672077716643,0.1906187422521543,0.0,0.0,0.0,0.0,-7.670133168047322e-06
89,100,100,1.0,feasible,0.734818381647568,0.774832938414177,0.811114759475346,0.07629637782777798,0.6079396359999999,0.6490231855839999,0.7413847159999999,0.13344508,0.0,0.06892122387239287,0.28241055947619054,0.28241055947619054,0.09663279222833537,0.25965686030348095,0.5624999999999997,0.4658672077716643,0.19072188395463277,0.0,0.0,0.0,0.0,0.00010314170247846532
90,100,100,1.0,feasible,0.734818381647568,0.7758131771885303,0.811114759475346,0.07629637782777798,0.6079396359999999,0.6496229268879997,0.7433721479999998,0.13543251199999995,0.0,0.07100965700874286,0.28241055947619054,0.28241055947619054,0.09663279222833537,0.25801038932084064,0.5624999999999997,0.4658672077716643,0.19075062248483476,0.0,0.0,0.0,0.0,2.8738530201993795e-05
91,100,100,1.0,feasible,0.734818381647568,0.7739807719446045,0.811114759475346,0.07629637782777798,0.6079396359999999,0.6478660841759998,0.7433721479999998,0.13543251199999995,0.0,0.06944893822969048,0.28241055947619054,0.28241055947619054,0.09663279222833537,0.266246429561653,0.5624999999999997,0.4658672077716643,0.1907439646935644,0.0,0.0,0.0,0.0,-6.657791270375801e-06
92,100,100,1.0,feasible,0.734818381647568,0.7759917678047548,0.811114759475346,0.07629637782777798,0.6079396359999999,0.6498527369759999,0.7433721479999998,0.13543251199999995,0.0,0.06815711315759523,0.239587249897619,0.239587249897619,0.09663279222833537,0.25611399517864036,0.5624999999999997,0.4658672077716643,0.1906005977820241,0.0,0.0,0.0,0.0,-0.00014336691154029357
93,100,100,1.0,feasible,0.734818381647568,0.7752762278591736,0.811114759475346,0.07629637782777798,0.6079396359999999,0.650329493664,0.7450914247999998,0.1371517887999999,0.0,0.06205254042621428,0.239587249897619,0.239587249897619,0.09663279222833537,0.2577588536505908,0.5624999999999997,0.4658672077716643,0.1906508967715847,0.0,0.0,0.0,0.0,5.02989895606043e-05
94,100,100,1.0,feasible,0.734818381647568,0.775533407833185,0.811114759475346,0.07629637782777798,0.6079396359999999,0.6512080348879999,0.7450914247999998,0.1371517887999999,0.0,0.06470218631888094,0.239587249897619,0.239587249897619,0.09663279222833537,0.25772741270695326,0.5624999999999997,0.4658672077716643,0.19060282632466302,0.0,0.0,0.0,0.0,-4.80704469216775e-05
95,100,100,1.0,feasible,0.734818381647568,0.7748963273350427,0.811114759475346,0.07629637782777798,0.6079396359999999,0.6491339063359999,0.7450914247999998,0.1371517887999999,0.0,0.06909592170740475,0.27657238387857136,0.27657238387857136,0.09663279222833537,0.25831769549649286,0.5624999999999997,0.4658672077716643,0.1904943671207856,0.0,0.0,0.0,0.0,-0.00010845920387742014
96,100,100,1.0,feasible,0.734818381647568,0.7750666037160099,0.811114759475346,0.07629637782777798,0.6079396359999999,0.6493062288479998,0.7450914247999998,0.1371517887999999,0.0,0.06729921488161904,0.27657238387857136,0.27657238387857136,0.09663279222833537,0.25867324976778167,0.5624999999999997,0.4658672077716643,0.1906093900684611,0.0,0.0,0.0,0.0,0.00011502294767548604
97,100,100,1.0,feasible,0.734818381647568,0.7745550147480508,0.811114759475346,0.07629637782777798,0.6079396359999999,0.6475778344399998,0.7526429927999999,0.14470335680000002,0.0,0.06825668585733333,0.27657238387857136,0.27657238387857136,0.09663279222833537,0.2605683407300374,0.5624999999999997,0.4658672077716643,0.1906036495112602,0.0,0.0,0.0,0.0,-5.740557200900609e-06
98,100,100,1.0,feasible,0.734818381647568,0.7761291228568189,0.811114759475346,0.07629637782777798,0.6079396359999999,0.6485694759599998,0.7526429927999999,0.14470335680000002,0.0,0.07413661706752381,0.2844351376452381,0.2844351376452381,0.09663279222833537,0.25254687162083395,0.5624999999999997,0.4658672077716643,0.19055421401426503,0.0,0.0,0.0,0.0,-4.9435496995153816e-05
99,100,100,1.0,feasible,0.734818381647568,0.7768779656358469,0.811114759475346,0.07629637782777798,0.6079396359999999,0.648918869992,0.7526429927999999,0.14470335680000002,0.0,0.07783655103222617,0.34243687900833336,0.34243687900833336,0.09663279222833537,0.24821584349274645,0.5624999999999997,0.4658672077716643,0.1903598805215746,0.0,0.0,0.0,0.0,-0.00019433349269043498
100,100,100,1.0,feasible,0.734818381647568,0.7765688175344042,0.811114759475346,0.07629637782777798,0.6079396359999999,0.6494142125919999,0.7526429927999999,0.14470335680000002,0.0,0.07319670790904761,0.2844351376452381,0.2844351376452381,0.09663279222833537,0.2494125394652995,0.5624999999999997,0.4658672077716643,0.19034551052182075,0.0,0.0,0.0,0.0,-1.4369999753849338e-05
101,100,100,1.0,feasible,0.734818381647568,0.777348797350566,0.811114759475346,0.07629637782777798,0.6079396359999999,0.6518847257120001,0.7526429927999999,0.14470335680000002,0.0,0.06749520622734215,0.24986028421214285,0.24986028421214285,0.09663279222833537,0.2525462875331818,0.5624999999999997,0.4658672077716643,0.19025881695600003,0.0,0.0,0.0,0.0,-8.669356582072241e-05
102,100,100,1.0,feasible,0.734818381647568,0.7739960588081908,0.811114759475346,0.07629637782777798,0.6079396359999999,0.6481876531359998,0.7526429927999999,0.14470335680000002,0.0,0.0654251819132881,0.33988746262857145,0.33988746262857145,0.09663279222833537,0.2675623832449405,0.5624999999999997,0.4658672077716643,0.1905705226631291,0.0,0.0,0.0,0.0,0.000311705707129073
103,100,100,1.0,feasible,0.734818381647568,0.7743968086983064,0.8130847731672858,0.07826639151971782,0.6079396359999999,0.647847588928,0.7433423887999998,0.13540275279999991,0.0,0.06947803071883811,0.33988746262857145,0.33988746262857145,0.09663279222833537,0.26358640375527725,0.5624999999999997,0.4658672077716643,0.19011278469780535,0.0,0.0,0.0,0.0,-0.0004577379653237512
104,100,100,1.0,feasible,0.734818381647568,0.7766858205134913,0.811114759475346,0.07629637782777798,0.6079396359999999,0.649240116256,0.7433423887999998,0.13540275279999991,0.0,0.07425804471402858,0.33988746262857145,0.33988746262857145,0.09663279222833537,0.24882900239608002,0.5624999999999997,0.4658672077716643,0.19031636157242254,0.0,0.0,0.0,0.0,0.0002035768746171951
105,100,100,1.0,feasible,0.734818381647568,0.7779339618099523,0.811114759475346,0.07629637782777798,0.6079396359999999,0.6519598434159998,0.7433423887999998,0.13540275279999991,0.0,0.07198518213285952,0.33988746262857145,0.33988746262857145,0.09663279222833537,0.24508170118073416,0.5624999999999997,0.4658672077716643,0.19031500387282735,0.0,0.0,0.0,0.0,-1.3576995951947168e-06
106,100,100,1.0,feasible,0.734818381647568,0.776163564047756,0.811114759475346,0.07629637782777798,0.6079396359999999,0.6476025346000001,0.7433423887999998,0.13540275279999991,0.0,0.07205148384944286,0.33988746262857145,0.33988746262857145,0.09663279222833537,0.2502260386140649,0.5624999999999997,0.4658672077716643,0.1902957601313739,0.0,0.0,0.0,0.0,-1.924374145345631e-05
107,100,100,1.0,feasible,0.734818381647568,0.7765569460511398,0.8115062948912495,0.07668791324368152,0.6079396359999999,0.6476613067839999,0.7442442039999999,0.13630456800000001,0.0,0.07297811862863095,0.2516202327142857,0.2516202327142857,0.09663279222833537,0.24955526029693875,0.5624999999999997,0.4658672077716643,0.19025183491355013,0.0,0.0,0.0,0.0,-4.3925217823759244e-05
108,100,100,1.0,feasible,0.734818381647568,0.7752301591212739,0.8115062948912495,0.07668791324368152,0.6079396359999999,0.6473451772239999,0.7442442039999999,0.13630456800000001,0.0,0.07257480369721431,0.27027058635,0.27027058635,0.09663279222833537,0.25805607018422166,0.5624999999999997,0.4658672077716643,0.1903367657488173,0.0,0.0,0.0,0.0,8.493083526717182e-05
109,100,100,1.0,feasible,0.734818381647568,0.774966819363194,0.8165789349938082,0.08176055334624022,0.6079396359999999,0.64529385008,0.7403275072,0.13238787120000006,0.0,0.07691020139939762,0.3082776163976191,0.3082776163976191,0.09663279222833537,0.2610880550680561,0.5624999999999997,0.4658672077716643,0.19032011640532426,0.0,0.0,0.0,0.0,-1.664934349304703e-05
110,100,100,1.0,feasible,0.734818381647568,0.774256925543753,0.8111534246420038,0.07633504299443583,0.6079396359999999,0.642303731104,0.7403275072,0.13238787120000006,0.0,0.08019221959325475,0.3082776163976191,0.3082776163976191,0.09663279222833537,0.26103820257488825,0.5624999999999997,0.4658672077716643,0.19026465815552107,0.0,0.0,0.0,0.0,-5.5458249803186366e-05
111,100,100,1.0,feasible,0.734818381647568,0.7754874793295311,0.8111534246420038,0.07633504299443583,0.6079396359999999,0.6460259460159999,0.7467234192,0.13878378320000007,0.0,0.07778437052980239,0.3110460618357143,0.3110460618357143,0.09663279222833537,0.25679292766829925,0.5624999999999997,0.4658672077716643,0.1901378818434356,0.0,0.0,0.0,0.0,-0.0001267763120854637
112,100,100,1.0,feasible,0.734818381647568,0.7763783044581655,0.8111534246420038,0.07633504299443583,0.6079396359999999,0.6490054839439998,0.7467234192,0.13878378320000007,0.0,0.06937056314207596,0.3407675447833333,0.3407675447833333,0.09663279222833537,0.2581346202755857,0.5624999999999997,0.4658672077716643,0.19041715887052513,0.0,0.0,0.0,0.0,0.0002792770270895195
113,100,100,1.0,feasible,0.734818381647568,0.7756476101145937,0.8111534246420038,0.07633504299443583,0.6079396359999999,0.645358365584,0.7467234192,0.13878378320000007,0.0,0.07379202400326643,0.3407675447833333,0.3407675447833333,0.09663279222833537,0.259273738336144,0.5624999999999997,0.4658672077716643,0.19057419260254305,0.0,0.0,0.0,0.0,0.00015703373201791937
114,100,100,1.0,feasible,0.734818381647568,0.7768564111279717,0.8111534246420038,0.07633504299443583,0.6079396359999999,0.6471312567599997,0.7467234192,0.13878378320000007,0.0,0.07510943967152191,0.29312582400238096,0.29312582400238096,0.09663279222833537,0.2538220368115916,0.5624999999999997,0.4658672077716643,0.19056074517862875,0.0,0.0,0.0,0.0,-1.3447423914292322e-05
115,100,100,1.0,feasible,0.734818381647568,0.7757698188329585,0.8111534246420038,0.07633504299443583,0.6079396359999999,0.6466693378239999,0.7467234192,0.13878378320000007,0.0,0.0725727737054,0.29312582400238096,0.29312582400238096,0.09663279222833537,0.25695576229750844,0.5624999999999997,0.4658672077716643,0.19054117199846093,0.0,0.0,0.0,0.0,-1.957318016782006e-05
116,100,100,1.0,feasible,0.734818381647568,0.7766265470758552,0.8111534246420038,0.07633504299443583,0.6079396359999999,0.64732238624,0.7467234192,0.13878378320000007,0.0,0.0770724959344,0.29312582400238096,0.29312582400238096,0.09663279222833537,0.25232928537238347,0.5624999999999997,0.4658672077716643,0.19057594983724008,0.0,0.0,0.0,0.0,3.477783877914309e-05
117,100,100,1.0,feasible,0.734818381647568,0.7778750350095059,0.8111534246420038,0.07633504299443583,0.6079396359999999,0.6491743484319998,0.7467234192,0.13878378320000007,0.0,0.07543248884344524,0.29312582400238096,0.29312582400238096,0.09663279222833537,0.24560769559703424,0.5624999999999997,0.4658672077716643,0.19077982098214696,0.0,0.0,0.0,0.0,0.0002038711449068864
118,100,100,1.0,feasible,0.734818381647568,0.7780027268859122,0.8111534246420038,0.07633504299443583,0.6079396359999999,0.6504432255519998,0.7467234192,0.13878378320000007,0.0,0.0736112289966357,0.29312582400238096,0.29312582400238096,0.09663279222833537,0.24611792849910233,0.5624999999999997,0.4658672077716643,0.19077513735365076,0.0,0.0,0.0,0.0,-4.68362849620485e-06
119,100,100,1.0,feasible,0.734818381647568,0.7762373136448468,0.8111534246420038,0.07633504299443583,0.6079396359999999,0.6461173875439998,0.7467234192,0.13878378320000007,0.0,0.07262148287682618,0.29312582400238096,0.29312582400238096,0.09663279222833537,0.25594907319188903,0.5624999999999997,0.4658672077716643,0.19069115695536054,0.0,0.0,0.0,0.0,-8.398039829021764e-05
120,100,100,1.0,feasible,0.734818381647568,0.7751409996816843,0.8115041061866638,0.07668572453909583,0.6079396359999999,0.6458709274319999,0.7416038359999998,0.1336641999999999,0.0,0.06981614841866905,0.29312582400238096,0.29312582400238096,0.09657884451917982,0.26532395653563695,0.5624999999999997,0.46592115548081986,0.19067133514290996,0.0,0.0,0.0,5.394770915555236e-05,-1.9821812450582232e-05
121,100,100,1.0,feasible,0.734818381647568,0.7773822145936894,0.8135733889731919,0.0787550073256239,0.6079396359999999,0.6469215835519999,0.7416038359999998,0.1336641999999999,0.0,0.07527473055088095,0.29148234978000004,0.29148234978000004,0.09657884451917982,0.2503974988550577,0.5624999999999997,0.46592115548081986,0.19084908942839646,0.0,0.0,0.0,0.0,0.00017775428548649774
122,100,100,1.0,feasible,0.734818381647568,0.7765082313144263,0.8135733889731919,0.0787550073256239,0.6079396359999999,0.645525264792,0.7416038359999998,0.1336641999999999,0.0,0.07321382661839453,0.29148234978000004,0.29148234978000004,0.09588537166877435,0.24874972845870758,0.5624999999999997,0.4666146283312253,0.19097665063832925,0.0,0.0,0.0,0.0006934728504054688,0.00012756120993279163
123,100,100,1.0,feasible,0.734818381647568,0.7782776854385783,0.8135733889731919,0.0787550073256239,0.6079396359999999,0.6500708947359999,0.7416038359999998,0.1336641999999999,0.0,0.06847454172113024,0.2896020816261905,0.2896020816261905,0.09588537166877435,0.2446032435422027,0.5624999999999997,0.4666146283312253,0.19093469328338836,0.0,0.0,0.0,0.0,-4.195735494089137e-05
124,100,100,1.0,feasible,0.734818381647568,0.7779220897458708,0.8135733889731919,0.0787550073256239,0.6079396359999999,0.6463696326319999,0.7416038359999998,0.1336641999999999,0.0,0.07851099514609786,0.32565358442619047,0.32565358442619047,0.09588537166877435,0.25030057946066686,0.5624999999999997,0.4666146283312253,0.19086543419795737,0.0,0.0,0.0,0.0,-6.92590854309838e-05
125,100,100,1.0,feasible,0.734818381647568,0.7761910595913348,0.8118655325030959,0.07704715085552793,0.6079396359999999,0.6439981877439999,0.7416038359999998,0.1336641999999999,0.0,0.07787369910339452,0.32618299984166665,0.32618299984166665,0.09588537166877435,0.2521271473839262,0.5624999999999997,0.4666146283312253,0.1910483844048561,0.0,0.0,0.0,0.0,0.00018295020689873542
126,100,100,1.0,feasible,0.734818381647568,0.7763921334135663,0.8118655325030959,0.07704715085552793,0.6079396359999999,0.6448364236479999,0.7416038359999998,0.1336641999999999,0.0,0.07366658666187308,0.32618299984166665,0.32618299984166665,0.09588537166877435,0.2535663234223323,0.5624999999999997,0.4666146283312253,0.19102368789735213,0.0,0.0,0.0,0.0,-2.4696507503974008e-05
127,100,100,1.0,feasible,0.734818381647568,0.7780652355371251,0.8118655325030959,0.07704715085552793,0.6079396359999999,0.647461048952,0.7416038359999998,0.1336641999999999,0.0,0.07738956296609929,0.3053825436761905,0.3053825436761905,0.09588537166877435,0.2458720441730123,0.5624999999999997,0.4666146283312253,0.19075634137944492,0.0,0.0,0.0,0.0,-0.00026734651790721875
128,100,100,1.0,feasible,0.734818381647568,0.7754756131433903,0.8118655325030959,0.07704715085552793,0.6079396359999999,0.6451746228879999,0.7416038359999998,0.1336641999999999,0.0,0.08042668472200404,0.3216191599738095,0.3216191599738095,0.09588537166877435,0.2588479507997906,0.5624999999999997,0.4666146283312253,0.19063579440801073,0.0,0.0,0.0,0.0,-0.00012054697143418225
129,100,100,1.0,feasible,0.734818381647568,0.7772417077843476,0.8118655325030959,0.07704715085552793,0.6079396359999999,0.6474542178959999,0.7416038359999998,0.1336641999999999,0.0,0.07565607232138262,0.29144966560238095,0.29144966560238095,0.09588537166877435,0.24752452436466346,0.5624999999999997,0.4666146283312253,0.190880724332666,0.0,0.0,0.0,0.0,0.00024492992465527386
130,100,100,1.0,feasible,0.734818381647568,0.7762637954206129,0.8118655325030959,0.07704715085552793,0.6079396359999999,0.6439610208239999,0.7374781487999998,0.12953851279999995,0.0,0.07703848483850168,0.29173424803571424,0.29173424803571424,0.09588537166877435,0.2488242363052949,0.5624999999999997,0.4666146283312253,0.19083373283891764,0.0,0.0,0.0,0.0,-4.699149374837175e-05
131,100,100,1.0,feasible,0.734818381647568,0.776394139545288,0.8118655325030959,0.07704715085552793,0.6079396359999999,0.6457218876479998,0.7521011375999999,0.14416150159999996,0.0,0.07701695156986904,0.29173424803571424,0.29173424803571424,0.09588537166877435,0.2502473450375453,0.5624999999999997,0.4666146283312253,0.19079763716542042,0.0,0.0,0.0,0.0,-3.609567349721621e-05
132,100,100,1.0,feasible,0.734818381647568,0.776981421461462,0.8118655325030959,0.07704715085552793,0.6079396359999999,0.6471565602079998,0.7521011375999999,0.14416150159999996,0.0,0.07884371265936904,0.29173424803571424,0.29173424803571424,0.09588537166877435,0.2491755679001605,0.5624999999999997,0.4666146283312253,0.19071023732072123,0.0,0.0,0.0,0.0,-8.739984469918749e-05
133,100,100,1.0,feasible,0.734818381647568,0.773531253193623,0.8118655325030959,0.07704715085552793,0.6079396359999999,0.6416132450399998,0.7521011375999999,0.14416150159999996,0.0,0.08152734807231189,0.32172984932857146,0.32172984932857146,0.09588537166877435,0.26326798572935284,0.5624999999999997,0.4666146283312253,0.19075406597469158,0.0,0.0,0.0,0.0,4.3828653970345854e-05
134,100,100,1.0,feasible,0.734818381647568,0.7778712683280137,0.8118655325030959,0.07704715085552793,0.6079396359999999,0.6452650435599999,0.7521011375999999,0.14416150159999996,0.0,0.09286242730659283,0.32172984932857146,0.32172984932857146,0.09588537166877435,0.23957009655187764,0.5624999999999997,0.4666146283312253,0.19065612491551293,0.0,0.0,0.0,0.0,-9.794105917865226e-05
135,100,100,1.0,feasible,0.734818381647568,0.7780918502877924,0.8118655325030959,0.07704715085552793,0.6079396359999999,0.6459912054639999,0.7521011375999999,0.14416150159999996,0.0,0.08224138539707619,0.2943646030238095,0.2943646030238095,0.09588537166877435,0.24302948133838145,0.5624999999999997,0.4666146283312253,0.19060660133188356,0.0,0.0,0.0,0.0,-4.952358362936282e-05
136,100,100,1.0,feasible,0.734818381647568,0.7795190559398602,0.8118655325030959,0.07704715085552793,0.6079396359999999,0.6468300191759998,0.7521011375999999,0.14416150159999996,0.0,0.08657076051710004,0.2943646030238095,0.2943646030238095,0.09588537166877435,0.23627707729527614,0.5624999999999997,0.4666146283312253,0.19054048567266108,0.0,0.0,0.0,0.0,-6.611565922248763e-05
137,100,100,1.0,feasible,0.734818381647568,0.7780945033418797,0.8118655325030959,0.07704715085552793,0.6079396359999999,0.6479468027999999,0.7521011375999999,0.14416150159999996,0.0,0.07963575505922856,0.2943646030238095,0.2943646030238095,0.09588537166877435,0.24315869057151343,0.5624999999999997,0.4666146283312253,0.1905354938661769,0.0,0.0,0.0,0.0,-4.991806484166972e-06
138,100,100,1.0,feasible,0.734818381647568,0.7785788299748837,0.8118655325030959,0.07704715085552793,0.6079396359999999,0.646816771112,0.7521011375999999,0.14416150159999996,0.0,0.07965199116704999,0.2682895592380952,0.2682895592380952,0.09588537166877435,0.23905214501574448,0.5624999999999997,0.4666146283312253,0.19027930453001485,0.0,0.0,0.0,0.0,-0.0002561893361620604
139,100,100,1.0,feasible,0.734818381647568,0.7769405253649733,0.8118655325030959,0.07704715085552793,0.6079396359999999,0.6465149569519998,0.7521011375999999,0.14416150159999996,0.0,0.07622645122629523,0.2682895592380952,0.2682895592380952,0.09588537166877435,0.2523764325247563,0.5624999999999997,0.4666146283312253,0.19048191698159125,0.0,0.0,0.0,0.0,0.00020261245157640606
140,100,100,1.0,feasible,0.734818381647568,0.7760859090270874,0.8118655325030959,0.07704715085552793,0.6079396359999999,0.647472919664,0.7521011375999999,0.14416150159999996,0.0,0.07656616954344048,0.28152108645476187,0.28152108645476187,0.09588537166877435,0.2559420366389086,0.5624999999999997,0.4666146283312253,0.19027373170836567,0.0,0.0,0.0,0.0,-0.00020818527322558067
141,100,100,1.0,feasible,0.734818381647568,0.7773373860377096,0.8118655325030959,0.07704715085552793,0.6079396359999999,0.6491639224719999,0.7521011375999999,0.14416150159999996,0.0,0.07499486684857856,0.28152108645476187,0.28152108645476187,0.09588537166877435,0.2458340065192552,0.5624999999999997,0.4666146283312253,0.1902594864585389,0.0,0.0,0.0,0.0,-1.4245249826766448e-05
142,100,100,1.0,feasible,0.734818381647568,0.776078847855511,0.8118655325030959,0.07704715085552793,0.6079396359999999,0.6473156738239999,0.7521011375999999,0.14416150159999996,0.0,0.0741681131521262,0.25602387599285714,0.25602387599285714,0.09588537166877435,0.25446628879712785,0.5624999999999997,0.4666146283312253,0.19049582402331094,0.0,0.0,0.0,0.0,0.00023633756477203782
143,100,100,1.0,feasible,0.734818381647568,0.7752913182312107,0.8118655325030959,0.07704715085552793,0.6079396359999999,0.6448297314159999,0.7521011375999999,0.14416150159999996,0.0,0.07791579747124523,0.2700707524428571,0.2700707524428571,0.09588537166877435,0.2532407755322507,0.5624999999999997,0.4666146283312253,0.19036206228261504,0.0,0.0,0.0,0.0,-0.00013376174069590352
144,100,100,1.0,feasible,0.734818381647568,0.7756370633361241,0.8117644057523592,0.07694602410479123,0.6079396359999999,0.6484179037519999,0.7521011375999999,0.14416150159999996,0.0,0.0739466194174238,0.27308913163095233,0.27308913163095233,0.09533531200576527,0.25555660207338665,0.5624999999999997,0.4671646879942344,0.1906063554353877,0.0,0.0,0.0,0.0005500596630090837,0.00024429315277266217
145,100,100,1.0,feasible,0.734818381647568,0.7764301484834213,0.8121100128198422,0.07729163117227422,0.6079396359999999,0.6476543830319998,0.7521011375999999,0.14416150159999996,0.0,0.07672479577938096,0.2632048253928571,0.2632048253928571,0.09512582555569524,0.24921309900136432,0.5624999999999997,0.4673741744443044,0.19064628014719193,0.0,0.0,0.0,0.00020948645007003164,3.992471180422341e-05
146,100,100,1.0,feasible,0.734818381647568,0.7752737321804197,0.8121100128198422,0.07729163117227422,0.6079396359999999,0.6477333764,0.7488807512,0.14094111520000008,0.0,0.06890740852866978,0.2632048253928571,0.2632048253928571,0.09512582555569524,0.25421789573510617,0.5624999999999997,0.4673741744443044,0.1907503395039889,0.0,0.0,0.0,0.0,0.00010405935679697054
147,100,100,1.0,feasible,0.734818381647568,0.7770608511145415,0.8121100128198422,0.07729163117227422,0.6079396359999999,0.6477476412319999,0.7488807512,0.14094111520000008,0.0,0.07209055317852453,0.2580007007880952,0.2580007007880952,0.09503877712060109,0.24627601160351476,0.5624999999999997,0.46746122287939856,0.19073440673782927,0.0,0.0,0.0,8.70484350941475e-05,-1.5932766159632017e-05
148,100,100,1.0,feasible,0.734818381647568,0.7771162603064556,0.8121100128198422,0.07729163117227422,0.6079396359999999,0.648049887136,0.7490595871999999,0.14111995119999998,0.0,0.07381954753555785,0.2580007007880952,0.2580007007880952,0.09503877712060109,0.24856247005189516,0.5624999999999997,0.46746122287939856,0.19075507715305368,0.0,0.0,0.0,0.0,2.067041522441082e-05
149,100,100,1.0,feasible,0.734818381647568,0.7772044197861616,0.8121100128198422,0.07729163117227422,0.6079396359999999,0.6465382435919999,0.7490595871999999,0.14111995119999998,0.0,0.07367228666431024,0.2580007007880952,0.2580007007880952,0.09503877712060109,0.24635575634571655,0.5624999999999997,0.46746122287939856,0.19074570168321955,0.0,0.0,0.0,0.0,-9.375469834121963e-06
150,100,100,1.0,feasible,0.734818381647568,0.7760315800298256,0.8121100128198422,0.07729163117227422,0.6079396359999999,0.6488658677759999,0.7490595871999999,0.14111995119999998,0.0,0.06626538490278881,0.28947209784285716,0.28947209784285716,0.09503877712060109,0.2560562726433802,0.5624999999999997,0.46746122287939856,0.1908451607169019,0.0,0.0,0.0,0.0,9.945903368235864e-05
151,100,100,1.0,feasible,0.734818381647568,0.7779449072506236,0.8121100128198422,0.07729163117227422,0.6079396359999999,0.6472277020799999,0.7556844535999999,0.14774481760000002,0.0,0.07646081821419357,0.28947209784285716,0.28947209784285716,0.09503877712060109,0.2398918841349988,0.5624999999999997,0.46746122287939856,0.19086671753895748,0.0,0.0,0.0,0.0,2.1556822055568414e-05
152,100,100,1.0,feasible,0.734818381647568,0.7764127392644725,0.8121100128198422,0.07729163117227422,0.6079396359999999,0.6467493551919999,0.7556844535999999,0.14774481760000002,0.0,0.07367546774131738,0.28947209784285716,0.28947209784285716,0.09503877712060109,0.24643995415284078,0.5624999999999997,0.46746122287939856,0.1908784079680462,0.0,0.0,0.0,0.0,1.1690429088717647e-05
153,100,100,1.0,feasible,0.734818381647568,0.7769544084837702,0.8121100128198422,0.07729163117227422,0.6079396359999999,0.6489877580079998,0.7556844535999999,0.14774481760000002,0.0,0.07235363093035073,0.28947209784285716,0.28947209784285716,0.09503877712060109,0.2482503986991422,0.5624999999999997,0.46746122287939856,0.19071723440894017,0.0,0.0,0.0,0.0,-0.00016117355910602593
154,100,100,1.0,feasible,0.734818381647568,0.775339409709068,0.8121100128198422,0.07729163117227422,0.6079396359999999,0.6498991418799999,0.7556844535999999,0.14774481760000002,0.0,0.06564413148064284,0.2911954671904762,0.2911954671904762,0.09503877712060109,0.25879489417206636,0.5624999999999997,0.46746122287939856,0.1907832273389391,0.0,0.0,0.0,0.0,6.599292999892592e-05
155,100,100,1.0,feasible,0.734818381647568,0.7766284052404376,0.8121100128198422,0.07729163117227422,0.6079396359999999,0.6492334044399998,0.7556844535999999,0.14774481760000002,0.0,0.07115592222324285,0.2435313715142857,0.2435313715142857,0.09503877712060109,0.24918346333905572,0.5624999999999997,0.46746122287939856,0.19087374932904072,0.0,0.0,0.0,0.0,9.052199010162187e-05
156,100,100,1.0,feasible,0.734818381647568,0.7783725021008843,0.8121100128198422,0.07729163117227422,0.6079396359999999,0.6508242328079998,0.7556844535999999,0.14774481760000002,0.0,0.07312123199093333,0.2435313715142857,0.2435313715142857,0.09503877712060109,0.24109129218049616,0.5624999999999997,0.46746122287939856,0.19091667965673426,0.0,0.0,0.0,0.0,4.293032769353555e-05
157,100,100,1.0,feasible,0.734818381647568,0.7750139472023094,0.8121100128198422,0.07729163117227422,0.6079396359999999,0.6517219876159999,0.7556844535999999,0.14774481760000002,0.0,0.06277722700295714,0.2435313715142857,0.2435313715142857,0.09503877712060109,0.2622292878437335,0.5624999999999997,0.46746122287939856,0.19074683815602142,0.0,0.0,0.0,0.0,-0.0001698415007128362
158,100,100,1.0,feasible,0.734818381647568,0.7781427027488532,0.8121100128198422,0.07729163117227422,0.6079396359999999,0.6544636307119999,0.7556844535999999,0.14774481760000002,0.0,0.06824849794488572,0.24360330547380954,0.24360330547380954,0.09503877712060109,0.24316172370208214,0.5624999999999997,0.46746122287939856,0.19058803089628057,0.0,0.0,0.0,0.0,-0.00015880725974085075
159,100,100,1.0,feasible,0.734818381647568,0.7764836624587934,0.8121100128198422,0.07729163117227422,0.6079396359999999,0.6508240614719998,0.7556844535999999,0.14774481760000002,0.0,0.07018868028873572,0.2435313715142857,0.2435313715142857,0.09503877712060109,0.25213762572764625,0.5624999999999997,0.46746122287939856,0.19073673107991815,0.0,0.0,0.0,0.0,0.00014870018363757898
160,100,100,1.0,feasible,0.734818381647568,0.7763083204568048,0.8120563964034674,0.07723801475589942,0.6079396359999999,0.6491284517599999,0.7557702847999999,0.14783064879999996,0.0,0.07644148378535476,0.28157291448095234,0.28157291448095234,0.09503877712060109,0.24717123253722822,0.5624999999999997,0.46746122287939856,0.19074852803523462,0.0,0.0,0.0,0.0,1.1796955316473179e-05
161,100,100,1.0,feasible,0.734818381647568,0.7762509307222716,0.8120563964034674,0.07723801475589942,0.6079396359999999,0.6513206411039999,0.7568205375999999,0.1488809016,0.0,0.07286487155483094,0.28157291448095234,0.28157291448095234,0.09503877712060109,0.25299521646696427,0.5624999999999997,0.46746122287939856,0.1906085791750674,0.0,0.0,0.0,0.0,-0.00013994886016721608
162,100,100,1.0,feasible,0.734818381647568,0.7766450803917466,0.8120563964034674,0.07723801475589942,0.6079396359999999,0.6490751413519998,0.7568205375999999,0.1488809016,0.0,0.07436560176404523,0.28157291448095234,0.28157291448095234,0.09503877712060109,0.24895438196263445,0.5624999999999997,0.46746122287939856,0.1906543752454782,0.0,0.0,0.0,0.0,4.5796070410802914e-05
163,100,100,1.0,feasible,0.734818381647568,0.7750467028160049,0.8120563964034674,0.07723801475589942,0.6079396359999999,0.649653296944,0.7568205375999999,0.1488809016,0.0,0.07182420833171191,0.28157291448095234,0.28157291448095234,0.09503877712060109,0.2573968279159672,0.5624999999999997,0.46746122287939856,0.19065976089302583,0.0,0.0,0.0,0.0,5.3856475476232735e-06
164,100,100,1.0,feasible,0.734818381647568,0.776304777952488,0.8120563964034674,0.07723801475589942,0.6079396359999999,0.65196711728,0.7568205375999999,0.1488809016,0.0,0.06915874615613808,0.28157291448095234,0.28157291448095234,0.09503877712060109,0.2543649346096925,0.5624999999999997,0.46746122287939856,0.1906402607698099,0.0,0.0,0.0,0.0,-1.9500123215943077e-05
165,100,100,1.0,feasible,0.734818381647568,0.775320451237507,0.8120563964034674,0.07723801475589942,0.6079396359999999,0.6478607557519999,0.7568205375999999,0.1488809016,0.0,0.07515039454280475,0.28355057264999994,0.28355057264999994,0.09503877712060109,0.25624757545717003,0.5624999999999997,0.46746122287939856,0.1906418186025297,0.0,0.0,0.0,0.0,1.5578327198229047e-06
166,100,100,1.0,feasible,0.734818381647568,0.775102374057698,0.8121396313641357,0.07732124971656773,0.6079396359999999,0.6492252804239999,0.7568205375999999,0.1488809016,0.0,0.0718991570865,0.2944225545595238,0.2944225545595238,0.09489471301248892,0.2576885971284101,0.5624999999999997,0.46760528698751075,0.19050850881011688,0.0,0.0,0.0,0.0001440641081121713,-0.00013330979241282792
167,100,100,1.0,feasible,0.734818381647568,0.7739583342638618,0.8121396313641357,0.07732124971656773,0.6079396359999999,0.6494954106639999,0.7568205375999999,0.1488809016,0.0,0.06465311466480954,0.3388192940333334,0.3388192940333334,0.09489471301248892,0.26383354120659674,0.5624999999999997,0.46760528698751075,0.19075013250553885,0.0,0.0,0.0,0.0,0.00024162369542196638
168,100,100,1.0,feasible,0.734818381647568,0.7748917176783005,0.8121396313641357,0.07732124971656773,0.6079396359999999,0.6497337306879999,0.7568205375999999,0.1488809016,0.0,0.07017843753864285,0.3388192940333334,0.3388192940333334,0.09489471301248892,0.26481156560417046,0.5624999999999997,0.46760528698751075,0.19072489362840991,0.0,0.0,0.0,0.0,-2.52388771289358e-05
169,100,100,1.0,feasible,0.734818381647568,0.7779586598573247,0.8121396313641357,0.07732124971656773,0.6079396359999999,0.6516828507119999,0.7568205375999999,0.1488809016,0.0,0.08117909764471666,0.3737329025407143,0.3737329025407143,0.09489471301248892,0.24483879816317358,0.5624999999999997,0.46760528698751075,0.1906559726783803,0.0,0.0,0.0,0.0,-6.892095002961063e-05
170,100,100,1.0,feasible,0.734818381647568,0.7772238654841017,0.8121396313641357,0.07732124971656773,0.6079396359999999,0.6497424967279999,0.7568205375999999,0.1488809016,0.0,0.08022000446125713,0.3388192940333334,0.3388192940333334,0.09489471301248892,0.24826002710760536,0.5624999999999997,0.46760528698751075,0.19081850508424167,0.0,0.0,0.0,0.0,0.0001625324058613653
171,100,100,1.0,feasible,0.734818381647568,0.7762230613826243,0.8121396313641357,0.07732124971656773,0.6079396359999999,0.65000458624,0.7568205375999999,0.1488809016,0.0,0.07590464844080476,0.3388192940333334,0.3388192940333334,0.09489471301248892,0.2526956900957903,0.5624999999999997,0.46760528698751075,0.1907091697513655,0.0,0.0,0.0,0.0,-0.00010933533287615926
172,100,100,1.0,feasible,0.734818381647568,0.7770792692515656,0.8121396313641357,0.07732124971656773,0.6079396359999999,0.651100095848,0.7568205375999999,0.1488809016,0.0,0.07989107757494762,0.3388192940333334,0.3388192940333334,0.09489471301248892,0.25321941499807615,0.5624999999999997,0.46760528698751075,0.19045439758916732,0.0,0.0,0.0,0.0,-0.00025477216219818577
173,100,100,1.0,feasible,0.734818381647568,0.776550311780301,0.8121396313641357,0.07732124971656773,0.6079396359999999,0.6476531549599999,0.7468188215999999,0.1388791856,0.0,0.08292662540606667,0.3388192940333334,0.3388192940333334,0.09489471301248892,0.251674810886061,0.5624999999999997,0.46760528698751075,0.1905176422793733,0.0,0.0,0.0,0.0,6.324469020596579e-05
174,100,100,1.0,feasible,0.734818381647568,0.7774467108244817,0.8121396313641357,0.07732124971656773,0.6079396359999999,0.6499160144799998,0.7468188215999999,0.1388791856,0.0,0.08106844606999525,0.3428599072547619,0.3428599072547619,0.09489471301248892,0.24788261604585599,0.5624999999999997,0.46760528698751075,0.1903676741808638,0.0,0.0,0.0,0.0,-0.00014996809850947868
175,100,100,1.0,feasible,0.734818381647568,0.7782299934331013,0.8121396313641357,0.07732124971656773,0.6079396359999999,0.652034459048,0.7468188215999999,0.1388791856,0.0,0.07385058587872143,0.28329378457452375,0.28329378457452375,0.09489471301248892,0.24556642554466632,0.5624999999999997,0.46760528698751075,0.1905140195293959,0.0,0.0,0.0,0.0,0.00014634534853208425
176,100,100,1.0,feasible,0.734818381647568,0.7772643153794498,0.8121707665742242,0.07735238492665619,0.6079396359999999,0.648063541,0.7468188215999999,0.1388791856,0.0,0.08295180019068786,0.3099171442778333,0.3099171442778333,0.09474252099221672,0.24690689376997235,0.5624999999999997,0.467757479007783,0.19048224085615412,0.0,0.0,0.0,0.00015219202027219603,-3.1778673241777966e-05
177,100,100,1.0,feasible,0.734818381647568,0.7750404377130099,0.8121707665742242,0.07735238492665619,0.6079396359999999,0.6430863082559999,0.7456434703999999,0.1377038344,0.0,0.08390766491924977,0.3099171442778333,0.3099171442778333,0.09474252099221672,0.25635567645125246,0.5624999999999997,0.467757479007783,0.19043890349258183,0.0,0.0,0.0,0.0,-4.333736357228779e-05
178,100,100,1.0,feasible,0.734818381647568,0.7759185130265293,0.8121707665742242,0.07735238492665619,0.6079396359999999,0.6449325873279999,0.7456434703999999,0.1377038344,0.0,0.07966555102373786,0.3099171442778333,0.3099171442778333,0.09474252099221672,0.24881305213278415,0.5624999999999997,0.467757479007783,0.19066162976864925,0.0,0.0,0.0,0.0,0.00022272627606742534
179,100,100,1.0,feasible,0.734818381647568,0.7766798562520714,0.8121707665742242,0.07735238492665619,0.6079396359999999,0.6456469505439999,0.7456434703999999,0.1377038344,0.0,0.0840183392288974,0.33466032918619043,0.33466032918619043,0.09474252099221672,0.24749040245913329,0.5624999999999997,0.467757479007783,0.19067563097876053,0.0,0.0,0.0,0.0,1.4001210111275197e-05
180,100,100,1.0,feasible,0.734818381647568,0.7780964243036297,0.8121707665742242,0.07735238492665619,0.6079396359999999,0.6491477781759998,0.7456434703999999,0.1377038344,0.0,0.08053450669632832,0.3099171442778333,0.3099171442778333,0.09474252099221672,0.24256752651182528,0.5624999999999997,0.467757479007783,0.1903913319273567,0.0,0.0,0.0,0.0,-0.00028429905140384126
181,100,100,1.0,feasible,0.734818381647568,0.7762890291437742,0.8121707665742242,0.07735238492665619,0.6079396359999999,0.6469949211199999,0.7456434703999999,0.1377038344,0.0,0.07697601053725692,0.3099171442778333,0.3099171442778333,0.09474252099221672,0.2507231271408051,0.5624999999999997,0.467757479007783,0.19051792606111345,0.0,0.0,0.0,0.0,0.00012659413375676332
182,100,100,1.0,feasible,0.734818381647568,0.7759461123768161,0.8121707665742242,0.07735238492665619,0.6079396359999999,0.644918135576,0.7456434703999999,0.1377038344,0.0,0.08538395451249499,0.3146824517285714,0.3146824517285714,0.09474252099221672,0.2508852656758708,0.5624999999999997,0.467757479007783,0.19038290435288227,0.0,0.0,0.0,0.0,-0.0001350217082311811
183,100,100,1.0,feasible,0.734818381647568,0.77649076383322,0.8121707665742242,0.07735238492665619,0.6079396359999999,0.6458302263359998,0.7483792903999998,0.14043965439999995,0.0,0.07959476840266429,0.3037935846785714,0.3037935846785714,0.09474252099221672,0.24635669167372984,0.5624999999999997,0.467757479007783,0.19056478713490832,0.0,0.0,0.0,0.0,0.00018188278202604935
184,100,100,1.0,feasible,0.734818381647568,0.7759134645614217,0.8125225410322153,0.07770415938464736,0.6079396359999999,0.6461448770479998,0.7519389431999999,0.14399930719999998,0.0,0.0762761151176238,0.2754787535,0.2754787535,0.09420299214342445,0.25005884693911334,0.5624999999999997,0.46829700785657524,0.19054870965777226,0.0,0.0,0.0,0.00053952884879227,-1.6077477136056118e-05
185,100,100,1.0,feasible,0.734818381647568,0.7780164174646365,0.8125225410322153,0.07770415938464736,0.6079396359999999,0.6485007235199999,0.7519389431999999,0.14399930719999998,0.0,0.08271264406662857,0.3007743011785714,0.3007743011785714,0.09420299214342445,0.23454996053749416,0.5624999999999997,0.46829700785657524,0.19053478491015818,0.0,0.0,0.0,0.0,-1.3924747614080246e-05
186,100,100,1.0,feasible,0.734818381647568,0.7764526945842707,0.8125225410322153,0.07770415938464736,0.6079396359999999,0.6455538855199998,0.7437977567999999,0.13585812080000004,0.0,0.08503159093424285,0.3007743011785714,0.3007743011785714,0.09420299214342445,0.2439714162621561,0.5624999999999997,0.46829700785657524,0.19051110322634063,0.0,0.0,0.0,0.0,-2.3681683817555754e-05
187,100,100,1.0,feasible,0.734818381647568,0.7776907037343241,0.8125225410322153,0.07770415938464736,0.6079396359999999,0.649959866056,0.7437977567999999,0.13585812080000004,0.0,0.07753442842498096,0.2791531375816667,0.2791531375816667,0.09420299214342445,0.24266705150260262,0.5624999999999997,0.46829700785657524,0.19060611193015925,0.0,0.0,0.0,0.0,9.500870381862203e-05
188,100,100,1.0,feasible,0.734818381647568,0.776776674937645,0.8125225410322153,0.07770415938464736,0.6079396359999999,0.645028824936,0.7446960671999998,0.13675643119999992,0.0,0.08190877007850478,0.28090646872142855,0.28090646872142855,0.09420299214342445,0.24806908551710244,0.5624999999999997,0.46829700785657524,0.19050404383577976,0.0,0.0,0.0,0.0,-0.00010206809437948716
189,100,100,1.0,feasible,0.734818381647568,0.7767505539104879,0.8125225410322153,0.07770415938464736,0.6079396359999999,0.6468531570959999,0.7446960671999998,0.13675643119999992,0.0,0.07891188018630715,0.329561714547619,0.329561714547619,0.09420299214342445,0.24739437511784929,0.5624999999999997,0.46829700785657524,0.1905167460999253,0.0,0.0,0.0,0.0,1.2702264145542097e-05
190,100,100,1.0,feasible,0.734818381647568,0.778800637518532,0.8125225410322153,0.07770415938464736,0.6079396359999999,0.6488388704879999,0.7446960671999998,0.13675643119999992,0.0,0.08217574650666905,0.29584305452857146,0.29584305452857146,0.09420299214342445,0.23570641207683515,0.5624999999999997,0.46829700785657524,0.19058761372084324,0.0,0.0,0.0,0.0,7.086762091793042e-05
191,100,100,1.0,feasible,0.734818381647568,0.7802637477177192,0.8125225410322153,0.07770415938464736,0.6079396359999999,0.6480496044319999,0.7493646263999999,0.1414249904,0.0,0.08692843083569998,0.29584305452857146,0.29584305452857146,0.09420299214342445,0.23032436686055527,0.5624999999999997,0.46829700785657524,0.19068545446509022,0.0,0.0,0.0,0.0,9.78407442469853e-05
192,100,100,1.0,feasible,0.734818381647568,0.7771587994802296,0.8125225410322153,0.07770415938464736,0.6079396359999999,0.6492992899919998,0.7501301463999999,0.14219051039999997,0.0,0.07493274831446191,0.27428103538333337,0.27428103538333337,0.09420299214342445,0.24929100004230456,0.5624999999999997,0.46829700785657524,0.1906159851194052,0.0,0.0,0.0,0.0,-6.946934568502483e-05
193,100,100,1.0,feasible,0.734818381647568,0.7780226315402997,0.812488932290304,0.07767055064273598,0.6079396359999999,0.6492322349840001,0.7501301463999999,0.14219051039999997,0.0,0.07558565660568808,0.2926004568809524,0.2926004568809524,0.09419895434008031,0.2444168665799399,0.5624999999999997,0.46830104565991937,0.19072859920351615,0.0,0.0,0.0,4.037803344139612e-06,0.00011261408411095131
194,100,100,1.0,feasible,0.734818381647568,0.7755160190300527,0.812488932290304,0.07767055064273598,0.6079396359999999,0.6502097619839998,0.7501301463999999,0.14219051039999997,0.0,0.06636827824301762,0.2926004568809524,0.2926004568809524,0.09419895434008031,0.25950343079282584,0.5624999999999997,0.46830104565991937,0.1906378779295381,0.0,0.0,0.0,0.0,-9.072127397805052e-05
195,100,100,1.0,feasible,0.734818381647568,0.7784694236312419,0.812488932290304,0.07767055064273598,0.6079396359999999,0.6543578249119997,0.7501301463999999,0.14219051039999997,0.0,0.06927179157410335,0.2926004568809524,0.2926004568809524,0.09419895434008031,0.24694708614059752,0.5624999999999997,0.46830104565991937,0.19071539125096537,0.0,0.0,0.0,0.0,7.751332142727496e-05
196,100,100,1.0,feasible,0.734818381647568,0.7773148092163324,0.812488932290304,0.07767055064273598,0.6079396359999999,0.6507158763759997,0.7501301463999999,0.14219051039999997,0.0,0.0688305678321381,0.2671427000785714,0.2671427000785714,0.09419895434008031,0.25016492772868504,0.5624999999999997,0.46830104565991937,0.1907345395528799,0.0,0.0,0.0,0.0,1.9148301914517774e-05
197,100,100,1.0,feasible,0.734818381647568,0.7777147900127328,0.812488932290304,0.07767055064273598,0.6079396359999999,0.6487721325039999,0.7501301463999999,0.14219051039999997,0.0,0.07528332433146667,0.35602145877857144,0.35602145877857144,0.09419895434008031,0.2443607672412993,0.5624999999999997,0.46830104565991937,0.1907800277654348,0.0,0.0,0.0,0.0,4.548821255490054e-05
198,100,100,1.0,feasible,0.734818381647568,0.7782569405726195,0.8129619091971465,0.07814352754957854,0.6079396359999999,0.6502701805999999,0.7501301463999999,0.14219051039999997,0.0,0.07069035727005475,0.2671427000785714,0.2671427000785714,0.09419895434008031,0.24260331810369531,0.5624999999999997,0.46830104565991937,0.19084058791500663,0.0,0.0,0.0,0.0,6.056014957184219e-05
199,100,100,1.0,feasible,0.734818381647568,0.7794389054131129,0.8129619091971465,0.07814352754957854,0.6079396359999999,0.6513808986479998,0.7501301463999999,0.14219051039999997,0.0,0.07452583392968572,0.2671427000785714,0.2671427000785714,0.09419895434008031,0.2370855760055603,0.5624999999999997,0.46830104565991937,0.19079299393421223,0.0,0.0,0.0,0.0,-4.759398079440258e-05
200,100,100,1.0,feasible,0.734818381647568,0.7790749805487241,0.8129619091971465,0.07814352754957854,0.6079396359999999,0.649515365472,0.7501301463999999,0.14219051039999997,0.0,0.07702571402478692,0.2671427000785714,0.2671427000785714,0.09419895434008031,0.2337126337083775,0.5624999999999997,0.46830104565991937,0.19085568107854461,0.0,0.0,0.0,0.0,6.268714433238509e-05
201,100,100,1.0,feasible,0.734818381647568,0.7783554543866533,0.8129619091971465,0.07814352754957854,0.6079396359999999,0.650007510048,0.7501301463999999,0.14219051039999997,0.0,0.07372762936635714,0.2671427000785714,0.2671427000785714,0.09419895434008031,0.24086965962494555,0.5624999999999997,0.46830104565991937,0.19082368522899684,0.0,0.0,0.0,0.0,-3.199584954777235e-05
202,100,100,1.0,feasible,0.734818381647568,0.7770052455243927,0.8129619091971465,0.07814352754957854,0.6079396359999999,0.6504547451759999,0.7501301463999999,0.14219051039999997,0.0,0.06792199823916667,0.2541299082857143,0.2541299082857143,0.09419895434008031,0.2505200266128225,0.5624999999999997,0.46830104565991937,0.19069858087406472,0.0,0.0,0.0,0.0,-0.00012510435493212624
203,100,100,1.0,feasible,0.734818381647568,0.7776351217762896,0.8129619091971465,0.07814352754957854,0.6079396359999999,0.65080443196,0.7516284279999998,0.14368879199999995,0.0,0.071781671886,0.30762433836904757,0.30762433836904757,0.09419895434008031,0.24534949909511006,0.5624999999999997,0.46830104565991937,0.1907470587498533,0.0,0.0,0.0,0.0,4.847787578857177e-05
204,100,100,1.0,feasible,0.734818381647568,0.7769873205745383,0.8129619091971465,0.07814352754957854,0.6079396359999999,0.6494397548559999,0.7516284279999998,0.14368879199999995,0.0,0.07282900757064285,0.30762433836904757,0.30762433836904757,0.09419895434008031,0.248448952585073,0.5624999999999997,0.46830104565991937,0.1906352614647091,0.0,0.0,0.0,0.0,-0.00011179728514418286
205,100,100,1.0,feasible,0.734818381647568,0.7783855628843774,0.8129619091971465,0.07814352754957854,0.6079396359999999,0.6506051858399999,0.7516284279999998,0.14368879199999995,0.0,0.07814892634423809,0.30762433836904757,0.30762433836904757,0.09419895434008031,0.23806978187098646,0.5624999999999997,0.46830104565991937,0.19061501111646956,0.0,0.0,0.0,0.0,-2.0250348239547744e-05
206,100,100,1.0,feasible,0.734818381647568,0.7762827814591945,0.8129619091971465,0.07814352754957854,0.6079396359999999,0.6479553931199997,0.7516284279999998,0.14368879199999995,0.0,0.07570385365135715,0.2974127699047619,0.2974127699047619,0.09419895434008031,0.25334918189862715,0.5624999999999997,0.46830104565991937,0.19066773431192197,0.0,0.0,0.0,0.0,5.272319545240878e-05
207,100,100,1.0,feasible,0.734818381647568,0.7764827290513316,0.8134028301327331,0.0785844484851651,0.6079396359999999,0.6495565372719999,0.7516284279999998,0.14368879199999995,0.0,0.07606856138530954,0.35905287688809523,0.35905287688809523,0.09419895434008031,0.2501498969719496,0.5624999999999997,0.46830104565991937,0.19077547738714004,0.0,0.0,0.0,0.0,0.00010774307521807525
208,100,100,1.0,feasible,0.734818381647568,0.7773292310929133,0.8134028301327331,0.0785844484851651,0.6079396359999999,0.6519471302399998,0.7516284279999998,0.14368879199999995,0.0,0.07240788310185954,0.2975394334404762,0.2975394334404762,0.09419895434008031,0.24227745183892882,0.5624999999999997,0.46830104565991937,0.19074483407526108,0.0,0.0,0.0,0.0,-3.0643311878963964e-05
209,100,100,1.0,feasible,0.734818381647568,0.7767605506776204,0.8129619091971465,0.07814352754957854,0.6079396359999999,0.6488487459359998,0.7521596687999998,0.14422003279999995,0.0,0.07519498745761906,0.2975394334404762,0.2975394334404762,0.09419895434008031,0.24861484214981808,0.5624999999999997,0.46830104565991937,0.19060233378352437,0.0,0.0,0.0,0.0,-0.00014250029173670797
210,100,100,1.0,feasible,0.734818381647568,0.7765915812830306,0.8129619091971465,0.07814352754957854,0.6079396359999999,0.6493038625199999,0.7521596687999998,0.14422003279999995,0.0,0.07603166146702381,0.2975394334404762,0.2975394334404762,0.09419895434008031,0.249764028220545,0.5624999999999997,0.46830104565991937,0.19073643863485826,0.0,0.0,0.0,0.0,0.00013410485133388828
211,100,100,1.0,feasible,0.734818381647568,0.7760997778827202,0.8129619091971465,0.07814352754957854,0.6079396359999999,0.6499086683519999,0.7521596687999998,0.14422003279999995,0.0,0.07323249998064285,0.24315196000238096,0.24315196000238096,0.09419895434008031,0.254301882376622,0.5624999999999997,0.46830104565991937,0.19057010528684887,0.0,0.0,0.0,0.0,-0.00016633334800938981
212,100,100,1.0,feasible,0.734818381647568,0.7751992026633876,0.8129619091971465,0.07814352754957854,0.6079396359999999,0.64810313524,0.7521596687999998,0.14422003279999995,0.0,0.06945130205483334,0.2445812193047619,0.2445812193047619,0.09419895434008031,0.2574782226528656,0.5624999999999997,0.46830104565991937,0.19066625572312232,0.0,0.0,0.0,0.0,9.61504362734511e-05
213,100,100,1.0,feasible,0.734818381647568,0.7801593404836658,0.8129619091971465,0.07814352754957854,0.6079396359999999,0.6556181856559998,0.7521596687999998,0.14422003279999995,0.0,0.07281525409329762,0.29336072056904755,0.29336072056904755,0.09419895434008031,0.23317942825457508,0.5624999999999997,0.46830104565991937,0.19060377597116743,0.0,0.0,0.0,0.0,-6.247975195489142e-05
214,100,100,1.0,feasible,0.734818381647568,0.7752897776891144,0.8132356093349379,0.07841722768736992,0.6079396359999999,0.6503015189599999,0.7521596687999998,0.14422003279999995,0.0,0.06788613188907142,0.29336072056904755,0.29336072056904755,0.09419895434008031,0.2584405223127725,0.5624999999999997,0.46830104565991937,0.19060068880651135,0.0,0.0,0.0,0.0,-3.0871646560792776e-06
215,100,100,1.0,feasible,0.734818381647568,0.7783974413923919,0.8132356093349379,0.07841722768736992,0.6079396359999999,0.6541312821519999,0.7521596687999998,0.14422003279999995,0.0,0.07003935347183333,0.2445812193047619,0.2445812193047619,0.09419895434008031,0.247420186640586,0.5624999999999997,0.46830104565991937,0.19074014066539846,0.0,0.0,0.0,0.0,0.00013945185888711298
216,100,100,1.0,feasible,0.734818381647568,0.7750745056346259,0.8132356093349379,0.07841722768736992,0.6079396359999999,0.6514167862,0.7521596687999998,0.14422003279999995,0.0,0.06329568599819048,0.2445812193047619,0.2445812193047619,0.09419895434008031,0.26262330636611575,0.5624999999999997,0.46830104565991937,0.19072950685598425,0.0,0.0,0.0,0.0,-1.0633809414212214e-05
217,100,100,1.0,feasible,0.734818381647568,0.7769427111802976,0.8134427856557306,0.07862440400816262,0.6079396359999999,0.6518410239919998,0.7521596687999998,0.14422003279999995,0.0,0.07102894455173332,0.2445812193047619,0.2445812193047619,0.09419895434008031,0.2546956763176544,0.5624999999999997,0.46830104565991937,0.19060272989055,0.0,0.0,0.0,0.0,-0.00012677696543425543
218,100,100,1.0,feasible,0.734818381647568,0.7745207616102421,0.8134427856557306,0.07862440400816262,0.6079396359999999,0.6523807135039997,0.7494914847999999,0.14155184880000005,0.0,0.061068800258080966,0.34791484172380954,0.34791484172380954,0.09419895434008031,0.2676066508919317,0.5624999999999997,0.46830104565991937,0.19059494678460132,0.0,0.0,0.0,0.0,-7.783105948677704e-06
219,100,100,1.0,feasible,0.734818381647568,0.77622504120053,0.8134427856557306,0.07862440400816262,0.6079396359999999,0.6555623528719998,0.7494914847999999,0.14155184880000005,0.0,0.06354068533550714,0.3013281560545238,0.3013281560545238,0.09419895434008031,0.2589869525431987,0.5624999999999997,0.46830104565991937,0.19043056150953483,0.0,0.0,0.0,0.0,-0.00016438527506648648
220,100,100,1.0,feasible,0.734818381647568,0.7776543502694784,0.8140474374269618,0.07922905577939388,0.6079396359999999,0.6517258300959999,0.7494914847999999,0.14155184880000005,0.0,0.07510746971,0.2815747444666667,0.2815747444666667,0.09419895434008031,0.2502101941429473,0.5624999999999997,0.46830104565991937,0.19052841604884552,0.0,0.0,0.0,0.0,9.785453931068777e-05
221,100,100,1.0,feasible,0.734818381647568,0.7794087589337728,0.812488932290304,0.07767055064273598,0.6079396359999999,0.6517910389039998,0.7494914847999999,0.14155184880000005,0.0,0.08054032088580952,0.2815747444666667,0.2815747444666667,0.09419895434008031,0.23558545720139004,0.5624999999999997,0.46830104565991937,0.1906401263169185,0.0,0.0,0.0,0.0,0.00011171026807299533
222,100,100,1.0,feasible,0.734818381647568,0.7775106518087314,0.812488932290304,0.07767055064273598,0.6079396359999999,0.648604427376,0.7494914847999999,0.14155184880000005,0.0,0.07787087566243095,0.2745253526238095,0.2745253526238095,0.09419895434008031,0.24692092893229703,0.5624999999999997,0.46830104565991937,0.1906543526156853,0.0,0.0,0.0,0.0,1.4226298766795153e-05
223,100,100,1.0,feasible,0.734818381647568,0.7770827355554394,0.812488932290304,0.07767055064273598,0.6079396359999999,0.651912885144,0.75121036,0.14327072400000007,0.0,0.07120336902814524,0.2745253526238095,0.2745253526238095,0.09419895434008031,0.25112395019655226,0.5624999999999997,0.46830104565991937,0.1907185414399918,0.0,0.0,0.0,0.0,6.418882430650474e-05
224,100,100,1.0,feasible,0.734818381647568,0.7793718611933788,0.812488932290304,0.07767055064273598,0.6079396359999999,0.6532110543599999,0.75121036,0.14327072400000007,0.0,0.0741522814437881,0.2745253526238095,0.2745253526238095,0.09419895434008031,0.23924895908048271,0.5624999999999997,0.46830104565991937,0.19072869503387957,0.0,0.0,0.0,0.0,1.0153593887757273e-05
225,100,100,1.0,feasible,0.734818381647568,0.7792788881194076,0.812488932290304,0.07767055064273598,0.6079396359999999,0.652218512384,0.75121036,0.14327072400000007,0.0,0.07569774761506667,0.25351597432380957,0.25351597432380957,0.09419895434008031,0.2373408378519961,0.5624999999999997,0.46830104565991937,0.1907731381953178,0.0,0.0,0.0,0.0,4.444316143822902e-05
226,100,100,1.0,feasible,0.734818381647568,0.7780316042279316,0.812488932290304,0.07767055064273598,0.6079396359999999,0.6520828900879999,0.75121036,0.14327072400000007,0.0,0.07190184076615715,0.25351597432380957,0.25351597432380957,0.09419895434008031,0.23974403581524228,0.5624999999999997,0.46830104565991937,0.19086175141762718,0.0,0.0,0.0,0.0,8.861322230938051e-05
227,100,100,1.0,feasible,0.734818381647568,0.778416640406921,0.812488932290304,0.07767055064273598,0.6079396359999999,0.6514799416479998,0.75121036,0.14327072400000007,0.0,0.07495223973784762,0.25351597432380957,0.25351597432380957,0.09419895434008031,0.2399225996489385,0.5624999999999997,0.46830104565991937,0.19091686060813456,0.0,0.0,0.0,0.0,5.5109190507385275e-05
228,100,100,1.0,feasible,0.734818381647568,0.7781693393822057,0.812488932290304,0.07767055064273598,0.6079396359999999,0.6522179266159998,0.75121036,0.14327072400000007,0.0,0.07105828341065477,0.28108513528809526,0.28108513528809526,0.09419895434008031,0.23907491384348767,0.5624999999999997,0.46830104565991937,0.19102484397774336,0.0,0.0,0.0,0.0,0.00010798336960879396
229,100,100,1.0,feasible,0.734818381647568,0.7785569282149895,0.812488932290304,0.07767055064273598,0.6079396359999999,0.649444690568,0.75121036,0.14327072400000007,0.0,0.07939618604485477,0.28108513528809526,0.28108513528809526,0.09419895434008031,0.23749086052442792,0.5624999999999997,0.46830104565991937,0.19103079698131809,0.0,0.0,0.0,0.0,5.953003574726834e-06
230,100,100,1.0,feasible,0.734818381647568,0.7777436839621161,0.812488932290304,0.07767055064273598,0.6079396359999999,0.6492631568719999,0.75121036,0.14327072400000007,0.0,0.07354890580825953,0.28108513528809526,0.28108513528809526,0.09419895434008031,0.24119066153214846,0.5624999999999997,0.46830104565991937,0.19091146456404812,0.0,0.0,0.0,0.0,-0.00011933241726996835
231,100,100,1.0,feasible,0.734818381647568,0.7768297741344427,0.812488932290304,0.07767055064273598,0.6079396359999999,0.647071277064,0.75121036,0.14327072400000007,0.0,0.07838376654604523,0.28108513528809526,0.28108513528809526,0.09419895434008031,0.24754506343533836,0.5624999999999997,0.46830104565991937,0.19094602903561622,0.0,0.0,0.0,0.0,3.4564471568104826e-05
232,100,100,1.0,feasible,0.734818381647568,0.7799838653454381,0.8130722501002913,0.07825386845272331,0.6079396359999999,0.6507108852239999,0.7507092015999999,0.14276956559999998,0.0,0.08180416996169523,0.29131719102190473,0.29131719102190473,0.09358432015023602,0.22727878718194275,0.5624999999999997,0.4689156798497637,0.19093251374572492,0.0,0.0,0.0,0.0006146341898442959,-1.3515289891297133e-05
233,100,100,1.0,feasible,0.734818381647568,0.7784137856923589,0.8130722501002913,0.07825386845272331,0.6079396359999999,0.6526724261519999,0.7507092015999999,0.14276956559999998,0.0,0.07128814284506191,0.28108513528809526,0.28108513528809526,0.09358432015023602,0.2450445971116125,0.5624999999999997,0.4689156798497637,0.19086116804705117,0.0,0.0,0.0,0.0,-7.134569867375817e-05
234,100,100,1.0,feasible,0.734818381647568,0.7809690341269424,0.8130722501002913,0.07825386845272331,0.6079396359999999,0.6524394839440001,0.7507092015999999,0.14276956559999998,0.0,0.08233757523522142,0.27218660811428574,0.27218660811428574,0.09358432015023602,0.22723772266562794,0.5624999999999997,0.4689156798497637,0.19071520588112978,0.0,0.0,0.0,0.0,-0.00014596216592138722
235,100,100,1.0,feasible,0.734818381647568,0.7774299141114192,0.8132798015976838,0.0784614199501158,0.6079396359999999,0.6520752679119998,0.7507092015999999,0.14276956559999998,0.0,0.07119982313466668,0.27218660811428574,0.27218660811428574,0.09260920166605606,0.24604675345719287,0.5624999999999997,0.4698907983339436,0.19096536709193018,0.0,0.0,0.0,0.0009751184841799571,0.00025016121080040365
236,100,100,1.0,feasible,0.734818381647568,0.7769684322432105,0.8132798015976838,0.0784614199501158,0.6079396359999999,0.650196009968,0.7507092015999999,0.14276956559999998,0.0,0.07197929112521667,0.27111646200952383,0.27111646200952383,0.09260920166605606,0.24861729192414359,0.5624999999999997,0.4698907983339436,0.1909515631535732,0.0,0.0,0.0,0.0,-1.3803938356982126e-05
237,100,100,1.0,feasible,0.734818381647568,0.7754492962665482,0.8132798015976838,0.0784614199501158,0.6079396359999999,0.6503755269199999,0.7507092015999999,0.14276956559999998,0.0,0.06122220473624286,0.27111646200952383,0.27111646200952383,0.09260920166605606,0.2583343585778996,0.5624999999999997,0.4698907983339436,0.19109466307216968,0.0,0.0,0.0,0.0,0.0001430999185964843
238,100,100,1.0,feasible,0.734818381647568,0.7767709625032704,0.8132798015976838,0.0784614199501158,0.6079396359999999,0.64942268012,0.7507092015999999,0.14276956559999998,0.0,0.06972545073924286,0.27111646200952383,0.27111646200952383,0.09260920166605606,0.2517916882464752,0.5624999999999997,0.4698907983339436,0.19094476244444747,0.0,0.0,0.0,0.0,-0.0001499006277222159
239,100,100,1.0,feasible,0.734818381647568,0.7796267150088082,0.8132798015976838,0.0784614199501158,0.6079396359999999,0.653171029176,0.7507092015999999,0.14276956559999998,0.0,0.07251757760342382,0.2716021624642857,0.2716021624642857,0.09260920166605606,0.2388004444923696,0.5624999999999997,0.4698907983339436,0.19085746074376753,0.0,0.0,0.0,0.0,-8.730170067994258e-05
240,100,100,1.0,feasible,0.734818381647568,0.7786039700948842,0.8132798015976838,0.0784614199501158,0.6079396359999999,0.652527277256,0.7507092015999999,0.14276956559999998,0.0,0.07130620236242383,0.2907704144714286,0.2907704144714286,0.09260920166605606,0.24513045901611505,0.5624999999999997,0.4698907983339436,0.1908482561299934,0.0,0.0,0.0,0.0,-9.204613774127512e-06
241,100,100,1.0,feasible,0.734818381647568,0.7779743992962169,0.8132798015976838,0.0784614199501158,0.6079396359999999,0.65297781244,0.7507092015999999,0.14276956559999998,0.0,0.06699559817710476,0.2907704144714286,0.2907704144714286,0.09260920166605606,0.24744518416058248,0.5624999999999997,0.4698907983339436,0.19082838288932474,0.0,0.0,0.0,0.0,-1.9873240668655257e-05
242,100,100,1.0,feasible,0.734818381647568,0.7785122072445191,0.8145297523241415,0.07971137067657352,0.6079396359999999,0.6519742739919999,0.7475947543999999,0.1396551184,0.0,0.07325591809129285,0.2907704144714286,0.2907704144714286,0.09260920166605606,0.2457282702674041,0.5624999999999997,0.4698907983339436,0.1908126561674776,0.0,0.0,0.0,0.0,-1.572672184713131e-05
243,100,100,1.0,feasible,0.734818381647568,0.7773730323705369,0.8145297523241415,0.07971137067657352,0.6079396359999999,0.6510536366559998,0.7475947543999999,0.1396551184,0.0,0.07198645757008167,0.28374185739047614,0.28374185739047614,0.09260920166605606,0.25132578920371984,0.5624999999999997,0.4698907983339436,0.19073781283430852,0.0,0.0,0.0,0.0,-7.484333316909453e-05
244,100,100,1.0,feasible,0.734818381647568,0.7770624770402738,0.8133910387560391,0.07857265710847117,0.6079396359999999,0.6526528713919998,0.7475947543999999,0.1396551184,0.0,0.06746322962823881,0.28374185739047614,0.28374185739047614,0.09260920166605606,0.2525949291130381,0.5624999999999997,0.4698907983339436,0.19070228672272285,0.0,0.0,0.0,0.0,-3.552611158566532e-05
245,100,100,1.0,feasible,0.734818381647568,0.7788897715434392,0.8133910387560391,0.07857265710847117,0.6079396359999999,0.6540656642719999,0.7488647335999998,0.14092509759999994,0.0,0.07351192218076999,0.28374185739047614,0.28374185739047614,0.09260920166605606,0.2431993146427417,0.5624999999999997,0.4698907983339436,0.1907492481625771,0.0,0.0,0.0,0.0,4.696143985424839e-05
246,100,100,1.0,feasible,0.734818381647568,0.7780554358397431,0.8133910387560391,0.07857265710847117,0.6079396359999999,0.6495763334799999,0.7488647335999998,0.14092509759999994,0.0,0.07650510360845333,0.2615781348785714,0.2615781348785714,0.09260920166605606,0.2453172990511493,0.5624999999999997,0.4698907983339436,0.1907220200593931,0.0,0.0,0.0,0.0,-2.7228103184007146e-05
247,100,100,1.0,feasible,0.734818381647568,0.7800763959159647,0.8133910387560391,0.07857265710847117,0.6079396359999999,0.651801151296,0.7488647335999998,0.14092509759999994,0.0,0.08047623515115333,0.2615781348785714,0.2615781348785714,0.09260920166605606,0.2355677890469555,0.5624999999999997,0.4698907983339436,0.19063255780352828,0.0,0.0,0.0,0.0,-8.946225586481393e-05
248,100,100,1.0,feasible,0.734818381647568,0.7766133506950621,0.8134199720928611,0.07860159044529313,0.6079396359999999,0.6485146112319999,0.7488647335999998,0.14092509759999994,0.0,0.07410078317775738,0.2867715484476191,0.2867715484476191,0.09260920166605606,0.2548251171023328,0.5624999999999997,0.4698907983339436,0.1907117645349216,0.0,0.0,0.0,0.0,7.920673139333312e-05
249,100,100,1.0,feasible,0.734818381647568,0.7776668680262678,0.8134199720928611,0.07860159044529313,0.6079396359999999,0.6495809347119998,0.7488647335999998,0.14092509759999994,0.0,0.0758012727747312,0.3851474164047619,0.3851474164047619,0.09260920166605606,0.2502453394317658,0.5624999999999997,0.4698907983339436,0.19069161149978947,0.0,0.0,0.0,0.0,-2.0153035132142172e-05
250,100,100,1.0,feasible,0.734818381647568,0.7782970289789476,0.8134199720928611,0.07860159044529313,0.6079396359999999,0.6477448801839999,0.7488647335999998,0.14092509759999994,0.0,0.0811435420696788,0.2538227645357142,0.2538227645357142,0.09260920166605606,0.2460113520988317,0.5624999999999997,0.4698907983339436,0.1906469313018252,0.0,0.0,0.0,0.0,-4.468019796427525e-05
251,100,100,1.0,feasible,0.734818381647568,0.7795437002363386,0.8134199720928611,0.07860159044529313,0.6079396359999999,0.6540200345919999,0.7488647335999998,0.14092509759999994,0.0,0.07346101071302405,0.3668373744238095,0.3668373744238095,0.09260920166605606,0.24240221808692936,0.5624999999999997,0.4698907983339436,0.1906660525448154,0.0,0.0,0.0,0.0,1.9121242990194354e-05
252,100,100,1.0,feasible,0.734818381647568,0.7789163218408247,0.8134199720928611,0.07860159044529313,0.6079396359999999,0.6511563769359998,0.7488647335999998,0.14092509759999994,0.0,0.07601363846514643,0.3668373744238095,0.3668373744238095,0.09260920166605606,0.245437746327926,0.5624999999999997,0.4698907983339436,0.19080624803161425,0.0,0.0,0.0,0.0,0.00014019548679886085
253,100,100,1.0,feasible,0.734818381647568,0.7766274964505606,0.8134199720928611,0.07860159044529313,0.6079396359999999,0.6520099875359999,0.7488647335999998,0.14092509759999994,0.0,0.07034662295668356,0.3722516959214286,0.3722516959214286,0.09260920166605606,0.25572320407328064,0.5624999999999997,0.4698907983339436,0.19083567059075257,0.0,0.0,0.0,0.0,2.9422559138320148e-05
254,100,100,1.0,feasible,0.734818381647568,0.777374515994279,0.8134199720928611,0.07860159044529313,0.6079396359999999,0.6511828072879999,0.7488647335999998,0.14092509759999994,0.0,0.06949929401763595,0.34252764858809526,0.34252764858809526,0.09260920166605606,0.25160874812990824,0.5624999999999997,0.4698907983339436,0.19094195491394494,0.0,0.0,0.0,0.0,0.0001062843231923738
255,100,100,1.0,feasible,0.734818381647568,0.7777079289920289,0.8137772721643731,0.07895889051680516,0.6079396359999999,0.650382337928,0.7488647335999998,0.14092509759999994,0.0,0.07462557299496927,0.2796407567261905,0.2796407567261905,0.09260920166605606,0.25106297375320547,0.5624999999999997,0.4698907983339436,0.19099956337211382,0.0,0.0,0.0,0.0,5.7608458168878496e-05
256,100,100,1.0,feasible,0.734818381647568,0.7795776082081873,0.8159777487659813,0.08115936711841332,0.6079396359999999,0.6522082731919998,0.7488647335999998,0.14092509759999994,0.0,0.08002641054564975,0.2796407567261905,0.2796407567261905,0.09260920166605606,0.24020060331120688,0.5624999999999997,0.4698907983339436,0.19088673670054818,0.0,0.0,0.0,0.0,-0.00011282667156564674
257,100,100,1.0,feasible,0.734818381647568,0.776955968856505,0.8159777487659813,0.08115936711841332,0.6079396359999999,0.6514208310799999,0.7488647335999998,0.14092509759999994,0.0,0.07207231201520953,0.2796407567261905,0.2796407567261905,0.09260920166605606,0.2516265825536894,0.5624999999999997,0.4698907983339436,0.1908910587107126,0.0,0.0,0.0,0.0,4.322010164425905e-06
258,100,100,1.0,feasible,0.734818381647568,0.778745428149582,0.8159777487659813,0.08115936711841332,0.6079396359999999,0.6544395733919999,0.7488647335999998,0.14092509759999994,0.0,0.07379100505502857,0.26934687640000005,0.26934687640000005,0.09260920166605606,0.2458276079276809,0.5624999999999997,0.4698907983339436,0.19080295710124168,0.0,0.0,0.0,0.0,-8.810160947092527e-05
259,100,100,1.0,feasible,0.734818381647568,0.7783649518130917,0.8159777487659813,0.08115936711841332,0.6079396359999999,0.65188023288,0.7488647335999998,0.14092509759999994,0.0,0.0728332079404857,0.2680094185461905,0.2680094185461905,0.09260920166605606,0.24829837995522003,0.5624999999999997,0.4698907983339436,0.19078371040574513,0.0,0.0,0.0,0.0,-1.924669549654978e-05
260,100,100,1.0,feasible,0.734818381647568,0.7799149351394487,0.8159777487659813,0.08115936711841332,0.6079396359999999,0.6532167778960001,0.7488647335999998,0.14092509759999994,0.0,0.07589535492598572,0.3307171327357143,0.3307171327357143,0.09260920166605606,0.23631081891555525,0.5624999999999997,0.4698907983339436,0.1909236941038574,0.0,0.0,0.0,0.0,0.00013998369811227263
261,100,100,1.0,feasible,0.734818381647568,0.7766354320400118,0.8159777487659813,0.08115936711841332,0.6079396359999999,0.6493733901039999,0.7488647335999998,0.14092509759999994,0.0,0.07886492256262857,0.3389315984690476,0.3389315984690476,0.09260920166605606,0.252008392432341,0.5624999999999997,0.4698907983339436,0.1908089240520754,0.0,0.0,0.0,0.0,-0.00011477005178200939
262,100,100,1.0,feasible,0.734818381647568,0.7784455264080025,0.8159777487659813,0.08115936711841332,0.6079396359999999,0.6530034180319998,0.7488647335999998,0.14092509759999994,0.0,0.0748738931072881,0.31573015036904756,0.31573015036904756,0.09260920166605606,0.24323872960082432,0.5624999999999997,0.4698907983339436,0.1908084834683954,0.0,0.0,0.0,0.0,-4.4058367998367487e-07
263,100,100,1.0,feasible,0.734818381647568,0.7773000226536202,0.8132798015976838,0.0784614199501158,0.6079396359999999,0.65447843076,0.7512283991999998,0.14328876319999995,0.0,0.07067374367492857,0.3119826979047619,0.3119826979047619,0.09260920166605606,0.2502635129891154,0.5624999999999997,0.4698907983339436,0.1907226535621545,0.0,0.0,0.0,0.0,-8.582990624089737e-05
264,100,100,1.0,feasible,0.734818381647568,0.7778791546229921,0.8143638754295084,0.07954549378194042,0.6079396359999999,0.6522694260879999,0.7512283991999998,0.14328876319999995,0.0,0.07856614225488094,0.29231185785714286,0.29231185785714286,0.09260920166605606,0.24799170197963022,0.5624999999999997,0.4698907983339436,0.19074544778089503,0.0,0.0,0.0,0.0,2.2794218740518346e-05
265,100,100,1.0,feasible,0.734818381647568,0.777681002649434,0.8143638754295084,0.07954549378194042,0.6079396359999999,0.6537170991119998,0.7512283991999998,0.14328876319999995,0.0,0.06954346648256429,0.2680094185461905,0.2680094185461905,0.09260920166605606,0.24856707645687956,0.5624999999999997,0.4698907983339436,0.19081027598967112,0.0,0.0,0.0,0.0,6.482820877609652e-05
266,100,100,1.0,feasible,0.734818381647568,0.7794023948581098,0.8143638754295084,0.07954549378194042,0.6079396359999999,0.6535602178879999,0.7512283991999998,0.14328876319999995,0.0,0.07462065021688571,0.2680094185461905,0.2680094185461905,0.09260920166605606,0.2378472283868518,0.5624999999999997,0.4698907983339436,0.19106620265766,0.0,0.0,0.0,0.0,0.0002559266679888761
267,100,100,1.0,feasible,0.734818381647568,0.7789667153864269,0.8143638754295084,0.07954549378194042,0.6079396359999999,0.6548016354479997,0.7512283991999998,0.14328876319999995,0.0,0.07133796691864523,0.2748772022595238,0.2748772022595238,0.09260920166605606,0.2424855600212449,0.5624999999999997,0.4698907983339436,0.19100740568556396,0.0,0.0,0.0,0.0,-5.87969720960424e-05
268,100,100,1.0,feasible,0.734818381647568,0.7805097662672459,0.8143638754295084,0.07954549378194042,0.6079396359999999,0.6545424329439998,0.7512283991999998,0.14328876319999995,0.0,0.08103125203131191,0.30747336731666663,0.30747336731666663,0.09260920166605606,0.23332099234436987,0.5624999999999997,0.4698907983339436,0.1909513049363261,0.0,0.0,0.0,0.0,-5.610074923786956e-05
269,100,100,1.0,feasible,0.734818381647568,0.7787640211187273,0.8143638754295084,0.07954549378194042,0.6079396359999999,0.6535984236959997,0.7512283991999998,0.14328876319999995,0.0,0.07547384131986903,0.2680094185461905,0.2680094185461905,0.09260920166605606,0.24136423101577456,0.5624999999999997,0.4698907983339436,0.1908914872959911,0.0,0.0,0.0,0.0,-5.9817640334997035e-05
270,100,100,1.0,feasible,0.734818381647568,0.7768071300106395,0.8143638754295084,0.07954549378194042,0.6079396359999999,0.6509617917359999,0.7512283991999998,0.14328876319999995,0.0,0.07067982807458334,0.2680094185461905,0.2680094185461905,0.09260920166605606,0.2511676655540471,0.5624999999999997,0.4698907983339436,0.19097347721945843,0.0,0.0,0.0,0.0,8.198992346733491e-05
271,100,100,1.0,feasible,0.734818381647568,0.7781307080328955,0.8143638754295084,0.07954549378194042,0.6079396359999999,0.6511045864399999,0.7512283991999998,0.14328876319999995,0.0,0.07576089753761904,0.24698030458333334,0.24698030458333334,0.09260920166605606,0.24252331249934955,0.5624999999999997,0.4698907983339436,0.19106523143424992,0.0,0.0,0.0,0.0,9.17542147914896e-05
272,100,100,1.0,feasible,0.734818381647568,0.7777972823626881,0.8147000884307467,0.07988170678317874,0.6079396359999999,0.6535072163919999,0.7512283991999998,0.14328876319999995,0.0,0.06833318049323332,0.23723898203571425,0.23723898203571425,0.09260920166605606,0.24877109072120596,0.5624999999999997,0.4698907983339436,0.19103935540501238,0.0,0.0,0.0,0.0,-2.5876029237537068e-05
273,100,100,1.0,feasible,0.734818381647568,0.7771019689995291,0.8147000884307467,0.07988170678317874,0.6079396359999999,0.65267023988,0.7512283991999998,0.14328876319999995,0.0,0.06740821831333334,0.23899681164761907,0.23899681164761907,0.09260920166605606,0.2517099874056834,0.5624999999999997,0.4698907983339436,0.19103546359149537,0.0,0.0,0.0,0.0,-3.8918135170096235e-06
274,100,100,1.0,feasible,0.734818381647568,0.777663507529695,0.8139962138733364,0.07917783222576846,0.6079396359999999,0.6496365118879999,0.7512283991999998,0.14328876319999995,0.0,0.07425767830914286,0.23723898203571425,0.23723898203571425,0.09260920166605606,0.24563197698358186,0.5624999999999997,0.4698907983339436,0.1910278853259661,0.0,0.0,0.0,0.0,-7.57826552927332e-06
275,100,100,1.0,feasible,0.734818381647568,0.7800161044581655,0.8139962138733364,0.07917783222576846,0.6079396359999999,0.6562065331759999,0.7512283991999998,0.14328876319999995,0.0,0.06960776635904285,0.22968975970714284,0.22968975970714284,0.09260920166605606,0.2331802102807464,0.5624999999999997,0.4698907983339436,0.19106276474582212,0.0,0.0,0.0,0.0,3.4879419856026495e-05
276,100,100,1.0,feasible,0.734818381647568,0.7782619767978303,0.8139962138733364,0.07917783222576846,0.6079396359999999,0.6533899984799999,0.7512283991999998,0.14328876319999995,0.0,0.06789505097432856,0.22968975970714284,0.22968975970714284,0.09260920166605606,0.2447976280451567,0.5624999999999997,0.4698907983339436,0.19100369046235174,0.0,0.0,0.0,0.0,-5.907428347037835e-05
277,100,100,1.0,feasible,0.734818381647568,0.7786373493380775,0.8139962138733364,0.07917783222576846,0.6079396359999999,0.6531090661839998,0.7512283991999998,0.14328876319999995,0.0,0.07236081758668574,0.2950759968928572,0.2950759968928572,0.09260920166605606,0.23998849986937085,0.5624999999999997,0.4698907983339436,0.19106415604578575,0.0,0.0,0.0,0.0,6.04655834340051e-05
278,100,100,1.0,feasible,0.734818381647568,0.7777540018235571,0.8139962138733364,0.07917783222576846,0.6079396359999999,0.6535770143439998,0.7512283991999998,0.14328876319999995,0.0,0.06788836942861427,0.22968975970714284,0.22968975970714284,0.09260920166605606,0.24770684886966587,0.5624999999999997,0.4698907983339436,0.1910320806926589,0.0,0.0,0.0,0.0,-3.207535312685361e-05
279,100,100,1.0,feasible,0.734818381647568,0.7790102938700226,0.8139962138733364,0.07917783222576846,0.6079396359999999,0.6541231411199998,0.7512283991999998,0.14328876319999995,0.0,0.06967905486947333,0.2539809722071429,0.2539809722071429,0.09260920166605606,0.24230537887898282,0.5624999999999997,0.4698907983339436,0.19102375108971328,0.0,0.0,0.0,0.0,-8.32960294561147e-06
280,100,100,1.0,feasible,0.734818381647568,0.7784151476767306,0.8139962138733364,0.07917783222576846,0.6079396359999999,0.6508222964799999,0.7512283991999998,0.14328876319999995,0.0,0.07548247072916142,0.24899221553809525,0.24899221553809525,0.09260920166605606,0.24531135483076708,0.5624999999999997,0.4698907983339436,0.19094713095013288,0.0,0.0,0.0,0.0,-7.662013958040226e-05
281,100,100,1.0,feasible,0.734818381647568,0.7789337392173792,0.8139962138733364,0.07917783222576846,0.6079396359999999,0.6544545509999999,0.7512283991999998,0.14328876319999995,0.0,0.06952971855898547,0.2364801022614524,0.2364801022614524,0.09260920166605606,0.2456633763672717,0.5624999999999997,0.4698907983339436,0.19082757712942666,0.0,0.0,0.0,0.0,-0.00011955382070621967
282,100,100,1.0,feasible,0.734818381647568,0.7790643158852668,0.8132798015976838,0.0784614199501158,0.6079396359999999,0.6575864687279999,0.7512921248,0.14335248880000007,0.0,0.06299585985482642,0.2364801022614524,0.2364801022614524,0.09260920166605606,0.24411629906945329,0.5624999999999997,0.4698907983339436,0.1908448480714977,0.0,0.0,0.0,0.0,1.7270942071045958e-05
283,100,100,1.0,feasible,0.734818381647568,0.7779099909545987,0.8132798015976838,0.0784614199501158,0.6079396359999999,0.6566973777759999,0.7512921248,0.14335248880000007,0.0,0.06664034639666454,0.27939109339761903,0.27939109339761903,0.09260920166605606,0.25062955414055726,0.5624999999999997,0.4698907983339436,0.1908425692483463,0.0,0.0,0.0,0.0,-2.278823151402598e-06
284,100,100,1.0,feasible,0.734818381647568,0.7800107193658102,0.8132798015976838,0.0784614199501158,0.6079396359999999,0.6563165258639998,0.7512921248,0.14335248880000007,0.0,0.07500469274304072,0.27939109339761903,0.27939109339761903,0.09247340414322446,0.23920052448436505,0.5624999999999997,0.4700265958567752,0.19087851738060913,0.0,0.0,0.0,0.0001357975228316044,3.5948132262819676e-05
285,100,100,1.0,feasible,0.734818381647568,0.7792800808513424,0.8132798015976838,0.0784614199501158,0.6079396359999999,0.6549683661679998,0.751292816,0.14335318000000008,0.0,0.07408643358625953,0.27939109339761903,0.27939109339761903,0.09247340414322446,0.24065249521236085,0.5624999999999997,0.4700265958567752,0.19094028287082382,0.0,0.0,0.0,0.0,6.176549021469357e-05
286,100,100,1.0,feasible,0.734818381647568,0.7763743675788813,0.8139638712434375,0.07914548959586953,0.6079396359999999,0.65069554804,0.751292816,0.14335318000000008,0.0,0.07415670180375952,0.27939109339761903,0.27939109339761903,0.0912308103443618,0.25214361058585144,0.5624999999999997,0.47126918965563785,0.19104018942256873,0.0,0.0,0.0,0.0012425937988626568,9.990655174491048e-05
287,100,100,1.0,feasible,0.734818381647568,0.7780425037003122,0.8139638712434375,0.07914548959586953,0.6079396359999999,0.6528696598399999,0.751292816,0.14335318000000008,0.0,0.07917524978394999,0.27939109339761903,0.27939109339761903,0.0912308103443618,0.24084867364365056,0.5624999999999997,0.47126918965563785,0.19104203163421513,0.0,0.0,0.0,0.0,1.842211646396752e-06
288,100,100,1.0,feasible,0.734818381647568,0.7772554551078786,0.8139638712434375,0.07914548959586953,0.6079396359999999,0.6539066731759999,0.751292816,0.14335318000000008,0.0,0.07290220700997381,0.2710778790738095,0.2710778790738095,0.0912308103443618,0.24876884513776726,0.5624999999999997,0.47126918965563785,0.1910959948158017,0.0,0.0,0.0,0.0,5.396318158656932e-05
289,100,100,1.0,feasible,0.734818381647568,0.7778852678553362,0.8139638712434375,0.07914548959586953,0.6079396359999999,0.6525101063439999,0.751292816,0.14335318000000008,0.0,0.07695559602413096,0.2710778790738095,0.2710778790738095,0.0912308103443618,0.24640429063317387,0.5624999999999997,0.47126918965563785,0.19118523680649618,0.0,0.0,0.0,0.0,8.924199069448857e-05
290,100,100,1.0,feasible,0.734818381647568,0.7778353649024123,0.8139638712434375,0.07914548959586953,0.6079396359999999,0.6533046536959999,0.751292816,0.14335318000000008,0.0,0.07525601852978334,0.28082356106904766,0.28082356106904766,0.0912308103443618,0.24775272773663112,0.5624999999999997,0.47126918965563785,0.1910126447144571,0.0,0.0,0.0,0.0,-0.00017259209203907
291,100,100,1.0,feasible,0.734818381647568,0.7797992453543333,0.8139638712434375,0.07914548959586953,0.6079396359999999,0.6551018910239997,0.751292816,0.14335318000000008,0.0,0.07986799851730952,0.28082356106904766,0.28082356106904766,0.0912308103443618,0.23809322371429376,0.5624999999999997,0.47126918965563785,0.19098533421624353,0.0,0.0,0.0,0.0,-2.731049821358411e-05
292,100,100,1.0,feasible,0.734818381647568,0.7762373024985613,0.8142580625468753,0.07943968089930731,0.6079396359999999,0.6472813636959998,0.751292816,0.14335318000000008,0.0,0.08224896363961903,0.299343368697619,0.299343368697619,0.09092936250721043,0.25518576504877594,0.5624999999999997,0.47157063749278927,0.19101418237534323,0.0,0.0,0.0,0.00030144783715137236,2.884815909970362e-05
293,100,100,1.0,feasible,0.734818381647568,0.7771809752986936,0.8150983471124833,0.08027996546491534,0.6079396359999999,0.6505999602159999,0.751292816,0.14335318000000008,0.0,0.07656985175606429,0.2665106788897619,0.2665106788897619,0.09092936250721043,0.25165861052521526,0.5624999999999997,0.47157063749278927,0.19110189015082701,0.0,0.0,0.0,0.0,8.770777548378073e-05
294,100,100,1.0,feasible,0.734818381647568,0.7765846280091746,0.8150983471124833,0.08027996546491534,0.6079396359999999,0.6529287887679999,0.751292816,0.14335318000000008,0.0,0.07093258464736428,0.26833181194666667,0.26833181194666667,0.09092936250721043,0.2526070815370868,0.5624999999999997,0.47157063749278927,0.19114750425110932,0.0,0.0,0.0,0.0,4.561410028230961e-05
295,100,100,1.0,feasible,0.734818381647568,0.7775658727931558,0.8142580625468753,0.07943968089930731,0.6079396359999999,0.6540610095519999,0.751292816,0.14335318000000008,0.0,0.07059261983984047,0.26833181194666667,0.26833181194666667,0.09092936250721043,0.24802729513296926,0.5624999999999997,0.47157063749278927,0.19119026252577137,0.0,0.0,0.0,0.0,4.275827466204696e-05
296,100,100,1.0,feasible,0.734818381647568,0.7815357282777806,0.8142580625468753,0.07943968089930731,0.6079396359999999,0.6580411219279999,0.751292816,0.14335318000000008,0.0,0.07078256714134762,0.26833181194666667,0.26833181194666667,0.09092936250721043,0.22450687331943228,0.5624999999999997,0.47157063749278927,0.19123319660156513,0.0,0.0,0.0,0.0,4.2934075793754634e-05
297,100,100,1.0,feasible,0.734818381647568,0.7787676485340032,0.8142580625468753,0.07943968089930731,0.6079396359999999,0.6534382047519998,0.751292816,0.14335318000000008,0.0,0.07015025522400714,0.26833181194666667,0.26833181194666667,0.09092936250721043,0.2416359452946852,0.5624999999999997,0.47157063749278927,0.19126903820959773,0.0,0.0,0.0,0.0,3.5841608032605166e-05
298,100,100,1.0,feasible,0.734818381647568,0.7784196028779239,0.8142580625468753,0.07943968089930731,0.6079396359999999,0.6511312207759999,0.751292816,0.14335318000000008,0.0,0.07421758710017858,0.25998714673095236,0.25998714673095236,0.09092936250721043,0.23913556407066316,0.5624999999999997,0.47157063749278927,0.19131530539944477,0.0,0.0,0.0,0.0,4.626718984704348e-05
299,100,100,1.0,feasible,0.734818381647568,0.7783386361885826,0.8142580625468753,0.07943968089930731,0.6079396359999999,0.6530584749839997,0.751292816,0.14335318000000008,0.0,0.07291447989130953,0.2571607383142857,0.2571607383142857,0.09092936250721043,0.24219582045869414,0.5624999999999997,0.47157063749278927,0.19117291842336065,0.0,0.0,0.0,0.0,-0.00014238697608412454
300,100,100,1.0,feasible,0.734818381647568,0.7785601800926171,0.8142580625468753,0.07943968089930731,0.6079396359999999,0.6531807104959999,0.751292816,0.14335318000000008,0.0,0.0714125092982381,0.2571607383142857,0.2571607383142857,0.09092936250721043,0.24311195609285913,0.5624999999999997,0.47157063749278927,0.19113926427293682,0.0,0.0,0.0,0.0,-3.365415042383413e-05
301,100,100,1.0,feasible,0.734818381647568,0.7779055174550433,0.8142580625468753,0.07943968089930731,0.6079396359999999,0.6524003973919998,0.751292816,0.14335318000000008,0.0,0.06909183770690475,0.2571607383142857,0.2571607383142857,0.09092936250721043,0.2461251143209216,0.5624999999999997,0.47157063749278927,0.19115691163043538,0.0,0.0,0.0,0.0,1.764735749856805e-05
302,100,100,1.0,feasible,0.734818381647568,0.7787966746236897,0.8142580625468753,0.07943968089930731,0.6079396359999999,0.6531808965759999,0.751292816,0.14335318000000008,0.0,0.07114740821838095,0.2637035098238095,0.2637035098238095,0.09092936250721043,0.24237525608989516,0.5624999999999997,0.47157063749278927,0.19110080872602284,0.0,0.0,0.0,0.0,-5.610290441254717e-05
303,100,100,1.0,feasible,0.734818381647568,0.780169037315333,0.8151187511555299,0.08030036950796193,0.6079396359999999,0.656337777616,0.751292816,0.14335318000000008,0.0,0.0673956554555,0.2573624208357143,0.2573624208357143,0.09092936250721043,0.23556065807769883,0.5624999999999997,0.47157063749278927,0.1911051138972475,0.0,0.0,0.0,0.0,4.3051712246555685e-06
304,100,100,1.0,feasible,0.734818381647568,0.7781596685224912,0.8142580625468753,0.07943968089930731,0.6079396359999999,0.651521660312,0.751292816,0.14335318000000008,0.0,0.07236924066721429,0.2573624208357143,0.2573624208357143,0.09092936250721043,0.2416845667314129,0.5624999999999997,0.47157063749278927,0.19118031311248507,0.0,0.0,0.0,0.0,7.519921523757578e-05
305,100,100,1.0,feasible,0.734818381647568,0.7769763995691834,0.8142580625468753,0.07943968089930731,0.6079396359999999,0.6535241873839999,0.751292816,0.14335318000000008,0.0,0.06285562477916667,0.2573624208357143,0.2573624208357143,0.09092936250721043,0.2530850996046277,0.5624999999999997,0.47157063749278927,0.1911414498748369,0.0,0.0,0.0,0.0,-3.8863237648179005e-05
306,100,100,1.0,feasible,0.734818381647568,0.7791316935996722,0.8142580625468753,0.07943968089930731,0.6079396359999999,0.6565048589919997,0.751292816,0.14335318000000008,0.0,0.06434113687814284,0.2573624208357143,0.2573624208357143,0.09092936250721043,0.24037235171794363,0.5624999999999997,0.47157063749278927,0.19108668143508595,0.0,0.0,0.0,0.0,-5.47684397509407e-05
307,100,100,1.0,feasible,0.734818381647568,0.779768471907104,0.8142580625468753,0.07943968089930731,0.6079396359999999,0.6542130163119999,0.751292816,0.14335318000000008,0.0,0.07161606155292857,0.2637402616,0.2637402616,0.09092936250721043,0.23628211152273518,0.5624999999999997,0.47157063749278927,0.19109841099129316,0.0,0.0,0.0,0.0,1.1729556207207281e-05
308,100,100,1.0,feasible,0.734818381647568,0.7780886872359722,0.8143773995779046,0.0795590179303366,0.6079396359999999,0.6512579325679999,0.751292816,0.14335318000000008,0.0,0.07107908486477858,0.2637402616,0.2637402616,0.09092936250721043,0.24260431548897704,0.5624999999999997,0.47157063749278927,0.19121392885648245,0.0,0.0,0.0,0.0,0.00011551786518929075
309,100,100,1.0,feasible,0.734818381647568,0.7799938773367869,0.8143773995779046,0.0795590179303366,0.6079396359999999,0.6536408878399999,0.751292816,0.14335318000000008,0.0,0.07611427349599285,0.2637402616,0.2637402616,0.09092936250721043,0.23214345724319851,0.5624999999999997,0.47157063749278927,0.19122987664998914,0.0,0.0,0.0,0.0,1.5947793506693175e-05
310,100,100,1.0,feasible,0.734818381647568,0.7760865576927771,0.8143773995779046,0.0795590179303366,0.6079396359999999,0.6487790491039999,0.751292816,0.14335318000000008,0.0,0.07573662917425476,0.2637402616,0.2637402616,0.09092936250721043,0.25158125225466577,0.5624999999999997,0.47157063749278927,0.19109537752539146,0.0,0.0,0.0,0.0,-0.00013449912459767566
311,100,100,1.0,feasible,0.734818381647568,0.7778627560994541,0.8142580625468753,0.07943968089930731,0.6079396359999999,0.6480015604399999,0.751292816,0.14335318000000008,0.0,0.08269367644429522,0.26239889237071423,0.26239889237071423,0.09092936250721043,0.23980723325197162,0.5624999999999997,0.47157063749278927,0.19115333401270818,0.0,0.0,0.0,0.0,5.795648731671266e-05
312,100,100,1.0,feasible,0.734818381647568,0.7761640836996143,0.8142580625468753,0.07943968089930731,0.6079396359999999,0.6503877281439998,0.751292816,0.14335318000000008,0.0,0.07169118937215237,0.2932036614730952,0.2932036614730952,0.09092936250721043,0.2541579915656411,0.5624999999999997,0.47157063749278927,0.1911670791445703,0.0,0.0,0.0,0.0,1.3745131862114013e-05
313,100,100,1.0,feasible,0.734818381647568,0.7796491511206459,0.8142580625468753,0.07943968089930731,0.6079396359999999,0.654361883008,0.751292816,0.14335318000000008,0.0,0.07446027000848571,0.29175142605,0.29175142605,0.09092936250721043,0.23487200790507332,0.5624999999999997,0.47157063749278927,0.1911259942480215,0.0,0.0,0.0,0.0,-4.108489654877645e-05
314,100,100,1.0,feasible,0.734818381647568,0.7764989180463259,0.8142580625468753,0.07943968089930731,0.6079396359999999,0.648970610536,0.751292816,0.14335318000000008,0.0,0.07541567408956429,0.29175142605,0.29175142605,0.09092936250721043,0.25112632025616455,0.5624999999999997,0.47157063749278927,0.19114669135021822,0.0,0.0,0.0,0.0,2.0697102196709505e-05
315,100,100,1.0,feasible,0.734818381647568,0.7767390406118642,0.8142580625468753,0.07943968089930731,0.6079396359999999,0.649572256472,0.751292816,0.14335318000000008,0.0,0.07364012846464285,0.29175142605,0.29175142605,0.09092936250721043,0.24592133968731558,0.5624999999999997,0.47157063749278927,0.1910743490196758,0.0,0.0,0.0,0.0,-7.234233054242978e-05
316,100,100,1.0,feasible,0.734818381647568,0.7789510684047581,0.8142580625468753,0.07943968089930731,0.6079396359999999,0.6516801786799998,0.751292816,0.14335318000000008,0.0,0.0766864799501881,0.26708052319761905,0.26708052319761905,0.09092936250721043,0.23665930838086005,0.5624999999999997,0.47157063749278927,0.19114934728323457,0.0,0.0,0.0,0.0,7.49982635587787e-05
317,100,100,1.0,feasible,0.734818381647568,0.7788439478031849,0.8142580625468753,0.07943968089930731,0.6079396359999999,0.6520758060319998,0.751292816,0.14335318000000008,0.0,0.07550646933304286,0.26708052319761905,0.26708052319761905,0.09092936250721043,0.24070191248430878,0.5624999999999997,0.47157063749278927,0.19117953328973092,0.0,0.0,0.0,0.0,3.0186006496346618e-05
318,100,100,1.0,feasible,0.734818381647568,0.7783134259527672,0.8142580625468753,0.07943968089930731,0.6079396359999999,0.6502798722799998,0.7492144367999998,0.14127480079999988,0.0,0.0770600864613119,0.26708052319761905,0.26708052319761905,0.09092936250721043,0.24132537805910723,0.5624999999999997,0.47157063749278927,0.19122818436793854,0.0,0.0,0.0,0.0,4.8651078207617715e-05
319,100,100,1.0,feasible,0.734818381647568,0.7801081861693963,0.8142580625468753,0.07943968089930731,0.6079396359999999,0.6537527977439999,0.7498291272,0.14188949120000005,0.0,0.07703452690568809,0.26889482466904757,0.26889482466904757,0.09092936250721043,0.23329636218089086,0.5624999999999997,0.47157063749278927,0.19117140525566273,0.0,0.0,0.0,0.0,-5.6779112275806565e-05
320,100,100,1.0,feasible,0.734818381647568,0.77829692459055,0.8142580625468753,0.07943968089930731,0.6079396359999999,0.6500482598959999,0.7500294056,0.14208976960000008,0.0,0.08028854455443572,0.26889482466904757,0.26889482466904757,0.09092936250721043,0.2407898112519111,0.5624999999999997,0.47157063749278927,0.19112579522964904,0.0,0.0,0.0,0.0,-4.5610026013692684e-05
321,100,100,1.0,feasible,0.734818381647568,0.7791836409467497,0.8142580625468753,0.07943968089930731,0.6079396359999999,0.6494688293919998,0.7500294056,0.14208976960000008,0.0,0.08323854136433809,0.26889482466904757,0.26889482466904757,0.09092936250721043,0.2320097955545007,0.5624999999999997,0.47157063749278927,0.1910639163131262,0.0,0.0,0.0,0.0,-6.187891652284505e-05
322,100,100,1.0,feasible,0.734818381647568,0.778651758472433,0.8142580625468753,0.07943968089930731,0.6079396359999999,0.6510410824719999,0.7500294056,0.14208976960000008,0.0,0.07938909112275476,0.26889482466904757,0.26889482466904757,0.09092936250721043,0.23655221457215805,0.5624999999999997,0.47157063749278927,0.1910270389141393,0.0,0.0,0.0,0.0,-3.68773989868898e-05
323,100,100,1.0,feasible,0.734818381647568,0.7763228631276924,0.8142580625468753,0.07943968089930731,0.6079396359999999,0.645548879408,0.7500294056,0.14208976960000008,0.0,0.0799005468818262,0.2691830266142857,0.2691830266142857,0.09092936250721043,0.24585312001448245,0.5624999999999997,0.47157063749278927,0.1912068068771785,0.0,0.0,0.0,0.0,0.00017976796303920128
324,100,100,1.0,feasible,0.734818381647568,0.7763805790478432,0.8142580625468753,0.07943968089930731,0.6079396359999999,0.6469885025519999,0.7500294056,0.14208976960000008,0.0,0.07517042258945476,0.2691830266142857,0.2691830266142857,0.09092936250721043,0.2505978993353299,0.5624999999999997,0.47157063749278927,0.19126487670947603,0.0,0.0,0.0,0.0,5.806983229753038e-05
325,100,100,1.0,feasible,0.734818381647568,0.7763667396726145,0.8142580625468753,0.07943968089930731,0.6079396359999999,0.6439815564079998,0.7500294056,0.14208976960000008,0.0,0.08234465316322856,0.27587236258452374,0.27587236258452374,0.09092936250721043,0.2397119555139334,0.5624999999999997,0.47157063749278927,0.19124549758498932,0.0,0.0,0.0,0.0,-1.937912448671253e-05
326,100,100,1.0,feasible,0.734818381647568,0.7781141301144194,0.8142580625468753,0.07943968089930731,0.6079396359999999,0.648522559736,0.7500294056,0.14208976960000008,0.0,0.07925891618354047,0.2680239647738095,0.2680239647738095,0.09092936250721043,0.23984547735875592,0.5624999999999997,0.47157063749278927,0.19124208636796286,0.0,0.0,0.0,0.0,-3.4112170264610775e-06
327,100,100,1.0,feasible,0.734818381647568,0.7747344351760767,0.8142580625468753,0.07943968089930731,0.6079396359999999,0.6443445949999999,0.7466224295999999,0.13868279360000002,0.0,0.07329398124835,0.2707791575738095,0.2707791575738095,0.09092936250721043,0.25751079735234084,0.5624999999999997,0.47157063749278927,0.19123057317477965,0.0,0.0,0.0,0.0,-1.1513193183210202e-05
328,100,100,1.0,feasible,0.734818381647568,0.7806260512811122,0.8142580625468753,0.07943968089930731,0.6079396359999999,0.6528002989279998,0.7466224295999999,0.13868279360000002,0.0,0.08009501746344522,0.2707791575738095,0.2707791575738095,0.09092936250721043,0.22408415674186222,0.5624999999999997,0.47157063749278927,0.1911486904592171,0.0,0.0,0.0,0.0,-8.1882715562559e-05
329,100,100,1.0,feasible,0.734818381647568,0.7773628899255229,0.8142580625468753,0.07943968089930731,0.6079396359999999,0.644965729712,0.7466224295999999,0.13868279360000002,0.0,0.08314012824256502,0.2735033115714285,0.2735033115714285,0.09092936250721043,0.2417571079517045,0.5624999999999997,0.47157063749278927,0.1911350543895134,0.0,0.0,0.0,0.0,-1.3636069703698572e-05
330,100,100,1.0,feasible,0.734818381647568,0.7775559011040761,0.8142580625468753,0.07943968089930731,0.6079396359999999,0.644790868136,0.7466224295999999,0.13868279360000002,0.0,0.08367425321715309,0.2707791575738095,0.2707791575738095,0.09092936250721043,0.23532033754865356,0.5624999999999997,0.47157063749278927,0.1911480920377332,0.0,0.0,0.0,0.0,1.3037648219804687e-05
331,100,100,1.0,feasible,0.734818381647568,0.7787930159367206,0.8142580625468753,0.07943968089930731,0.6079396359999999,0.6478133465679999,0.7557642991999999,0.14782466319999998,0.0,0.08291865602199833,0.2707791575738095,0.2707791575738095,0.09092936250721043,0.2356763186252817,0.5624999999999997,0.47157063749278927,0.19118084320902057,0.0,0.0,0.0,0.0,3.2751171287370706e-05
332,100,100,1.0,feasible,0.734818381647568,0.7790563562773619,0.8142580625468753,0.07943968089930731,0.6079396359999999,0.6522576765919998,0.7557642991999999,0.14782466319999998,0.0,0.0757027419788888,0.2707791575738095,0.2707791575738095,0.09092936250721043,0.23521545725385148,0.5624999999999997,0.47157063749278927,0.1912553478613095,0.0,0.0,0.0,0.0,7.450465228892034e-05
333,100,100,1.0,feasible,0.734818381647568,0.777127490363316,0.8142580625468753,0.07943968089930731,0.6079396359999999,0.6500433447919999,0.7466224295999999,0.13868279360000002,0.0,0.07273669047023405,0.2811017384095238,0.2811017384095238,0.09092936250721043,0.24476613811117634,0.5624999999999997,0.47157063749278927,0.1913642185411678,0.0,0.0,0.0,0.0,0.00010887067985831944
334,100,100,1.0,feasible,0.734818381647568,0.7779387420298955,0.8142580625468753,0.07943968089930731,0.6079396359999999,0.6509716369759999,0.7466224295999999,0.13868279360000002,0.0,0.07246280630623406,0.2718269935880952,0.2718269935880952,0.09092936250721043,0.24286500361747498,0.5624999999999997,0.47157063749278927,0.1913549643884443,0.0,0.0,0.0,0.0,-9.254152723514597e-06
335,100,100,1.0,feasible,0.734818381647568,0.7806102911577973,0.8142580625468753,0.07943968089930731,0.6079396359999999,0.652267862512,0.7466224295999999,0.13868279360000002,0.0,0.08187672366025786,0.27265216162380956,0.27265216162380956,0.09092936250721043,0.22943899054160613,0.5624999999999997,0.47157063749278927,0.1912615358033185,0.0,0.0,0.0,0.0,-9.342858512578767e-05
336,100,100,1.0,feasible,0.734818381647568,0.779973962989029,0.8142580625468753,0.07943968089930731,0.6079396359999999,0.6545609043359998,0.7466224295999999,0.13868279360000002,0.0,0.07449853644297215,0.27265216162380956,0.27265216162380956,0.09092936250721043,0.2343320129176935,0.5624999999999997,0.47157063749278927,0.1912513703262771,0.0,0.0,0.0,0.0,-1.0165477041412796e-05
337,100,100,1.0,feasible,0.734818381647568,0.780260853522404,0.8142580625468753,0.07943968089930731,0.6079396359999999,0.6545054907919997,0.7527421992,0.14480256320000007,0.0,0.07413469413398881,0.27265216162380956,0.27265216162380956,0.09092936250721043,0.23007850452468848,0.5624999999999997,0.47157063749278927,0.19130963261304879,0.0,0.0,0.0,0.0,5.8262286771693095e-05
338,100,100,1.0,feasible,0.734818381647568,0.7786877177358591,0.8142580625468753,0.07943968089930731,0.6079396359999999,0.6521801966879999,0.7527421992,0.14480256320000007,0.0,0.07452830137344525,0.27265216162380956,0.27265216162380956,0.09092936250721043,0.24274934122276054,0.5624999999999997,0.47157063749278927,0.1912784818915929,0.0,0.0,0.0,0.0,-3.115072145587483e-05
339,100,100,1.0,feasible,0.734818381647568,0.7779660509889591,0.8142580625468753,0.07943968089930731,0.6079396359999999,0.6503798693360001,0.7537338847999998,0.14579424879999991,0.0,0.0741943402127381,0.27265216162380956,0.27265216162380956,0.09092936250721043,0.2422084023932921,0.5624999999999997,0.47157063749278927,0.1912346334350064,0.0,0.0,0.0,0.0,-4.3848456586503826e-05
340,100,100,1.0,feasible,0.734818381647568,0.7817126838208361,0.8142580625468753,0.07943968089930731,0.6079396359999999,0.6525685452159999,0.7537338847999998,0.14579424879999991,0.0,0.08195831573735,0.27265216162380956,0.27265216162380956,0.09092936250721043,0.22344401463612598,0.5624999999999997,0.47157063749278927,0.19123360714883827,0.0,0.0,0.0,0.0,-1.0262861681320512e-06
341,100,100,1.0,feasible,0.734818381647568,0.7812210814565781,0.8142580625468753,0.07943968089930731,0.6079396359999999,0.6531919754559997,0.7537338847999998,0.14579424879999991,0.0,0.08073903170408812,0.27265216162380956,0.27265216162380956,0.09092936250721043,0.2302438434026762,0.5624999999999997,0.47157063749278927,0.19122054284080164,0.0,0.0,0.0,0.0,-1.3064308036631056e-05
342,100,100,1.0,feasible,0.734818381647568,0.7790521808138421,0.8142580625468753,0.07943968089930731,0.6079396359999999,0.653239017216,0.7537338847999998,0.14579424879999991,0.0,0.07256053778177857,0.27265216162380956,0.27265216162380956,0.09092936250721043,0.24273648525292668,0.5624999999999997,0.47157063749278927,0.19120876405005263,0.0,0.0,0.0,0.0,-1.1778790749011891e-05
343,100,100,1.0,feasible,0.734818381647568,0.7802635439982208,0.8142580625468753,0.07943968089930731,0.6079396359999999,0.6565810632879999,0.7537338847999998,0.14579424879999991,0.0,0.07258588846227858,0.32944898266666667,0.32944898266666667,0.09092936250721043,0.2425125930853762,0.5624999999999997,0.47157063749278927,0.191121911462056,0.0,0.0,0.0,0.0,-8.685258799662199e-05
344,100,100,1.0,feasible,0.734818381647568,0.7791522554567178,0.8142580625468753,0.07943968089930731,0.6079396359999999,0.6523385531759999,0.7537338847999998,0.14579424879999991,0.0,0.07598002018765952,0.32944898266666667,0.32944898266666667,0.09092936250721043,0.24006804152735403,0.5624999999999997,0.47157063749278927,0.19120039072520445,0.0,0.0,0.0,0.0,7.847926314843989e-05
345,100,100,1.0,feasible,0.734818381647568,0.7803001782777806,0.8142580625468753,0.07943968089930731,0.6079396359999999,0.652883735832,0.7537338847999998,0.14579424879999991,0.0,0.07800423643287381,0.27265216162380956,0.27265216162380956,0.09092936250721043,0.2339859046134774,0.5624999999999997,0.47157063749278927,0.19119523610407627,0.0,0.0,0.0,0.0,-5.154621128183878e-06
346,100,100,1.0,feasible,0.734818381647568,0.7781713506907018,0.8142580625468753,0.07943968089930731,0.6079396359999999,0.6501501792239999,0.7533239039999999,0.14538426800000004,0.0,0.07996881736118333,0.27265216162380956,0.27265216162380956,0.09092936250721043,0.24218306501457146,0.5624999999999997,0.47157063749278927,0.19118324557537358,0.0,0.0,0.0,0.0,-1.1990528702682246e-05
347,100,100,1.0,feasible,0.734818381647568,0.7774578421345473,0.8142580625468753,0.07943968089930731,0.6079396359999999,0.6489883132719999,0.7516933023999999,0.14375366639999998,0.0,0.07917481180784047,0.2903366054204762,0.2903366054204762,0.09092936250721043,0.244755738439197,0.5624999999999997,0.47157063749278927,0.19115792194648681,0.0,0.0,0.0,0.0,-2.5323628886769756e-05
348,100,100,1.0,feasible,0.734818381647568,0.7792669749184589,0.8142580625468753,0.07943968089930731,0.6079396359999999,0.6510597707279999,0.7607331951999999,0.15279355920000004,0.0,0.08363190110139333,0.29869965925714287,0.29869965925714287,0.09092936250721043,0.23522328473698573,0.5624999999999997,0.47157063749278927,0.1911611180376679,0.0,0.0,0.0,0.0,3.196091181073557e-06
349,100,100,1.0,feasible,0.734818381647568,0.7786247369778313,0.8142580625468753,0.07943968089930731,0.6079396359999999,0.6467579501119998,0.7607331951999999,0.15279355920000004,0.0,0.08872590258086427,0.29869965925714287,0.29869965925714287,0.09092936250721043,0.23743957313797626,0.5624999999999997,0.47157063749278927,0.19127114197626907,0.0,0.0,0.0,0.0,0.00011002393860118365
350,100,100,1.0,feasible,0.734818381647568,0.7784499297019168,0.8142580625468753,0.07943968089930731,0.6079396359999999,0.6485442132719998,0.7682867104,0.16034707440000007,0.0,0.0857422187766119,0.29869965925714287,0.29869965925714287,0.09092936250721043,0.2371984489949882,0.5624999999999997,0.47157063749278927,0.19130467245645175,0.0,0.0,0.0,0.0,3.353048018267524e-05
351,100,100,1.0,feasible,0.734818381647568,0.7793538103090717,0.8142580625468753,0.07943968089930731,0.6079396359999999,0.6504257665359999,0.7682867104,0.16034707440000007,0.0,0.08436386503672379,0.29869965925714287,0.29869965925714287,0.09092936250721043,0.23395580510842462,0.5624999999999997,0.47157063749278927,0.1912795610939056,0.0,0.0,0.0,0.0,-2.5111362546154092e-05
352,100,100,1.0,feasible,0.734818381647568,0.7792471871670766,0.8142580625468753,0.07943968089930731,0.6079396359999999,0.6505839164,0.7682867104,0.16034707440000007,0.0,0.08574003371075477,0.3345611773619048,0.3345611773619048,0.09092936250721043,0.23716565575486825,0.5624999999999997,0.47157063749278927,0.19122605972602574,0.0,0.0,0.0,0.0,-5.350136787984905e-05
353,100,100,1.0,feasible,0.734818381647568,0.7788759646154919,0.8142580625468753,0.07943968089930731,0.6079396359999999,0.6516790380319998,0.7682867104,0.16034707440000007,0.0,0.08188902160860952,0.3345611773619048,0.3345611773619048,0.09092936250721043,0.23965161913513547,0.5624999999999997,0.47157063749278927,0.19112724094890765,0.0,0.0,0.0,0.0,-9.881877711809262e-05
354,100,100,1.0,feasible,0.734818381647568,0.7784303865426544,0.8142580625468753,0.07943968089930731,0.6079396359999999,0.6485055417199999,0.7682867104,0.16034707440000007,0.0,0.0794951954216357,0.2968280689547618,0.2968280689547618,0.09092936250721043,0.24159222676865708,0.5624999999999997,0.47157063749278927,0.1911223472972798,0.0,0.0,0.0,0.0,-4.893651627840834e-06
355,100,100,1.0,feasible,0.734818381647568,0.777823867417543,0.8142580625468753,0.07943968089930731,0.6079396359999999,0.6498477881839999,0.7508923271999999,0.14295269119999998,0.0,0.07247787012556428,0.2596644385516666,0.2596644385516666,0.09092936250721043,0.24100908491667,0.5624999999999997,0.47157063749278927,0.19114740170908134,0.0,0.0,0.0,0.0,2.5054411801533893e-05
356,100,100,1.0,feasible,0.734818381647568,0.7771328004779098,0.8142580625468753,0.07943968089930731,0.6079396359999999,0.6514909059039999,0.7508923271999999,0.14295269119999998,0.0,0.0652202994120643,0.2596644385516666,0.2596644385516666,0.09092936250721043,0.24538003558593494,0.5624999999999997,0.47157063749278927,0.191228068952622,0.0,0.0,0.0,0.0,8.066724354066634e-05
357,100,100,1.0,feasible,0.734818381647568,0.7780629458976507,0.8142580625468753,0.07943968089930731,0.6079396359999999,0.6515616589440001,0.7493374415999999,0.14139780560000004,0.0,0.06909831086310357,0.2596644385516666,0.2596644385516666,0.09092936250721043,0.2429134342123302,0.5624999999999997,0.47157063749278927,0.19113612822945555,0.0,0.0,0.0,0.0,-9.194072316645596e-05
358,100,100,1.0,feasible,0.734818381647568,0.7794380962438736,0.8142580625468753,0.07943968089930731,0.6079396359999999,0.6527960679519998,0.7493374415999999,0.14139780560000004,0.0,0.07176733634869881,0.2596644385516666,0.2596644385516666,0.09092936250721043,0.23814691261905857,0.5624999999999997,0.47157063749278927,0.19120239662067717,0.0,0.0,0.0,0.0,6.626839122161887e-05
359,100,100,1.0,feasible,0.734818381647568,0.7788301035651369,0.8142580625468753,0.07943968089930731,0.6079396359999999,0.6500098241519998,0.7493374415999999,0.14139780560000004,0.0,0.0740987560670881,0.2596644385516666,0.2596644385516666,0.09092936250721043,0.2392323924118177,0.5624999999999997,0.47157063749278927,0.19116873027699305,0.0,0.0,0.0,0.0,-3.366634368412447e-05
360,100,100,1.0,feasible,0.734818381647568,0.7795706348542724,0.8142580625468753,0.07943968089930731,0.6079396359999999,0.651660993816,0.7553160647999999,0.14737642880000001,0.0,0.07600616697880237,0.2596644385516666,0.2596644385516666,0.09092936250721043,0.23635414604410887,0.5624999999999997,0.47157063749278927,0.19101903869000472,0.0,0.0,0.0,0.0,-0.0001496915869883264
361,100,100,1.0,feasible,0.734818381647568,0.7787810163518393,0.8142580625468753,0.07943968089930731,0.6079396359999999,0.6518286095839998,0.7553160647999999,0.14737642880000001,0.0,0.07180781607504048,0.2596644385516666,0.2596644385516666,0.09092936250721043,0.24185817602668788,0.5624999999999997,0.47157063749278927,0.1911341219239735,0.0,0.0,0.0,0.0,0.00011508323396877684
362,100,100,1.0,feasible,0.734818381647568,0.7785520877330682,0.8142580625468753,0.07943968089930731,0.6079396359999999,0.652258316296,0.7553160647999999,0.14737642880000001,0.0,0.06905237481577858,0.2596644385516666,0.2596644385516666,0.09092936250721043,0.24376114504997762,0.5624999999999997,0.47157063749278927,0.19104045932020353,0.0,0.0,0.0,0.0,-9.366260376997282e-05
363,100,100,1.0,feasible,0.734818381647568,0.7808609688966215,0.8142580625468753,0.07943968089930731,0.6079396359999999,0.6547088851359998,0.7553160647999999,0.14737642880000001,0.0,0.07399964214259284,0.2534205481523809,0.2534205481523809,0.09092936249618977,0.2340570109206393,0.5624999999999997,0.4715706375038099,0.19112297553678587,0.0,0.0,0.0,1.1020656609517232e-11,8.25162165823401e-05
364,100,100,1.0,feasible,0.734818381647568,0.7792629396359864,0.8142580625468753,0.07943968089930731,0.6079396359999999,0.651058514696,0.7553160647999999,0.14737642880000001,0.0,0.07565947072573571,0.2534205481523809,0.2534205481523809,0.09092936249618977,0.24299528367856252,0.5624999999999997,0.4715706375038099,0.19108905792350944,0.0,0.0,0.0,0.0,-3.3917613276424063e-05
365,100,100,1.0,feasible,0.734818381647568,0.7803300917525682,0.8142580625468753,0.07943968089930731,0.6079396359999999,0.6537951606079999,0.7553160647999999,0.14737642880000001,0.0,0.07392296617544286,0.26390525652142854,0.26390525652142854,0.09092936249618977,0.23439319225150107,0.5624999999999997,0.4715706375038099,0.1911159859699971,0.0,0.0,0.0,0.0,2.6928046487656454e-05
366,100,100,1.0,feasible,0.734818381647568,0.7788149163980604,0.8142580625468753,0.07943968089930731,0.6079396359999999,0.6486872984079999,0.7551301639999999,0.147190528,0.0,0.07643366819239049,0.2534205481523809,0.2534205481523809,0.09092936249618977,0.24097924955563566,0.5624999999999997,0.4715706375038099,0.19124179654704815,0.0,0.0,0.0,0.0,0.0001258105770510498
367,100,100,1.0,feasible,0.734818381647568,0.777874635713289,0.8142580625468753,0.07943968089930731,0.6079396359999999,0.6532709159999999,0.7490700055999999,0.14113036960000003,0.0,0.06424125331434287,0.2526218847042857,0.2526218847042857,0.09092936249618977,0.24863942436360342,0.5624999999999997,0.4715706375038099,0.1912547468406788,0.0,0.0,0.0,0.0,1.2950293630659138e-05
368,100,100,1.0,feasible,0.734818381647568,0.7794475742696179,0.8142580625468753,0.07943968089930731,0.6079396359999999,0.6512068753199999,0.7490700055999999,0.14113036960000003,0.0,0.07068001812077856,0.2526218847042857,0.2526218847042857,0.09092936249618977,0.23644020047603384,0.5624999999999997,0.4715706375038099,0.19134424977266107,0.0,0.0,0.0,0.0,8.950293198226045e-05
369,100,100,1.0,feasible,0.734818381647568,0.7788706281792335,0.8142580625468753,0.07943968089930731,0.6079396359999999,0.65145133844,0.7490700055999999,0.14113036960000003,0.0,0.06730676493309287,0.2526218847042857,0.2526218847042857,0.09092936249618977,0.24081466662648993,0.5624999999999997,0.4715706375038099,0.1912346684414064,0.0,0.0,0.0,0.0,-0.00010958133125466007
370,100,100,1.0,feasible,0.734818381647568,0.7789396078052779,0.8142580625468753,0.07943968089930731,0.6079396359999999,0.649973957832,0.7490700055999999,0.14113036960000003,0.0,0.06973312677604522,0.2526218847042857,0.2526218847042857,0.09092936249618977,0.2415176990012723,0.5624999999999997,0.4715706375038099,0.19116161700633327,0.0,0.0,0.0,0.0,-7.305143507313483e-05
371,100,100,1.0,feasible,0.734818381647568,0.7783492727844349,0.8142580625468753,0.07943968089930731,0.6079396359999999,0.6494794353519999,0.7490700055999999,0.14113036960000003,0.0,0.07020189078341667,0.2689502406547619,0.2689502406547619,0.09092936249618977,0.24318202267865371,0.5624999999999997,0.4715706375038099,0.1911560978048525,0.0,0.0,0.0,0.0,-5.519201480785885e-06
372,100,100,1.0,feasible,0.734818381647568,0.7810651478651038,0.8142580625468753,0.07943968089930731,0.6079396359999999,0.652760554288,0.7490700055999999,0.14113036960000003,0.0,0.07848092949782619,0.30985984869047617,0.30985984869047617,0.09092936249618977,0.2304960106817936,0.5624999999999997,0.4715706375038099,0.19111766025320276,0.0,0.0,0.0,0.0,-3.8437551649728174e-05
373,100,100,1.0,feasible,0.734818381647568,0.7792108802007569,0.8142580625468753,0.07943968089930731,0.6079396359999999,0.6470371382319999,0.7490700055999999,0.14113036960000003,0.0,0.08231987340710953,0.2842821405952381,0.2842821405952381,0.09092936249618977,0.23602630908510644,0.5624999999999997,0.4715706375038099,0.19120289111567357,0.0,0.0,0.0,0.0,8.523086247080869e-05
374,100,100,1.0,feasible,0.734818381647568,0.7782276017119287,0.8142580625468753,0.07943968089930731,0.6079396359999999,0.6516579658319999,0.7490700055999999,0.14113036960000003,0.0,0.07383213306414287,0.2842821405952381,0.2842821405952381,0.09092936249618977,0.24537554281919197,0.5624999999999997,0.4715706375038099,0.19114480047472115,0.0,0.0,0.0,0.0,-5.80906409524129e-05
375,100,100,1.0,feasible,0.734818381647568,0.7797796953377635,0.8142580625468753,0.07943968089930731,0.6079396359999999,0.6512455656479997,0.7490700055999999,0.14113036960000003,0.0,0.07236696691870953,0.2759166360071429,0.2759166360071429,0.09092936249618977,0.2383585337698952,0.5624999999999997,0.4715706375038099,0.19125633609103485,0.0,0.0,0.0,0.0,0.00011153561631369047
376,100,100,1.0,feasible,0.734818381647568,0.7796558581044075,0.8142580625468753,0.07943968089930731,0.6079396359999999,0.651704058456,0.7490700055999999,0.14113036960000003,0.0,0.0740844946171905,0.2759166360071429,0.2759166360071429,0.09092936249618977,0.24057253286230676,0.5624999999999997,0.4715706375038099,0.19108310065188155,0.0,0.0,0.0,0.0,-0.00017323543915329087
377,100,100,1.0,feasible,0.734818381647568,0.7800473736870565,0.8142580625468753,0.07943968089930731,0.6079396359999999,0.6532276940399998,0.7485556087999998,0.14061597279999993,0.0,0.07293519992464763,0.26807725395999993,0.26807725395999993,0.09092936249618977,0.24174231458006823,0.5624999999999997,0.4715706375038099,0.19119633596914581,0.0,0.0,0.0,0.0,0.00011323531726425973
378,100,100,1.0,feasible,0.734818381647568,0.7796317746472364,0.8142580625468753,0.07943968089930731,0.6079396359999999,0.6527384733439999,0.7485556087999998,0.14061597279999993,0.0,0.06857056370625238,0.2614137843285715,0.2614137843285715,0.09092936249618977,0.2401154058670828,0.5624999999999997,0.4715706375038099,0.19128189636043044,0.0,0.0,0.0,0.0,8.556039128462811e-05
379,100,100,1.0,feasible,0.734818381647568,0.7780332885859801,0.8142580625468753,0.07943968089930731,0.6079396359999999,0.6511687552959998,0.7485556087999998,0.14061597279999993,0.0,0.0694707881977143,0.2632409775238095,0.2632409775238095,0.09092936249618977,0.24715679394531379,0.5624999999999997,0.4715706375038099,0.1912396802882356,0.0,0.0,0.0,0.0,-4.221607219484502e-05
380,100,100,1.0,feasible,0.734818381647568,0.7788774551628207,0.8142580625468753,0.07943968089930731,0.6079396359999999,0.6488181359999998,0.7457763327999999,0.1378366968,0.0,0.07560068240745238,0.2742198456357143,0.2742198456357143,0.09092936249618977,0.24008023992827765,0.5624999999999997,0.4715706375038099,0.19126702498773412,0.0,0.0,0.0,0.0,2.7344699498527136e-05
381,100,100,1.0,feasible,0.734818381647568,0.781317227588823,0.8142580625468753,0.07943968089930731,0.6079396359999999,0.6533572474399999,0.7544621991999999,0.1465225632,0.0,0.07659021308219761,0.2632409775238095,0.2632409775238095,0.09092936249618977,0.23099011125708466,0.5624999999999997,0.4715706375038099,0.19139938570121545,0.0,0.0,0.0,0.0,0.0001323607134813276
382,100,100,1.0,feasible,0.734818381647568,0.7777671725088519,0.8142580625468753,0.07943968089930731,0.6079396359999999,0.6474859288239999,0.7544621991999999,0.1465225632,0.0,0.07328742602910238,0.2564622569928572,0.2564622569928572,0.09092936249618977,0.2452971404125951,0.5624999999999997,0.4715706375038099,0.19142301136192472,0.0,0.0,0.0,0.0,2.3625660709264418e-05
383,100,100,1.0,feasible,0.734818381647568,0.7788901740167092,0.8142580625468753,0.07943968089930731,0.6079396359999999,0.6488030359999999,0.7544621991999999,0.1465225632,0.0,0.07529892469631429,0.2734379390833333,0.2734379390833333,0.09092936249618977,0.23686024665193325,0.5624999999999997,0.4715706375038099,0.19144719088507012,0.0,0.0,0.0,0.0,2.417952314540117e-05
384,100,100,1.0,feasible,0.734818381647568,0.7785685746733993,0.8142580625468753,0.07943968089930731,0.6079396359999999,0.6474962914479998,0.7544621991999999,0.1465225632,0.0,0.07728405554409999,0.2734379390833333,0.2734379390833333,0.09092936249618977,0.23447937886083747,0.5624999999999997,0.4715706375038099,0.19145169058368844,0.0,0.0,0.0,0.0,4.499698618321002e-06
385,100,100,1.0,feasible,0.734818381647568,0.7777763457171261,0.8142580625468753,0.07943968089930731,0.6079396359999999,0.644844353408,0.7459589951999999,0.13801935919999997,0.0,0.08005160087002856,0.2734379390833333,0.2734379390833333,0.09092936249618977,0.24046789572497065,0.5624999999999997,0.4715706375038099,0.19143585842836036,0.0,0.0,0.0,0.0,-1.5832155328077135e-05
386,100,100,1.0,feasible,0.734818381647568,0.77783854103832,0.8142580625468753,0.07943968089930731,0.6079396359999999,0.6437016261919999,0.7459589951999999,0.13801935919999997,0.0,0.08242610256405238,0.2734379390833333,0.2734379390833333,0.09092936249618977,0.23963829284984556,0.5624999999999997,0.4715706375038099,0.19134598625112947,0.0,0.0,0.0,0.0,-8.987217723088747e-05
387,100,100,1.0,feasible,0.734818381647568,0.7777723592756353,0.8142580625468753,0.07943968089930731,0.6079396359999999,0.6439433932,0.7459589951999999,0.13801935919999997,0.0,0.08348508869388571,0.2780357885952381,0.2780357885952381,0.09092936249618977,0.23849931761914867,0.5624999999999997,0.4715706375038099,0.19148734666042572,0.0,0.0,0.0,0.0,0.00014136040929624283
388,100,100,1.0,feasible,0.734818381647568,0.7781924022430363,0.8142580625468753,0.07943968089930731,0.6079396359999999,0.646905547384,0.7459589951999999,0.13801935919999997,0.0,0.07883550200493333,0.2780357885952381,0.2780357885952381,0.09092936249618977,0.23733340538046588,0.5624999999999997,0.4715706375038099,0.19149395875530226,0.0,0.0,0.0,0.0,6.612094876540242e-06
389,100,100,1.0,feasible,0.734818381647568,0.7789048607782604,0.8142580625468753,0.07943968089930731,0.6079396359999999,0.6495699212799998,0.7459589951999999,0.13801935919999997,0.0,0.07967014439601118,0.2780357885952381,0.2780357885952381,0.09092936249618977,0.23736297137494,0.5624999999999997,0.4715706375038099,0.19120464202719906,0.0,0.0,0.0,0.0,-0.0002893167281032005
390,100,100,1.0,feasible,0.734818381647568,0.7790258828161792,0.8142580625468753,0.07943968089930731,0.6079396359999999,0.6467373038879998,0.7459589951999999,0.13801935919999997,0.0,0.08379946158217312,0.2780357885952381,0.2780357885952381,0.09092936249618977,0.2364068159544323,0.5624999999999997,0.4715706375038099,0.19129923795229248,0.0,0.0,0.0,0.0,9.459592509342141e-05
391,100,100,1.0,feasible,0.734818381647568,0.7787275430467617,0.8142580625468753,0.07943968089930731,0.6079396359999999,0.6473454863119998,0.7459589951999999,0.13801935919999997,0.0,0.08304768340128098,0.2780357885952381,0.2780357885952381,0.09092936249618977,0.2373591927611289,0.5624999999999997,0.4715706375038099,0.19134126145242342,0.0,0.0,0.0,0.0,4.202350013093881e-05
392,100,100,1.0,feasible,0.734818381647568,0.7783490165218983,0.8142580625468753,0.07943968089930731,0.6079396359999999,0.6445806057919999,0.7417840527999999,0.13384441680000003,0.0,0.08601386234525715,0.26876578246190475,0.26876578246190475,0.09092936249618977,0.23361363429057255,0.5624999999999997,0.4715706375038099,0.19126972694787125,0.0,0.0,0.0,0.0,-7.153450455216204e-05
393,100,100,1.0,feasible,0.734818381647568,0.7781609390342384,0.8142580625468753,0.07943968089930731,0.6079396359999999,0.647214937808,0.7417840527999999,0.13384441680000003,0.0,0.07612734135805715,0.26876578246190475,0.26876578246190475,0.09092936249618977,0.23700461860407468,0.5624999999999997,0.4715706375038099,0.1912177897842999,0.0,0.0,0.0,0.0,-5.193716357135281e-05
394,100,100,1.0,feasible,0.734818381647568,0.780524801840999,0.8142580625468753,0.07943968089930731,0.6079396359999999,0.6481004785119998,0.7417840527999999,0.13384441680000003,0.0,0.08448257751306193,0.2775090987119048,0.2775090987119048,0.09092936249618977,0.22742518549611618,0.5624999999999997,0.4715706375038099,0.19115314670994998,0.0,0.0,0.0,0.0,-6.464307434991823e-05
395,100,100,1.0,feasible,0.734818381647568,0.7793060070779481,0.8142580625468753,0.07943968089930731,0.6079396359999999,0.6519481818239999,0.7417840527999999,0.13384441680000003,0.0,0.07283570565411905,0.26876578246190475,0.26876578246190475,0.09092936249618977,0.2365895310895915,0.5624999999999997,0.4715706375038099,0.19113491268146288,0.0,0.0,0.0,0.0,-1.8234028487107423e-05
396,100,100,1.0,feasible,0.734818381647568,0.7792984615928,0.8142580625468753,0.07943968089930731,0.6079396359999999,0.6515242759039999,0.7463268511999999,0.13838721519999997,0.0,0.07737813572754763,0.29782389285000005,0.29782389285000005,0.09092936249618977,0.2332117439022029,0.5624999999999997,0.4715706375038099,0.19113768221263971,0.0,0.0,0.0,0.0,2.7695311768383135e-06
397,100,100,1.0,feasible,0.734818381647568,0.7776227576264979,0.8142580625468753,0.07943968089930731,0.6079396359999999,0.64868347852,0.7417840527999999,0.13384441680000003,0.0,0.07408802000749999,0.29782389285000005,0.29782389285000005,0.09090705252766484,0.2445948593911603,0.5624999999999997,0.4715929474723348,0.19127803534245344,0.0,0.0,0.0,2.230996852492506e-05,0.00014035312981372505
398,100,100,1.0,feasible,0.734818381647568,0.7804432832914725,0.8142580625468753,0.07943968089930731,0.6079396359999999,0.6510894194719998,0.7417840527999999,0.13384441680000003,0.0,0.07743613330119048,0.2704006591119048,0.2704006591119048,0.09090705252766484,0.22699972298083096,0.5624999999999997,0.4715929474723348,0.19126432888574457,0.0,0.0,0.0,0.0,-1.3706456708867387e-05
399,100,100,1.0,feasible,0.734818381647568,0.7781898255960789,0.8142580625468753,0.07943968089930731,0.6079396359999999,0.6498413841119999,0.7417840527999999,0.13384441680000003,0.0,0.07191763351550001,0.27336171423571426,0.27336171423571426,0.09090705252766484,0.24186155838810466,0.5624999999999997,0.4715929474723348,0.1913163179457787,0.0,0.0,0.0,0.0,5.198906003411885e-05
400,100,100,1.0,feasible,0.734818381647568,0.7793943545663056,0.8142580625468753,0.07943968089930731,0.6079396359999999,0.6500949231759999,0.7417840527999999,0.13384441680000003,0.0,0.07912000175086428,0.2820554318633334,0.2820554318633334,0.09090705252766484,0.23825433155245562,0.5624999999999997,0.4715929474723348,0.1912934859666478,0.0,0.0,0.0,0.0,-2.2831979130888413e-05
401,100,100,1.0,feasible,0.734818381647568,0.7789901991715067,0.8142580625468753,0.07943968089930731,0.6079396359999999,0.6479148822799999,0.7417840527999999,0.13384441680000003,0.0,0.0831726868225786,0.2820554318633334,0.2820554318633334,0.09090705252766484,0.238516968651539,0.5624999999999997,0.4715929474723348,0.1913298978065155,0.0,0.0,0.0,0.0,3.6411839867689366e-05
402,100,100,1.0,feasible,0.734818381647568,0.7805047563139901,0.8142580625468753,0.07943968089930731,0.6079396359999999,0.6475542217119999,0.7417840527999999,0.13384441680000003,0.0,0.09007685233992141,0.2820554318633334,0.2820554318633334,0.09090705252766484,0.22984346376129053,0.5624999999999997,0.4715929474723348,0.19124915825065647,0.0,0.0,0.0,0.0,-8.073955585902182e-05
403,100,100,1.0,feasible,0.734818381647568,0.7795441366368407,0.8142580625468753,0.07943968089930731,0.6079396359999999,0.6467959287519999,0.7425923976,0.13465276160000006,0.0,0.0904566149751762,0.2829443645054762,0.2829443645054762,0.09090705252766484,0.2349603928889376,0.5624999999999997,0.4715929474723348,0.19115806382395117,0.0,0.0,0.0,0.0,-9.1094426705296e-05
404,100,100,1.0,feasible,0.734818381647568,0.7790129131948441,0.8142580625468753,0.07943968089930731,0.6079396359999999,0.6489271895519999,0.7425923976,0.13465276160000006,0.0,0.08152853288258095,0.2829443645054762,0.2829443645054762,0.09090705252766484,0.2397881689135481,0.5624999999999997,0.4715929474723348,0.19123759786674757,0.0,0.0,0.0,0.0,7.953404279639753e-05
405,100,100,1.0,feasible,0.734818381647568,0.777291415193693,0.8142580625468753,0.07943968089930731,0.6079396359999999,0.648789602688,0.7425923976,0.13465276160000006,0.0,0.0768467627082,0.2829443645054762,0.2829443645054762,0.09090705252766484,0.24913842437005826,0.5624999999999997,0.4715929474723348,0.19112837957502227,0.0,0.0,0.0,0.0,-0.00010921829172530484
406,100,100,1.0,feasible,0.734818381647568,0.7774039241920012,0.8142580625468753,0.07943968089930731,0.6079396359999999,0.6486069266879998,0.7425923976,0.13465276160000006,0.0,0.07563649238407144,0.2829443645054762,0.2829443645054762,0.09090705252766484,0.2436770183856933,0.5624999999999997,0.4715929474723348,0.19127120463946695,0.0,0.0,0.0,0.0,0.0001428250644446849
407,100,100,1.0,feasible,0.734818381647568,0.7774161830219942,0.8142580625468753,0.07943968089930731,0.6079396359999999,0.647537086616,0.7425923976,0.13465276160000006,0.0,0.07929427354685953,0.29188940363095234,0.29188940363095234,0.09090705252766484,0.24697381830788498,0.5624999999999997,0.4715929474723348,0.19112430954278709,0.0,0.0,0.0,0.0,-0.00014689509667986655
408,100,100,1.0,feasible,0.734818381647568,0.7792516606273872,0.8142580625468753,0.07943968089930731,0.6079396359999999,0.6503464094959999,0.7425923976,0.13465276160000006,0.0,0.08447481532002142,0.29738803220238097,0.29738803220238097,0.09090705252766484,0.23620024459293065,0.5624999999999997,0.4715929474723348,0.19105147901617772,0.0,0.0,0.0,0.0,-7.283052660936318e-05
409,100,100,1.0,feasible,0.734818381647568,0.7784517947595626,0.8142580625468753,0.07943968089930731,0.6079396359999999,0.6485754266079998,0.7425923976,0.13465276160000006,0.0,0.08237532143254525,0.29738803220238097,0.29738803220238097,0.09090705252766484,0.23908070239763682,0.5624999999999997,0.4715929474723348,0.1912193662066353,0.0,0.0,0.0,0.0,0.00016788719045757183
410,100,100,1.0,feasible,0.734818381647568,0.7797435995883698,0.8142580625468753,0.07943968089930731,0.6079396359999999,0.6490121082879999,0.7425923976,0.13465276160000006,0.0,0.08743320203331191,0.29738803220238097,0.29738803220238097,0.09090705252766484,0.23207629667253546,0.5624999999999997,0.4715929474723348,0.19127675984993192,0.0,0.0,0.0,0.0,5.7393643296627106e-05
411,100,100,1.0,feasible,0.734818381647568,0.777130134324909,0.8142580625468753,0.07943968089930731,0.6079396359999999,0.6473935367119998,0.7425923976,0.13465276160000006,0.0,0.08063435105509761,0.33763856352619054,0.33763856352619054,0.09090705252766484,0.2440126029459611,0.5624999999999997,0.4715929474723348,0.19115696503484475,0.0,0.0,0.0,0.0,-0.00011979481508717083
412,100,100,1.0,feasible,0.734818381647568,0.7784587807327368,0.8142580625468753,0.07943968089930731,0.6079396359999999,0.6490408190159997,0.7425923976,0.13465276160000006,0.0,0.09195245506862144,0.4642872125904762,0.4642872125904762,0.09090705252766484,0.2398522282306493,0.5624999999999997,0.4715929474723348,0.19124030265404943,0.0,0.0,0.0,0.0,8.333761920467642e-05
413,100,100,1.0,feasible,0.734818381647568,0.7764573714719273,0.8142580625468753,0.07943968089930731,0.6079396359999999,0.6479714356319998,0.7442902767999999,0.13635064080000003,0.0,0.07924782310300714,0.4642872125904762,0.4642872125904762,0.09090705252766484,0.24908209826733485,0.5624999999999997,0.4715929474723348,0.19136320730243894,0.0,0.0,0.0,0.0,0.00012290464838951576
414,100,100,1.0,feasible,0.734818381647568,0.7781924997819756,0.8142580625468753,0.07943968089930731,0.6079396359999999,0.6491230743199998,0.7442902767999999,0.13635064080000003,0.0,0.07846469751134047,0.3128478209476191,0.3128478209476191,0.09090705252766484,0.23775699313239912,0.5624999999999997,0.4715929474723348,0.19141382599491033,0.0,0.0,0.0,0.0,5.061869247138806e-05
415,100,100,1.0,feasible,0.734818381647568,0.7758327994898226,0.8142580625468753,0.07943968089930731,0.6079396359999999,0.6451330445279999,0.7442902767999999,0.13635064080000003,0.0,0.08031396302011429,0.315993878447619,0.315993878447619,0.09090705252766484,0.24841930324089,0.5624999999999997,0.4715929474723348,0.1913840501198515,0.0,0.0,0.0,0.0,-2.9775875058840606e-05
416,100,100,1.0,feasible,0.734818381647568,0.7779622595198226,0.8142580625468753,0.07943968089930731,0.6079396359999999,0.6474481784159998,0.7442902767999999,0.13635064080000003,0.0,0.0827485885452,0.3128478209476191,0.3128478209476191,0.09090705252766484,0.23521280532021988,0.5624999999999997,0.4715929474723348,0.1913585406229686,0.0,0.0,0.0,0.0,-2.5509496882902827e-05
417,100,100,1.0,feasible,0.734818381647568,0.7773435636492073,0.8142580625468753,0.07943968089930731,0.6079396359999999,0.6495157694319998,0.7442902767999999,0.13635064080000003,0.0,0.07774702336932857,0.3128478209476191,0.3128478209476191,0.09090705252766484,0.24384869183693658,0.5624999999999997,0.4715929474723348,0.19130202555151693,0.0,0.0,0.0,0.0,-5.651507145165713e-05
418,100,100,1.0,feasible,0.734818381647568,0.7786793973287636,0.8142580625468753,0.07943968089930731,0.6079396359999999,0.6484061417679999,0.7442902767999999,0.13635064080000003,0.0,0.08387208889086428,0.3128478209476191,0.3128478209476191,0.09090705252766484,0.23336817240546284,0.5624999999999997,0.4715929474723348,0.19116995912640236,0.0,0.0,0.0,0.0,-0.00013206642511456868
419,100,100,1.0,feasible,0.734818381647568,0.7770466194783109,0.8142580625468753,0.07943968089930731,0.6079396359999999,0.647791178184,0.7442902767999999,0.13635064080000003,0.0,0.07574020830140714,0.3128478209476191,0.3128478209476191,0.09090705252766484,0.24475494292249375,0.5624999999999997,0.4715929474723348,0.1912846287916231,0.0,0.0,0.0,0.0,0.00011466966522075128
420,100,100,1.0,feasible,0.734818381647568,0.781764339338601,0.8142580625468753,0.07943968089930731,0.6079396359999999,0.650921081568,0.7442902767999999,0.13635064080000003,0.0,0.08985792629450381,0.3128478209476191,0.3128478209476191,0.09090705252766484,0.21854163709657734,0.5624999999999997,0.4715929474723348,0.19120445514320294,0.0,0.0,0.0,0.0,-8.017364842016761e-05
421,100,100,1.0,feasible,0.734818381647568,0.7792486535668811,0.8142580625468753,0.07943968089930731,0.6079396359999999,0.6490681674079998,0.7442902767999999,0.13635064080000003,0.0,0.08170963903584666,0.2913591268571428,0.2913591268571428,0.09090705252766484,0.23273844766208027,0.5624999999999997,0.4715929474723348,0.19135996433494298,0.0,0.0,0.0,0.0,0.00015550919174003863
422,100,100,1.0,feasible,0.734818381647568,0.7777879737350217,0.8142580625468753,0.07943968089930731,0.6079396359999999,0.6483115606159998,0.7442902767999999,0.13635064080000003,0.0,0.07685374565488497,0.2693599947738095,0.2693599947738095,0.09090705252766484,0.24273723010928186,0.5624999999999997,0.4715929474723348,0.19125362749238922,0.0,0.0,0.0,0.0,-0.00010633684255376141
423,100,100,1.0,feasible,0.734818381647568,0.7797970571529486,0.8142580625468753,0.07943968089930731,0.6079396359999999,0.6525877748639998,0.7442902767999999,0.13635064080000003,0.0,0.07596577133188594,0.2750091229304762,0.2750091229304762,0.09090705252766484,0.23040071459594927,0.5624999999999997,0.4715929474723348,0.19118848720500325,0.0,0.0,0.0,0.0,-6.514028738596744e-05
424,100,100,1.0,feasible,0.734818381647568,0.7780173827891441,0.8142580625468753,0.07943968089930731,0.6079396359999999,0.6491017281119998,0.7442902767999999,0.13635064080000003,0.0,0.07666262140533593,0.2750091229304762,0.2750091229304762,0.09090705252766484,0.24108541128168345,0.5624999999999997,0.4715929474723348,0.19131822578173147,0.0,0.0,0.0,0.0,0.0001297385767282111
425,100,100,1.0,feasible,0.734818381647568,0.7794031915048925,0.8142580625468753,0.07943968089930731,0.6079396359999999,0.6470088617599998,0.7400503727999997,0.13211073679999985,0.0,0.08578504180206133,0.2884611516623238,0.2884611516623238,0.09090705252766484,0.2301656386357968,0.5624999999999997,0.4715929474723348,0.19118085461825338,0.0,0.0,0.0,0.0,-0.00013737116347808942
426,100,100,1.0,feasible,0.734818381647568,0.7776341752620656,0.8142580625468753,0.07943968089930731,0.6079396359999999,0.6491098275839998,0.7400503727999997,0.13211073679999985,0.0,0.07595695994615953,0.33432855877523815,0.33432855877523815,0.09090705252766484,0.24277009556260892,0.5624999999999997,0.4715929474723348,0.1912299574444624,0.0,0.0,0.0,0.0,4.9102826209013184e-05
427,100,100,1.0,feasible,0.734818381647568,0.7795235296548235,0.8142580625468753,0.07943968089930731,0.6079396359999999,0.649658026288,0.7423920535999999,0.13445241760000004,0.0,0.08003090185877379,0.33432855877523815,0.33432855877523815,0.09090705252766484,0.22902073662582878,0.5624999999999997,0.4715929474723348,0.19130920669826657,0.0,0.0,0.0,0.0,7.924925380417558e-05
428,100,100,1.0,feasible,0.734818381647568,0.7779762564866656,0.814558935081018,0.07974055343344999,0.6079396359999999,0.6468020227359997,0.7423920535999999,0.13445241760000004,0.0,0.08194255781245,0.28556797882857143,0.28556797882857143,0.09090705252766484,0.2390948863895334,0.5624999999999997,0.4715929474723348,0.1912966813175752,0.0,0.0,0.0,0.0,-1.2525380691352783e-05
429,100,100,1.0,feasible,0.734818381647568,0.7785756619904768,0.814558935081018,0.07974055343344999,0.6079396359999999,0.6483932179040001,0.7423920535999999,0.13445241760000004,0.0,0.0843482843405762,0.28556797882857143,0.28556797882857143,0.09090705252766484,0.2376169033628181,0.5624999999999997,0.4715929474723348,0.19130708954047937,0.0,0.0,0.0,0.0,1.0408222904156883e-05
430,100,100,1.0,feasible,0.734818381647568,0.7773016945083984,0.814558935081018,0.07974055343344999,0.6079396359999999,0.6481750330719999,0.7423920535999999,0.13445241760000004,0.0,0.08224274278689286,0.2894612122071428,0.2894612122071428,0.09090705252766484,0.24472709874181042,0.5624999999999997,0.4715929474723348,0.19124585817648795,0.0,0.0,0.0,0.0,-6.123136399141527e-05
431,100,100,1.0,feasible,0.734818381647568,0.7788530717972196,0.814558935081018,0.07974055343344999,0.6079396359999999,0.6519011799999999,0.7423920535999999,0.13445241760000004,0.0,0.07937485963513095,0.2750091229304762,0.2750091229304762,0.09090705252766484,0.23952996068827406,0.5624999999999997,0.4715929474723348,0.19124243819443734,0.0,0.0,0.0,0.0,-3.4199820506120027e-06
432,100,100,1.0,feasible,0.734818381647568,0.7779560092233094,0.814558935081018,0.07974055343344999,0.6079396359999999,0.6483802959599997,0.7423920535999999,0.13445241760000004,0.0,0.08089955028597381,0.2750091229304762,0.2750091229304762,0.09090705252766484,0.24108428008163357,0.5624999999999997,0.4715929474723348,0.19128257013154948,0.0,0.0,0.0,0.0,4.0131937112136695e-05
433,100,100,1.0,feasible,0.734818381647568,0.7778393506453526,0.814558935081018,0.07974055343344999,0.6079396359999999,0.648858283736,0.7423920535999999,0.13445241760000004,0.0,0.07974464965652144,0.2761528735666667,0.2761528735666667,0.09090705252766484,0.24223814537097751,0.5624999999999997,0.4715929474723348,0.19133581454260318,0.0,0.0,0.0,0.0,5.3244411053698926e-05
434,100,100,1.0,feasible,0.734818381647568,0.7797659422008268,0.814558935081018,0.07974055343344999,0.6079396359999999,0.64937485148,0.7423920535999999,0.13445241760000004,0.0,0.08673929976321476,0.2761528735666667,0.2761528735666667,0.09090705252766484,0.2318811023895514,0.5624999999999997,0.4715929474723348,0.19127316480551254,0.0,0.0,0.0,0.0,-6.264973709063648e-05
435,100,100,1.0,feasible,0.734818381647568,0.7789035431514136,0.814558935081018,0.07974055343344999,0.6079396359999999,0.6494626481679998,0.7423920535999999,0.13445241760000004,0.0,0.08124289198286,0.2761528735666667,0.2761528735666667,0.09090705252766484,0.24151374323889208,0.5624999999999997,0.4715929474723348,0.19129514574313444,0.0,0.0,0.0,0.0,2.1980937621901564e-05
436,100,100,1.0,feasible,0.734818381647568,0.7794556138271154,0.814558935081018,0.07974055343344999,0.6079396359999999,0.6530913368879997,0.7423920535999999,0.13445241760000004,0.0,0.07854514847433858,0.2761528735666667,0.2761528735666667,0.09090705252766484,0.23728433479853991,0.5624999999999997,0.4715929474723348,0.19117852581744565,0.0,0.0,0.0,0.0,-0.00011661992568878787
437,100,100,1.0,feasible,0.734818381647568,0.7758021129916454,0.814558935081018,0.07974055343344999,0.6079396359999999,0.6475759825759998,0.7423920535999999,0.13445241760000004,0.0,0.07598542674223621,0.3136558390333334,0.3136558390333334,0.09090705252766484,0.25240451893964383,0.5624999999999997,0.4715929474723348,0.19131279800076748,0.0,0.0,0.0,0.0,0.00013427218332182078
438,100,100,1.0,feasible,0.734818381647568,0.7799514745722358,0.814558935081018,0.07974055343344999,0.6079396359999999,0.6505039627759999,0.7423920535999999,0.13445241760000004,0.0,0.0850933804171243,0.2761528735666667,0.2761528735666667,0.09090705252766484,0.2337599249569909,0.5624999999999997,0.4715929474723348,0.19107940784635324,0.0,0.0,0.0,0.0,-0.0002333901544142314
439,100,100,1.0,feasible,0.734818381647568,0.7793050962648038,0.814558935081018,0.07974055343344999,0.6079396359999999,0.6510576891600001,0.7423920535999999,0.13445241760000004,0.0,0.08404493984372906,0.2847846127142857,0.2847846127142857,0.09090705252766484,0.23716961744781134,0.5624999999999997,0.4715929474723348,0.19110420787223817,0.0,0.0,0.0,0.0,2.480002588492458e-05
440,100,100,1.0,feasible,0.734818381647568,0.7800197863534091,0.814558935081018,0.07974055343344999,0.6079396359999999,0.651544424768,0.7423920535999999,0.13445241760000004,0.0,0.08419515607887906,0.30408794301666664,0.30408794301666664,0.09090705252766484,0.23006541449847312,0.5624999999999997,0.4715929474723348,0.19124464415046452,0.0,0.0,0.0,0.0,0.0001404362782263524
441,100,100,1.0,feasible,0.734818381647568,0.7794058349632845,0.814558935081018,0.07974055343344999,0.6079396359999999,0.6503363210479999,0.7423920535999999,0.13445241760000004,0.0,0.08240956187720715,0.2761528735666667,0.2761528735666667,0.09090705252766484,0.2369060539875612,0.5624999999999997,0.4715929474723348,0.19114017780087775,0.0,0.0,0.0,0.0,-0.0001044663495867737
442,100,100,1.0,feasible,0.734818381647568,0.7813770856775331,0.814558935081018,0.07974055343344999,0.6079396359999999,0.655578499696,0.7430755031999999,0.13513586720000004,0.0,0.08156103681203096,0.30437786900952385,0.30437786900952385,0.09090705252766484,0.2317652138921559,0.5624999999999997,0.4715929474723348,0.19116261789366396,0.0,0.0,0.0,0.0,2.2440092786207844e-05
443,100,100,1.0,feasible,0.734818381647568,0.7785023026947832,0.814558935081018,0.07974055343344999,0.6079396359999999,0.6510223470159998,0.7430755031999999,0.13513586720000004,0.0,0.08417126626266669,0.3112491583547619,0.3112491583547619,0.09090705252766484,0.24381526823932198,0.5624999999999997,0.4715929474723348,0.19119960613453463,0.0,0.0,0.0,0.0,3.698824087067232e-05
444,100,100,1.0,feasible,0.734818381647568,0.7799029856286954,0.814558935081018,0.07974055343344999,0.6079396359999999,0.65090517948,0.7430755031999999,0.13513586720000004,0.0,0.08749212903757142,0.2832843660238095,0.2832843660238095,0.09090705252766484,0.23485426070362614,0.5624999999999997,0.4715929474723348,0.19124520905126402,0.0,0.0,0.0,0.0,4.560291672939254e-05
445,100,100,1.0,feasible,0.734818381647568,0.7771127844304327,0.814558935081018,0.07974055343344999,0.6079396359999999,0.6467215147519998,0.7430755031999999,0.13513586720000004,0.0,0.08817176698819519,0.2832843660238095,0.2832843660238095,0.09090705252766484,0.2506907344740677,0.5624999999999997,0.4715929474723348,0.19103557740941238,0.0,0.0,0.0,0.0,-0.00020963164185164307
446,100,100,1.0,feasible,0.734818381647568,0.7771220515209392,0.814558935081018,0.07974055343344999,0.6079396359999999,0.6477546940719999,0.7430755031999999,0.13513586720000004,0.0,0.08372032139707616,0.25952722484095236,0.25952722484095236,0.09090705252766484,0.24854002567219144,0.5624999999999997,0.4715929474723348,0.19115497577201895,0.0,0.0,0.0,0.0,0.00011939836260657644
447,100,100,1.0,feasible,0.734818381647568,0.778041127853069,0.814558935081018,0.07974055343344999,0.6079396359999999,0.648200770088,0.7430755031999999,0.13513586720000004,0.0,0.08515930204752857,0.25952722484095236,0.25952722484095236,0.09090705252766484,0.235527344860245,0.5624999999999997,0.4715929474723348,0.1911565421150085,0.0,0.0,0.0,0.0,1.5663429895340641e-06
448,100,100,1.0,feasible,0.734818381647568,0.7779693862609666,0.814558935081018,0.07974055343344999,0.6079396359999999,0.6486223583999998,0.7430755031999999,0.13513586720000004,0.0,0.08389033072527786,0.25952722484095236,0.25952722484095236,0.09090705252766484,0.2398352968941697,0.5624999999999997,0.4715929474723348,0.19113259519099124,0.0,0.0,0.0,0.0,-2.3946924017248516e-05
449,100,100,1.0,feasible,0.734818381647568,0.7776891624169326,0.814558935081018,0.07974055343344999,0.6079396359999999,0.6461467737679999,0.7430755031999999,0.13513586720000004,0.0,0.08403556555190475,0.2661594303428571,0.2661594303428571,0.09090705252766484,0.24054827314906052,0.5624999999999997,0.4715929474723348,0.19125797509266224,0.0,0.0,0.0,0.0,0.00012537990167099666
450,100,100,1.0,feasible,0.734818381647568,0.7781490642056059,0.814558935081018,0.07974055343344999,0.6079396359999999,0.650284793648,0.7430755031999999,0.13513586720000004,0.0,0.07603675312814284,0.2661594303428571,0.2661594303428571,0.09090705252766484,0.23734307806519858,0.5624999999999997,0.4715929474723348,0.19121640682669022,0.0,0.0,0.0,0.0,-4.156826597201402e-05
451,100,100,1.0,feasible,0.734818381647568,0.7792030226370501,0.814558935081018,0.07974055343344999,0.6079396359999999,0.6497930331679999,0.7430755031999999,0.13513586720000004,0.0,0.07837626469902619,0.27906581289285715,0.27906581289285715,0.09089216020509182,0.2341371639396819,0.5624999999999997,0.47160783979490783,0.19116966121628926,0.0,0.0,0.0,1.4892322573026306e-05,-4.67456104009667e-05
452,100,100,1.0,feasible,0.734818381647568,0.7796470984965027,0.814558935081018,0.07974055343344999,0.6079396359999999,0.6498561169519997,0.7430755031999999,0.13513586720000004,0.0,0.08306977536093452,0.27906581289285715,0.27906581289285715,0.09089216020509182,0.2358312564042956,0.5624999999999997,0.47160783979490783,0.19102082157278769,0.0,0.0,0.0,0.0,-0.0001488396435015693
453,100,100,1.0,feasible,0.734818381647568,0.7775624465395148,0.814558935081018,0.07974055343344999,0.6079396359999999,0.6454057768879998,0.7430755031999999,0.13513586720000004,0.0,0.08194723335193453,0.28009488826190476,0.28009488826190476,0.09089216020509182,0.24227717117719075,0.5624999999999997,0.47160783979490783,0.19093406177188013,0.0,0.0,0.0,0.0,-8.675980090755431e-05
454,100,100,1.0,feasible,0.734818381647568,0.7775898053494497,0.814558935081018,0.07974055343344999,0.6079396359999999,0.6469367506079999,0.7430755031999999,0.13513586720000004,0.0,0.08265734485397262,0.2838606509761905,0.2838606509761905,0.09089216020509182,0.24312738806877132,0.5624999999999997,0.47160783979490783,0.19103028193588573,0.0,0.0,0.0,0.0,9.622016400559485e-05
455,100,100,1.0,feasible,0.734818381647568,0.7770840318490224,0.814558935081018,0.07974055343344999,0.6079396359999999,0.6481087960719998,0.7430755031999999,0.13513586720000004,0.0,0.07814033428442499,0.28009488826190476,0.28009488826190476,0.09089216020509182,0.24712284210873603,0.5624999999999997,0.47160783979490783,0.19105037754719567,0.0,0.0,0.0,0.0,2.009561130994486e-05
456,100,100,1.0,feasible,0.734818381647568,0.7772168397615684,0.814558935081018,0.07974055343344999,0.6079396359999999,0.645642246672,0.7468305855999999,0.13889094960000004,0.0,0.07932479894797856,0.25801527729714285,0.25801527729714285,0.09089216020509182,0.2466323902565275,0.5624999999999997,0.47160783979490783,0.19111779451703775,0.0,0.0,0.0,0.0,6.741696984208234e-05
457,100,100,1.0,feasible,0.734818381647568,0.7797969389749357,0.814558935081018,0.07974055343344999,0.6079396359999999,0.6503261617999999,0.7468305855999999,0.13889094960000004,0.0,0.07923301209830239,0.25801527729714285,0.25801527729714285,0.09089216020509182,0.2312202941344068,0.5624999999999997,0.47160783979490783,0.19123921823058215,0.0,0.0,0.0,0.0,0.00012142371354439963
458,100,100,1.0,feasible,0.734818381647568,0.7781519875734741,0.814558935081018,0.07974055343344999,0.6079396359999999,0.6467255785279998,0.7468305855999999,0.13889094960000004,0.0,0.07845228316089047,0.25801527729714285,0.25801527729714285,0.09089216020509182,0.23799271866988356,0.5624999999999997,0.47160783979490783,0.1912132269591404,0.0,0.0,0.0,0.0,-2.5991271441760944e-05
459,100,100,1.0,feasible,0.734818381647568,0.7758896132114141,0.814558935081018,0.07974055343344999,0.6079396359999999,0.6450636567759997,0.7468305855999999,0.13889094960000004,0.0,0.07317539237950714,0.25801527729714285,0.25801527729714285,0.09089216020509182,0.2543309600431392,0.5624999999999997,0.47160783979490783,0.19122882063325136,0.0,0.0,0.0,0.0,1.559367411096968e-05
460,100,100,1.0,feasible,0.734818381647568,0.7778619105384333,0.814558935081018,0.07974055343344999,0.6079396359999999,0.6477325576799998,0.7430755031999999,0.13513586720000004,0.0,0.0761368753904119,0.2884273614190477,0.2884273614190477,0.09089216020509182,0.23912052846851659,0.5624999999999997,0.47160783979490783,0.19127670113035716,0.0,0.0,0.0,0.0,4.788049710580111e-05
461,100,100,1.0,feasible,0.734818381647568,0.7768837637041495,0.814558935081018,0.07974055343344999,0.6079396359999999,0.6510074480639999,0.7430755031999999,0.13513586720000004,0.0,0.06405910082598809,0.25206761948333334,0.25206761948333334,0.09089216020509182,0.24744922249282786,0.5624999999999997,0.47160783979490783,0.19129171905439102,0.0,0.0,0.0,0.0,1.501792403385549e-05
462,100,100,1.0,feasible,0.734818381647568,0.7778955148570632,0.814558935081018,0.07974055343344999,0.6079396359999999,0.6476642181519999,0.7430755031999999,0.13513586720000004,0.0,0.07057108043477381,0.26715303950714286,0.26715303950714286,0.09089216020509182,0.24098319878769137,0.5624999999999997,0.47160783979490783,0.19141872263296428,0.0,0.0,0.0,0.0,0.00012700357857325928
463,100,100,1.0,feasible,0.734818381647568,0.7767254783623742,0.814558935081018,0.07974055343344999,0.6079396359999999,0.6470162383039999,0.7430755031999999,0.13513586720000004,0.0,0.07278525192260714,0.26715303950714286,0.26715303950714286,0.09089216020509182,0.2477571349754909,0.5624999999999997,0.47160783979490783,0.19128635808449035,0.0,0.0,0.0,0.0,-0.00013236454847392887
464,100,100,1.0,feasible,0.734818381647568,0.7782549790225525,0.814558935081018,0.07974055343344999,0.6079396359999999,0.64930308368,0.7430755031999999,0.13513586720000004,0.0,0.07554032846326429,0.27092178436333336,0.27092178436333336,0.09089216020509182,0.2402640205712613,0.5624999999999997,0.47160783979490783,0.19132217305629304,0.0,0.0,0.0,0.0,3.5814971802689e-05
465,100,100,1.0,feasible,0.734818381647568,0.7754187371766698,0.814558935081018,0.07974055343344999,0.6079396359999999,0.6491252212959999,0.7430755031999999,0.13513586720000004,0.0,0.06424174231925,0.25368481304523804,0.25368481304523804,0.09089216020509182,0.25656456261586275,0.5624999999999997,0.47160783979490783,0.19134280456431785,0.0,0.0,0.0,0.0,2.063150802480984e-05
466,100,100,1.0,feasible,0.734818381647568,0.7789544791812744,0.814558935081018,0.07974055343344999,0.6079396359999999,0.6527540527599998,0.7430755031999999,0.13513586720000004,0.0,0.06951858917865476,0.25368481304523804,0.25368481304523804,0.09089216020509182,0.23740795136863746,0.5624999999999997,0.47160783979490783,0.19116143751265807,0.0,0.0,0.0,0.0,-0.0001813670516597754
467,100,100,1.0,feasible,0.734818381647568,0.7792017740341514,0.814558935081018,0.07974055343344999,0.6079396359999999,0.6501579598159998,0.7430755031999999,0.13513586720000004,0.0,0.07342929141920237,0.25368481304523804,0.25368481304523804,0.09089216020509182,0.23472994787527643,0.5624999999999997,0.47160783979490783,0.19121172342767997,0.0,0.0,0.0,0.0,5.0285915021902605e-05
468,100,100,1.0,feasible,0.734818381647568,0.7807016722105944,0.814558935081018,0.07974055343344999,0.6079396359999999,0.652370230832,0.7430755031999999,0.13513586720000004,0.0,0.0784482084108881,0.2609913747328572,0.2609913747328572,0.09089216020509182,0.22916858780042193,0.5624999999999997,0.47160783979490783,0.191141123408418,0.0,0.0,0.0,0.0,-7.060001926198489e-05
469,100,100,1.0,feasible,0.734818381647568,0.7782533592930773,0.814558935081018,0.07974055343344999,0.6079396359999999,0.6544246549199998,0.7430755031999999,0.13513586720000004,0.0,0.06349138544387618,0.25368481304523804,0.25368481304523804,0.09089216020509182,0.2453115082180013,0.5624999999999997,0.47160783979490783,0.19117109811962407,0.0,0.0,0.0,0.0,2.9974711206082194e-05
470,100,100,1.0,feasible,0.734818381647568,0.7796231145335147,0.814558935081018,0.07974055343344999,0.6079396359999999,0.6543486945119998,0.7430755031999999,0.13513586720000004,0.0,0.07087250270618808,0.25368481304523804,0.25368481304523804,0.09089216020509182,0.2344228108859051,0.5624999999999997,0.47160783979490783,0.19117348020234848,0.0,0.0,0.0,0.0,2.382082724405876e-06
471,100,100,1.0,feasible,0.734818381647568,0.7805416508049465,0.814558935081018,0.07974055343344999,0.6079396359999999,0.6534329755999998,0.7430755031999999,0.13513586720000004,0.0,0.07627191438074762,0.25368481304523804,0.25368481304523804,0.09089216020509182,0.2305267036679079,0.5624999999999997,0.47160783979490783,0.19110940365131274,0.0,0.0,0.0,0.0,-6.407655103574106e-05
472,100,100,1.0,feasible,0.734818381647568,0.7766146450909597,0.814558935081018,0.07974055343344999,0.6079396359999999,0.6503182311279998,0.7430755031999999,0.13513586720000004,0.0,0.06771171113364048,0.25368481304523804,0.25368481304523804,0.09089216020509182,0.2517989962548435,0.5624999999999997,0.47160783979490783,0.19120070174714615,0.0,0.0,0.0,0.0,9.12980958334142e-05
473,100,100,1.0,feasible,0.734818381647568,0.7770951259274763,0.8145917614637296,0.07977337981616162,0.6079396359999999,0.6476503231439998,0.7430755031999999,0.13513586720000004,0.0,0.07846956692210715,0.25596082908809525,0.25596082908809525,0.09089216020509182,0.2464199786255075,0.5624999999999997,0.47160783979490783,0.1911758393883557,0.0,0.0,0.0,0.0,-2.4862358790456174e-05
474,100,100,1.0,feasible,0.734818381647568,0.7773950764402698,0.8145917614637296,0.07977337981616162,0.6079396359999999,0.6485462750319998,0.7430755031999999,0.13513586720000004,0.0,0.07646017947197142,0.2607370593095238,0.2607370593095238,0.09089216020509182,0.24187235210084013,0.5624999999999997,0.47160783979490783,0.19106496624138303,0.0,0.0,0.0,0.0,-0.00011087314697266759
475,100,100,1.0,feasible,0.734818381647568,0.7786304806211082,0.8145917614637296,0.07977337981616162,0.6079396359999999,0.6458908324639999,0.7434532799999999,0.135513644,0.0,0.08315775229769047,0.25368481304523804,0.25368481304523804,0.09089216020509182,0.2338470569430756,0.5624999999999997,0.47160783979490783,0.1911945158762119,0.0,0.0,0.0,0.0,0.00012954963482886273
476,100,100,1.0,feasible,0.734818381647568,0.7776866507604696,0.8145917614637296,0.07977337981616162,0.6079396359999999,0.6474578334879999,0.7434532799999999,0.135513644,0.0,0.0763405432722619,0.25479167184761903,0.25479167184761903,0.09089216020509182,0.2416910557600578,0.5624999999999997,0.47160783979490783,0.19121312808664065,0.0,0.0,0.0,0.0,1.8612210428758935e-05
477,100,100,1.0,feasible,0.734818381647568,0.7785933493127866,0.8145917614637296,0.07977337981616162,0.6079396359999999,0.6492345042959999,0.7450064183999999,0.13706678240000003,0.0,0.07752207825707143,0.2586389410738095,0.2586389410738095,0.09089216020509182,0.23733211723752703,0.5624999999999997,0.47160783979490783,0.19119474316124052,0.0,0.0,0.0,0.0,-1.8384925400127816e-05
478,100,100,1.0,feasible,0.734818381647568,0.7780774732876352,0.8145917614637296,0.07977337981616162,0.6079396359999999,0.6506434416639999,0.7450064183999999,0.13706678240000003,0.0,0.07476641399816666,0.2586389410738095,0.2586389410738095,0.09089216020509182,0.2415384057238806,0.5624999999999997,0.47160783979490783,0.1912175427522051,0.0,0.0,0.0,0.0,2.2799590964572847e-05
479,100,100,1.0,feasible,0.734818381647568,0.7795404520049536,0.8145917614637296,0.07977337981616162,0.6079396359999999,0.6491775951679998,0.7450064183999999,0.13706678240000003,0.0,0.0776110015936169,0.2586389410738095,0.2586389410738095,0.09089216020509182,0.2319575040619502,0.5624999999999997,0.47160783979490783,0.19119586741199032,0.0,0.0,0.0,0.0,-2.16753402147718e-05
480,100,100,1.0,feasible,0.734818381647568,0.7791856333551358,0.8145917614637296,0.07977337981616162,0.6079396359999999,0.6502457260639999,0.7450064183999999,0.13706678240000003,0.0,0.07955035107303189,0.26715859466666664,0.26715859466666664,0.09089216020509182,0.23678453111652012,0.5624999999999997,0.47160783979490783,0.19130641479229904,0.0,0.0,0.0,0.0,0.00011054738030871758
481,100,100,1.0,feasible,0.734818381647568,0.7784143886731901,0.8145917614637296,0.07977337981616162,0.6079396359999999,0.6487655186719999,0.7450064183999999,0.13706678240000003,0.0,0.07917267042109381,0.27355288250000004,0.27355288250000004,0.09089216020509182,0.23705064250964256,0.5624999999999997,0.47160783979490783,0.1912395733967605,0.0,0.0,0.0,0.0,-6.684139553853052e-05
482,100,100,1.0,feasible,0.734818381647568,0.7778520899272671,0.8145917614637296,0.07977337981616162,0.6079396359999999,0.6475127040319998,0.7450064183999999,0.13706678240000003,0.0,0.07778136809809381,0.2618091582499999,0.2618091582499999,0.09089216020509182,0.2399105842137101,0.5624999999999997,0.47160783979490783,0.19125826839101553,0.0,0.0,0.0,0.0,1.8694994255025188e-05
483,100,100,1.0,feasible,0.734818381647568,0.7768957327751906,0.8145917614637296,0.07977337981616162,0.6079396359999999,0.6454109801439999,0.7450064183999999,0.13706678240000003,0.0,0.07649542930550071,0.252523588795238,0.252523588795238,0.09089216020509182,0.24547061845807255,0.5624999999999997,0.47160783979490783,0.19130747476995622,0.0,0.0,0.0,0.0,4.920637894068047e-05
484,100,100,1.0,feasible,0.734818381647568,0.7777000857159052,0.8145917614637296,0.07977337981616162,0.6079396359999999,0.6448743953359998,0.7450259015999998,0.13708626559999992,0.0,0.07847008625735787,0.252523588795238,0.252523588795238,0.09089216020509182,0.24059074124404708,0.5624999999999997,0.47160783979490783,0.19136693951040257,0.0,0.0,0.0,0.0,5.946474044635219e-05
485,100,100,1.0,feasible,0.734818381647568,0.7796085962011408,0.8145917614637296,0.07977337981616162,0.6079396359999999,0.651603342984,0.7450259015999998,0.13708626559999992,0.0,0.07479865053938405,0.252523588795238,0.252523588795238,0.09089216020509182,0.23322496212510127,0.5624999999999997,0.47160783979490783,0.19134186054536984,0.0,0.0,0.0,0.0,-2.5078965032732103e-05
486,100,100,1.0,feasible,0.734818381647568,0.7784323766626551,0.8145917614637296,0.07977337981616162,0.6079396359999999,0.64996867772,0.7450259015999998,0.13708626559999992,0.0,0.0732096292578738,0.2702593117785714,0.2702593117785714,0.09089216020509182,0.23879108911390065,0.5624999999999997,0.47160783979490783,0.19133348960700736,0.0,0.0,0.0,0.0,-8.370938362478597e-06
487,100,100,1.0,feasible,0.734818381647568,0.7790304285760382,0.8145917614637296,0.07977337981616162,0.6079396359999999,0.6465871313919999,0.7450259015999998,0.13708626559999992,0.0,0.08200259742849289,0.2702593117785714,0.2702593117785714,0.09089216020509182,0.23385464772435355,0.5624999999999997,0.47160783979490783,0.19129122623337524,0.0,0.0,0.0,0.0,-4.226337363211208e-05
488,100,100,1.0,feasible,0.734818381647568,0.7786796698070918,0.8145917614637296,0.07977337981616162,0.6079396359999999,0.6487982873679999,0.7450259015999998,0.13708626559999992,0.0,0.07956962839978572,0.27402468129285723,0.27402468129285723,0.09089216020509182,0.23646149887434628,0.5624999999999997,0.47160783979490783,0.19123412913815316,0.0,0.0,0.0,0.0,-5.709709522208617e-05
489,100,100,1.0,feasible,0.734818381647568,0.778709891892976,0.8145917614637296,0.07977337981616162,0.6079396359999999,0.647956706408,0.7450259015999998,0.13708626559999992,0.0,0.07908289471671429,0.27402468129285723,0.27402468129285723,0.09089216020509182,0.23503880072929273,0.5624999999999997,0.47160783979490783,0.1913152026123652,0.0,0.0,0.0,0.0,8.107347421204558e-05
490,100,100,1.0,feasible,0.734818381647568,0.7766625592564493,0.8145917614637296,0.07977337981616162,0.6079396359999999,0.645525128376,0.7450259015999998,0.13708626559999992,0.0,0.07514824503050001,0.27402468129285723,0.27402468129285723,0.09089216020509182,0.24518451449168296,0.5624999999999997,0.47160783979490783,0.1912221962686137,0.0,0.0,0.0,0.0,-9.300634375150607e-05
491,100,100,1.0,feasible,0.734818381647568,0.7789220288420282,0.8145917614637296,0.07977337981616162,0.6079396359999999,0.6482731723599998,0.7450259015999998,0.13708626559999992,0.0,0.07863464390216666,0.2694436532142857,0.2694436532142857,0.09089216020509182,0.23522399477859848,0.5624999999999997,0.47160783979490783,0.191161155911378,0.0,0.0,0.0,0.0,-6.104035723569767e-05
492,100,100,1.0,feasible,0.734818381647568,0.7802481604259326,0.8145917614637296,0.07977337981616162,0.6079396359999999,0.647099784672,0.7450259015999998,0.13708626559999992,0.0,0.08692012896285714,0.27104097203095234,0.27104097203095234,0.09089216020509182,0.2323334497642076,0.5624999999999997,0.47160783979490783,0.19120798858188737,0.0,0.0,0.0,0.0,4.68326705093669e-05
493,100,100,1.0,feasible,0.734818381647568,0.7762256128800167,0.8142496208117491,0.07943123916418116,0.6079396359999999,0.6523521215599999,0.7450259015999998,0.13708626559999992,0.0,0.06811630564128572,0.46041572733333347,0.46041572733333347,0.09089216020509182,0.25446587227877904,0.5624999999999997,0.47160783979490783,0.19116957872209023,0.0,0.0,0.0,0.0,-3.84098597971394e-05
494,100,100,1.0,feasible,0.734818381647568,0.779210653218042,0.8142496208117491,0.07943123916418116,0.6079396359999999,0.6466776327199999,0.7450259015999998,0.13708626559999992,0.0,0.08088894866208332,0.2842316127190476,0.2842316127190476,0.09089216020509182,0.23075054280345608,0.5624999999999997,0.47160783979490783,0.1913738229598212,0.0,0.0,0.0,0.0,0.00020424423773096612
495,100,100,1.0,feasible,0.734818381647568,0.7776535648614236,0.8142496208117491,0.07943123916418116,0.6079396359999999,0.6504932702319999,0.7450259015999998,0.13708626559999992,0.0,0.0700504746960595,0.27104097203095234,0.27104097203095234,0.09089216020509182,0.24234769937066564,0.5624999999999997,0.47160783979490783,0.19133244069523014,0.0,0.0,0.0,0.0,-4.138226459104999e-05
496,100,100,1.0,feasible,0.734818381647568,0.7769494325501892,0.8142496208117491,0.07943123916418116,0.6079396359999999,0.649226742848,0.7450259015999998,0.13708626559999992,0.0,0.07204613308453571,0.2679332455904762,0.2679332455904762,0.09089216020509182,0.2445598116411855,0.5624999999999997,0.47160783979490783,0.19138029666394712,0.0,0.0,0.0,0.0,4.7855968716981057e-05
497,100,100,1.0,feasible,0.734818381647568,0.7778204123087924,0.8142496208117491,0.07943123916418116,0.6079396359999999,0.65024653672,0.7450259015999998,0.13708626559999992,0.0,0.07127674193563095,0.2679332455904762,0.2679332455904762,0.09089216020509182,0.24247158982775133,0.5624999999999997,0.47160783979490783,0.19130931949165353,0.0,0.0,0.0,0.0,-7.09771722935959e-05
498,100,100,1.0,feasible,0.734818381647568,0.7778830854752062,0.8142496208117491,0.07943123916418116,0.6079396359999999,0.6477172188079997,0.7450259015999998,0.13708626559999992,0.0,0.07458233622279524,0.24585740176190476,0.24585740176190476,0.09089216020509182,0.23645158012009496,0.5624999999999997,0.47160783979490783,0.19126947988490312,0.0,0.0,0.0,0.0,-3.983960675041365e-05
499,100,100,1.0,feasible,0.734818381647568,0.7781953722629201,0.8142496208117491,0.07943123916418116,0.6079396359999999,0.6474983528639998,0.7450259015999998,0.13708626559999992,0.0,0.07642638809512857,0.2477101718571428,0.2477101718571428,0.09089216020509182,0.23928217749816694,0.5624999999999997,0.47160783979490783,0.191270456215614,0.0,0.0,0.0,0.0,9.76330710888984e-07
500,100,100,1.0,feasible,0.734818381647568,0.7758722272330071,0.8142496208117491,0.07943123916418116,0.6079396359999999,0.647546941824,0.7450259015999998,0.13708626559999992,0.0,0.06902380824434286,0.2477101718571428,0.2477101718571428,0.09089216020509182,0.24890119701391084,0.5624999999999997,0.47160783979490783,0.19134122624311836,0.0,0.0,0.0,0.0,7.077002750435768e-05
501,100,100,1.0,feasible,0.734818381647568,0.7768621308051212,0.8142496208117491,0.07943123916418116,0.6079396359999999,0.6486599413119998,0.7450259015999998,0.13708626559999992,0.0,0.07135166074727142,0.2745207056547619,0.2745207056547619,0.09089216020509182,0.24508122317149802,0.5624999999999997,0.47160783979490783,0.19136170921969187,0.0,0.0,0.0,0.0,2.048297657350484e-05
502,100,100,1.0,feasible,0.734818381647568,0.7771275614401826,0.8142496208117491,0.07943123916418116,0.6079396359999999,0.6461322977039998,0.7450259015999998,0.13708626559999992,0.0,0.0754125084307,0.2508207387857142,0.2508207387857142,0.09089216020509182,0.24049311667009599,0.5624999999999997,0.47160783979490783,0.1914272871144541,0.0,0.0,0.0,0.0,6.557789476221987e-05
503,100,100,1.0,feasible,0.734818381647568,0.7786359892199957,0.8142496208117491,0.07943123916418116,0.6079396359999999,0.6490868380479999,0.7450259015999998,0.13708626559999992,0.0,0.074095729735205,0.25177978935714285,0.25177978935714285,0.09089216020509182,0.2375462841889793,0.5624999999999997,0.47160783979490783,0.1914396516521707,0.0,0.0,0.0,0.0,1.236453771660817e-05
504,100,100,1.0,feasible,0.734818381647568,0.7754459855240438,0.8153142047337486,0.08049582308618064,0.6079396359999999,0.6452010963679998,0.7450259015999998,0.13708626559999992,0.0,0.06946325376890333,0.2780525636936429,0.2780525636936429,0.09089216020509182,0.2517212836724602,0.5624999999999997,0.47160783979490783,0.19142336892105832,0.0,0.0,0.0,0.0,-1.628273111237144e-05
505,100,100,1.0,feasible,0.734818381647568,0.7758167739399647,0.8153142047337486,0.08049582308618064,0.6079396359999999,0.644467688608,0.7450259015999998,0.13708626559999992,0.0,0.0722783717050026,0.2603256134857143,0.2603256134857143,0.09089216020509182,0.2519010033058338,0.5624999999999997,0.47160783979490783,0.19121338356299872,0.0,0.0,0.0,0.0,-0.0002099853580596056
506,100,100,1.0,feasible,0.734818381647568,0.7817352087105155,0.8153142047337486,0.08049582308618064,0.6079396359999999,0.6511262828559998,0.7450259015999998,0.13708626559999992,0.0,0.07725007450052405,0.2603256134857143,0.2603256134857143,0.09089216020509182,0.21922157715307491,0.5624999999999997,0.47160783979490783,0.19124415425309366,0.0,0.0,0.0,0.0,3.0770690094938935e-05
507,100,100,1.0,feasible,0.734818381647568,0.7784934862191057,0.8153142047337486,0.08049582308618064,0.6079396359999999,0.6465444658,0.7450259015999998,0.13708626559999992,0.0,0.07152919599916667,0.24425829766666665,0.24425829766666665,0.09089216020509182,0.23553484994683355,0.5624999999999997,0.47160783979490783,0.1912985919455113,0.0,0.0,0.0,0.0,5.4437692417641514e-05
508,100,100,1.0,feasible,0.734818381647568,0.7790827887883067,0.8153142047337486,0.08049582308618064,0.6079396359999999,0.648868316584,0.7450259015999998,0.13708626559999992,0.0,0.07368147965692858,0.2616645470380953,0.2616645470380953,0.09089216020509182,0.23716097896850755,0.5624999999999997,0.47160783979490783,0.19135743210833694,0.0,0.0,0.0,0.0,5.88401628256463e-05
509,100,100,1.0,feasible,0.734818381647568,0.7774454889958662,0.8153142047337486,0.08049582308618064,0.6079396359999999,0.6473105189999999,0.7450259015999998,0.13708626559999992,0.0,0.07600611523854287,0.2616645470380953,0.2616645470380953,0.09089216020509182,0.24789406717268123,0.5624999999999997,0.47160783979490783,0.1912882074045183,0.0,0.0,0.0,0.0,-6.922470381864887e-05
510,100,100,1.0,feasible,0.734818381647568,0.779391627721382,0.8153142047337486,0.08049582308618064,0.6079396359999999,0.651758482136,0.7450259015999998,0.13708626559999992,0.0,0.07513584691118573,0.2616645470380953,0.2616645470380953,0.09089216020509182,0.23771616360871675,0.5624999999999997,0.47160783979490783,0.1912562785508914,0.0,0.0,0.0,0.0,-3.1928853626905784e-05
511,100,100,1.0,feasible,0.734818381647568,0.7786262220457678,0.8153142047337486,0.08049582308618064,0.6079396359999999,0.6462242894319998,0.7450259015999998,0.13708626559999992,0.0,0.08148376464728095,0.2616645470380953,0.2616645470380953,0.09089216020509182,0.23420543079450953,0.5624999999999997,0.47160783979490783,0.1912639568459319,0.0,0.0,0.0,0.0,7.678295040502991e-06
512,100,100,1.0,feasible,0.734818381647568,0.7789565224600145,0.8153142047337486,0.08049582308618064,0.6079396359999999,0.647667790024,0.7450259015999998,0.13708626559999992,0.0,0.08104514491246428,0.26247670851428573,0.26247670851428573,0.09089216020509182,0.23541045844692832,0.5624999999999997,0.47160783979490783,0.19126919761307845,0.0,0.0,0.0,0.0,5.2407671465581895e-06
513,100,100,1.0,feasible,0.734818381647568,0.7796036485383637,0.8153142047337486,0.08049582308618064,0.6079396359999999,0.6484965163839999,0.7455317248,0.13759208880000007,0.0,0.08253455139593333,0.26247670851428573,0.26247670851428573,0.09089216020509182,0.23209369995579707,0.5624999999999997,0.47160783979490783,0.19126602857102437,0.0,0.0,0.0,0.0,-3.1690420540797515e-06
514,100,100,1.0,feasible,0.734818381647568,0.7797488890516806,0.8158459134355431,0.08102753178797517,0.6079396359999999,0.6492126612319998,0.7455317248,0.13759208880000007,0.0,0.08107422250743333,0.26247670851428573,0.26247670851428573,0.09089216020509182,0.23378463304761377,0.5624999999999997,0.47160783979490783,0.19118102255357153,0.0,0.0,0.0,0.0,-8.500601745284331e-05
515,100,100,1.0,feasible,0.734818381647568,0.777470476128059,0.8158459134355431,0.08102753178797517,0.6079396359999999,0.6477957301599999,0.7455317248,0.13759208880000007,0.0,0.07500034601073095,0.26247670851428573,0.26247670851428573,0.09089216020509182,0.24632644686564428,0.5624999999999997,0.47160783979490783,0.19116552027140463,0.0,0.0,0.0,0.0,-1.5502282166901526e-05
516,100,100,1.0,feasible,0.734818381647568,0.7811012033802522,0.8158459134355431,0.08102753178797517,0.6079396359999999,0.6522842365839998,0.7455317248,0.13759208880000007,0.0,0.07851754998780239,0.26247670851428573,0.26247670851428573,0.09089216020509182,0.2241858956132842,0.5624999999999997,0.47160783979490783,0.19128164360199681,0.0,0.0,0.0,0.0,0.00011612333059218827
517,100,100,1.0,feasible,0.734818381647568,0.7783784840039769,0.8158459134355431,0.08102753178797517,0.6079396359999999,0.6469435461039998,0.7455317248,0.13759208880000007,0.0,0.08071790459412381,0.2558858983028572,0.2558858983028572,0.09089216020509182,0.2379440224437131,0.5624999999999997,0.47160783979490783,0.19123711016467493,0.0,0.0,0.0,0.0,-4.4533437321886415e-05
518,100,100,1.0,feasible,0.734818381647568,0.7823604992866237,0.8158459134355431,0.08102753178797517,0.6079396359999999,0.6507409854959998,0.7455317248,0.13759208880000007,0.0,0.08366492030794051,0.25751114076690473,0.25751114076690473,0.09089216020509182,0.21560746315550378,0.5624999999999997,0.47160783979490783,0.19127555338502966,0.0,0.0,0.0,0.0,3.8443220354733576e-05
519,100,100,1.0,feasible,0.734818381647568,0.7796321660169538,0.8158459134355431,0.08102753178797517,0.6079396359999999,0.6484666745439998,0.7455317248,0.13759208880000007,0.0,0.08030705917841667,0.25751114076690473,0.25751114076690473,0.09089216020509182,0.2309929126611152,0.5624999999999997,0.47160783979490783,0.19122422033816855,0.0,0.0,0.0,0.0,-5.133304686111284e-05
520,100,100,1.0,feasible,0.734818381647568,0.7777907805251775,0.8158459134355431,0.08102753178797517,0.6079396359999999,0.649263265768,0.7455317248,0.13759208880000007,0.0,0.0750423551104643,0.25751114076690473,0.25751114076690473,0.09089216020509182,0.24240191714437448,0.5624999999999997,0.47160783979490783,0.19117280350654106,0.0,0.0,0.0,0.0,-5.141683162748767e-05
521,100,100,1.0,feasible,0.734818381647568,0.7795234096148813,0.8158459134355431,0.08102753178797517,0.6079396359999999,0.650360312344,0.7455317248,0.13759208880000007,0.0,0.07624437506889284,0.25751114076690473,0.25751114076690473,0.09089216020509182,0.23275997279170466,0.5624999999999997,0.47160783979490783,0.19131133356853747,0.0,0.0,0.0,0.0,0.00013853006199640583
522,100,100,1.0,feasible,0.734818381647568,0.7811361210664016,0.8158459134355431,0.08102753178797517,0.6079396359999999,0.654667579096,0.7455317248,0.13759208880000007,0.0,0.07565795451776762,0.25751114076690473,0.25751114076690473,0.09089216020509182,0.2278644469659804,0.5624999999999997,0.47160783979490783,0.191234881016341,0.0,0.0,0.0,0.0,-7.645255219645986e-05
523,100,100,1.0,feasible,0.734818381647568,0.7798264026267596,0.8142496208117491,0.07943123916418116,0.6079396359999999,0.6513936270319999,0.7455317248,0.13759208880000007,0.0,0.07937424875861523,0.25751114076690473,0.25751114076690473,0.09089216020509182,0.23410394454775785,0.5624999999999997,0.47160783979490783,0.19098049996195565,0.0,0.0,0.0,0.0,-0.0002543810543853553
524,100,100,1.0,feasible,0.734818381647568,0.7798327001857569,0.8142496208117491,0.07943123916418116,0.6079396359999999,0.6480436036879997,0.7455317248,0.13759208880000007,0.0,0.08152290489542477,0.25751114076690473,0.25751114076690473,0.09089216020509182,0.23416707644128468,0.5624999999999997,0.47160783979490783,0.19106643337999413,0.0,0.0,0.0,0.0,8.59334180384752e-05
525,100,100,1.0,feasible,0.734818381647568,0.7836509485549336,0.8142496208117491,0.07943123916418116,0.6079396359999999,0.6544677635919999,0.7455317248,0.13759208880000007,0.0,0.08488509019681048,0.25751114076690473,0.25751114076690473,0.09089216020509182,0.21426035128857726,0.5624999999999997,0.47160783979490783,0.1911514462348299,0.0,0.0,0.0,0.0,8.501285483578092e-05
526,100,100,1.0,feasible,0.734818381647568,0.7805161432761237,0.8142496208117491,0.07943123916418116,0.6079396359999999,0.6522629460399999,0.7455317248,0.13759208880000007,0.0,0.07718209391582383,0.2587861787126191,0.2587861787126191,0.09089216020509182,0.2284091670318004,0.5624999999999997,0.47160783979490783,0.19126875748654082,0.0,0.0,0.0,0.0,0.00011731125171091095
527,100,100,1.0,feasible,0.734818381647568,0.7810807580503375,0.8142496208117491,0.07943123916418116,0.6079396359999999,0.6525104414799999,0.7455317248,0.13759208880000007,0.0,0.08149772093430953,0.2587861787126191,0.2587861787126191,0.09089216020509182,0.22740892185846764,0.5624999999999997,0.47160783979490783,0.1913153314935387,0.0,0.0,0.0,0.0,4.657400699786818e-05
528,100,100,1.0,feasible,0.734818381647568,0.7790729093541241,0.8142496208117491,0.07943123916418116,0.6079396359999999,0.65109564248,0.7455317248,0.13759208880000007,0.0,0.07774288243175476,0.26048391972619045,0.26048391972619045,0.09089216020509182,0.23574935022614024,0.5624999999999997,0.47160783979490783,0.19132645507560897,0.0,0.0,0.0,0.0,1.1123582070282634e-05
529,100,100,1.0,feasible,0.734818381647568,0.7781060159306159,0.8142496208117491,0.07943123916418116,0.6079396359999999,0.6502617414879999,0.7455317248,0.13759208880000007,0.0,0.07619600755454047,0.25751114076690473,0.25751114076690473,0.09089216020509182,0.24223244604283,0.5624999999999997,0.47160783979490783,0.19129372465477296,0.0,0.0,0.0,0.0,-3.273042083601352e-05
530,100,100,1.0,feasible,0.734818381647568,0.7781691126663527,0.8142496208117491,0.07943123916418116,0.6079396359999999,0.6513305925679999,0.7455317248,0.13759208880000007,0.0,0.07523513708713572,0.2645211052142857,0.2645211052142857,0.09089216020509182,0.2404230507895663,0.5624999999999997,0.47160783979490783,0.19132666109001592,0.0,0.0,0.0,0.0,3.293643524296397e-05
531,100,100,1.0,feasible,0.734818381647568,0.7807928042061291,0.8142496208117491,0.07943123916418116,0.6079396359999999,0.6503869171599997,0.7455317248,0.13759208880000007,0.0,0.08731049411252859,0.2683241977361905,0.2683241977361905,0.09089216020509182,0.2269799976398352,0.5624999999999997,0.47160783979490783,0.19117850270758951,0.0,0.0,0.0,0.0,-0.00014815838242640544
532,100,100,1.0,feasible,0.734818381647568,0.7788601427223415,0.8142330238257199,0.07941464217815197,0.6079396359999999,0.6495308653679999,0.7455317248,0.13759208880000007,0.0,0.08089916234820001,0.2704163210366667,0.2704163210366667,0.09085721342027932,0.23487166558319517,0.5624999999999997,0.47164278657972036,0.19135419514877244,0.0,0.0,0.0,3.4946784812500686e-05,0.0001756924411829286
533,100,100,1.0,feasible,0.734818381647568,0.7810498837519404,0.8142330238257199,0.07941464217815197,0.6079396359999999,0.6546514806719997,0.7455317248,0.13759208880000007,0.0,0.07662462852569309,0.2704163210366667,0.2704163210366667,0.09085721342027932,0.22196018388118216,0.5624999999999997,0.47164278657972036,0.19129073019189952,0.0,0.0,0.0,0.0,-6.34649568729273e-05
534,100,100,1.0,feasible,0.734818381647568,0.7773899919862906,0.8142330238257199,0.07941464217815197,0.6079396359999999,0.6484477710799998,0.7455317248,0.13759208880000007,0.0,0.07396994812098572,0.2704163210366667,0.2704163210366667,0.09085721342027932,0.24368249710558043,0.5624999999999997,0.47164278657972036,0.19137517917099184,0.0,0.0,0.0,0.0,8.444897909232196e-05
535,100,100,1.0,feasible,0.734818381647568,0.7801959057070098,0.8142330238257199,0.07941464217815197,0.6079396359999999,0.6512545580639998,0.7467365255999999,0.13879688960000003,0.0,0.08154578150365,0.2811627506347619,0.2811627506347619,0.09085721342027932,0.22678714301988362,0.5624999999999997,0.47164278657972036,0.19137161433651434,0.0,0.0,0.0,0.0,-3.5648344774985574e-06
536,100,100,1.0,feasible,0.734818381647568,0.7787221373005075,0.8142330238257199,0.07941464217815197,0.6079396359999999,0.6504914771599999,0.7467365255999999,0.13879688960000003,0.0,0.0766015878739119,0.2811627506347619,0.2811627506347619,0.09085721342027932,0.23101809440898896,0.5624999999999997,0.47164278657972036,0.1914907558090727,0.0,0.0,0.0,0.0,0.0001191414725583706
537,100,100,1.0,feasible,0.734818381647568,0.779216734972878,0.8142330238257199,0.07941464217815197,0.6079396359999999,0.6464730887519999,0.7467365255999999,0.13879688960000003,0.0,0.08868399028298572,0.2811627506347619,0.2811627506347619,0.09085721342027932,0.229749110968582,0.5624999999999997,0.47164278657972036,0.19147959653366087,0.0,0.0,0.0,0.0,-1.1159275411842806e-05
538,100,100,1.0,feasible,0.734818381647568,0.7801399837737426,0.8142330238257199,0.07941464217815197,0.6079396359999999,0.649912217656,0.7467365255999999,0.13879688960000003,0.0,0.08500353719657618,0.2811627506347619,0.2811627506347619,0.09085721342027932,0.2269569220023701,0.5624999999999997,0.47164278657972036,0.19134387417334325,0.0,0.0,0.0,0.0,-0.00013572236031761387
539,100,100,1.0,feasible,0.734818381647568,0.778847502979087,0.8142330238257199,0.07941464217815197,0.6079396359999999,0.6491097768319999,0.7467365255999999,0.13879688960000003,0.0,0.08257997399481905,0.26433871899761907,0.26433871899761907,0.09085721342027932,0.23586606357646797,0.5624999999999997,0.47164278657972036,0.19131294357863293,0.0,0.0,0.0,0.0,-3.093059471032111e-05
540,100,100,1.0,feasible,0.734818381647568,0.782500550861633,0.8142330238257199,0.07941464217815197,0.6079396359999999,0.6535363215039999,0.7467365255999999,0.13879688960000003,0.0,0.08519580308953331,0.2691537754261905,0.2691537754261905,0.09085721342027932,0.21513327669364096,0.5624999999999997,0.47164278657972036,0.1912864373694069,0.0,0.0,0.0,0.0,-2.650620922603486e-05
541,100,100,1.0,feasible,0.734818381647568,0.7779986041721173,0.8142330238257199,0.07941464217815197,0.6079396359999999,0.6484059601679999,0.7467365255999999,0.13879688960000003,0.0,0.08081830134462856,0.2750330778357143,0.2750330778357143,0.09085721342027932,0.24024126685078323,0.5624999999999997,0.47164278657972036,0.19137053592987174,0.0,0.0,0.0,0.0,8.409856046484587e-05
542,100,100,1.0,feasible,0.734818381647568,0.7792240937889174,0.8142330238257199,0.07941464217815197,0.6079396359999999,0.651307968872,0.7467365255999999,0.13879688960000003,0.0,0.07967801137738097,0.3478516381880953,0.3478516381880953,0.09085721342027932,0.2352281436514286,0.5624999999999997,0.47164278657972036,0.19142643214565463,0.0,0.0,0.0,0.0,5.589621578289128e-05
543,100,100,1.0,feasible,0.734818381647568,0.7809988628224583,0.8142330238257199,0.07941464217815197,0.6079396359999999,0.6517624427119998,0.7467365255999999,0.13879688960000003,0.0,0.08103631426221906,0.26464317765476186,0.26464317765476186,0.09085721342027932,0.22576021734170876,0.5624999999999997,0.47164278657972036,0.1913414278792072,0.0,0.0,0.0,0.0,-8.500426644744707e-05
544,100,100,1.0,feasible,0.734818381647568,0.7803861108105279,0.8142330238257199,0.07941464217815197,0.6079396359999999,0.6470639972,0.7467365255999999,0.13879688960000003,0.0,0.08732234236591072,0.26464317765476186,0.26464317765476186,0.09085721342027932,0.22633031863338846,0.5624999999999997,0.47164278657972036,0.19137570723748443,0.0,0.0,0.0,0.0,3.427935827723938e-05
545,100,100,1.0,feasible,0.734818381647568,0.778916380716167,0.8142330238257199,0.07941464217815197,0.6079396359999999,0.6474625890399999,0.7467365255999999,0.13879688960000003,0.0,0.08000320941263213,0.2659821102690476,0.2659821102690476,0.09085721342027932,0.23354469604564113,0.5624999999999997,0.47164278657972036,0.19140271318725333,0.0,0.0,0.0,0.0,2.700594976889903e-05
546,100,100,1.0,feasible,0.734818381647568,0.7802055007316904,0.8142330238257199,0.07941464217815197,0.6079396359999999,0.652833472344,0.7468865751999998,0.1389469391999999,0.0,0.07961652632746546,0.3071896071261905,0.3071896071261905,0.09085721342027932,0.23150414004606548,0.5624999999999997,0.47164278657972036,0.19133256099376933,0.0,0.0,0.0,0.0,-7.01521934839966e-05
547,100,100,1.0,feasible,0.734818381647568,0.7794915577468473,0.8142330238257199,0.07941464217815197,0.6079396359999999,0.6511264839839999,0.7472184655999998,0.13927882959999993,0.0,0.08186946270542023,0.3071896071261905,0.3071896071261905,0.09085721342027932,0.23352186366501798,0.5624999999999997,0.47164278657972036,0.1912856025654869,0.0,0.0,0.0,0.0,-4.695842828242314e-05
548,100,100,1.0,feasible,0.734818381647568,0.7804943766757367,0.8142330238257199,0.07941464217815197,0.6079396359999999,0.6502538052799999,0.7472184655999998,0.13927882959999993,0.0,0.08256122716013213,0.3071896071261905,0.3071896071261905,0.09085721342027932,0.22506167694790896,0.5624999999999997,0.47164278657972036,0.1912287770511552,0.0,0.0,0.0,0.0,-5.682551433169869e-05
549,100,100,1.0,feasible,0.734818381647568,0.7805290679835347,0.8142330238257199,0.07941464217815197,0.6079396359999999,0.6545708755359999,0.752324864,0.1443852280000001,0.0,0.07458149236039405,0.24846240535714287,0.24846240535714287,0.09085721342027932,0.22938300809797846,0.5624999999999997,0.47164278657972036,0.19116820285497318,0.0,0.0,0.0,0.0,-6.0574196182022755e-05
550,100,100,1.0,feasible,0.734818381647568,0.7820914849737497,0.8142330238257199,0.07941464217815197,0.6079396359999999,0.6564147897599999,0.7536611927999999,0.14572155679999999,0.0,0.07882347156403333,0.2877903903571428,0.2877903903571428,0.09085721342027932,0.22085049903300155,0.5624999999999997,0.47164278657972036,0.19122364184036977,0.0,0.0,0.0,0.0,5.543898539658865e-05
551,100,100,1.0,feasible,0.734818381647568,0.778142960803551,0.8142330238257199,0.07941464217815197,0.6079396359999999,0.6516065088719999,0.7536611927999999,0.14572155679999999,0.0,0.0749873330724857,0.291801465352381,0.291801465352381,0.09085721342027932,0.23732949517015509,0.5624999999999997,0.47164278657972036,0.19118091657571454,0.0,0.0,0.0,0.0,-4.272526465523563e-05
552,100,100,1.0,feasible,0.734818381647568,0.7767189251696232,0.8142330238257199,0.07941464217815197,0.6079396359999999,0.6496962396799999,0.7536636159999999,0.14572397999999998,0.0,0.07138435648886665,0.2877903903571428,0.2877903903571428,0.09085721342027932,0.24140790593935468,0.5624999999999997,0.47164278657972036,0.19128798369439498,0.0,0.0,0.0,0.0,0.00010706711868044283
553,100,100,1.0,feasible,0.734818381647568,0.7778216309490172,0.8142330238257199,0.07941464217815197,0.6079396359999999,0.648751160232,0.7536636159999999,0.14572397999999998,0.0,0.0774222816332857,0.2877903903571428,0.2877903903571428,0.09085721342027932,0.23213030032576334,0.5624999999999997,0.47164278657972036,0.19142183317568828,0.0,0.0,0.0,0.0,0.0001338494812933022
554,100,100,1.0,feasible,0.734818381647568,0.7766680993276124,0.8142330238257199,0.07941464217815197,0.6079396359999999,0.649234406088,0.7536636159999999,0.14572397999999998,0.0,0.07379715206607142,0.2536055094285714,0.2536055094285714,0.09085721342027932,0.24400707354783394,0.5624999999999997,0.47164278657972036,0.19139335584396092,0.0,0.0,0.0,0.0,-2.8477331727366773e-05
555,100,100,1.0,feasible,0.734818381647568,0.7789943573849268,0.8142330238257199,0.07941464217815197,0.6079396359999999,0.6510391964319999,0.7536636159999999,0.14572397999999998,0.0,0.0804942839074762,0.2536055094285714,0.2536055094285714,0.09085721342027932,0.23060879943665374,0.5624999999999997,0.47164278657972036,0.19136606434719933,0.0,0.0,0.0,0.0,-2.729149676158893e-05
556,100,100,1.0,feasible,0.734818381647568,0.7770746757016027,0.8142330238257199,0.07941464217815197,0.6079396359999999,0.6464422347679999,0.7472184655999998,0.13927882959999993,0.0,0.07895427616700239,0.2715103218359524,0.2715103218359524,0.09085721342027932,0.24035959201412282,0.5624999999999997,0.47164278657972036,0.19141339985430844,0.0,0.0,0.0,0.0,4.733550710911416e-05
557,100,100,1.0,feasible,0.734818381647568,0.7799983589172029,0.8142330238257199,0.07941464217815197,0.6079396359999999,0.6487072759439998,0.7472184655999998,0.13927882959999993,0.0,0.08425450870783571,0.2715103218359524,0.2715103218359524,0.09085721342027932,0.22324321710591014,0.5624999999999997,0.47164278657972036,0.19148403857463447,0.0,0.0,0.0,0.0,7.06387203260328e-05
558,100,100,1.0,feasible,0.734818381647568,0.7786434252986936,0.8142330238257199,0.07941464217815197,0.6079396359999999,0.6477878405359998,0.7465920127999999,0.13865237679999998,0.0,0.07872076576162143,0.2715103218359524,0.2715103218359524,0.09085721342027932,0.2326112648797983,0.5624999999999997,0.47164278657972036,0.19152445392701498,0.0,0.0,0.0,0.0,4.041535238050176e-05
559,100,100,1.0,feasible,0.734818381647568,0.7788295615989048,0.8142330238257199,0.07941464217815197,0.6079396359999999,0.6487613510239999,0.7465920127999999,0.13865237679999998,0.0,0.0813450165568357,0.2715103218359524,0.2715103218359524,0.09085721342027932,0.2310040204661069,0.5624999999999997,0.47164278657972036,0.19146664690726395,0.0,0.0,0.0,0.0,-5.78070197510272e-05
560,100,100,1.0,feasible,0.734818381647568,0.7803851372935309,0.8142330238257199,0.07941464217815197,0.6079396359999999,0.6523448318,0.7465920127999999,0.13865237679999998,0.0,0.07870273930173095,0.24709482983095243,0.24709482983095243,0.09085721342027932,0.2242453839474602,0.5624999999999997,0.47164278657972036,0.19146142675415198,0.0,0.0,0.0,0.0,-5.2201531119677735e-06
561,100,100,1.0,feasible,0.734818381647568,0.7801131921110006,0.8142330238257199,0.07941464217815197,0.6079396359999999,0.652592445712,0.7465920127999999,0.13865237679999998,0.0,0.07936342762008809,0.2550381711595238,0.2550381711595238,0.09085721342027932,0.2278602955008056,0.5624999999999997,0.47164278657972036,0.19128069389006774,0.0,0.0,0.0,0.0,-0.0001807328640842376
562,100,100,1.0,feasible,0.734818381647568,0.7779126399516856,0.8142330238257199,0.07941464217815197,0.6079396359999999,0.646532799672,0.7465920127999999,0.13865237679999998,0.0,0.08172921122290477,0.2550381711595238,0.2550381711595238,0.09085721342027932,0.2372149239126936,0.5624999999999997,0.47164278657972036,0.19138379389539656,0.0,0.0,0.0,0.0,0.00010310000532881558
563,100,100,1.0,feasible,0.734818381647568,0.7779280573125424,0.8142330238257199,0.07941464217815197,0.6079396359999999,0.6468325010319999,0.7465920127999999,0.13865237679999998,0.0,0.08382433303837857,0.2550381711595238,0.2550381711595238,0.09085721342027932,0.23628634711704616,0.5624999999999997,0.47164278657972036,0.19142746280733303,0.0,0.0,0.0,0.0,4.366891193646749e-05
564,100,100,1.0,feasible,0.734818381647568,0.7767190775609162,0.8142330238257199,0.07941464217815197,0.6079396359999999,0.6436897662639999,0.7465920127999999,0.13865237679999998,0.0,0.08224583418074526,0.2625605701309524,0.2625605701309524,0.09085721342027932,0.23849739061421313,0.5624999999999997,0.47164278657972036,0.19144413044424335,0.0,0.0,0.0,0.0,1.666763691032802e-05
565,100,100,1.0,feasible,0.734818381647568,0.7781786937488008,0.8142330238257199,0.07941464217815197,0.6079396359999999,0.64406362976,0.7465920127999999,0.13865237679999998,0.0,0.08694865023078097,0.2625605701309524,0.2625605701309524,0.09085721342027932,0.22835575507123881,0.5624999999999997,0.47164278657972036,0.19143902619463307,0.0,0.0,0.0,0.0,-5.104249610282663e-06
566,100,100,1.0,feasible,0.734818381647568,0.7776535488165629,0.8142330238257199,0.07941464217815197,0.6079396359999999,0.6465431822,0.7510063959999999,0.14306675999999996,0.0,0.07663746379168095,0.2581345731019048,0.2581345731019048,0.09085721342027932,0.23441395477310814,0.5624999999999997,0.47164278657972036,0.19123396839285095,0.0,0.0,0.0,0.0,-0.0002050578017821214
567,100,100,1.0,feasible,0.734818381647568,0.779386226468177,0.8142330238257199,0.07941464217815197,0.6079396359999999,0.6505381852639998,0.7510063959999999,0.14306675999999996,0.0,0.0767229608004238,0.2529253699261905,0.2529253699261905,0.09085721342027932,0.23046034103417345,0.5624999999999997,0.47164278657972036,0.19130772611063313,0.0,0.0,0.0,0.0,7.375771778217466e-05
568,100,100,1.0,feasible,0.734818381647568,0.7789341317234404,0.8142330238257199,0.07941464217815197,0.6079396359999999,0.6488752179279998,0.7524524152,0.14451277920000005,0.0,0.07833898378330476,0.2529253699261905,0.2529253699261905,0.09085721342027932,0.2309987223487858,0.5624999999999997,0.47164278657972036,0.19128393514780176,0.0,0.0,0.0,0.0,-2.3790962831365947e-05
569,100,100,1.0,feasible,0.734818381647568,0.7768265194905203,0.8142330238257199,0.07941464217815197,0.6079396359999999,0.6498742285599998,0.7524524152,0.14451277920000005,0.0,0.06929149578061668,0.2529253699261905,0.2529253699261905,0.09085721342027932,0.24242807740873332,0.5624999999999997,0.47164278657972036,0.19128507910347892,0.0,0.0,0.0,0.0,1.1439556771575266e-06
570,100,100,1.0,feasible,0.734818381647568,0.7777845232536237,0.8142330238257199,0.07941464217815197,0.6079396359999999,0.6514238732799998,0.7524524152,0.14451277920000005,0.0,0.07151053957155,0.2529253699261905,0.2529253699261905,0.09085721342027932,0.23721372683783243,0.5624999999999997,0.47164278657972036,0.1912914405800036,0.0,0.0,0.0,0.0,6.361476524691101e-06
571,100,100,1.0,feasible,0.734818381647568,0.778335410705004,0.8142330238257199,0.07941464217815197,0.6079396359999999,0.649977004816,0.7524524152,0.14451277920000005,0.0,0.07434531548055,0.2529253699261905,0.2529253699261905,0.09085721342027932,0.23708971618795277,0.5624999999999997,0.47164278657972036,0.19124530817069257,0.0,0.0,0.0,0.0,-4.6132409311033795e-05
572,100,100,1.0,feasible,0.734818381647568,0.7772768141620011,0.8142330238257199,0.07941464217815197,0.6079396359999999,0.6489400238239997,0.7524524152,0.14451277920000005,0.0,0.07307133309378809,0.29044656027380955,0.29044656027380955,0.09085721342027932,0.23967313162847137,0.5624999999999997,0.47164278657972036,0.19116549744609967,0.0,0.0,0.0,0.0,-7.981072459289917e-05
573,100,100,1.0,feasible,0.734818381647568,0.7759398496389512,0.8142330238257199,0.07941464217815197,0.6079396359999999,0.6470451064639999,0.7510063959999999,0.14306675999999996,0.0,0.07279699006516906,0.3134764754142857,0.3134764754142857,0.09085721342027932,0.24845213084045883,0.5624999999999997,0.47164278657972036,0.19124378222507227,0.0,0.0,0.0,0.0,7.828477897259267e-05
574,100,100,1.0,feasible,0.734818381647568,0.7794134377653359,0.8142330238257199,0.07941464217815197,0.6079396359999999,0.6520749638079998,0.7510063959999999,0.14306675999999996,0.0,0.07498015978723332,0.26343978536619045,0.26343978536619045,0.09085721342027932,0.2264804203710882,0.5624999999999997,0.47164278657972036,0.19123456363633506,0.0,0.0,0.0,0.0,-9.21858873720316e-06
575,100,100,1.0,feasible,0.734818381647568,0.7777441903109902,0.8142330238257199,0.07941464217815197,0.6079396359999999,0.651206367472,0.7510063959999999,0.14306675999999996,0.0,0.07113010327430476,0.26343978536619045,0.26343978536619045,0.09085721342027932,0.23828730474557822,0.5624999999999997,0.47164278657972036,0.19132121508900218,0.0,0.0,0.0,0.0,8.665145266711916e-05
576,100,100,1.0,feasible,0.734818381647568,0.7777855497662778,0.8142330238257199,0.07941464217815197,0.6079396359999999,0.6494281882639998,0.7510063959999999,0.14306675999999996,0.0,0.07218512976021668,0.27910428853380953,0.27910428853380953,0.09085721342027932,0.2389020760999944,0.5624999999999997,0.47164278657972036,0.19112227880287064,0.0,0.0,0.0,0.0,-0.0001989362861315458
577,100,100,1.0,feasible,0.734818381647568,0.7782619159253832,0.8142330238257199,0.07941464217815197,0.6079396359999999,0.6484379818639999,0.7510063959999999,0.14306675999999996,0.0,0.07149389145547858,0.24590165080976195,0.24590165080976195,0.09085721342027932,0.23361267214719839,0.5624999999999997,0.47164278657972036,0.1912871252485912,0.0,0.0,0.0,0.0,0.00016484644572056784
578,100,100,1.0,feasible,0.734818381647568,0.7777791544163049,0.8142330238257199,0.07941464217815197,0.6079396359999999,0.6539731505599998,0.7510063959999999,0.14306675999999996,0.0,0.06160972746934762,0.2430439867833333,0.2430439867833333,0.09085721342027932,0.24251243055048385,0.5624999999999997,0.47164278657972036,0.19122409579364702,0.0,0.0,0.0,0.0,-6.302945494418566e-05
579,100,100,1.0,feasible,0.734818381647568,0.7812498545567125,0.8142330238257199,0.07941464217815197,0.6079396359999999,0.6576747888639999,0.7510063959999999,0.14306675999999996,0.0,0.06886107494149048,0.26695350424285713,0.26695350424285713,0.09085721342027932,0.22105555945150301,0.5624999999999997,0.47164278657972036,0.19110728316001774,0.0,0.0,0.0,0.0,-0.00011681263362928185
580,100,100,1.0,feasible,0.734818381647568,0.7800833761263148,0.8142330238257199,0.07941464217815197,0.6079396359999999,0.6536758059279998,0.7510063959999999,0.14306675999999996,0.0,0.07587805008203573,0.26695350424285713,0.26695350424285713,0.09085721342027932,0.22637587301221104,0.5624999999999997,0.47164278657972036,0.19116789645314441,0.0,0.0,0.0,0.0,6.061329312667674e-05
581,100,100,1.0,feasible,0.734818381647568,0.7781091677184169,0.8142330238257199,0.07941464217815197,0.6079396359999999,0.6466996534959999,0.7510063959999999,0.14306675999999996,0.0,0.08140712291961905,0.26695350424285713,0.26695350424285713,0.09085721342027932,0.23199404498048726,0.5624999999999997,0.47164278657972036,0.19131838350234914,0.0,0.0,0.0,0.0,0.00015048704920472833
582,100,100,1.0,feasible,0.734818381647568,0.7782972343283973,0.8142330238257199,0.07941464217815197,0.6079396359999999,0.647445010992,0.7510063959999999,0.14306675999999996,0.0,0.0803406449275619,0.26695350424285713,0.26695350424285713,0.09085721342027932,0.2346827640823749,0.5624999999999997,0.47164278657972036,0.1913286327874097,0.0,0.0,0.0,0.0,1.0249285060548452e-05
583,100,100,1.0,feasible,0.734818381647568,0.7784458365731779,0.8142330238257199,0.07941464217815197,0.6079396359999999,0.6456380852879998,0.7510063959999999,0.14306675999999996,0.0,0.08448577745131665,0.26695350424285713,0.26695350424285713,0.09085721342027932,0.22826479115152434,0.5624999999999997,0.47164278657972036,0.19143353061337826,0.0,0.0,0.0,0.0,0.00010489782596856401
584,100,100,1.0,feasible,0.734818381647568,0.7783642316266374,0.8142330238257199,0.07941464217815197,0.6079396359999999,0.6462979350559999,0.7510063959999999,0.14306675999999996,0.0,0.08321504941970716,0.26695350424285713,0.26695350424285713,0.09085721342027932,0.23245034828131955,0.5624999999999997,0.47164278657972036,0.19144241555033442,0.0,0.0,0.0,0.0,8.8849369561661e-06
585,100,100,1.0,feasible,0.734818381647568,0.7785864177210332,0.8142330238257199,0.07941464217815197,0.6079396359999999,0.6474657743199999,0.7510063959999999,0.14306675999999996,0.0,0.07891712368258809,0.26974306424523814,0.26974306424523814,0.09085721342027932,0.23310406092174818,0.5624999999999997,0.47164278657972036,0.19143033534743342,0.0,0.0,0.0,0.0,-1.2080202900999204e-05
586,100,100,1.0,feasible,0.734818381647568,0.7792455113477403,0.8142330238257199,0.07941464217815197,0.6079396359999999,0.6483657552079998,0.7510063959999999,0.14306675999999996,0.0,0.08456496994401669,0.26974306424523814,0.26974306424523814,0.09085721342027932,0.2306439178018628,0.5624999999999997,0.47164278657972036,0.19136296827848817,0.0,0.0,0.0,0.0,-6.736706894525102e-05
587,100,100,1.0,feasible,0.734818381647568,0.7751868821586173,0.8142330238257199,0.07941464217815197,0.6079396359999999,0.6466024359359999,0.7510063959999999,0.14306675999999996,0.0,0.07621825498858809,0.2657493204023809,0.2657493204023809,0.09085721342027932,0.2507964620225658,0.5624999999999997,0.47164278657972036,0.19126756036536882,0.0,0.0,0.0,0.0,-9.540791311934971e-05
588,100,100,1.0,feasible,0.734818381647568,0.7778460019473951,0.8142330238257199,0.07941464217815197,0.6079396359999999,0.6505024544879998,0.7510063959999999,0.14306675999999996,0.0,0.07280851064480238,0.25666831325000006,0.25666831325000006,0.09085721342027932,0.23563238134535996,0.5624999999999997,0.47164278657972036,0.19117970088721645,0.0,0.0,0.0,0.0,-8.785947815237449e-05
589,100,100,1.0,feasible,0.734818381647568,0.778729364251827,0.8142330238257199,0.07941464217815197,0.6079396359999999,0.6502027105679999,0.7510063959999999,0.14306675999999996,0.0,0.07773214958620715,0.25666831325000006,0.25666831325000006,0.09085721342027932,0.22741521282821398,0.5624999999999997,0.47164278657972036,0.19113289040293083,0.0,0.0,0.0,0.0,-4.681048428561985e-05
590,100,100,1.0,feasible,0.734818381647568,0.778510675677184,0.8142330238257199,0.07941464217815197,0.6079396359999999,0.6516396862239999,0.7510063959999999,0.14306675999999996,0.0,0.07747767079850953,0.2761890465880953,0.2761890465880953,0.09085721342027932,0.23392577825706581,0.5624999999999997,0.47164278657972036,0.19115498930805047,0.0,0.0,0.0,0.0,2.2098905119644074e-05
591,100,100,1.0,feasible,0.734818381647568,0.7783641424955958,0.8142330238257199,0.07941464217815197,0.6079396359999999,0.6520311619999998,0.7510063959999999,0.14306675999999996,0.0,0.07607357546858097,0.2761890465880953,0.2761890465880953,0.09085721342027932,0.23761352323019902,0.5624999999999997,0.47164278657972036,0.19109045639925587,0.0,0.0,0.0,0.0,-6.453290879460116e-05
592,100,100,1.0,feasible,0.734818381647568,0.776222185250205,0.8142330238257199,0.07941464217815197,0.6079396359999999,0.6473946526239999,0.7510063959999999,0.14306675999999996,0.0,0.07857435408689047,0.2761890465880953,0.2761890465880953,0.09085721342027932,0.24491679366254576,0.5624999999999997,0.47164278657972036,0.19103930457690935,0.0,0.0,0.0,0.0,-5.115182234652349e-05
593,100,100,1.0,feasible,0.734818381647568,0.7767538467470742,0.8143359151797392,0.07951753353217128,0.6079396359999999,0.6503447705919999,0.7510063959999999,0.14306675999999996,0.0,0.07425724652750952,0.2915556324404762,0.2915556324404762,0.09085721342027932,0.24319662921915508,0.5624999999999997,0.47164278657972036,0.19109137958831174,0.0,0.0,0.0,0.0,5.207501140239157e-05
594,100,100,1.0,feasible,0.734818381647568,0.7765215784068511,0.8142330238257199,0.07941464217815197,0.6079396359999999,0.6519613357759999,0.7510063959999999,0.14306675999999996,0.0,0.07376866418547619,0.2915556324404762,0.2915556324404762,0.09085721342027932,0.24634098995654696,0.5624999999999997,0.47164278657972036,0.1910683270450022,0.0,0.0,0.0,0.0,-2.305254330953188e-05
595,100,100,1.0,feasible,0.734818381647568,0.7801609717361728,0.8142330238257199,0.07941464217815197,0.6079396359999999,0.654049340056,0.7508794943999999,0.1429398584,0.0,0.0838717872107381,0.29674602665476185,0.29674602665476185,0.09085721342027932,0.2279195493590596,0.5624999999999997,0.47164278657972036,0.1911539027764726,0.0,0.0,0.0,0.0,8.557573147038866e-05
596,100,100,1.0,feasible,0.734818381647568,0.7775558790591804,0.8142330238257199,0.07941464217815197,0.6079396359999999,0.6500998116719998,0.7508794943999999,0.1429398584,0.0,0.08335202128857144,0.27988386878571425,0.27988386878571425,0.09085721342027932,0.2390303262563251,0.5624999999999997,0.47164278657972036,0.19109138182714447,0.0,0.0,0.0,0.0,-6.252094932812646e-05
597,100,100,1.0,feasible,0.734818381647568,0.7792635950586921,0.8142330238257199,0.07941464217815197,0.6079396359999999,0.650241463504,0.7508794943999999,0.1429398584,0.0,0.08559330697090477,0.2761890465880953,0.2761890465880953,0.09085721342027932,0.22748186655742852,0.5624999999999997,0.47164278657972036,0.19109517592376035,0.0,0.0,0.0,0.0,3.794096615883369e-06
598,100,100,1.0,feasible,0.734818381647568,0.7787612122015244,0.8144542393560428,0.07963585770847481,0.6079396359999999,0.6504256964079999,0.7508794943999999,0.1429398584,0.0,0.08175272776954763,0.2761890465880953,0.2761890465880953,0.09085721342027932,0.23106958072603515,0.5624999999999997,0.47164278657972036,0.1911465980936923,0.0,0.0,0.0,0.0,5.142216993195281e-05
599,100,100,1.0,feasible,0.734818381647568,0.7775179386330737,0.8142330238257199,0.07941464217815197,0.6079396359999999,0.6506094531919999,0.7508794943999999,0.1429398584,0.0,0.07443648022547618,0.2761890465880953,0.2761890465880953,0.09085721342027932,0.23906134464961884,0.5624999999999997,0.47164278657972036,0.191071804904723,0.0,0.0,0.0,0.0,-7.47931889693021e-05
600,100,100,1.0,feasible,0.734818381647568,0.7779233188259813,0.8142330238257199,0.07941464217815197,0.6079396359999999,0.6522878562720001,0.7508794943999999,0.1429398584,0.0,0.07356618684871429,0.2761890465880953,0.2761890465880953,0.09085721342027932,0.2375678518891692,0.5624999999999997,0.47164278657972036,0.19111720864441223,0.0,0.0,0.0,0.0,4.540373968922595e-05
601,100,100,1.0,feasible,0.734818381647568,0.7789953689899357,0.8142330238257199,0.07941464217815197,0.6079396359999999,0.6499559151279999,0.7508794943999999,0.1429398584,0.0,0.08243402050970954,0.2761890465880953,0.2761890465880953,0.09085721342027932,0.2333198576606385,0.5624999999999997,0.47164278657972036,0.19096564307099295,0.0,0.0,0.0,0.0,-0.00015156557341927668
602,100,100,1.0,feasible,0.734818381647568,0.777849979221391,0.8142330238257199,0.07941464217815197,0.6079396359999999,0.6531901821519999,0.7508794943999999,0.1429398584,0.0,0.07826710674214286,0.2831963448095238,0.2831963448095238,0.09085721342027932,0.24041696512588093,0.5624999999999997,0.47164278657972036,0.19092395712529517,0.0,0.0,0.0,0.0,-4.168594569778361e-05
603,100,100,1.0,feasible,0.734818381647568,0.7771514994427292,0.8142330238257199,0.07941464217815197,0.6079396359999999,0.6490085910559997,0.7508794943999999,0.1429398584,0.0,0.08544015927278574,0.29152683821428566,0.29152683821428566,0.09085721342027932,0.23967506203265965,0.5624999999999997,0.47164278657972036,0.19113487730986056,0.0,0.0,0.0,0.0,0.00021092018456539408
604,100,100,1.0,feasible,0.734818381647568,0.7775303300027905,0.8142330238257199,0.07941464217815197,0.6079396359999999,0.6506118838559999,0.7508794943999999,0.1429398584,0.0,0.08201499042716666,0.29152683821428566,0.29152683821428566,0.09085721342027932,0.23637260534571136,0.5624999999999997,0.47164278657972036,0.1911860802036498,0.0,0.0,0.0,0.0,5.120289378923726e-05
605,100,100,1.0,feasible,0.734818381647568,0.7795098333376939,0.8142330238257199,0.07941464217815197,0.6079396359999999,0.6519573527519998,0.7508794943999999,0.1429398584,0.0,0.08383279594300001,0.29152683821428566,0.29152683821428566,0.09085721342027932,0.23134532283818265,0.5624999999999997,0.47164278657972036,0.19103932945763968,0.0,0.0,0.0,0.0,-0.00014675074601011584
606,100,100,1.0,feasible,0.734818381647568,0.7791146180210352,0.8142330238257199,0.07941464217815197,0.6079396359999999,0.6526675952239998,0.7508794943999999,0.1429398584,0.0,0.077070963122495,0.27776259471428577,0.27776259471428577,0.09085721342027932,0.2344582756366448,0.5624999999999997,0.47164278657972036,0.19110988122208,0.0,0.0,0.0,0.0,7.055176444031863e-05
607,100,100,1.0,feasible,0.734818381647568,0.7782851069436449,0.8142330238257199,0.07941464217815197,0.6079396359999999,0.650966642192,0.7508794943999999,0.1429398584,0.0,0.0794260653479712,0.2902771054761905,0.2902771054761905,0.09085721342027932,0.23984683364721665,0.5624999999999997,0.47164278657972036,0.19098109557245518,0.0,0.0,0.0,0.0,-0.00012878564962481853
608,100,100,1.0,feasible,0.734818381647568,0.776588869380636,0.8142330238257199,0.07941464217815197,0.6079396359999999,0.6487715686239999,0.7508794943999999,0.1429398584,0.0,0.0802857605573,0.2936823112952381,0.2936823112952381,0.09085721342027932,0.24313174348850686,0.5624999999999997,0.47164278657972036,0.19102427051652987,0.0,0.0,0.0,0.0,4.317494407468647e-05
609,100,100,1.0,feasible,0.734818381647568,0.7787103227504231,0.8142330238257199,0.07941464217815197,0.6079396359999999,0.6506437100319998,0.7516939831999998,0.1437543471999999,0.0,0.08753988707422856,0.2939544324666667,0.2939544324666667,0.09085721342027932,0.2300774650993673,0.5624999999999997,0.47164278657972036,0.1910658411016659,0.0,0.0,0.0,0.0,4.1570585136041505e-05
610,100,100,1.0,feasible,0.734818381647568,0.7784580851490415,0.8142330238257199,0.07941464217815197,0.6079396359999999,0.653165010712,0.7516939831999998,0.1437543471999999,0.0,0.07996520371526192,0.3151163675357143,0.3151163675357143,0.09085721342027932,0.24028428630109513,0.5624999999999997,0.47164278657972036,0.19103065869768515,0.0,0.0,0.0,0.0,-3.5182403980760224e-05
611,100,100,1.0,feasible,0.734818381647568,0.780041719862906,0.8142330238257199,0.07941464217815197,0.6079396359999999,0.6522015583839998,0.7516939831999998,0.1437543471999999,0.0,0.08823899442997622,0.2928698289761905,0.2928698289761905,0.09085721342027932,0.22330413520770442,0.5624999999999997,0.47164278657972036,0.1911609748166978,0.0,0.0,0.0,0.0,0.00013031611901265228
612,100,100,1.0,feasible,0.734818381647568,0.7781947924886191,0.8142330238257199,0.07941464217815197,0.6079396359999999,0.6526556460959999,0.7516939831999998,0.1437543471999999,0.0,0.08137816986966667,0.30638150875,0.30638150875,0.09085721342027932,0.23640558250326626,0.5624999999999997,0.47164278657972036,0.19105036874465842,0.0,0.0,0.0,0.0,-0.00011060607203938755
613,100,100,1.0,feasible,0.734818381647568,0.7804402889993547,0.8142330238257199,0.07941464217815197,0.6079396359999999,0.6547124111599999,0.7516939831999998,0.1437543471999999,0.0,0.08899830483516666,0.30638150875,0.30638150875,0.09085721342027932,0.22808677130007865,0.5624999999999997,0.47164278657972036,0.19105473224386105,0.0,0.0,0.0,0.0,4.363499202630905e-06
614,100,100,1.0,feasible,0.734818381647568,0.7767167153872987,0.8142330238257199,0.07941464217815197,0.6079396359999999,0.65002460396,0.7516939831999998,0.1437543471999999,0.0,0.0808156714711667,0.3228353719404762,0.3228353719404762,0.09085721342027932,0.24311925122797212,0.5624999999999997,0.47164278657972036,0.19118598278344623,0.0,0.0,0.0,0.0,0.00013125053958518151
615,100,100,1.0,feasible,0.734818381647568,0.7796045854691016,0.8142330238257199,0.07941464217815197,0.6079396359999999,0.6537105153039998,0.7484889135999999,0.14054927760000002,0.0,0.07808597146052382,0.2561895537619047,0.2561895537619047,0.09085721342027932,0.2276789440227655,0.5624999999999997,0.47164278657972036,0.19133984463254633,0.0,0.0,0.0,0.0,0.00015386184910010092
616,100,100,1.0,feasible,0.734818381647568,0.7750719328187954,0.8142330238257199,0.07941464217815197,0.6079396359999999,0.646803403304,0.7507510583999999,0.1428114224,0.0,0.07531108439999999,0.2561895537619047,0.2561895537619047,0.09085721342027932,0.251756048220672,0.5624999999999997,0.47164278657972036,0.19125250436423158,0.0,0.0,0.0,0.0,-8.734026831475061e-05
617,100,100,1.0,feasible,0.734818381647568,0.7789765339158948,0.8142330238257199,0.07941464217815197,0.6079396359999999,0.651059224968,0.7507510583999999,0.1428114224,0.0,0.08332922857109526,0.2561895537619047,0.2561895537619047,0.09085721342027932,0.231667202013152,0.5624999999999997,0.47164278657972036,0.1911519332292681,0.0,0.0,0.0,0.0,-0.00010057113496347858
618,100,100,1.0,feasible,0.734818381647568,0.7765076238946156,0.8142330238257199,0.07941464217815197,0.6079396359999999,0.647782647768,0.7507510583999999,0.1428114224,0.0,0.08251588359697619,0.25793274999999993,0.25793274999999993,0.09085721342027932,0.23958573032574842,0.5624999999999997,0.47164278657972036,0.19124937466131733,0.0,0.0,0.0,0.0,9.744143204923339e-05
619,100,100,1.0,feasible,0.734818381647568,0.7777111954703224,0.8142330238257199,0.07941464217815197,0.6079396359999999,0.648479190904,0.7507510583999999,0.1428114224,0.0,0.08184147853390474,0.25793274999999993,0.25793274999999993,0.09085721342027932,0.2363796113930592,0.5624999999999997,0.47164278657972036,0.19125136121162095,0.0,0.0,0.0,0.0,1.986550303617607e-06
620,100,100,1.0,feasible,0.734818381647568,0.7772169274597526,0.8142330238257199,0.07941464217815197,0.6079396359999999,0.6508281189199998,0.7507510583999999,0.1428114224,0.0,0.07752571817311904,0.25793274999999993,0.25793274999999993,0.09085721342027932,0.24265167814136965,0.5624999999999997,0.47164278657972036,0.19125196919085508,0.0,0.0,0.0,0.0,6.079792341240342e-07
621,100,100,1.0,feasible,0.734818381647568,0.7771856648675284,0.8142330238257199,0.07941464217815197,0.6079396359999999,0.6493963901599998,0.7507510583999999,0.1428114224,0.0,0.07877320487583334,0.28899870458333327,0.28899870458333327,0.09085721342027932,0.24094195531860835,0.5624999999999997,0.47164278657972036,0.1912479153193454,0.0,0.0,0.0,0.0,-4.053871509673845e-06
622,100,100,1.0,feasible,0.734818381647568,0.7770208905028517,0.8142330238257199,0.07941464217815197,0.6079396359999999,0.6483473633679998,0.7507510583999999,0.1428114224,0.0,0.07535824135940476,0.24490034477857142,0.24490034477857142,0.09085721342027932,0.23999264344451793,0.5624999999999997,0.47164278657972036,0.1912847297732247,0.0,0.0,0.0,0.0,3.681445387929139e-05
623,100,100,1.0,feasible,0.734818381647568,0.7776567616041373,0.8142330238257199,0.07941464217815197,0.6079396359999999,0.650030177368,0.7507510583999999,0.1428114224,0.0,0.07330546788778572,0.24490034477857142,0.24490034477857142,0.09085721342027932,0.24149644137981113,0.5624999999999997,0.47164278657972036,0.19132581802643292,0.0,0.0,0.0,0.0,4.1088253208226844e-05
624,100,100,1.0,feasible,0.734818381647568,0.7783343196099978,0.8142330238257199,0.07941464217815197,0.6079396359999999,0.6472114622799999,0.7507510583999999,0.1428114224,0.0,0.07953034726283334,0.24490034477857142,0.24490034477857142,0.09085721342027932,0.23312130459057395,0.5624999999999997,0.47164278657972036,0.19129860844261787,0.0,0.0,0.0,0.0,-2.720958381505212e-05
625,100,100,1.0,feasible,0.734818381647568,0.7764692612875657,0.8142330238257199,0.07941464217815197,0.6079396359999999,0.6483102428319998,0.7507510583999999,0.1428114224,0.0,0.07280649163850002,0.24490034477857142,0.24490034477857142,0.09085721342027932,0.24856164990205226,0.5624999999999997,0.47164278657972036,0.19123011948003177,0.0,0.0,0.0,0.0,-6.84889625860996e-05
626,100,100,1.0,feasible,0.734818381647568,0.7784067376476025,0.8142330238257199,0.07941464217815197,0.6079396359999999,0.6539208203359999,0.7507510583999999,0.1428114224,0.0,0.07123912566957143,0.24490034477857142,0.24490034477857142,0.09085721342027932,0.2393172433756427,0.5624999999999997,0.47164278657972036,0.19122699501726906,0.0,0.0,0.0,0.0,-3.1244627627102783e-06
627,100,100,1.0,feasible,0.734818381647568,0.779406712783214,0.8142330238257199,0.07941464217815197,0.6079396359999999,0.651913197616,0.7507510583999999,0.1428114224,0.0,0.07750095366957142,0.24230060340238094,0.24230060340238094,0.09085721342027932,0.23221759378002996,0.5624999999999997,0.47164278657972036,0.19125902578177245,0.0,0.0,0.0,0.0,3.203076450339348e-05
628,100,100,1.0,feasible,0.734818381647568,0.7778021060296862,0.8142330238257199,0.07941464217815197,0.6079396359999999,0.6533847509759998,0.7507510583999999,0.1428114224,0.0,0.07544329671985714,0.2807968535714286,0.2807968535714286,0.09085721342027932,0.24055824928090452,0.5624999999999997,0.47164278657972036,0.19118144384634927,0.0,0.0,0.0,0.0,-7.75819354231766e-05
629,100,100,1.0,feasible,0.734818381647568,0.7770267724730958,0.8143947517136727,0.07957637006610474,0.6079396359999999,0.6486620034159998,0.7507510583999999,0.1428114224,0.0,0.08083093220733334,0.2807968535714286,0.2807968535714286,0.09085721342027932,0.24205759813236974,0.5624999999999997,0.47164278657972036,0.19120594367914,0.0,0.0,0.0,0.0,2.449983279073642e-05
630,100,100,1.0,feasible,0.734818381647568,0.7787925128869938,0.8143947517136727,0.07957637006610474,0.6079396359999999,0.6528553514959999,0.7507510583999999,0.1428114224,0.0,0.07830520399742857,0.2807968535714286,0.2807968535714286,0.09085721342027932,0.23153259185511949,0.5624999999999997,0.47164278657972036,0.19126897081060523,0.0,0.0,0.0,0.0,6.302713146522088e-05
631,100,100,1.0,feasible,0.734818381647568,0.7791172020032093,0.8143947517136727,0.07957637006610474,0.6079396359999999,0.648552882456,0.7507510583999999,0.1428114224,0.0,0.08793775297802382,0.2807968535714286,0.2807968535714286,0.09085721342027932,0.22970283987233464,0.5624999999999997,0.47164278657972036,0.19118386791478706,0.0,0.0,0.0,0.0,-8.510289581817321e-05
632,100,100,1.0,feasible,0.734818381647568,0.7770837732379259,0.8143947517136727,0.07957637006610474,0.6079396359999999,0.6475458491759999,0.7507510583999999,0.1428114224,0.0,0.07680630856395236,0.24230060340238094,0.24230060340238094,0.09085721342027932,0.2380652963421236,0.5624999999999997,0.47164278657972036,0.19119267519008354,0.0,0.0,0.0,0.0,8.807275296479622e-06
633,100,100,1.0,feasible,0.734818381647568,0.7758146011930304,0.8143947517136727,0.07957637006610474,0.6079396359999999,0.6476921421279997,0.7507510583999999,0.1428114224,0.0,0.07128861132152381,0.24230060340238094,0.24230060340238094,0.09085721342027932,0.24672443459971688,0.5624999999999997,0.47164278657972036,0.1912029094965959,0.0,0.0,0.0,0.0,1.0234306512368896e-05
634,100,100,1.0,feasible,0.734818381647568,0.7782653348377024,0.8143947517136727,0.07957637006610474,0.6079396359999999,0.649615910288,0.7507510583999999,0.1428114224,0.0,0.08026623083371427,0.24852280678095237,0.24852280678095237,0.09085721342027932,0.23573654730825083,0.5624999999999997,0.47164278657972036,0.19116748994784016,0.0,0.0,0.0,0.0,-3.5419548755744046e-05
635,100,100,1.0,feasible,0.734818381647568,0.7790031206818064,0.8143947517136727,0.07957637006610474,0.6079396359999999,0.6519414797679999,0.7507510583999999,0.1428114224,0.0,0.0772849099237619,0.24852280678095237,0.24852280678095237,0.09085721342027932,0.23242981168675356,0.5624999999999997,0.47164278657972036,0.19116237034788847,0.0,0.0,0.0,0.0,-5.119599951697307e-06
636,100,100,1.0,feasible,0.734818381647568,0.7760642549735753,0.8144658387839464,0.07964745713637844,0.6079396359999999,0.6490531436479999,0.7507510583999999,0.1428114224,0.0,0.07225439347861905,0.24852280678095237,0.24852280678095237,0.09085721342027932,0.2474893478583534,0.5624999999999997,0.47164278657972036,0.1911478170880388,0.0,0.0,0.0,0.0,-1.4553259849670042e-05
637,100,100,1.0,feasible,0.734818381647568,0.7777933403572113,0.8144658387839464,0.07964745713637844,0.6079396359999999,0.6473229745439998,0.7455819671999999,0.13764233120000002,0.0,0.07871048375885714,0.24852280678095237,0.24852280678095237,0.09085721342027932,0.231938174846662,0.5624999999999997,0.47164278657972036,0.19114069485608426,0.0,0.0,0.0,0.0,-7.122231954537206e-06
638,100,100,1.0,feasible,0.734818381647568,0.7784551762649784,0.8144658387839464,0.07964745713637844,0.6079396359999999,0.650927189376,0.7455819671999999,0.13764233120000002,0.0,0.07468468884145238,0.22365664498095245,0.22365664498095245,0.09085721342027932,0.236820368844423,0.5624999999999997,0.47164278657972036,0.19118442765941068,0.0,0.0,0.0,0.0,4.373280332642393e-05
639,100,100,1.0,feasible,0.734818381647568,0.7778812642012453,0.8144658387839464,0.07964745713637844,0.6079396359999999,0.6478844015679998,0.7455819671999999,0.13764233120000002,0.0,0.0783521875425,0.22365664498095245,0.22365664498095245,0.09085721342027932,0.23879248108874282,0.5624999999999997,0.47164278657972036,0.19124870626677826,0.0,0.0,0.0,0.0,6.427860736757385e-05
640,100,100,1.0,feasible,0.734818381647568,0.7753857000104654,0.8144658387839464,0.07964745713637844,0.6079396359999999,0.6487398208879998,0.7455819671999999,0.13764233120000002,0.0,0.07023526195185714,0.22365664498095245,0.22365664498095245,0.09085721342027932,0.2535306985424706,0.5624999999999997,0.47164278657972036,0.19121646991516975,0.0,0.0,0.0,0.0,-3.223635160851113e-05
641,100,100,1.0,feasible,0.734818381647568,0.7782453425775732,0.8148688048767727,0.08005042322920475,0.6079396359999999,0.650848630376,0.7455819671999999,0.13764233120000002,0.0,0.07553737533916667,0.24237427214761903,0.24237427214761903,0.09085721342027932,0.23646359529751898,0.5624999999999997,0.47164278657972036,0.1912881443972107,0.0,0.0,0.0,0.0,7.16744820409565e-05
642,100,100,1.0,feasible,0.734818381647568,0.7755207922348386,0.8148688048767727,0.08005042322920475,0.6079396359999999,0.6492384272159998,0.7455819671999999,0.13764233120000002,0.0,0.06983953480483332,0.22707598692142852,0.22707598692142852,0.09085721342027932,0.24865883500635932,0.5624999999999997,0.47164278657972036,0.19118188554230675,0.0,0.0,0.0,0.0,-0.00010625885490395115
643,100,100,1.0,feasible,0.734818381647568,0.7749457246768877,0.8148688048767727,0.08005042322920475,0.6079396359999999,0.64790380576,0.7455819671999999,0.13764233120000002,0.0,0.07035251271141667,0.24442082469642856,0.24442082469642856,0.09085721342027932,0.25066233020958967,0.5624999999999997,0.47164278657972036,0.1911890300410564,0.0,0.0,0.0,0.0,7.144498749639405e-06
644,100,100,1.0,feasible,0.734818381647568,0.7760166181317915,0.8148688048767727,0.08005042322920475,0.6079396359999999,0.651564158712,0.7456117607999999,0.13767212480000002,0.0,0.06768111912005952,0.24442082469642856,0.24442082469642856,0.09085721342027932,0.24725618597393215,0.5624999999999997,0.47164278657972036,0.1910135964886171,0.0,0.0,0.0,0.0,-0.00017543355243929137
645,100,100,1.0,feasible,0.734818381647568,0.7768814531787975,0.8148688048767727,0.08005042322920475,0.6079396359999999,0.6520710526719999,0.7456117607999999,0.13767212480000002,0.0,0.06852796049482142,0.24442082469642856,0.24442082469642856,0.09085721342027932,0.24055805447990022,0.5624999999999997,0.47164278657972036,0.1912219568953112,0.0,0.0,0.0,0.0,0.0002083604066941136
646,100,100,1.0,feasible,0.734818381647568,0.7755679063157345,0.8148688048767727,0.08005042322920475,0.6079396359999999,0.6493630132,0.7456117607999999,0.13767212480000002,0.0,0.07079934297752381,0.22707598692142852,0.22707598692142852,0.09085721342027932,0.2485547464738009,0.5624999999999997,0.47164278657972036,0.19122820745684688,0.0,0.0,0.0,0.0,6.2505615356645006e-06
647,100,100,1.0,feasible,0.734818381647568,0.7796816361667801,0.8148688048767727,0.08005042322920475,0.6079396359999999,0.6547149208,0.7456117607999999,0.13767212480000002,0.0,0.07263356161080953,0.23497455202380954,0.23497455202380954,0.09085721342027932,0.23140136566793912,0.5624999999999997,0.47164278657972036,0.1910758291609374,0.0,0.0,0.0,0.0,-0.00015237829590947216
648,100,100,1.0,feasible,0.734818381647568,0.7741415699169762,0.8148688048767727,0.08005042322920475,0.6079396359999999,0.6523336752239999,0.7495811951999999,0.1416415592,0.0,0.05860670098378572,0.23497455202380954,0.23497455202380954,0.09085721342027932,0.2656471622740296,0.5624999999999997,0.47164278657972036,0.1910369472029077,0.0,0.0,0.0,0.0,-3.8881958029701735e-05
649,100,100,1.0,feasible,0.734818381647568,0.7797914431034484,0.8148688048767727,0.08005042322920475,0.6079396359999999,0.656937591824,0.7495811951999999,0.1416415592,0.0,0.07260309513485716,0.2382487512261905,0.2382487512261905,0.09085721342027932,0.23212178575782205,0.5624999999999997,0.47164278657972036,0.1909776351233748,0.0,0.0,0.0,0.0,-5.931207953291384e-05
650,100,100,1.0,feasible,0.734818381647568,0.777160647698533,0.8148688048767727,0.08005042322920475,0.6079396359999999,0.6506287863119999,0.7495811951999999,0.1416415592,0.0,0.07661471640283334,0.2382487512261905,0.2382487512261905,0.09085721342027932,0.24183709390677927,0.5624999999999997,0.47164278657972036,0.19130866385531453,0.0,0.0,0.0,0.0,0.000331028731939742
651,100,100,1.0,feasible,0.734818381647568,0.7795401963467812,0.8150469841975823,0.0802286025500143,0.6079396359999999,0.654904268392,0.7495811951999999,0.1416415592,0.0,0.07692476333888093,0.2382487512261905,0.2382487512261905,0.09085721342027932,0.23280072351021208,0.5624999999999997,0.47164278657972036,0.19123811129167242,0.0,0.0,0.0,0.0,-7.055256364210671e-05
652,100,100,1.0,feasible,0.734818381647568,0.7776623190126105,0.8148688048767727,0.08005042322920475,0.6079396359999999,0.653313595992,0.7506208184,0.14268118240000005,0.0,0.07419805131766667,0.2382487512261905,0.2382487512261905,0.09085721342027932,0.24167328761774487,0.5624999999999997,0.47164278657972036,0.1912972253017653,0.0,0.0,0.0,0.0,5.9114010092869984e-05
653,100,100,1.0,feasible,0.734818381647568,0.7773139030026337,0.8148688048767727,0.08005042322920475,0.6079396359999999,0.6516572818319999,0.7506208184,0.14268118240000005,0.0,0.07607580752230952,0.2581593569047619,0.2581593569047619,0.09085721342027932,0.24457826609205294,0.5624999999999997,0.47164278657972036,0.1910828896258286,0.0,0.0,0.0,0.0,-0.00021433567593670544
654,100,100,1.0,feasible,0.734818381647568,0.7774581905551778,0.8148688048767727,0.08005042322920475,0.6079396359999999,0.6535241378239999,0.7458231087999998,0.1378834727999999,0.0,0.07179648750511905,0.23978313028571432,0.23978313028571432,0.09085721342027932,0.24617551538887328,0.5624999999999997,0.47164278657972036,0.19109774166710974,0.0,0.0,0.0,0.0,1.4852041281154804e-05
655,100,100,1.0,feasible,0.734818381647568,0.7768155019072784,0.8148688048767727,0.08005042322920475,0.6079396359999999,0.6474710400239998,0.7458231087999998,0.1378834727999999,0.0,0.07989323023778572,0.23630237024047618,0.23630237024047618,0.09085721342027932,0.24522792004439026,0.5624999999999997,0.47164278657972036,0.191243854641425,0.0,0.0,0.0,0.0,0.0001461129743152434
656,100,100,1.0,feasible,0.734818381647568,0.7791944017991383,0.8148688048767727,0.08005042322920475,0.6079396359999999,0.649310309736,0.7458231087999998,0.1378834727999999,0.0,0.0844512841065238,0.24545208317380954,0.24545208317380954,0.09085721342027932,0.2290526325369569,0.5624999999999997,0.47164278657972036,0.19134132463282186,0.0,0.0,0.0,0.0,9.746999139687018e-05
657,100,100,1.0,feasible,0.734818381647568,0.7785953746402596,0.8148688048767727,0.08005042322920475,0.6079396359999999,0.6491649218559999,0.7458231087999998,0.1378834727999999,0.0,0.08592858402261191,0.24545208317380954,0.24545208317380954,0.09085721342027932,0.23701163045327636,0.5624999999999997,0.47164278657972036,0.19135107599784673,0.0,0.0,0.0,0.0,9.751365024873726e-06
658,100,100,1.0,feasible,0.734818381647568,0.7789233208789006,0.8148688048767727,0.08005042322920475,0.6079396359999999,0.65018594656,0.7458231087999998,0.1378834727999999,0.0,0.08058764193575475,0.24545208317380954,0.24545208317380954,0.09085721342027932,0.23221971135150124,0.5624999999999997,0.47164278657972036,0.1913029200945115,0.0,0.0,0.0,0.0,-4.815590333523412e-05
659,100,100,1.0,feasible,0.734818381647568,0.7783569266521898,0.8148688048767727,0.08005042322920475,0.6079396359999999,0.65201114696,0.7458231087999998,0.1378834727999999,0.0,0.07620851605173096,0.24545208317380954,0.24545208317380954,0.09085721342027932,0.23908878409110326,0.5624999999999997,0.47164278657972036,0.191317595196828,0.0,0.0,0.0,0.0,1.4675102316508148e-05
660,100,100,1.0,feasible,0.734818381647568,0.78038570691661,0.8148871396054628,0.08006875795789481,0.6079396359999999,0.6540200648239999,0.7458231087999998,0.1378834727999999,0.0,0.07855184274302619,0.24545208317380954,0.24545208317380954,0.09085721342027932,0.22863301994352547,0.5624999999999997,0.47164278657972036,0.19134658989536338,0.0,0.0,0.0,0.0,2.8994698535372843e-05
661,100,100,1.0,feasible,0.734818381647568,0.7775178411028553,0.8148871396054628,0.08006875795789481,0.6079396359999999,0.6501773689119998,0.7458231087999998,0.1378834727999999,0.0,0.07501356288276904,0.24545208317380954,0.24545208317380954,0.09085721342027932,0.2458072750476184,0.5624999999999997,0.47164278657972036,0.19122913065955413,0.0,0.0,0.0,0.0,-0.00011745923580924744
662,100,100,1.0,feasible,0.734818381647568,0.7800073591317392,0.8148871396054628,0.08006875795789481,0.6079396359999999,0.653466536144,0.748781532,0.14084189600000008,0.0,0.07714799638635951,0.24545208317380954,0.24545208317380954,0.09085721342027932,0.22944220880234156,0.5624999999999997,0.47164278657972036,0.1912215251761668,0.0,0.0,0.0,0.0,-7.60548338732403e-06
663,100,100,1.0,feasible,0.734818381647568,0.779183686433642,0.8148871396054628,0.08006875795789481,0.6079396359999999,0.6496850118159998,0.748781532,0.14084189600000008,0.0,0.08023250905244524,0.24545208317380954,0.24545208317380954,0.09085721342027932,0.23575003273107456,0.5624999999999997,0.47164278657972036,0.19120820597835206,0.0,0.0,0.0,0.0,-1.331919781474844e-05
664,100,100,1.0,feasible,0.734818381647568,0.7779767691216227,0.8148871396054628,0.08006875795789481,0.6079396359999999,0.6506469698159998,0.748781532,0.14084189600000008,0.0,0.07394596538725474,0.24545208317380954,0.24545208317380954,0.09085721342027932,0.24336969240784473,0.5624999999999997,0.47164278657972036,0.19122904850651665,0.0,0.0,0.0,0.0,2.0842528164588536e-05
665,100,100,1.0,feasible,0.734818381647568,0.778391528796679,0.8148871396054628,0.08006875795789481,0.6079396359999999,0.6517570040719999,0.748781532,0.14084189600000008,0.0,0.073012493976,0.2617667691428571,0.2617667691428571,0.09085721342027932,0.23986693275388388,0.5624999999999997,0.47164278657972036,0.19131790128832904,0.0,0.0,0.0,0.0,8.885278181239298e-05
666,100,100,1.0,feasible,0.734818381647568,0.7790485234280432,0.8148871396054628,0.08006875795789481,0.6079396359999999,0.6532869575679999,0.748781532,0.14084189600000008,0.0,0.07416439523838095,0.2617667691428571,0.2617667691428571,0.09085721342027932,0.23342952944000733,0.5624999999999997,0.47164278657972036,0.19119159156310062,0.0,0.0,0.0,0.0,-0.00012630972522842399
667,100,100,1.0,feasible,0.734818381647568,0.7786704233853103,0.8148871396054628,0.08006875795789481,0.6079396359999999,0.6512156078319999,0.748781532,0.14084189600000008,0.0,0.07697965700010476,0.2561817013690476,0.2561817013690476,0.09085721342027932,0.23938853023252168,0.5624999999999997,0.47164278657972036,0.19125210660564618,0.0,0.0,0.0,0.0,6.051504254556139e-05
668,100,100,1.0,feasible,0.734818381647568,0.7797914243795021,0.8148871396054628,0.08006875795789481,0.6079396359999999,0.652732079352,0.748781532,0.14084189600000008,0.0,0.0805776484057476,0.2561817013690476,0.2561817013690476,0.09085721342027932,0.23125930145463208,0.5624999999999997,0.47164278657972036,0.1912025142132398,0.0,0.0,0.0,0.0,-4.9592392406372365e-05
669,100,100,1.0,feasible,0.734818381647568,0.7785485352571818,0.8148871396054628,0.08006875795789481,0.6079396359999999,0.6516256355839998,0.7507231071999999,0.1427834712,0.0,0.07582769733017619,0.2561817013690476,0.2561817013690476,0.09085721342027932,0.24141858560061993,0.5624999999999997,0.47164278657972036,0.1912450605500245,0.0,0.0,0.0,0.0,4.254633678468789e-05
670,100,100,1.0,feasible,0.734818381647568,0.7798193429063542,0.8148871396054628,0.08006875795789481,0.6079396359999999,0.6539185181519999,0.7507231071999999,0.1427834712,0.0,0.07530763741273809,0.23782661485238096,0.23782661485238096,0.09085721342027932,0.23643966710620148,0.5624999999999997,0.47164278657972036,0.19129743018677267,0.0,0.0,0.0,0.0,5.2369636748178516e-05
671,100,100,1.0,feasible,0.734818381647568,0.7785248895034271,0.8148871396054628,0.08006875795789481,0.6079396359999999,0.6514490998959999,0.7507231071999999,0.1427834712,0.0,0.0740312352485238,0.267291387247619,0.267291387247619,0.09085721342027932,0.23948106283098472,0.5624999999999997,0.47164278657972036,0.1913634781134947,0.0,0.0,0.0,0.0,6.60479267220182e-05
672,100,100,1.0,feasible,0.734818381647568,0.7781827037456612,0.8148871396054628,0.08006875795789481,0.6079396359999999,0.651379913656,0.7507231071999999,0.1427834712,0.0,0.07279855966954762,0.23782661485238096,0.23782661485238096,0.09085721342027932,0.2395947874962723,0.5624999999999997,0.47164278657972036,0.19124781723603235,0.0,0.0,0.0,0.0,-0.00011566087746234244
673,100,100,1.0,feasible,0.734818381647568,0.7787801752542165,0.8148871396054628,0.08006875795789481,0.6079396359999999,0.6521285951119999,0.7507231071999999,0.1427834712,0.0,0.07415695437492857,0.23782661485238096,0.23782661485238096,0.09085721342027932,0.2360361626541796,0.5624999999999997,0.47164278657972036,0.19130983849791175,0.0,0.0,0.0,0.0,6.202126187940249e-05
674,100,100,1.0,feasible,0.734818381647568,0.7791361902856992,0.8148871396054628,0.08006875795789481,0.6079396359999999,0.6531910292319999,0.7513004535999999,0.14336081759999997,0.0,0.07433936934683331,0.23852598297619054,0.23852598297619054,0.09085721342027932,0.2364691222420775,0.5624999999999997,0.47164278657972036,0.191163619528033,0.0,0.0,0.0,0.0,-0.0001462189698787364
675,100,100,1.0,feasible,0.734818381647568,0.7780394509087263,0.8148871396054628,0.08006875795789481,0.6079396359999999,0.6505119791359999,0.7513004535999999,0.14336081759999997,0.0,0.0745495073195,0.23852598297619054,0.23852598297619054,0.09085721342027932,0.24120307483712375,0.5624999999999997,0.47164278657972036,0.19120923954587524,0.0,0.0,0.0,0.0,4.5620017842223914e-05
676,100,100,1.0,feasible,0.734818381647568,0.7781088521994315,0.8148871396054628,0.08006875795789481,0.6079396359999999,0.6486329246399998,0.7513004535999999,0.14336081759999997,0.0,0.07975066011188096,0.2437609769642857,0.2437609769642857,0.09085721342027932,0.2336264492496046,0.5624999999999997,0.47164278657972036,0.1911958905681086,0.0,0.0,0.0,0.0,-1.334897776664179e-05
677,100,100,1.0,feasible,0.734818381647568,0.7785432847461324,0.8148871396054628,0.08006875795789481,0.6079396359999999,0.6492634276879998,0.7513004535999999,0.14336081759999997,0.0,0.08039542026133334,0.2437609769642857,0.2437609769642857,0.09085721342027932,0.23625967662190375,0.5624999999999997,0.47164278657972036,0.19118567621402172,0.0,0.0,0.0,0.0,-1.0214354086879318e-05
678,100,100,1.0,feasible,0.734818381647568,0.7779025553337519,0.8148871396054628,0.08006875795789481,0.6079396359999999,0.6495605691919999,0.7513004535999999,0.14336081759999997,0.0,0.07648188520432857,0.23782661485238096,0.23782661485238096,0.0907414848575389,0.2376228426516758,0.5624999999999997,0.47175851514246075,0.1913287584493013,0.0,0.0,0.0,0.0001157285627404192,0.00014308223527959019
679,100,100,1.0,feasible,0.734818381647568,0.7769127761934662,0.8148871396054628,0.08006875795789481,0.6079396359999999,0.64773194984,0.7513004535999999,0.14336081759999997,0.0,0.07404842098282857,0.23821272834047613,0.23821272834047613,0.0907414848575389,0.24324254584786179,0.5624999999999997,0.47175851514246075,0.19135003255392186,0.0,0.0,0.0,0.0,2.1274104620550016e-05
680,100,100,1.0,feasible,0.734818381647568,0.778054680777214,0.8148871396054628,0.08006875795789481,0.6079396359999999,0.6509800651519998,0.7513004535999999,0.14336081759999997,0.0,0.07411596810873335,0.25123038669761905,0.25123038669761905,0.0907414848575389,0.24108896720689615,0.5624999999999997,0.47175851514246075,0.19128623384793256,0.0,0.0,0.0,0.0,-6.37987059892986e-05
681,100,100,1.0,feasible,0.734818381647568,0.778010961042506,0.8148871396054628,0.08006875795789481,0.6079396359999999,0.650203041064,0.7513004535999999,0.14336081759999997,0.0,0.07408575583049523,0.25123038669761905,0.25123038669761905,0.0907414848575389,0.24156726949107224,0.5624999999999997,0.47175851514246075,0.19129819834348247,0.0,0.0,0.0,0.0,1.196449554990986e-05
682,100,100,1.0,feasible,0.734818381647568,0.779107269959709,0.8148871396054628,0.08006875795789481,0.6079396359999999,0.6503147291359999,0.7513004535999999,0.14336081759999997,0.0,0.07310826714806666,0.2332153275066667,0.2332153275066667,0.0907414848575389,0.2354068558936817,0.5624999999999997,0.47175851514246075,0.19134804621623497,0.0,0.0,0.0,0.0,4.984787275250091e-05
683,100,100,1.0,feasible,0.734818381647568,0.779981142221757,0.8148871396054628,0.08006875795789481,0.6079396359999999,0.651596610416,0.7513004535999999,0.14336081759999997,0.0,0.07540549230247143,0.2332153275066667,0.2332153275066667,0.0907414848575389,0.2265511916433905,0.5624999999999997,0.47175851514246075,0.19142834320312496,0.0,0.0,0.0,0.0,8.029698688999387e-05
684,100,100,1.0,feasible,0.734818381647568,0.7794393106143057,0.8148871396054628,0.08006875795789481,0.6079396359999999,0.6522731208479997,0.7513004535999999,0.14336081759999997,0.0,0.07178708388242382,0.24243166042857145,0.24243166042857145,0.0907414848575389,0.22818509591742941,0.5624999999999997,0.47175851514246075,0.19142944648130328,0.0,0.0,0.0,0.0,1.103278178316014e-06
685,100,100,1.0,feasible,0.734818381647568,0.7771527002947693,0.8148871396054628,0.08006875795789481,0.6079396359999999,0.649069296064,0.7513004535999999,0.14336081759999997,0.0,0.06804683249080477,0.24758666011904756,0.24758666011904756,0.0907414848575389,0.23711610705891842,0.5624999999999997,0.47175851514246075,0.1913937361790777,0.0,0.0,0.0,0.0,-3.5710302225572255e-05
686,100,100,1.0,feasible,0.734818381647568,0.7774051990110408,0.8148871396054628,0.08006875795789481,0.6079396359999999,0.6508174398559998,0.7513004535999999,0.14336081759999997,0.0,0.07016754439589999,0.24447296019047624,0.24447296019047624,0.0907414848575389,0.23910351605326297,0.5624999999999997,0.47175851514246075,0.19137940794271593,0.0,0.0,0.0,0.0,-1.4328236361771385e-05
687,100,100,1.0,feasible,0.734818381647568,0.778743909600056,0.8148871396054628,0.08006875795789481,0.6079396359999999,0.6510073049519999,0.7513004535999999,0.14336081759999997,0.0,0.07310967771745239,0.24447296019047624,0.24447296019047624,0.0907414848575389,0.23188147325029287,0.5624999999999997,0.47175851514246075,0.1913474645925835,0.0,0.0,0.0,0.0,-3.194335013242955e-05
688,100,100,1.0,feasible,0.734818381647568,0.77736548709382,0.8148871396054628,0.08006875795789481,0.6079396359999999,0.644836858528,0.7513032263999998,0.1433635903999999,0.0,0.08019527753107143,0.2487889915928571,0.2487889915928571,0.0907414848575389,0.2372255102359134,0.5624999999999997,0.47175851514246075,0.19140516664831092,0.0,0.0,0.0,0.0,5.770205572741549e-05
689,100,100,1.0,feasible,0.734818381647568,0.7775750584811542,0.8148871396054628,0.08006875795789481,0.6079396359999999,0.6480636567839998,0.7513032263999998,0.1433635903999999,0.0,0.0758175497529762,0.2487889915928571,0.2487889915928571,0.0907414848575389,0.23891641641665207,0.5624999999999997,0.47175851514246075,0.19134664927950695,0.0,0.0,0.0,0.0,-5.851736880396752e-05
690,100,100,1.0,feasible,0.734818381647568,0.777228215868697,0.8148871396054628,0.08006875795789481,0.6079396359999999,0.6497190397199998,0.7513032263999998,0.1433635903999999,0.0,0.07314485743004762,0.24957982967142855,0.24957982967142855,0.0907414848575389,0.24438472421560273,0.5624999999999997,0.47175851514246075,0.19126704953425336,0.0,0.0,0.0,0.0,-7.959974525359459e-05
691,100,100,1.0,feasible,0.734818381647568,0.7768398036933354,0.8148871396054628,0.08006875795789481,0.6079396359999999,0.6474795350479999,0.7513032263999998,0.1433635903999999,0.0,0.07200521975199999,0.2316735714523809,0.2316735714523809,0.0907414848575389,0.24350204997404265,0.5624999999999997,0.47175851514246075,0.19129554144480473,0.0,0.0,0.0,0.0,2.84919105513759e-05
692,100,100,1.0,feasible,0.734818381647568,0.778342628326618,0.8142949836917657,0.07947660204419771,0.6079396359999999,0.6515055560079998,0.7513032263999998,0.1433635903999999,0.0,0.07273804099814285,0.23759718243095243,0.23759718243095243,0.0907414848575389,0.23685261255758178,0.5624999999999997,0.47175851514246075,0.19135224779821636,0.0,0.0,0.0,0.0,5.6706353411623e-05
693,100,100,1.0,feasible,0.734818381647568,0.7766309464732353,0.8142949836917657,0.07947660204419771,0.6079396359999999,0.647609320624,0.7513671943999999,0.1434275584,0.0,0.07387421051385715,0.23759718243095243,0.23759718243095243,0.0907414848575389,0.2438312539442574,0.5624999999999997,0.47175851514246075,0.1913476035480859,0.0,0.0,0.0,0.0,-4.644250130469985e-06
694,100,100,1.0,feasible,0.734818381647568,0.7757679805243053,0.8142949836917657,0.07947660204419771,0.6079396359999999,0.6474693356239999,0.7513671943999999,0.1434275584,0.0,0.07109989188361905,0.23759718243095243,0.23759718243095243,0.0907414848575389,0.2506702123489676,0.5624999999999997,0.47175851514246075,0.19128874767430043,0.0,0.0,0.0,0.0,-5.88558737854572e-05
695,100,100,1.0,feasible,0.734818381647568,0.7774407019395463,0.8142949836917657,0.07947660204419771,0.6079396359999999,0.6478168402479999,0.7513671943999999,0.1434275584,0.0,0.07630306374392855,0.23759718243095243,0.23759718243095243,0.0907414848575389,0.23522918447116065,0.5624999999999997,0.47175851514246075,0.19141011680289444,0.0,0.0,0.0,0.0,0.00012136912859400661
696,100,100,1.0,feasible,0.734818381647568,0.7761163733861826,0.8142949836917657,0.07947660204419771,0.6079396359999999,0.6483501104799998,0.7513671943999999,0.1434275584,0.0,0.0707956568869762,0.23759718243095243,0.23759718243095243,0.0907414848575389,0.24528075985421807,0.5624999999999997,0.47175851514246075,0.19146975072059647,0.0,0.0,0.0,0.0,5.963391770202886e-05
697,100,100,1.0,feasible,0.734818381647568,0.7767673133239148,0.8142949836917657,0.07947660204419771,0.6079396359999999,0.6463578251359999,0.7513671943999999,0.1434275584,0.0,0.07517672893614286,0.2559947045547619,0.2559947045547619,0.0907414848575389,0.24090315742005136,0.5624999999999997,0.47175851514246075,0.1914687514616929,0.0,0.0,0.0,0.0,-9.992589035667798e-07
698,100,100,1.0,feasible,0.734818381647568,0.7766754650340991,0.8142949836917657,0.07947660204419771,0.6079396359999999,0.6484000035439998,0.7513671943999999,0.1434275584,0.0,0.07089366095411904,0.23759718243095243,0.23759718243095243,0.0907414848575389,0.24505194682869455,0.5624999999999997,0.47175851514246075,0.191452870559314,0.0,0.0,0.0,0.0,-1.5880902378889727e-05
699,100,100,1.0,feasible,0.734818381647568,0.7775132104782585,0.8142949836917657,0.07947660204419771,0.6079396359999999,0.6495809398719998,0.7513671943999999,0.1434275584,0.0,0.07026595657373809,0.23759718243095243,0.23759718243095243,0.0907414848575389,0.2365695035918176,0.5624999999999997,0.47175851514246075,0.19144533541919379,0.0,0.0,0.0,0.0,-7.535140120223938e-06
700,100,100,1.0,feasible,0.734818381647568,0.7760778607137253,0.8142949836917657,0.07947660204419771,0.6079396359999999,0.649531824352,0.7513671943999999,0.1434275584,0.0,0.06851451069480953,0.24346048917857144,0.24346048917857144,0.0907414848575389,0.24879711220026798,0.5624999999999997,0.47175851514246075,0.19137909816777718,0.0,0.0,0.0,0.0,-6.623725141660652e-05
701,100,100,1.0,feasible,0.734818381647568,0.7795284558831735,0.8142949836917657,0.07947660204419771,0.6079396359999999,0.6520066869919998,0.7513671943999999,0.1434275584,0.0,0.07592751814276191,0.26912234027380955,0.26912234027380955,0.0907414848575389,0.23268010147175452,0.5624999999999997,0.47175851514246075,0.19143569161494947,0.0,0.0,0.0,0.0,5.6593447172292866e-05
702,100,100,1.0,feasible,0.734818381647568,0.7782102546709575,0.8142949836917657,0.07947660204419771,0.6079396359999999,0.649474730624,0.7513671943999999,0.1434275584,0.0,0.0728351165635,0.26912234027380955,0.26912234027380955,0.0907414848575389,0.23805527947187033,0.5624999999999997,0.47175851514246075,0.19139032348038115,0.0,0.0,0.0,0.0,-4.5368134568318785e-05
703,100,100,1.0,feasible,0.734818381647568,0.7755734444229327,0.8142949836917657,0.07947660204419771,0.6079396359999999,0.6439731512559999,0.7513671943999999,0.1434275584,0.0,0.07371566685516666,0.24346048917857144,0.24346048917857144,0.0907414848575389,0.24763381616139107,0.5624999999999997,0.47175851514246075,0.19144267785548802,0.0,0.0,0.0,0.0,5.235437510686669e-05
704,100,100,1.0,feasible,0.734818381647568,0.7760092271039366,0.8142949836917657,0.07947660204419771,0.6079396359999999,0.6469010961919999,0.7513671943999999,0.1434275584,0.0,0.0730132333117619,0.24346048917857144,0.24346048917857144,0.0907414848575389,0.2443779112634513,0.5624999999999997,0.47175851514246075,0.19138413378062885,0.0,0.0,0.0,0.0,-5.854407485916813e-05
705,100,100,1.0,feasible,0.734818381647568,0.7764585777667312,0.8142949836917657,0.07947660204419771,0.6079396359999999,0.6490586239359998,0.7513671943999999,0.1434275584,0.0,0.07133670281176191,0.24346048917857144,0.24346048917857144,0.0907414848575389,0.24302271347336238,0.5624999999999997,0.47175851514246075,0.19134854938764445,0.0,0.0,0.0,0.0,-3.558439298440019e-05
706,100,100,1.0,feasible,0.734818381647568,0.7771299437113006,0.8142949836917657,0.07947660204419771,0.6079396359999999,0.6493667771999998,0.7513671943999999,0.1434275584,0.0,0.07201956500802381,0.24346048917857144,0.24346048917857144,0.0907414848575389,0.2401318398142522,0.5624999999999997,0.47175851514246075,0.19145250033850983,0.0,0.0,0.0,0.0,0.00010395095086537798
707,100,100,1.0,feasible,0.734818381647568,0.7770369380531282,0.8142949836917657,0.07947660204419771,0.6079396359999999,0.650867290232,0.7513671943999999,0.1434275584,0.0,0.07160511532314284,0.24346048917857144,0.24346048917857144,0.0907414848575389,0.24459112216421278,0.5624999999999997,0.47175851514246075,0.1913469527005751,0.0,0.0,0.0,0.0,-0.00010554763793471644
708,100,100,1.0,feasible,0.734818381647568,0.7775152537735684,0.8142949836917657,0.07947660204419771,0.6079396359999999,0.64996179808,0.7513671943999999,0.1434275584,0.0,0.0737076972295238,0.24346048917857144,0.24346048917857144,0.0907414848575389,0.24372885559375412,0.5624999999999997,0.47175851514246075,0.19145342012881586,0.0,0.0,0.0,0.0,0.0001064674282407474
709,100,100,1.0,feasible,0.734818381647568,0.7801721588142955,0.8142949836917657,0.07947660204419771,0.6079396359999999,0.651368744776,0.7513671943999999,0.1434275584,0.0,0.07699515185564286,0.23211440584523813,0.23211440584523813,0.0907414848575389,0.22602699315970104,0.5624999999999997,0.47175851514246075,0.19142887477931758,0.0,0.0,0.0,0.0,-2.4545349498278357e-05
710,100,100,1.0,feasible,0.734818381647568,0.77853841984372,0.8142949836917657,0.07947660204419771,0.6079396359999999,0.6497442436159999,0.7513671943999999,0.1434275584,0.0,0.0719863738632619,0.23211440584523813,0.23211440584523813,0.0907414848575389,0.23586754242047914,0.5624999999999997,0.47175851514246075,0.19142135154912418,0.0,0.0,0.0,0.0,-7.523230193401398e-06
711,100,100,1.0,feasible,0.734818381647568,0.7795558369874245,0.8142949836917657,0.07947660204419771,0.6079396359999999,0.6506349440319998,0.7513671943999999,0.1434275584,0.0,0.07627222206454762,0.23481245528571423,0.23481245528571423,0.0907414848575389,0.23158614544872275,0.5624999999999997,0.47175851514246075,0.19138672299167445,0.0,0.0,0.0,0.0,-3.462855744973403e-05
712,100,100,1.0,feasible,0.734818381647568,0.7780984438316504,0.8142949836917657,0.07947660204419771,0.6079396359999999,0.6540117428479998,0.7513671943999999,0.1434275584,0.0,0.0667223805124762,0.24177702648571428,0.24177702648571428,0.0907414848575389,0.23944864560425547,0.5624999999999997,0.47175851514246075,0.1913851874627122,0.0,0.0,0.0,0.0,-1.5355289622598356e-06
713,100,100,1.0,feasible,0.734818381647568,0.7795792246672947,0.8142949836917657,0.07947660204419771,0.6079396359999999,0.6533139152319998,0.7513671943999999,0.1434275584,0.0,0.07223344741888096,0.23720612621190476,0.23720612621190476,0.0907414848575389,0.2303667446154642,0.5624999999999997,0.47175851514246075,0.19135437208510697,0.0,0.0,0.0,0.0,-3.081537760521447e-05
714,100,100,1.0,feasible,0.734818381647568,0.7795282499232554,0.8142949836917657,0.07947660204419771,0.6079396359999999,0.6523719654,0.7513671943999999,0.1434275584,0.0,0.0732891027264762,0.23720612621190476,0.23720612621190476,0.0907414848575389,0.23112529118786,0.5624999999999997,0.47175851514246075,0.19138100375929423,0.0,0.0,0.0,0.0,2.6631674187260757e-05
715,100,100,1.0,feasible,0.734818381647568,0.7764581852257862,0.8142949836917657,0.07947660204419771,0.6079396359999999,0.6496920435839998,0.7513671943999999,0.1434275584,0.0,0.07008637156661904,0.2266332076761905,0.2266332076761905,0.0907414848575389,0.24550884499932427,0.5624999999999997,0.47175851514246075,0.19130237661461869,0.0,0.0,0.0,0.0,-7.86271446755471e-05
716,100,100,1.0,feasible,0.734818381647568,0.7781280572279491,0.8142949836917657,0.07947660204419771,0.6079396359999999,0.6475577625519999,0.7513671943999999,0.1434275584,0.0,0.07824432392878572,0.2266332076761905,0.2266332076761905,0.0907414848575389,0.23226260024165973,0.5624999999999997,0.47175851514246075,0.19129969937041025,0.0,0.0,0.0,0.0,-2.6772442084377346e-06
717,100,100,1.0,feasible,0.734818381647568,0.7791881492866237,0.8142949836917657,0.07947660204419771,0.6079396359999999,0.6540335596079998,0.7513671943999999,0.1434275584,0.0,0.06895649511946285,0.2516832274462857,0.2516832274462857,0.0907414848575389,0.23221970384568535,0.5624999999999997,0.47175851514246075,0.19121248258647683,0.0,0.0,0.0,0.0,-8.721678393341925e-05
718,100,100,1.0,feasible,0.734818381647568,0.7788394311400065,0.8142949836917657,0.07947660204419771,0.6079396359999999,0.6537482483359999,0.7513671943999999,0.1434275584,0.0,0.07125247591196286,0.2776511954095238,0.2776511954095238,0.0907414848575389,0.23554920636065727,0.5624999999999997,0.47175851514246075,0.19126020521873194,0.0,0.0,0.0,0.0,4.772263225510942e-05
719,100,100,1.0,feasible,0.734818381647568,0.7789146861833498,0.8142949836917657,0.07947660204419771,0.6079396359999999,0.6542845466239998,0.7513671943999999,0.1434275584,0.0,0.06991221852241523,0.2776511954095238,0.2776511954095238,0.0907414848575389,0.23747064792485797,0.5624999999999997,0.47175851514246075,0.19121007010296548,0.0,0.0,0.0,0.0,-5.013511576645868e-05
720,100,100,1.0,feasible,0.734818381647568,0.7803519803394207,0.8142949836917657,0.07947660204419771,0.6079396359999999,0.6540277401839998,0.7513671943999999,0.1434275584,0.0,0.0755999665462062,0.2776511954095238,0.2776511954095238,0.0907414848575389,0.22880754207347512,0.5624999999999997,0.47175851514246075,0.19129770030493362,0.0,0.0,0.0,0.0,8.763020196814186e-05
721,100,100,1.0,feasible,0.734818381647568,0.7797614668236444,0.8142949836917657,0.07947660204419771,0.6079396359999999,0.6550807304559999,0.7513671943999999,0.1434275584,0.0,0.07121302675605476,0.2776511954095238,0.2776511954095238,0.0907414848575389,0.2302120578092431,0.5624999999999997,0.47175851514246075,0.1913150959278818,0.0,0.0,0.0,0.0,1.7395622948168654e-05
722,100,100,1.0,feasible,0.734818381647568,0.7795838973880663,0.8142949836917657,0.07947660204419771,0.6079396359999999,0.6512384739039999,0.7513671943999999,0.1434275584,0.0,0.07431794907079285,0.23735612486428573,0.23735612486428573,0.0907414848575389,0.23178494137005942,0.5624999999999997,0.47175851514246075,0.19139547797976356,0.0,0.0,0.0,0.0,8.038205188176661e-05
723,100,100,1.0,feasible,0.734818381647568,0.7781068864327699,0.8142949836917657,0.07947660204419771,0.6079396359999999,0.6512763891279999,0.7513671943999999,0.1434275584,0.0,0.06933689483290477,0.25648824454761904,0.25648824454761904,0.0907414848575389,0.23518242543631793,0.5624999999999997,0.47175851514246075,0.19135453325342305,0.0,0.0,0.0,0.0,-4.0944726340502724e-05
724,100,100,1.0,feasible,0.734818381647568,0.7794161889705752,0.8142949836917657,0.07947660204419771,0.6079396359999999,0.6526754112479999,0.7513671943999999,0.1434275584,0.0,0.0729133790837857,0.25648824454761904,0.25648824454761904,0.0907414848575389,0.2333604938748513,0.5624999999999997,0.47175851514246075,0.19128318765702962,0.0,0.0,0.0,0.0,-7.134559639343507e-05
725,100,100,1.0,feasible,0.734818381647568,0.7779627527148415,0.8142949836917657,0.07947660204419771,0.6079396359999999,0.64803099916,0.7513671943999999,0.1434275584,0.0,0.07693848158990477,0.25648824454761904,0.25648824454761904,0.0907414848575389,0.23766310219634132,0.5624999999999997,0.47175851514246075,0.19129874173762207,0.0,0.0,0.0,0.0,1.5554080592450337e-05
726,100,100,1.0,feasible,0.734818381647568,0.7777162959892208,0.8142949836917657,0.07947660204419771,0.6079396359999999,0.6485943324319998,0.7513671943999999,0.1434275584,0.0,0.07910104456592856,0.25648824454761904,0.25648824454761904,0.0907414848575389,0.23834350160279985,0.5624999999999997,0.47175851514246075,0.1912468868272893,0.0,0.0,0.0,0.0,-5.185491033277145e-05
727,100,100,1.0,feasible,0.734818381647568,0.7760983134582179,0.8142949836917657,0.07947660204419771,0.6079396359999999,0.6507710829039999,0.7513671943999999,0.1434275584,0.0,0.06838589340066666,0.25648824454761904,0.25648824454761904,0.0907414848575389,0.25127780930356153,0.5624999999999997,0.47175851514246075,0.19133789588909372,0.0,0.0,0.0,0.0,9.10090618044257e-05
728,100,100,1.0,feasible,0.734818381647568,0.7774096820147207,0.8142949836917657,0.07947660204419771,0.6079396359999999,0.6546171799839999,0.7513671943999999,0.1434275584,0.0,0.06790466248954763,0.25648824454761904,0.25648824454761904,0.0907414848575389,0.24709439503720038,0.5624999999999997,0.47175851514246075,0.19127291380159744,0.0,0.0,0.0,0.0,-6.49820874962792e-05
729,100,100,1.0,feasible,0.734818381647568,0.7768324386505155,0.8142949836917657,0.07947660204419771,0.6079396359999999,0.647129071224,0.7513671943999999,0.1434275584,0.0,0.08114720321233333,0.25648824454761904,0.25648824454761904,0.0907414848575389,0.24245952683569855,0.5624999999999997,0.47175851514246075,0.19138236661202632,0.0,0.0,0.0,0.0,0.00010945281042887278
730,100,100,1.0,feasible,0.734818381647568,0.7787618556852074,0.8142949836917657,0.07947660204419771,0.6079396359999999,0.6515277402559999,0.7513671943999999,0.1434275584,0.0,0.07832156421669048,0.25648824454761904,0.25648824454761904,0.0907414848575389,0.23688701991090677,0.5624999999999997,0.47175851514246075,0.19133538979378267,0.0,0.0,0.0,0.0,-4.6976818243643637e-05
731,100,100,1.0,feasible,0.734818381647568,0.7771732585910381,0.8142949836917657,0.07947660204419771,0.6079396359999999,0.6485844338159998,0.7491568151999999,0.1412171792,0.0,0.0748779490582381,0.25648824454761904,0.25648824454761904,0.0907414848575389,0.24289612728135754,0.5624999999999997,0.47175851514246075,0.1914220466140346,0.0,0.0,0.0,0.0,8.665682025194021e-05
732,100,100,1.0,feasible,0.734818381647568,0.7784839942607227,0.8142949836917657,0.07947660204419771,0.6079396359999999,0.6491604520479999,0.7491568151999999,0.1412171792,0.0,0.07752821683645239,0.25648824454761904,0.25648824454761904,0.0907414848575389,0.2385255902903281,0.5624999999999997,0.47175851514246075,0.1913961102146982,0.0,0.0,0.0,0.0,-2.593639933640146e-05
733,100,100,1.0,feasible,0.734818381647568,0.780728475202763,0.8142949836917657,0.07947660204419771,0.6079396359999999,0.6507233701759999,0.7491568151999999,0.1412171792,0.0,0.0817088199560476,0.25648824454761904,0.25648824454761904,0.0907414848575389,0.22123910331857793,0.5624999999999997,0.47175851514246075,0.19140477931372668,0.0,0.0,0.0,0.0,8.669099028468796e-06
734,100,100,1.0,feasible,0.734818381647568,0.7782620694774388,0.8142949836917657,0.07947660204419771,0.6079396359999999,0.647260153248,0.7491568151999999,0.1412171792,0.0,0.07973038186985713,0.25150273973095233,0.25150273973095233,0.0907414848575389,0.23765535812819297,0.5624999999999997,0.47175851514246075,0.1914153393735834,0.0,0.0,0.0,0.0,1.056005985672348e-05
735,100,100,1.0,feasible,0.734818381647568,0.7796090576709749,0.8142949836917657,0.07947660204419771,0.6079396359999999,0.6500675833039999,0.7491568151999999,0.1412171792,0.0,0.07861474412195238,0.25150273973095233,0.25150273973095233,0.0907414848575389,0.2300058877123966,0.5624999999999997,0.47175851514246075,0.1913170675845952,0.0,0.0,0.0,0.0,-9.827178898819122e-05
736,100,100,1.0,feasible,0.734818381647568,0.7777918520668723,0.8142949836917657,0.07947660204419771,0.6079396359999999,0.649843280264,0.7491568151999999,0.1412171792,0.0,0.07240690078233333,0.25150273973095233,0.25150273973095233,0.0907414848575389,0.23639886599738166,0.5624999999999997,0.47175851514246075,0.19125673937567503,0.0,0.0,0.0,0.0,-6.032820892018509e-05
737,100,100,1.0,feasible,0.734818381647568,0.7785662585988873,0.8142949836917657,0.07947660204419771,0.6079396359999999,0.6523298614239998,0.7491568151999999,0.1412171792,0.0,0.07028004933245238,0.2598100528690476,0.2598100528690476,0.0907414848575389,0.23600425228625233,0.5624999999999997,0.47175851514246075,0.19113772540730917,0.0,0.0,0.0,0.0,-0.00011901396836586087
738,100,100,1.0,feasible,0.734818381647568,0.7785967545244451,0.8142949836917657,0.07947660204419771,0.6079396359999999,0.6549749814479999,0.7491568151999999,0.1412171792,0.0,0.06979017619221428,0.24145680920238094,0.24145680920238094,0.0907414848575389,0.23971641789635686,0.5624999999999997,0.47175851514246075,0.19121766317567818,0.0,0.0,0.0,0.0,7.993776836900945e-05
739,100,100,1.0,feasible,0.734818381647568,0.7787178041843268,0.8142949836917657,0.07947660204419771,0.6079396359999999,0.6573026760479999,0.7491568151999999,0.1412171792,0.0,0.06724762689159525,0.24145680920238094,0.24145680920238094,0.0907414848575389,0.24055304714369552,0.5624999999999997,0.47175851514246075,0.19122227799297403,0.0,0.0,0.0,0.0,4.614817295856e-06
740,100,100,1.0,feasible,0.734818381647568,0.7800448064526538,0.8142949836917657,0.07947660204419771,0.6079396359999999,0.655683950216,0.7491568151999999,0.1412171792,0.0,0.07090086592281668,0.24145680920238094,0.24145680920238094,0.0907414848575389,0.23265147060729977,0.5624999999999997,0.47175851514246075,0.19120613668203137,0.0,0.0,0.0,0.0,-1.6141310942657805e-05
741,100,100,1.0,feasible,0.734818381647568,0.7778967245879336,0.8142949836917657,0.07947660204419771,0.6079396359999999,0.6514721757440001,0.7491568151999999,0.1412171792,0.0,0.07215068296471906,0.24145680920238094,0.24145680920238094,0.0907414848575389,0.2408069826847357,0.5624999999999997,0.47175851514246075,0.19118405390639526,0.0,0.0,0.0,0.0,-2.208277563611749e-05
742,100,100,1.0,feasible,0.734818381647568,0.7782229016360561,0.8142949836917657,0.07947660204419771,0.6079396359999999,0.6499872494639999,0.7485811783999998,0.14064154239999993,0.0,0.07347949217559524,0.2410493308404762,0.2410493308404762,0.0907414848575389,0.23698786508971165,0.5624999999999997,0.47175851514246075,0.19132881868967638,0.0,0.0,0.0,0.0,0.00014476478328112607
743,100,100,1.0,feasible,0.734818381647568,0.7776135289492963,0.8142949836917657,0.07947660204419771,0.6079396359999999,0.6528236686079998,0.7485811783999998,0.14064154239999993,0.0,0.06689904884438096,0.2410493308404762,0.2410493308404762,0.0907414848575389,0.24200387877436622,0.5624999999999997,0.47175851514246075,0.19140221792441225,0.0,0.0,0.0,0.0,7.33992347358714e-05
744,100,100,1.0,feasible,0.734818381647568,0.7776735905979106,0.8142949836917657,0.07947660204419771,0.6079396359999999,0.6512799563839999,0.7485811783999998,0.14064154239999993,0.0,0.06921119975721428,0.2366079736190476,0.2366079736190476,0.0907414848575389,0.23729046987137603,0.5624999999999997,0.47175851514246075,0.19146895646588324,0.0,0.0,0.0,0.0,6.673854147098979e-05
745,100,100,1.0,feasible,0.734818381647568,0.777086945971779,0.8142949836917657,0.07947660204419771,0.6079396359999999,0.6502876118959999,0.7485811783999998,0.14064154239999993,0.0,0.06678014307664286,0.2366079736190476,0.2366079736190476,0.0907414848575389,0.24441641248517573,0.5624999999999997,0.47175851514246075,0.19143948805397656,0.0,0.0,0.0,0.0,-2.9468411906680148e-05
746,100,100,1.0,feasible,0.734818381647568,0.7792628647803186,0.8142949836917657,0.07947660204419771,0.6079396359999999,0.65266045072,0.7487707423999999,0.14083110639999996,0.0,0.07040127370371428,0.24184006197857144,0.24184006197857144,0.0907414848575389,0.2369517499069644,0.5624999999999997,0.47175851514246075,0.19136944642999776,0.0,0.0,0.0,0.0,-7.004162397880598e-05
747,100,100,1.0,feasible,0.734818381647568,0.7779669834397294,0.8142949836917657,0.07947660204419771,0.6079396359999999,0.648413337784,0.7487707423999999,0.14083110639999996,0.0,0.07263977587040475,0.24184006197857144,0.24184006197857144,0.0907414848575389,0.23902060394643024,0.5624999999999997,0.47175851514246075,0.19141571379878985,0.0,0.0,0.0,0.0,4.62673687920967e-05
748,100,100,1.0,feasible,0.734818381647568,0.7779407227931558,0.8142949836917657,0.07947660204419771,0.6079396359999999,0.6506117539359998,0.7487707423999999,0.14083110639999996,0.0,0.07041454353571429,0.24184006197857144,0.24184006197857144,0.0907414848575389,0.24097332972758648,0.5624999999999997,0.47175851514246075,0.1912591406938084,0.0,0.0,0.0,0.0,-0.00015657310498146115
749,100,100,1.0,feasible,0.734818381647568,0.7789518132227513,0.8142949836917657,0.07947660204419771,0.6079396359999999,0.6548825542559998,0.7487707423999999,0.14083110639999996,0.0,0.06768736082359524,0.24184006197857144,0.24184006197857144,0.0907414848575389,0.23741452642865984,0.5624999999999997,0.47175851514246075,0.19131825151101634,0.0,0.0,0.0,0.0,5.911081720794131e-05
750,100,100,1.0,feasible,0.734818381647568,0.775828550783144,0.8142949836917657,0.07947660204419771,0.6079396359999999,0.6477054643599999,0.7487707423999999,0.14083110639999996,0.0,0.06931430355609763,0.2848267324835715,0.2848267324835715,0.0907414848575389,0.2515331066252149,0.5624999999999997,0.47175851514246075,0.19136919428811844,0.0,0.0,0.0,0.0,5.0942777102103154e-05
751,100,100,1.0,feasible,0.734818381647568,0.7790034373816129,0.8142949836917657,0.07947660204419771,0.6079396359999999,0.651869780608,0.7487707423999999,0.14083110639999996,0.0,0.07518938441690715,0.2848267324835715,0.2848267324835715,0.0907414848575389,0.23720267363332187,0.5624999999999997,0.47175851514246075,0.19132107374877183,0.0,0.0,0.0,0.0,-4.812053934660776e-05
752,100,100,1.0,feasible,0.734818381647568,0.7777637117096612,0.8142949836917657,0.07947660204419771,0.6079396359999999,0.6503634047519999,0.7487707423999999,0.14083110639999996,0.0,0.07425008402485953,0.2848267324835715,0.2848267324835715,0.0907414848575389,0.24828475519123383,0.5624999999999997,0.47175851514246075,0.19125639384278742,0.0,0.0,0.0,0.0,-6.467990598441054e-05
753,100,100,1.0,feasible,0.734818381647568,0.7778094995526136,0.8142949836917657,0.07947660204419771,0.6079396359999999,0.6525080756719999,0.7487707423999999,0.14083110639999996,0.0,0.06842475867390715,0.2848267324835715,0.2848267324835715,0.0907414848575389,0.2483656235267616,0.5624999999999997,0.47175851514246075,0.19129569304910277,0.0,0.0,0.0,0.0,3.9299206315346336e-05
754,100,100,1.0,feasible,0.734818381647568,0.7795962078453944,0.8142949836917657,0.07947660204419771,0.6079396359999999,0.6519617317759999,0.7487707872,0.14083115120000012,0.0,0.07376021323952858,0.2848267324835715,0.2848267324835715,0.0907414848575389,0.23906602013440906,0.5624999999999997,0.47175851514246075,0.19115631978100436,0.0,0.0,0.0,0.0,-0.00013937326809840278
755,100,100,1.0,feasible,0.734818381647568,0.7757961099410461,0.8142949836917657,0.07947660204419771,0.6079396359999999,0.6485468560639999,0.7487707872,0.14083115120000012,0.0,0.06489042904528809,0.2848267324835715,0.2848267324835715,0.0907414848575389,0.2588252818241026,0.5624999999999997,0.47175851514246075,0.1910754849820573,0.0,0.0,0.0,0.0,-8.083479894707701e-05
756,100,100,1.0,feasible,0.734818381647568,0.779492925357124,0.8142949836917657,0.07947660204419771,0.6079396359999999,0.6495014585519999,0.7487707872,0.14083115120000012,0.0,0.0775664308437769,0.3280502556880953,0.3280502556880953,0.0907414848575389,0.23384383102142403,0.5624999999999997,0.47175851514246075,0.1913115786016747,0.0,0.0,0.0,0.0,0.00023609361961740571
757,100,100,1.0,feasible,0.734818381647568,0.7785820622965832,0.8142949836917657,0.07947660204419771,0.6079396359999999,0.6482050059599997,0.7487707872,0.14083115120000012,0.0,0.07773539153789356,0.2719394215714286,0.2719394215714286,0.0907414848575389,0.23826832604278972,0.5624999999999997,0.47175851514246075,0.1914161914110186,0.0,0.0,0.0,0.0,0.00010461280934390138
758,100,100,1.0,feasible,0.734818381647568,0.7787217391886,0.8142949836917657,0.07947660204419771,0.6079396359999999,0.6495734841759997,0.7487707872,0.14083115120000012,0.0,0.07619993389593882,0.2719394215714286,0.2719394215714286,0.0907414848575389,0.23215496016742648,0.5624999999999997,0.47175851514246075,0.19141311096257604,0.0,0.0,0.0,0.0,-3.0804484425495104e-06
759,100,100,1.0,feasible,0.734818381647568,0.7775043456246838,0.8142949836917657,0.07947660204419771,0.6079396359999999,0.6491234374879998,0.7487707872,0.14083115120000012,0.0,0.07591664021387454,0.3027590267380953,0.3027590267380953,0.0907414848575389,0.24565091438258665,0.5624999999999997,0.47175851514246075,0.19129263934886576,0.0,0.0,0.0,0.0,-0.00012047161371028792
760,100,100,1.0,feasible,0.734818381647568,0.7774702911639021,0.8142949836917657,0.07947660204419771,0.6079396359999999,0.6423651476879999,0.7487707872,0.14083115120000012,0.0,0.08308076613518406,0.25644137856476196,0.25644137856476196,0.0907414848575389,0.23479150626380313,0.5624999999999997,0.47175851514246075,0.1913846519141701,0.0,0.0,0.0,0.0,9.201256530433355e-05
761,100,100,1.0,feasible,0.734818381647568,0.7765040917874524,0.8142949836917657,0.07947660204419771,0.6079396359999999,0.6447616067999998,0.7487707872,0.14083115120000012,0.0,0.07893030918358881,0.25644137856476196,0.25644137856476196,0.0907414848575389,0.2460003230324045,0.5624999999999997,0.47175851514246075,0.19142203053478113,0.0,0.0,0.0,0.0,3.737862061103936e-05
762,100,100,1.0,feasible,0.734818381647568,0.7784498012950656,0.8142949836917657,0.07947660204419771,0.6079396359999999,0.6469394192559998,0.7487707872,0.14083115120000012,0.0,0.08403263171211263,0.25644137856476196,0.25644137856476196,0.0907414848575389,0.23283367645534486,0.5624999999999997,0.47175851514246075,0.19138092377194943,0.0,0.0,0.0,0.0,-4.110676283169967e-05
763,100,100,1.0,feasible,0.734818381647568,0.777415243501997,0.8142949836917657,0.07947660204419771,0.6079396359999999,0.6499535319599998,0.7487707872,0.14083115120000012,0.0,0.0743082276363381,0.25644137856476196,0.25644137856476196,0.0907414848575389,0.24283737012041304,0.5624999999999997,0.47175851514246075,0.1913677354396739,0.0,0.0,0.0,0.0,-1.3188332275537729e-05
764,100,100,1.0,feasible,0.734818381647568,0.7766098666483526,0.8142949836917657,0.07947660204419771,0.6079396359999999,0.6485760455679999,0.7487707872,0.14083115120000012,0.0,0.07217778156767143,0.2648274968928571,0.2648274968928571,0.0907414848575389,0.2499839830625104,0.5624999999999997,0.47175851514246075,0.19138337522662008,0.0,0.0,0.0,0.0,1.5639786946186618e-05
765,100,100,1.0,feasible,0.734818381647568,0.7779343447778766,0.8142949836917657,0.07947660204419771,0.6079396359999999,0.6503368002,0.7487707872,0.14083115120000012,0.0,0.0730612170071,0.25644137856476196,0.25644137856476196,0.0907414848575389,0.23800838614456982,0.5624999999999997,0.47175851514246075,0.19147350699637133,0.0,0.0,0.0,0.0,9.013176975125603e-05
766,100,100,1.0,feasible,0.734818381647568,0.7756233637948476,0.8142949836917657,0.07947660204419771,0.6079396359999999,0.6464576858799999,0.7467557495999999,0.1388161136,0.0,0.07300073955507619,0.25644137856476196,0.25644137856476196,0.0907414848575389,0.25077408561791326,0.5624999999999997,0.47175851514246075,0.19153736512314257,0.0,0.0,0.0,0.0,6.385812677123237e-05
767,100,100,1.0,feasible,0.734818381647568,0.7785636727486789,0.8142949836917657,0.07947660204419771,0.6079396359999999,0.64907933796,0.7467557495999999,0.1388161136,0.0,0.07385590696079049,0.25644137856476196,0.25644137856476196,0.0907414848575389,0.23542951962325226,0.5624999999999997,0.47175851514246075,0.19146152155680968,0.0,0.0,0.0,0.0,-7.584356633288936e-05
768,100,100,1.0,feasible,0.734818381647568,0.7787045694992415,0.8142949836917657,0.07947660204419771,0.6079396359999999,0.649068754528,0.7467557495999999,0.1388161136,0.0,0.0724837106951238,0.25644137856476196,0.25644137856476196,0.0907414848575389,0.23513203762197177,0.5624999999999997,0.47175851514246075,0.19147386054974463,0.0,0.0,0.0,0.0,1.2338992934957105e-05
769,100,100,1.0,feasible,0.734818381647568,0.7785134798283713,0.8142949836917657,0.07947660204419771,0.6079396359999999,0.6534564190959999,0.7467557495999999,0.1388161136,0.0,0.06487583673230236,0.25644137856476196,0.25644137856476196,0.0907414848575389,0.24014934184676043,0.5624999999999997,0.47175851514246075,0.19143274148657954,0.0,0.0,0.0,0.0,-4.11190631650904e-05
770,100,100,1.0,feasible,0.734818381647568,0.7781533287077248,0.8142949836917657,0.07947660204419771,0.6079396359999999,0.6495473339279998,0.7467557495999999,0.1388161136,0.0,0.07249753408337382,0.25644137856476196,0.25644137856476196,0.0907414848575389,0.24109723890604642,0.5624999999999997,0.47175851514246075,0.1913600449869674,0.0,0.0,0.0,0.0,-7.269649961214042e-05
771,100,100,1.0,feasible,0.734818381647568,0.7765245440819423,0.8142949836917657,0.07947660204419771,0.6079396359999999,0.64786903892,0.7467557495999999,0.1388161136,0.0,0.06911318986999286,0.25644137856476196,0.25644137856476196,0.0907414848575389,0.24748040072410352,0.5624999999999997,0.47175851514246075,0.19135692856016762,0.0,0.0,0.0,0.0,-3.1164267997874084e-06
772,100,100,1.0,feasible,0.734818381647568,0.778728106880854,0.8142949836917657,0.07947660204419771,0.6079396359999999,0.6523458366159997,0.7472394519999999,0.13929981599999997,0.0,0.07371989525096428,0.3014378448095238,0.3014378448095238,0.0907414848575389,0.24072312287238762,0.5624999999999997,0.47175851514246075,0.19129214913553802,0.0,0.0,0.0,0.0,-6.47794246295963e-05
773,100,100,1.0,feasible,0.734818381647568,0.7787397681841174,0.8142949836917657,0.07947660204419771,0.6079396359999999,0.651847654328,0.7472394519999999,0.13929981599999997,0.0,0.07494896204436904,0.30413156233809524,0.30413156233809524,0.0907414848575389,0.2369275606539556,0.5624999999999997,0.47175851514246075,0.19138509928411396,0.0,0.0,0.0,0.0,9.295014857593764e-05
774,100,100,1.0,feasible,0.734818381647568,0.7779049680227792,0.8142949836917657,0.07947660204419771,0.6079396359999999,0.6479718924079999,0.7472394519999999,0.13929981599999997,0.0,0.08493463384656191,0.3160908604657143,0.3160908604657143,0.0907414848575389,0.23774182789698162,0.5624999999999997,0.47175851514246075,0.19122405882826318,0.0,0.0,0.0,0.0,-0.00016104045585077498
775,100,100,1.0,feasible,0.734818381647568,0.7774287635018227,0.8142949836917657,0.07947660204419771,0.6079396359999999,0.647474380496,0.7472394519999999,0.13929981599999997,0.0,0.08512052882743333,0.31708070568619046,0.31708070568619046,0.0907414848575389,0.24448113175582098,0.5624999999999997,0.47175851514246075,0.19122721880641336,0.0,0.0,0.0,0.0,3.159978150174547e-06
776,100,100,1.0,feasible,0.734818381647568,0.7779862388990635,0.8142949836917657,0.07947660204419771,0.6079396359999999,0.6510787694959999,0.7475070839999999,0.13956744799999998,0.0,0.07236159838634762,0.2508536102347619,0.2508536102347619,0.0907414848575389,0.23998812096240837,0.5624999999999997,0.47175851514246075,0.19144553543375692,0.0,0.0,0.0,0.0,0.00021831662734356216
777,100,100,1.0,feasible,0.734818381647568,0.7769909207733765,0.8142949836917657,0.07947660204419771,0.6079396359999999,0.6485114256319998,0.7475070839999999,0.13956744799999998,0.0,0.07643240373449048,0.2508536102347619,0.2508536102347619,0.0907414848575389,0.24628915729754458,0.5624999999999997,0.47175851514246075,0.1912460242806251,0.0,0.0,0.0,0.0,-0.0001995111531318261
778,100,100,1.0,feasible,0.734818381647568,0.7791888949714825,0.8142949836917657,0.07947660204419771,0.6079396359999999,0.6489485104959999,0.7466394983999998,0.13869986239999987,0.0,0.08361312966688571,0.2508536102347619,0.2508536102347619,0.0907414848575389,0.23297891966206144,0.5624999999999997,0.47175851514246075,0.19130638776371928,0.0,0.0,0.0,0.0,6.036348309418349e-05
779,100,100,1.0,feasible,0.734818381647568,0.7774550234149616,0.8142949836917657,0.07947660204419771,0.6079396359999999,0.6484000636159999,0.7473166071999999,0.13937697120000003,0.0,0.07925552125720477,0.2508536102347619,0.2508536102347619,0.0907414848575389,0.2410448408004603,0.5624999999999997,0.47175851514246075,0.19139092809934322,0.0,0.0,0.0,0.0,8.454033562393937e-05
780,100,100,1.0,feasible,0.734818381647568,0.7783535749751451,0.8142949836917657,0.07947660204419771,0.6079396359999999,0.6509253434959998,0.7473166071999999,0.13937697120000003,0.0,0.08068163893589522,0.2508536102347619,0.2508536102347619,0.0907414848575389,0.2371283946708636,0.5624999999999997,0.47175851514246075,0.19140476880316948,0.0,0.0,0.0,0.0,1.3840703826262235e-05
781,100,100,1.0,feasible,0.734818381647568,0.7769657022779201,0.8142949836917657,0.07947660204419771,0.6079396359999999,0.6500204677839999,0.7473166071999999,0.13937697120000003,0.0,0.0753323021680974,0.2508536102347619,0.2508536102347619,0.0907414848575389,0.24727497346385394,0.5624999999999997,0.47175851514246075,0.19130515567847683,0.0,0.0,0.0,0.0,-9.96131246926435e-05
782,100,100,1.0,feasible,0.734818381647568,0.7759371998168595,0.8142949836917657,0.07947660204419771,0.6079396359999999,0.6448437539599999,0.7473166071999999,0.13937697120000003,0.0,0.08168810033282357,0.2508536102347619,0.2508536102347619,0.0907414848575389,0.2468601968531433,0.5624999999999997,0.47175851514246075,0.19142499277617825,0.0,0.0,0.0,0.0,0.00011983709770141404
783,100,100,1.0,feasible,0.734818381647568,0.7760293376258001,0.8142949836917657,0.07947660204419771,0.6079396359999999,0.6455854849839998,0.7473166071999999,0.13937697120000003,0.0,0.08395581181346644,0.35369587176666667,0.35369587176666667,0.0907414848575389,0.24642777273440347,0.5624999999999997,0.47175851514246075,0.19140535953862653,0.0,0.0,0.0,0.0,-1.9633237551719418e-05
784,100,100,1.0,feasible,0.734818381647568,0.7784277363281181,0.8142949836917657,0.07947660204419771,0.6079396359999999,0.647239856248,0.7473166071999999,0.13937697120000003,0.0,0.08698805873677286,0.2508536102347619,0.2508536102347619,0.0907414848575389,0.23220423018005426,0.5624999999999997,0.47175851514246075,0.1914492015252227,0.0,0.0,0.0,0.0,4.384198659618255e-05
785,100,100,1.0,feasible,0.734818381647568,0.7768790849249123,0.8142949836917657,0.07947660204419771,0.6079396359999999,0.6486962008239999,0.7473166071999999,0.13937697120000003,0.0,0.07977518662261095,0.29771775351904767,0.29771775351904767,0.0907414848575389,0.24209172572455917,0.5624999999999997,0.47175851514246075,0.19147572041587319,0.0,0.0,0.0,0.0,2.6518890650473192e-05
786,100,100,1.0,feasible,0.734818381647568,0.778123837126088,0.8142949836917657,0.07947660204419771,0.6079396359999999,0.650184132056,0.7477668015999999,0.13982716559999997,0.0,0.08100623737273333,0.29771775351904767,0.29771775351904767,0.0907414848575389,0.2379751912850303,0.5624999999999997,0.47175851514246075,0.191466118105073,0.0,0.0,0.0,0.0,-9.602310800188585e-06
787,100,100,1.0,feasible,0.734818381647568,0.7781719846929345,0.8142949836917657,0.07947660204419771,0.6079396359999999,0.6500721622079999,0.7477668015999999,0.13982716559999997,0.0,0.08208934693278094,0.29771775351904767,0.29771775351904767,0.0907414848575389,0.2441075703837891,0.5624999999999997,0.47175851514246075,0.19137238230316017,0.0,0.0,0.0,0.0,-9.373580191282538e-05
788,100,100,1.0,feasible,0.734818381647568,0.7766624568869588,0.8142949836917657,0.07947660204419771,0.6079396359999999,0.6467449508639999,0.7480595487999999,0.14011991280000002,0.0,0.0839273539885,0.29771775351904767,0.29771775351904767,0.0907414848575389,0.24938056857831611,0.5624999999999997,0.47175851514246075,0.19130782054265294,0.0,0.0,0.0,0.0,-6.456176050723128e-05
789,100,100,1.0,feasible,0.734818381647568,0.7775741672849841,0.8142949836917657,0.07947660204419771,0.6079396359999999,0.6482081877759999,0.7480595487999999,0.14011991280000002,0.0,0.0861814809920476,0.2948434415357143,0.2948434415357143,0.0907414848575389,0.23990825975302196,0.5624999999999997,0.47175851514246075,0.1912425979976521,0.0,0.0,0.0,0.0,-6.522254500085367e-05
790,100,100,1.0,feasible,0.734818381647568,0.7782516899752325,0.8142949836917657,0.07947660204419771,0.6079396359999999,0.6486168045759999,0.7480595487999999,0.14011991280000002,0.0,0.0858786324462619,0.28662379639047625,0.28662379639047625,0.0907414848575389,0.23879602928998128,0.5624999999999997,0.47175851514246075,0.19130162147066293,0.0,0.0,0.0,0.0,5.9023473010844096e-05
791,100,100,1.0,feasible,0.734818381647568,0.7776044166736434,0.8142949836917657,0.07947660204419771,0.6079396359999999,0.6511361080799999,0.7480595487999999,0.14011991280000002,0.0,0.07799296919097619,0.26400709827142854,0.26400709827142854,0.0907414848575389,0.2445077167996071,0.5624999999999997,0.47175851514246075,0.19117579852162006,0.0,0.0,0.0,0.0,-0.00012582294904286973
792,100,100,1.0,feasible,0.734818381647568,0.7775790112073325,0.8142949836917657,0.07947660204419771,0.6079396359999999,0.6467006189519999,0.7480595487999999,0.14011991280000002,0.0,0.08413305739835718,0.26400709827142854,0.26400709827142854,0.0907414848575389,0.2423062620424039,0.5624999999999997,0.47175851514246075,0.19130238726083165,0.0,0.0,0.0,0.0,0.00012658873921159164
793,100,100,1.0,feasible,0.734818381647568,0.778290174174559,0.8142949836917657,0.07947660204419771,0.6079396359999999,0.6526312028,0.7480595487999999,0.14011991280000002,0.0,0.07425213168409524,0.26179356733095244,0.26179356733095244,0.0907414848575389,0.2407243632944175,0.5624999999999997,0.47175851514246075,0.19132396393343193,0.0,0.0,0.0,0.0,2.1576672600276403e-05
794,100,100,1.0,feasible,0.734818381647568,0.7781292049116564,0.8142949836917657,0.07947660204419771,0.6079396359999999,0.650755801328,0.7480595487999999,0.14011991280000002,0.0,0.08155922684124048,0.26179356733095244,0.26179356733095244,0.0907414848575389,0.2414639111654877,0.5624999999999997,0.47175851514246075,0.19121765577762295,0.0,0.0,0.0,0.0,-0.00010630815580897623
795,100,100,1.0,feasible,0.734818381647568,0.7803719972023093,0.8142949836917657,0.07947660204419771,0.6079396359999999,0.653049423232,0.7480595487999999,0.14011991280000002,0.0,0.07974916733338809,0.26179356733095244,0.26179356733095244,0.0907414848575389,0.23106735809178428,0.5624999999999997,0.47175851514246075,0.1913092327585807,0.0,0.0,0.0,0.0,9.157698095774158e-05
796,100,100,1.0,feasible,0.734818381647568,0.7790172827612369,0.8142949836917657,0.07947660204419771,0.6079396359999999,0.6500775137359999,0.7480595487999999,0.14011991280000002,0.0,0.0813698422741976,0.2649646357761905,0.2649646357761905,0.0907414848575389,0.23597603912517442,0.5624999999999997,0.47175851514246075,0.19145798061699737,0.0,0.0,0.0,0.0,0.0001487478584166757
797,100,100,1.0,feasible,0.734818381647568,0.7773053036584517,0.8142949836917657,0.07947660204419771,0.6079396359999999,0.6504774014159999,0.7490966623999998,0.14115702639999994,0.0,0.07260926478426905,0.28885412566666674,0.28885412566666674,0.0907414848575389,0.24640012559373678,0.5624999999999997,0.47175851514246075,0.1913557094965893,0.0,0.0,0.0,0.0,-0.00010227112040805952
798,100,100,1.0,feasible,0.734818381647568,0.7786958573247519,0.8142949836917657,0.07947660204419771,0.6079396359999999,0.6521221586079998,0.7490966623999998,0.14115702639999994,0.0,0.07730153428492857,0.28885412566666674,0.28885412566666674,0.0907414848575389,0.23561068426724688,0.5624999999999997,0.47175851514246075,0.19145101297864842,0.0,0.0,0.0,0.0,9.530348205910588e-05
799,100,100,1.0,feasible,0.734818381647568,0.7764613564509095,0.8142949836917657,0.07947660204419771,0.6079396359999999,0.6478098001359999,0.7490966623999998,0.14115702639999994,0.0,0.08022927344921428,0.2932191046666667,0.2932191046666667,0.0907414848575389,0.24511588336352083,0.5624999999999997,0.47175851514246075,0.19145321763127865,0.0,0.0,0.0,0.0,2.2046526302332836e-06
800,100,100,1.0,feasible,0.734818381647568,0.7772268387385973,0.8142949836917657,0.07947660204419771,0.6079396359999999,0.654128407864,0.7490966623999998,0.14115702639999994,0.0,0.07505348684014286,0.3052205846214286,0.3052205846214286,0.0907414848575389,0.24396026298200182,0.5624999999999997,0.47175851514246075,0.1913164061309321,0.0,0.0,0.0,0.0,-0.00013681150034655643
801,100,100,1.0,feasible,0.734818381647568,0.7746934719943137,0.8142949836917657,0.07947660204419771,0.6079396359999999,0.6507469443679998,0.7490966623999998,0.14115702639999994,0.0,0.06918910819204761,0.3052205846214286,0.3052205846214286,0.0907414848575389,0.2584525387919119,0.5624999999999997,0.47175851514246075,0.1913257506859162,0.0,0.0,0.0,0.0,9.344554984108688e-06
802,100,100,1.0,feasible,0.734818381647568,0.7771469736574049,0.8142949836917657,0.07947660204419771,0.6079396359999999,0.649188190568,0.7490966623999998,0.14115702639999994,0.0,0.08137743667519048,0.3052205846214286,0.3052205846214286,0.0907414848575389,0.2431994747840763,0.5624999999999997,0.47175851514246075,0.19135366913588464,0.0,0.0,0.0,0.0,2.7918449968439285e-05
803,100,100,1.0,feasible,0.734818381647568,0.7764042714954738,0.8142949836917657,0.07947660204419771,0.6079396359999999,0.6507757115199998,0.7490966623999998,0.14115702639999994,0.0,0.07001974988623809,0.2480253563452381,0.2480253563452381,0.0907414848575389,0.2472258982655851,0.5624999999999997,0.47175851514246075,0.19135598202416,0.0,0.0,0.0,0.0,2.3128882753464808e-06
804,100,100,1.0,feasible,0.734818381647568,0.7771905524662935,0.8142949836917657,0.07947660204419771,0.6079396359999999,0.6550448635999999,0.7490966623999998,0.14115702639999994,0.0,0.06590823770688094,0.2480253563452381,0.2480253563452381,0.0907414848575389,0.2485095314792714,0.5624999999999997,0.47175851514246075,0.1913176651712677,0.0,0.0,0.0,0.0,-3.831685289229503e-05
805,100,100,1.0,feasible,0.734818381647568,0.7794946881298728,0.8142949836917657,0.07947660204419771,0.6079396359999999,0.6557095235439999,0.7490966623999998,0.14115702639999994,0.0,0.07638421655645238,0.2480253563452381,0.2480253563452381,0.0907414848575389,0.23300382566675773,0.5624999999999997,0.47175851514246075,0.1912688417082411,0.0,0.0,0.0,0.0,-4.8823463026592684e-05
806,100,100,1.0,feasible,0.734818381647568,0.7790328752550887,0.8142949836917657,0.07947660204419771,0.6079396359999999,0.6582202598639998,0.7490966623999998,0.14115702639999994,0.0,0.06884651983980951,0.23610829226190477,0.23610829226190477,0.0907414848575389,0.2365012861702931,0.5624999999999997,0.47175851514246075,0.19122011053905463,0.0,0.0,0.0,0.0,-4.8731169186466694e-05
807,100,100,1.0,feasible,0.734818381647568,0.7777578401566287,0.8142949836917657,0.07947660204419771,0.6079396359999999,0.655012923664,0.7490966623999998,0.14115702639999994,0.0,0.07021112720264286,0.279880398547619,0.279880398547619,0.0907414848575389,0.24310584647086309,0.5624999999999997,0.47175851514246075,0.19120210525979814,0.0,0.0,0.0,0.0,-1.8005279256494422e-05
808,100,100,1.0,feasible,0.734818381647568,0.777616068739644,0.8142949836917657,0.07947660204419771,0.6079396359999999,0.6560206804479999,0.7490966623999998,0.14115702639999994,0.0,0.0693278070540238,0.2868622599404762,0.2868622599404762,0.0907414848575389,0.24784771048119145,0.5624999999999997,0.47175851514246075,0.19118812209192262,0.0,0.0,0.0,0.0,-1.3983167875514235e-05
809,100,100,1.0,feasible,0.734818381647568,0.7770012439371741,0.8142949836917657,0.07947660204419771,0.6079396359999999,0.6556694717999999,0.7490966623999998,0.14115702639999994,0.0,0.06865086649345238,0.2868622599404762,0.2868622599404762,0.0907414848575389,0.2506073203110125,0.5624999999999997,0.47175851514246075,0.1911104606651092,0.0,0.0,0.0,0.0,-7.766142681342458e-05
810,100,100,1.0,feasible,0.734818381647568,0.7782373950874714,0.8142949836917657,0.07947660204419771,0.6079396359999999,0.6550789976879998,0.7490966623999998,0.14115702639999994,0.0,0.07419874629580951,0.2868622599404762,0.2868622599404762,0.0907414848575389,0.24380348700254043,0.5624999999999997,0.47175851514246075,0.19113594752579832,0.0,0.0,0.0,0.0,2.5486860689122315e-05
811,100,100,1.0,feasible,0.734818381647568,0.7763469523878045,0.8142949836917657,0.07947660204419771,0.6079396359999999,0.649195445136,0.7490966623999998,0.14115702639999994,0.0,0.07968277764728572,0.3064963106785714,0.3064963106785714,0.0907414848575389,0.24856510245117902,0.5624999999999997,0.47175851514246075,0.1911545157300209,0.0,0.0,0.0,0.0,1.8568204222579876e-05
812,100,100,1.0,feasible,0.734818381647568,0.7776488894589504,0.8142949836917657,0.07947660204419771,0.6079396359999999,0.6542400255840001,0.7490966623999998,0.14115702639999994,0.0,0.07646726054842858,0.3064963106785714,0.3064963106785714,0.0907414848575389,0.24812636738103033,0.5624999999999997,0.47175851514246075,0.19114496666083985,0.0,0.0,0.0,0.0,-9.549069181047365e-06
813,100,100,1.0,feasible,0.734818381647568,0.7789415355127065,0.8142949836917657,0.07947660204419771,0.6079396359999999,0.6496725870079999,0.7494243231999999,0.14148468719999996,0.0,0.09020938478385716,0.3064963106785714,0.3064963106785714,0.0907414848575389,0.23849423897287023,0.5624999999999997,0.47175851514246075,0.19109938025472997,0.0,0.0,0.0,0.0,-4.558640610988207e-05
814,100,100,1.0,feasible,0.734818381647568,0.7763874122180943,0.8150260443374673,0.08020766268989932,0.6079396359999999,0.6501069126159998,0.7494243231999999,0.14148468719999996,0.0,0.08398057227469045,0.3084194836523809,0.3084194836523809,0.0907414848575389,0.250793548478642,0.5624999999999997,0.47175851514246075,0.19125151913314936,0.0,0.0,0.0,0.0,0.0001521388784193889
815,100,100,1.0,feasible,0.734818381647568,0.7782803614140199,0.8150260443374673,0.08020766268989932,0.6079396359999999,0.6529402105439999,0.7494243231999999,0.14148468719999996,0.0,0.08196847213145238,0.30213677857857146,0.30213677857857146,0.0907414848575389,0.24291198835963876,0.5624999999999997,0.47175851514246075,0.19127571549885072,0.0,0.0,0.0,0.0,2.4196365701362188e-05
816,100,100,1.0,feasible,0.734818381647568,0.776224585107181,0.8150260443374673,0.08020766268989932,0.6079396359999999,0.6505367266559999,0.7494243231999999,0.14148468719999996,0.0,0.08013409074452381,0.30213677857857146,0.30213677857857146,0.0907414848575389,0.25412709612782924,0.5624999999999997,0.47175851514246075,0.19115975035090954,0.0,0.0,0.0,0.0,-0.00011596514794118273
817,100,100,1.0,feasible,0.734818381647568,0.7764696216855911,0.8150260443374673,0.08020766268989932,0.6079396359999999,0.6507376927519999,0.7494243231999999,0.14148468719999996,0.0,0.08495313384738096,0.3031976356952381,0.3031976356952381,0.0907414848575389,0.25355373758543365,0.5624999999999997,0.47175851514246075,0.19109587612074896,0.0,0.0,0.0,0.0,-6.387423016057658e-05
818,100,100,1.0,feasible,0.734818381647568,0.7774240427877488,0.8150260443374673,0.08020766268989932,0.6079396359999999,0.649681761424,0.7494243231999999,0.14148468719999996,0.0,0.08944247245735713,0.3031976356952381,0.3031976356952381,0.0907414848575389,0.24434137527831512,0.5624999999999997,0.47175851514246075,0.1911395641339001,0.0,0.0,0.0,0.0,4.368801315113302e-05
819,100,100,1.0,feasible,0.734818381647568,0.7772229792920308,0.8150260443374673,0.08020766268989932,0.6079396359999999,0.6476620726639999,0.7494243231999999,0.14148468719999996,0.0,0.08922775335597144,0.3031976356952381,0.3031976356952381,0.0907414848575389,0.24561632162234873,0.5624999999999997,0.47175851514246075,0.19124343409153804,0.0,0.0,0.0,0.0,0.0001038699576379476
820,100,100,1.0,feasible,0.734818381647568,0.7775059459220693,0.8150260443374673,0.08020766268989932,0.6079396359999999,0.651582215512,0.7494243231999999,0.14148468719999996,0.0,0.08258510636554763,0.3033349420071429,0.3033349420071429,0.0907414848575389,0.2449854148912691,0.5624999999999997,0.47175851514246075,0.19118470821940112,0.0,0.0,0.0,0.0,-5.8725872136927704e-05
821,100,100,1.0,feasible,0.734818381647568,0.7784118160780004,0.8142949836917657,0.07947660204419771,0.6079396359999999,0.6512811899359998,0.7494243231999999,0.14148468719999996,0.0,0.08661065353609523,0.3033349420071429,0.3033349420071429,0.0907414848575389,0.2440438791123595,0.5624999999999997,0.47175851514246075,0.19113277254861105,0.0,0.0,0.0,0.0,-5.1935670790065336e-05
822,100,100,1.0,feasible,0.734818381647568,0.7779078611898906,0.8142949836917657,0.07947660204419771,0.6079396359999999,0.6527069157679999,0.7494243231999999,0.14148468719999996,0.0,0.08717193961483809,0.3033349420071429,0.3033349420071429,0.0907414848575389,0.24249379678942462,0.5624999999999997,0.47175851514246075,0.19110891930643104,0.0,0.0,0.0,0.0,-2.3853242180016387e-05
823,100,100,1.0,feasible,0.734818381647568,0.777199456649748,0.8142949836917657,0.07947660204419771,0.6079396359999999,0.6463870536319999,0.7494243231999999,0.14148468719999996,0.0,0.09018791017031426,0.3033349420071429,0.3033349420071429,0.0907414848575389,0.24761315440284576,0.5624999999999997,0.47175851514246075,0.1913489961790339,0.0,0.0,0.0,0.0,0.00024007687260285682
824,100,100,1.0,feasible,0.734818381647568,0.7775963797306962,0.8142949836917657,0.07947660204419771,0.6079396359999999,0.6497723862719998,0.7494243231999999,0.14148468719999996,0.0,0.08375223912833808,0.30702910142857137,0.30702910142857137,0.0907414848575389,0.248327649109667,0.5624999999999997,0.47175851514246075,0.1912934834679288,0.0,0.0,0.0,0.0,-5.551271110509903e-05
825,100,100,1.0,feasible,0.734818381647568,0.780259842771179,0.8142949836917657,0.07947660204419771,0.6079396359999999,0.6527141486399999,0.7494243231999999,0.14148468719999996,0.0,0.09003979657290952,0.30702910142857137,0.30702910142857137,0.0907414848575389,0.23077281696187973,0.5624999999999997,0.47175851514246075,0.19116256931366699,0.0,0.0,0.0,0.0,-0.00013091415426180752
826,100,100,1.0,feasible,0.734818381647568,0.7772665395356951,0.8142949836917657,0.07947660204419771,0.6079396359999999,0.649799762152,0.7494243231999999,0.14148468719999996,0.0,0.08761414612705477,0.30702910142857137,0.30702910142857137,0.0907414848575389,0.2482601518623967,0.5624999999999997,0.47175851514246075,0.1910685747457487,0.0,0.0,0.0,0.0,-9.399456791828187e-05
827,100,100,1.0,feasible,0.734818381647568,0.7788545440889193,0.8142949836917657,0.07947660204419771,0.6079396359999999,0.6527758990639999,0.7494243231999999,0.14148468719999996,0.0,0.08452039023447618,0.30702910142857137,0.30702910142857137,0.0907414848575389,0.23648265522842732,0.5624999999999997,0.47175851514246075,0.19119491778203254,0.0,0.0,0.0,0.0,0.00012634303628383803
828,100,100,1.0,feasible,0.734818381647568,0.7769849800420353,0.8142949836917657,0.07947660204419771,0.6079396359999999,0.648578602672,0.7494243231999999,0.14148468719999996,0.0,0.09007261401176189,0.30917249366666666,0.30917249366666666,0.0907414848575389,0.24653601315449092,0.5624999999999997,0.47175851514246075,0.19105153139111603,0.0,0.0,0.0,0.0,-0.00014338639091651673
829,100,100,1.0,feasible,0.734818381647568,0.7775734657666614,0.8142949836917657,0.07947660204419771,0.6079396359999999,0.6503198500799999,0.7494243231999999,0.14148468719999996,0.0,0.08908654397778572,0.30702910142857137,0.30702910142857137,0.0907414848575389,0.24339651440276341,0.5624999999999997,0.47175851514246075,0.191225013937951,0.0,0.0,0.0,0.0,0.00017348254683496878
830,100,100,1.0,feasible,0.734818381647568,0.7761520284478398,0.8142949836917657,0.07947660204419771,0.6079396359999999,0.6478572691119999,0.7494243231999999,0.14148468719999996,0.0,0.08516985094299999,0.30702910142857137,0.30702910142857137,0.0907414848575389,0.24636022079184727,0.5624999999999997,0.47175851514246075,0.19130610158262806,0.0,0.0,0.0,0.0,8.108764467706919e-05
831,100,100,1.0,feasible,0.734818381647568,0.7756311268728305,0.8142949836917657,0.07947660204419771,0.6079396359999999,0.645104971832,0.7494243231999999,0.14148468719999996,0.0,0.09255028490195237,0.34397580700238095,0.34397580700238095,0.0907414848575389,0.24895558829979933,0.5624999999999997,0.47175851514246075,0.19135300144142947,0.0,0.0,0.0,0.0,4.689985880140801e-05
832,100,100,1.0,feasible,0.734818381647568,0.7757997082744665,0.8142949836917657,0.07947660204419771,0.6079396359999999,0.647587165264,0.7494243231999999,0.14148468719999996,0.0,0.08476801504966666,0.30702910142857137,0.30702910142857137,0.0907414848575389,0.25205985405833237,0.5624999999999997,0.47175851514246075,0.1913403245024922,0.0,0.0,0.0,0.0,-1.2676938937278281e-05
833,100,100,1.0,feasible,0.734818381647568,0.7764414129489126,0.8142949836917657,0.07947660204419771,0.6079396359999999,0.6524841101119999,0.7494243231999999,0.14148468719999996,0.0,0.07811705026207143,0.30702910142857137,0.30702910142857137,0.0907414848575389,0.24705138728706078,0.5624999999999997,0.47175851514246075,0.19135851558028213,0.0,0.0,0.0,0.0,1.819107778994189e-05
834,100,100,1.0,feasible,0.734818381647568,0.7756216593017983,0.8142949836917657,0.07947660204419771,0.6079396359999999,0.650864602816,0.7494243231999999,0.14148468719999996,0.0,0.07618373163557142,0.30702910142857137,0.30702910142857137,0.0907414848575389,0.24686439259567905,0.5624999999999997,0.47175851514246075,0.1914397340535009,0.0,0.0,0.0,0.0,8.121847321876374e-05
835,100,100,1.0,feasible,0.734818381647568,0.7804242835661835,0.8142949836917657,0.07947660204419771,0.6079396359999999,0.6579551641119998,0.7494243231999999,0.14148468719999996,0.0,0.07777503958564286,0.2825560018452381,0.2825560018452381,0.0907414848575389,0.22601443000689223,0.5624999999999997,0.47175851514246075,0.19132339006796967,0.0,0.0,0.0,0.0,-0.00011634398553123093
836,100,100,1.0,feasible,0.734818381647568,0.7771199632497862,0.8142949836917657,0.07947660204419771,0.6079396359999999,0.6490435146879999,0.7494243231999999,0.14148468719999996,0.0,0.08308828024445238,0.28042602729761906,0.28042602729761906,0.0907414848575389,0.2416639510095039,0.5624999999999997,0.47175851514246075,0.1913649380255892,0.0,0.0,0.0,0.0,4.154795761954211e-05
837,100,100,1.0,feasible,0.734818381647568,0.7777381705754103,0.8142949836917657,0.07947660204419771,0.6079396359999999,0.6479858154079998,0.7494243231999999,0.14148468719999996,0.0,0.08625084426023812,0.29674700897619044,0.29674700897619044,0.0907414848575389,0.2361103481533386,0.5624999999999997,0.47175851514246075,0.1914541322613752,0.0,0.0,0.0,0.0,8.919423578598873e-05
838,100,100,1.0,feasible,0.734818381647568,0.7772784066148639,0.8142949836917657,0.07947660204419771,0.6079396359999999,0.6508953311599999,0.7494243231999999,0.14148468719999996,0.0,0.07927739911149999,0.2714490650714286,0.2714490650714286,0.0907414848575389,0.24311759455581153,0.5624999999999997,0.47175851514246075,0.1914045274644433,0.0,0.0,0.0,0.0,-4.960479693189024e-05
839,100,100,1.0,feasible,0.734818381647568,0.7765099717963477,0.8142949836917657,0.07947660204419771,0.6079396359999999,0.6494486308159998,0.7494243231999999,0.14148468719999996,0.0,0.07589813370788095,0.24694317871428573,0.24694317871428573,0.0907414848575389,0.24500581522643816,0.5624999999999997,0.47175851514246075,0.1914812922699729,0.0,0.0,0.0,0.0,7.676480552959442e-05
840,100,100,1.0,feasible,0.734818381647568,0.7785403308051212,0.8142949836917657,0.07947660204419771,0.6079396359999999,0.6516790657359998,0.7494243231999999,0.14148468719999996,0.0,0.07881817042785713,0.24694317871428573,0.24694317871428573,0.0907414848575389,0.23458419830924604,0.5624999999999997,0.47175851514246075,0.19153536628771706,0.0,0.0,0.0,0.0,5.4074017744154546e-05
841,100,100,1.0,feasible,0.734818381647568,0.7767857060296861,0.8142949836917657,0.07947660204419771,0.6079396359999999,0.6508831922479998,0.7499484919999999,0.14200885600000002,0.0,0.07647245491538096,0.24113667813095244,0.24113667813095244,0.0907414848575389,0.24604225378530928,0.5624999999999997,0.47175851514246075,0.19147008618779232,0.0,0.0,0.0,0.0,-6.528009992473605e-05
842,100,100,1.0,feasible,0.734818381647568,0.7776031554070082,0.8142949836917657,0.07947660204419771,0.6079396359999999,0.6538250891759999,0.7499484919999999,0.14200885600000002,0.0,0.0708991848392143,0.2436914578571429,0.2436914578571429,0.0907414848575389,0.24227204264280222,0.5624999999999997,0.47175851514246075,0.19139960585182564,0.0,0.0,0.0,0.0,-7.04803359666828e-05
843,100,100,1.0,feasible,0.734818381647568,0.7743790576264976,0.8142949836917657,0.07947660204419771,0.6079396359999999,0.6485301335439999,0.7499484919999999,0.14200885600000002,0.0,0.06650219363271428,0.2436914578571429,0.2436914578571429,0.0907414848575389,0.26125332665977163,0.5624999999999997,0.47175851514246075,0.1914553411105931,0.0,0.0,0.0,0.0,5.573525876745311e-05
844,100,100,1.0,feasible,0.734818381647568,0.7790800226963529,0.8142949836917657,0.07947660204419771,0.6079396359999999,0.6543633558479999,0.7499484919999999,0.14200885600000002,0.0,0.07237940914338095,0.2436914578571429,0.2436914578571429,0.0907414848575389,0.23577970520246308,0.5624999999999997,0.47175851514246075,0.19138591376493905,0.0,0.0,0.0,0.0,-6.942734565404396e-05
845,100,100,1.0,feasible,0.734818381647568,0.7754856128983306,0.8142949836917657,0.07947660204419771,0.6079396359999999,0.651216789504,0.7499484919999999,0.14200885600000002,0.0,0.06535374406080953,0.2216567022214286,0.2216567022214286,0.0907414848575389,0.25314716002885057,0.5624999999999997,0.47175851514246075,0.1914666566520776,0.0,0.0,0.0,0.0,8.074288713855182e-05
846,100,100,1.0,feasible,0.734818381647568,0.7778808358693945,0.8142949836917657,0.07947660204419771,0.6079396359999999,0.653405500528,0.7499484919999999,0.14200885600000002,0.0,0.06523531267580952,0.1954463807261905,0.1954463807261905,0.0907414848575389,0.23985962472144465,0.5624999999999997,0.47175851514246075,0.19144901784489188,0.0,0.0,0.0,0.0,-1.7638807185721417e-05
847,100,100,1.0,feasible,0.734818381647568,0.7769602715451833,0.8142949836917657,0.07947660204419771,0.6079396359999999,0.6520418044639997,0.7499484919999999,0.14200885600000002,0.0,0.0627476827122619,0.2212205940309524,0.2212205940309524,0.0907414848575389,0.2447910070630768,0.5624999999999997,0.47175851514246075,0.1913828838018159,0.0,0.0,0.0,0.0,-6.61340430759827e-05
848,100,100,1.0,feasible,0.734818381647568,0.7778097836560096,0.8142949836917657,0.07947660204419771,0.6079396359999999,0.6513549207759999,0.7499484919999999,0.14200885600000002,0.0,0.06843956751340477,0.2212205940309524,0.2212205940309524,0.0907414848575389,0.23903774520888976,0.5624999999999997,0.47175851514246075,0.19135212364323678,0.0,0.0,0.0,0.0,-3.076015857911285e-05
849,100,100,1.0,feasible,0.734818381647568,0.7754412947961907,0.8142949836917657,0.07947660204419771,0.6079396359999999,0.646279479224,0.7471883879999999,0.13924875199999998,0.0,0.07134805030709762,0.2212205940309524,0.2212205940309524,0.0907414848575389,0.25109803427778593,0.5624999999999997,0.47175851514246075,0.19142923310746318,0.0,0.0,0.0,0.0,7.71094642263992e-05
850,100,100,1.0,feasible,0.734818381647568,0.7774761069017841,0.8142949836917657,0.07947660204419771,0.6079396359999999,0.6503501926959998,0.7471883879999999,0.13924875199999998,0.0,0.0718744912533119,0.21981552472619045,0.21981552472619045,0.0907414848575389,0.241868996948694,0.5624999999999997,0.47175851514246075,0.1914592828839007,0.0,0.0,0.0,0.0,3.0049776437529596e-05
851,100,100,1.0,feasible,0.734818381647568,0.7761965300995937,0.8142949836917657,0.07947660204419771,0.6079396359999999,0.6470209178319999,0.7471883879999999,0.13924875199999998,0.0,0.0755091093142381,0.22480578186666667,0.22480578186666667,0.0907414848575389,0.24621485985427077,0.5624999999999997,0.47175851514246075,0.19145819625489718,0.0,0.0,0.0,0.0,-1.0866290035271842e-06
852,100,100,1.0,feasible,0.734818381647568,0.7781548051244485,0.8142949836917657,0.07947660204419771,0.6079396359999999,0.6508909333759999,0.7471883879999999,0.13924875199999998,0.0,0.07275023169342858,0.21981552472619045,0.21981552472619045,0.0907414848575389,0.23439768432047298,0.5624999999999997,0.47175851514246075,0.19151884945997183,0.0,0.0,0.0,0.0,6.0653205074645555e-05
853,100,100,1.0,feasible,0.734818381647568,0.7785716784112118,0.8142949836917657,0.07947660204419771,0.6079396359999999,0.6531583849199998,0.7471883879999999,0.13924875199999998,0.0,0.07022519713576192,0.21981552472619045,0.21981552472619045,0.0907414848575389,0.2346386065417084,0.5624999999999997,0.47175851514246075,0.1914842410169919,0.0,0.0,0.0,0.0,-3.460844297992205e-05
854,100,100,1.0,feasible,0.734818381647568,0.7773458330342038,0.8142949836917657,0.07947660204419771,0.6079396359999999,0.6479247701279999,0.7472705487999999,0.13933091279999998,0.0,0.07474327898690476,0.21981552472619045,0.21981552472619045,0.0907414848575389,0.2394303985324417,0.5624999999999997,0.47175851514246075,0.19146114430043523,0.0,0.0,0.0,0.0,-2.3096716556675334e-05
855,100,100,1.0,feasible,0.734818381647568,0.7759402776603352,0.8142949836917657,0.07947660204419771,0.6079396359999999,0.6505085422479999,0.7472705487999999,0.13933091279999998,0.0,0.06696991319804761,0.2099505007357143,0.2099505007357143,0.0907414848575389,0.25060753885682535,0.5624999999999997,0.47175851514246075,0.19144302578810063,0.0,0.0,0.0,0.0,-1.811851233460282e-05
856,100,100,1.0,feasible,0.734818381647568,0.7772102954371829,0.8142949836917657,0.07947660204419771,0.6079396359999999,0.6504637295279998,0.7475865887999998,0.13964695279999995,0.0,0.07175554162257143,0.2099505007357143,0.2099505007357143,0.0907414848575389,0.24039264133408927,0.5624999999999997,0.47175851514246075,0.19145199992106426,0.0,0.0,0.0,0.0,8.974132963635029e-06
857,100,100,1.0,feasible,0.734818381647568,0.7773118785245845,0.8142949836917657,0.07947660204419771,0.6079396359999999,0.6510130095599999,0.7475865887999998,0.13964695279999995,0.0,0.07218295792476191,0.2200027622880953,0.2200027622880953,0.0907414848575389,0.23717293859968167,0.5624999999999997,0.47175851514246075,0.1915348938307454,0.0,0.0,0.0,0.0,8.289390968113652e-05
858,100,100,1.0,feasible,0.734818381647568,0.7772210116791375,0.8142949836917657,0.07947660204419771,0.6079396359999999,0.6500020611039998,0.7475865887999998,0.13964695279999995,0.0,0.07512464651533333,0.2359288221904762,0.2359288221904762,0.0907414848575389,0.23825513039950294,0.5624999999999997,0.47175851514246075,0.19150336579737684,0.0,0.0,0.0,0.0,-3.1528033368560804e-05
859,100,100,1.0,feasible,0.734818381647568,0.7761264127125738,0.8142949836917657,0.07947660204419771,0.6079396359999999,0.6460901524799999,0.7475865887999998,0.13964695279999995,0.0,0.08014597009190476,0.23699879221190473,0.23699879221190473,0.0907414848575389,0.2461972725916037,0.5624999999999997,0.47175851514246075,0.191421153425276,0.0,0.0,0.0,0.0,-8.221237210084831e-05
860,100,100,1.0,feasible,0.734818381647568,0.777765114243106,0.8142949836917657,0.07947660204419771,0.6079396359999999,0.6465988426399999,0.7475865887999998,0.13964695279999995,0.0,0.08324954618733332,0.23699879221190473,0.23699879221190473,0.0907414848575389,0.2416244091417601,0.5624999999999997,0.47175851514246075,0.19136090826389912,0.0,0.0,0.0,0.0,-6.024516137687064e-05
861,100,100,1.0,feasible,0.734818381647568,0.7756406387377254,0.8142949836917657,0.07947660204419771,0.6079396359999999,0.6494785644239998,0.7475865887999998,0.13964695279999995,0.0,0.07239009736957142,0.2284585858833333,0.2284585858833333,0.0907414848575389,0.24801100455130912,0.5624999999999997,0.47175851514246075,0.19138132398356456,0.0,0.0,0.0,0.0,2.0415719665434207e-05
862,100,100,1.0,feasible,0.734818381647568,0.7751864540369421,0.8142949836917657,0.07947660204419771,0.6079396359999999,0.6479771175119998,0.7475865887999998,0.13964695279999995,0.0,0.07348312494928572,0.30753969892857147,0.30753969892857147,0.0907414848575389,0.2529121514157587,0.5624999999999997,0.47175851514246075,0.19140113996691427,0.0,0.0,0.0,0.0,1.9815983349713573e-05
863,100,100,1.0,feasible,0.734818381647568,0.776249467168123,0.8142949836917657,0.07947660204419771,0.6079396359999999,0.6498302512959999,0.7475865887999998,0.13964695279999995,0.0,0.0754003142787381,0.31495561435714287,0.31495561435714287,0.0907414848575389,0.24584125731696221,0.5624999999999997,0.47175851514246075,0.19139540993137003,0.0,0.0,0.0,0.0,-5.730035544243561e-06
864,100,100,1.0,feasible,0.734818381647568,0.776225727568765,0.8142949836917657,0.07947660204419771,0.6079396359999999,0.647431365352,0.7475865887999998,0.13964695279999995,0.0,0.0779250680384762,0.3262510369166667,0.3262510369166667,0.0907414848575389,0.25097670637556097,0.5624999999999997,0.47175851514246075,0.19138335470196705,0.0,0.0,0.0,0.0,-1.205522940297965e-05
865,100,100,1.0,feasible,0.734818381647568,0.775631421646347,0.8142949836917657,0.07947660204419771,0.6079396359999999,0.648576644856,0.7475865887999998,0.13964695279999995,0.0,0.07559852995383333,0.3262510369166667,0.3262510369166667,0.0907414848575389,0.2528145559483929,0.5624999999999997,0.47175851514246075,0.19132120924889034,0.0,0.0,0.0,0.0,-6.214545307670072e-05
866,100,100,1.0,feasible,0.734818381647568,0.7751130699492438,0.8142949836917657,0.07947660204419771,0.6079396359999999,0.6488734846559998,0.7475865887999998,0.13964695279999995,0.0,0.0730705760262381,0.3262510369166667,0.3262510369166667,0.0907414848575389,0.25906104927744367,0.5624999999999997,0.47175851514246075,0.19132616894021473,0.0,0.0,0.0,0.0,4.959691324385451e-06
867,100,100,1.0,feasible,0.734818381647568,0.7790010816004742,0.8142949836917657,0.07947660204419771,0.6079396359999999,0.6548663918240001,0.7475865887999998,0.13964695279999995,0.0,0.07274706619430953,0.27497449745238095,0.27497449745238095,0.0907414848575389,0.23805725913525727,0.5624999999999997,0.47175851514246075,0.1911972265972421,0.0,0.0,0.0,0.0,-0.0001289423429726433
868,100,100,1.0,feasible,0.734818381647568,0.7767212600587793,0.8142949836917657,0.07947660204419771,0.6079396359999999,0.6520183361519999,0.7475865887999998,0.13964695279999995,0.0,0.0753905993567619,0.31243449638095233,0.31243449638095233,0.0907414848575389,0.24675724322263878,0.5624999999999997,0.47175851514246075,0.19119898455569947,0.0,0.0,0.0,0.0,1.7579584573879092e-06
869,100,100,1.0,feasible,0.734818381647568,0.7782621906746552,0.8142949836917657,0.07947660204419771,0.6079396359999999,0.6540362257359998,0.7475865887999998,0.13964695279999995,0.0,0.07736466739092857,0.31243449638095233,0.31243449638095233,0.0907414848575389,0.24426162765960854,0.5624999999999997,0.47175851514246075,0.1908684499409096,0.0,0.0,0.0,0.0,-0.0003305346147898791
870,100,100,1.0,feasible,0.734818381647568,0.7761493356112535,0.8142949836917657,0.07947660204419771,0.6079396359999999,0.6539909065839998,0.7475865887999998,0.13964695279999995,0.0,0.0669195423347381,0.31243449638095233,0.31243449638095233,0.0907414848575389,0.2539860046338047,0.5624999999999997,0.47175851514246075,0.19120638704812512,0.0,0.0,0.0,0.0,0.0003379371072155246
871,100,100,1.0,feasible,0.734818381647568,0.7775510041686289,0.8142949836917657,0.07947660204419771,0.6079396359999999,0.6551197428959997,0.7475865887999998,0.13964695279999995,0.0,0.06770863769064286,0.31243449638095233,0.31243449638095233,0.0907414848575389,0.24564830240303878,0.5624999999999997,0.47175851514246075,0.1910742634687998,0.0,0.0,0.0,0.0,-0.0001321235793253217
872,100,100,1.0,feasible,0.734818381647568,0.7763993310362269,0.8142949836917657,0.07947660204419771,0.6079396359999999,0.6540061033839999,0.7480581911999999,0.14011855520000005,0.0,0.06812609947683333,0.31243449638095233,0.31243449638095233,0.0907414848575389,0.25233434327857873,0.5624999999999997,0.47175851514246075,0.19107989856446703,0.0,0.0,0.0,0.0,5.635095667227974e-06
873,100,100,1.0,feasible,0.734818381647568,0.7760595509915754,0.8142949836917657,0.07947660204419771,0.6079396359999999,0.6506936441519998,0.7480581911999999,0.14011855520000005,0.0,0.07852777961611905,0.31643404555952376,0.31643404555952376,0.0907414848575389,0.24741221287346846,0.5624999999999997,0.47175851514246075,0.19097904754365347,0.0,0.0,0.0,0.0,-0.00010085102081355823
874,100,100,1.0,feasible,0.734818381647568,0.7762141625852474,0.8142949836917657,0.07947660204419771,0.6079396359999999,0.650812027176,0.7480581911999999,0.14011855520000005,0.0,0.0725551775155,0.31643404555952376,0.31643404555952376,0.0907414848575389,0.2518716035008265,0.5624999999999997,0.47175851514246075,0.1911842604998335,0.0,0.0,0.0,0.0,0.0002052129561800342
875,100,100,1.0,feasible,0.734818381647568,0.7765434515689046,0.8142949836917657,0.07947660204419771,0.6079396359999999,0.6501215222479999,0.7480581911999999,0.14011855520000005,0.0,0.07564011321383333,0.26630320844761907,0.26630320844761907,0.0907414848575389,0.24550153936882105,0.5624999999999997,0.47175851514246075,0.19129075385704905,0.0,0.0,0.0,0.0,0.00010649335721554798
876,100,100,1.0,feasible,0.734818381647568,0.7758595709948896,0.8142949836917657,0.07947660204419771,0.6079396359999999,0.6516186369279999,0.7480581911999999,0.14011855520000005,0.0,0.07139573023530953,0.2774474192738095,0.2774474192738095,0.0907414848575389,0.2507633875636607,0.5624999999999997,0.47175851514246075,0.19113041996898586,0.0,0.0,0.0,0.0,-0.00016033388806319104
877,100,100,1.0,feasible,0.734818381647568,0.7772405280266165,0.8142949836917657,0.07947660204419771,0.6079396359999999,0.6539140372159998,0.7480581911999999,0.14011855520000005,0.0,0.06968308971892859,0.28071882046428576,0.28071882046428576,0.0907414848575389,0.2458048233659507,0.5624999999999997,0.47175851514246075,0.19118737355099297,0.0,0.0,0.0,0.0,5.695358200710765e-05
878,100,100,1.0,feasible,0.734818381647568,0.7777794362426527,0.8142949836917657,0.07947660204419771,0.6079396359999999,0.6520104084079997,0.7480581911999999,0.14011855520000005,0.0,0.07743434767619048,0.2626764976190476,0.2626764976190476,0.0907414848575389,0.23991729430537398,0.5624999999999997,0.47175851514246075,0.19110515827813018,0.0,0.0,0.0,0.0,-8.221527286278452e-05
879,100,100,1.0,feasible,0.734818381647568,0.7761911390263898,0.8142949836917657,0.07947660204419771,0.6079396359999999,0.6523862677919999,0.7480581911999999,0.14011855520000005,0.0,0.0739860884779762,0.2626764976190476,0.2626764976190476,0.0907414848575389,0.2463357978743916,0.5624999999999997,0.47175851514246075,0.19116721450977642,0.0,0.0,0.0,0.0,6.205623164623475e-05
880,100,100,1.0,feasible,0.734818381647568,0.7746092903214553,0.8142949836917657,0.07947660204419771,0.6079396359999999,0.6502839717119998,0.7480581911999999,0.14011855520000005,0.0,0.06876548704940476,0.24917720840476185,0.24917720840476185,0.0907414848575389,0.2546987829431513,0.5624999999999997,0.47175851514246075,0.19123464413653465,0.0,0.0,0.0,0.0,6.742962675823638e-05
881,100,100,1.0,feasible,0.734818381647568,0.7753937034971135,0.8142949836917657,0.07947660204419771,0.6079396359999999,0.6504643574479998,0.7480581911999999,0.14011855520000005,0.0,0.07231026401250001,0.24917720840476185,0.24917720840476185,0.0907414848575389,0.2508524136805576,0.5624999999999997,0.47175851514246075,0.1911290385438697,0.0,0.0,0.0,0.0,-0.00010560559266495351
882,100,100,1.0,feasible,0.734818381647568,0.7754581885423754,0.8142949836917657,0.07947660204419771,0.6079396359999999,0.650542115392,0.7480581911999999,0.14011855520000005,0.0,0.07060836757885715,0.2410203294309524,0.2410203294309524,0.0907414848575389,0.2515495112226814,0.5624999999999997,0.47175851514246075,0.191137780422459,0.0,0.0,0.0,0.0,8.741878589291208e-06
883,100,100,1.0,feasible,0.734818381647568,0.7770591067273647,0.8142949836917657,0.07947660204419771,0.6079396359999999,0.6548332081519999,0.7480581911999999,0.14011855520000005,0.0,0.06451974165492859,0.2410203294309524,0.2410203294309524,0.0907414848575389,0.24521048751720578,0.5624999999999997,0.47175851514246075,0.19116807743356048,0.0,0.0,0.0,0.0,3.02970111014933e-05
884,100,100,1.0,feasible,0.734818381647568,0.7765559359574766,0.8142949836917657,0.07947660204419771,0.6079396359999999,0.6537565465679998,0.7480581911999999,0.14011855520000005,0.0,0.0697435260509762,0.2410203294309524,0.2410203294309524,0.0907414848575389,0.2511960980265516,0.5624999999999997,0.47175851514246075,0.19109738462422482,0.0,0.0,0.0,0.0,-7.069280933566513e-05
885,100,100,1.0,feasible,0.734818381647568,0.7764569446470618,0.8142949836917657,0.07947660204419771,0.6079396359999999,0.6517192316959999,0.7480581911999999,0.14011855520000005,0.0,0.07136065123557142,0.2410203294309524,0.2410203294309524,0.0907414848575389,0.2494663626111275,0.5624999999999997,0.47175851514246075,0.19116653497427014,0.0,0.0,0.0,0.0,6.915035004531611e-05
886,100,100,1.0,feasible,0.734818381647568,0.7773859922278619,0.8142949836917657,0.07947660204419771,0.6079396359999999,0.6491895096559999,0.7480581911999999,0.14011855520000005,0.0,0.08218432116782524,0.26781539014285716,0.26781539014285716,0.0907414848575389,0.24072725285201074,0.5624999999999997,0.47175851514246075,0.191168156216399,0.0,0.0,0.0,0.0,1.6212421288519518e-06
887,100,100,1.0,feasible,0.734818381647568,0.7759376651448555,0.8142949836917657,0.07947660204419771,0.6079396359999999,0.6504616058560001,0.7480581911999999,0.14011855520000005,0.0,0.06940618787257166,0.2410203294309524,0.2410203294309524,0.0907414848575389,0.25079702525923614,0.5624999999999997,0.47175851514246075,0.19123697450612054,0.0,0.0,0.0,0.0,6.881828972155057e-05
888,100,100,1.0,feasible,0.734818381647568,0.7779198667564929,0.8142949836917657,0.07947660204419771,0.6079396359999999,0.6529400226399998,0.7480581911999999,0.14011855520000005,0.0,0.073074334980405,0.2410203294309524,0.2410203294309524,0.0907414848575389,0.24375992842370003,0.5624999999999997,0.47175851514246075,0.1911377839395861,0.0,0.0,0.0,0.0,-9.919056653442948e-05
889,100,100,1.0,feasible,0.734818381647568,0.7777688439188598,0.8142949836917657,0.07947660204419771,0.6079396359999999,0.653959174856,0.7480581911999999,0.14011855520000005,0.0,0.06976007267478238,0.27351775923809524,0.27351775923809524,0.0907414848575389,0.23866844801181575,0.5624999999999997,0.47175851514246075,0.1912531555471736,0.0,0.0,0.0,0.0,0.00011537160758748333
890,100,100,1.0,feasible,0.734818381647568,0.7790041039654301,0.8142949836917657,0.07947660204419771,0.6079396359999999,0.6529948598479999,0.7480581911999999,0.14011855520000005,0.0,0.07706906646411571,0.2680958044523809,0.2680958044523809,0.0907414848575389,0.23136253855854075,0.5624999999999997,0.47175851514246075,0.19129915691794358,0.0,0.0,0.0,0.0,4.6001370769988004e-05
891,100,100,1.0,feasible,0.734818381647568,0.7764156517319869,0.8142949836917657,0.07947660204419771,0.6079396359999999,0.6503150344079998,0.7480581911999999,0.14011855520000005,0.0,0.0795791299877612,0.2813780576785714,0.2813780576785714,0.0907414848575389,0.24480472916249174,0.5624999999999997,0.47175851514246075,0.19126305562706158,0.0,0.0,0.0,0.0,-3.610129088199576e-05
892,100,100,1.0,feasible,0.734818381647568,0.7759988654317757,0.8142949836917657,0.07947660204419771,0.6079396359999999,0.6490178875839999,0.7480581911999999,0.14011855520000005,0.0,0.07660575241521428,0.2680958044523809,0.2680958044523809,0.0907414848575389,0.24693129137301387,0.5624999999999997,0.47175851514246075,0.19119159607422936,0.0,0.0,0.0,0.0,-7.145955283222039e-05
893,100,100,1.0,feasible,0.734818381647568,0.7769925940200233,0.8142949836917657,0.07947660204419771,0.6079396359999999,0.6479374723839999,0.7480581911999999,0.14011855520000005,0.0,0.08414176488590476,0.2680958044523809,0.2680958044523809,0.0907414848575389,0.23453413377242502,0.5624999999999997,0.47175851514246075,0.19121105873455702,0.0,0.0,0.0,0.0,1.9462660327651538e-05
894,100,100,1.0,feasible,0.734818381647568,0.7756173265745732,0.8142949836917657,0.07947660204419771,0.6079396359999999,0.646327481792,0.7480581911999999,0.14011855520000005,0.0,0.08264797187421427,0.2680958044523809,0.2680958044523809,0.0907414848575389,0.24009945218953932,0.5624999999999997,0.47175851514246075,0.19127802338450411,0.0,0.0,0.0,0.0,6.696464994709883e-05
895,100,100,1.0,feasible,0.734818381647568,0.7750084426412361,0.8142949836917657,0.07947660204419771,0.6079396359999999,0.6478114876159999,0.7480581911999999,0.14011855520000005,0.0,0.07245124660602381,0.25965839105952376,0.25965839105952376,0.0907414848575389,0.248821425279399,0.5624999999999997,0.47175851514246075,0.19129494464546218,0.0,0.0,0.0,0.0,1.692126095806379e-05
896,100,100,1.0,feasible,0.734818381647568,0.7759557004386654,0.8142949836917657,0.07947660204419771,0.6079396359999999,0.6511043482159998,0.7480581911999999,0.14011855520000005,0.0,0.06573773845392857,0.23637462133809523,0.23637462133809523,0.0907414848575389,0.24596851493615454,0.5624999999999997,0.47175851514246075,0.19137057903925625,0.0,0.0,0.0,0.0,7.563439379407177e-05
897,100,100,1.0,feasible,0.734818381647568,0.7772031330481574,0.8142949836917657,0.07947660204419771,0.6079396359999999,0.6452424398159999,0.7480581911999999,0.14011855520000005,0.0,0.0816571828887231,0.2568318330928572,0.2568318330928572,0.0907414848575389,0.2388451654648553,0.5624999999999997,0.47175851514246075,0.19138810767456904,0.0,0.0,0.0,0.0,1.7528635312791252e-05
898,100,100,1.0,feasible,0.734818381647568,0.7780490745417125,0.8142949836917657,0.07947660204419771,0.6079396359999999,0.6510766823759998,0.7480581911999999,0.14011855520000005,0.0,0.07559677719989215,0.2568318330928572,0.2568318330928572,0.0907414848575389,0.23722078449600126,0.5624999999999997,0.47175851514246075,0.19124978634782053,0.0,0.0,0.0,0.0,-0.00013832132674851394
899,100,100,1.0,feasible,0.734818381647568,0.778985616031779,0.8142949836917657,0.07947660204419771,0.6079396359999999,0.650009732984,0.7480581911999999,0.14011855520000005,0.0,0.07944706283686832,0.2556170485833334,0.2556170485833334,0.0907414848575389,0.2311609953677739,0.5624999999999997,0.47175851514246075,0.19123663980709843,0.0,0.0,0.0,0.0,-1.3146540722097644e-05
900,100,100,1.0,feasible,0.734818381647568,0.7784767482793505,0.8142949836917657,0.07947660204419771,0.6079396359999999,0.6501980520079997,0.7480581911999999,0.14011855520000005,0.0,0.07670303560307382,0.26207995164047615,0.26207995164047615,0.0907414848575389,0.2373881626107631,0.5624999999999997,0.47175851514246075,0.19136651935573865,0.0,0.0,0.0,0.0,0.000129879548640216
901,100,100,1.0,feasible,0.734818381647568,0.7778335677908009,0.8142949836917657,0.07947660204419771,0.6079396359999999,0.650336519904,0.7480581911999999,0.14011855520000005,0.0,0.07421694183240715,0.26207995164047615,0.26207995164047615,0.0907414848575389,0.23758795829081014,0.5624999999999997,0.47175851514246075,0.19137449025994757,0.0,0.0,0.0,0.0,7.970904208925988e-06
902,100,100,1.0,feasible,0.734818381647568,0.7790577679983605,0.8142949836917657,0.07947660204419771,0.6079396359999999,0.6507222310399999,0.7480581911999999,0.14011855520000005,0.0,0.07951802646247857,0.26207995164047615,0.26207995164047615,0.0907414848575389,0.2302085946062378,0.5624999999999997,0.47175851514246075,0.1913026053347491,0.0,0.0,0.0,0.0,-7.188492519846768e-05
903,100,100,1.0,feasible,0.734818381647568,0.7776369553232868,0.8142949836917657,0.07947660204419771,0.6079396359999999,0.6496584345759997,0.7480581911999999,0.14011855520000005,0.0,0.07645163408265239,0.28562228398809525,0.28562228398809525,0.0907414848575389,0.24094208494918018,0.5624999999999997,0.47175851514246075,0.19130775860185373,0.0,0.0,0.0,0.0,5.1532671046239376e-06
904,100,100,1.0,feasible,0.734818381647568,0.7769006232824027,0.8142949836917657,0.07947660204419771,0.6079396359999999,0.6497562475679999,0.7480581911999999,0.14011855520000005,0.0,0.07305027698733571,0.26841614192857144,0.26841614192857144,0.0907414848575389,0.24670029270292002,0.5624999999999997,0.47175851514246075,0.19134439696129044,0.0,0.0,0.0,0.0,3.663835943670812e-05
905,100,100,1.0,feasible,0.734818381647568,0.7777183187187136,0.8142949836917657,0.07947660204419771,0.6079396359999999,0.6509980665039998,0.7480581911999999,0.14011855520000005,0.0,0.07110136121259523,0.24040187003571425,0.24040187003571425,0.0907414848575389,0.2389027642052019,0.5624999999999997,0.47175851514246075,0.1913287783520426,0.0,0.0,0.0,0.0,-1.561860924784164e-05
906,100,100,1.0,feasible,0.734818381647568,0.7758019826504804,0.8142949836917657,0.07947660204419771,0.6079396359999999,0.6483004713279997,0.7480581911999999,0.14011855520000005,0.0,0.07394443860469048,0.2585622108571429,0.2585622108571429,0.0907414848575389,0.24803435785097058,0.5624999999999997,0.47175851514246075,0.19122367223708647,0.0,0.0,0.0,0.0,-0.00010510611495612165
907,100,100,1.0,feasible,0.734818381647568,0.7761784391894718,0.8142949836917657,0.07947660204419771,0.6079396359999999,0.647996025456,0.7480581911999999,0.14011855520000005,0.0,0.07560799051813097,0.2585622108571429,0.2585622108571429,0.0907414848575389,0.24616346807611042,0.5624999999999997,0.47175851514246075,0.19117793940791006,0.0,0.0,0.0,0.0,-4.5732829176414747e-05
908,100,100,1.0,feasible,0.734818381647568,0.7785009094134268,0.8142949836917657,0.07947660204419771,0.6079396359999999,0.6522269582239999,0.7480581911999999,0.14011855520000005,0.0,0.07259049140690475,0.237470820552381,0.237470820552381,0.0907414848575389,0.2355047818656174,0.5624999999999997,0.47175851514246075,0.1911706347906103,0.0,0.0,0.0,0.0,-7.304617299752625e-06
909,100,100,1.0,feasible,0.734818381647568,0.777325566669283,0.8142949836917657,0.07947660204419771,0.6079396359999999,0.6510770428479998,0.7480581911999999,0.14011855520000005,0.0,0.07055750047702382,0.23540623482857137,0.23540623482857137,0.0907414848575389,0.241909298544966,0.5624999999999997,0.47175851514246075,0.1912108344790555,0.0,0.0,0.0,0.0,4.019968844520827e-05
910,100,100,1.0,feasible,0.734818381647568,0.7790331308469818,0.8142949836917657,0.07947660204419771,0.6079396359999999,0.6525129177039999,0.7480581911999999,0.14011855520000005,0.0,0.07421808303104761,0.23540623482857137,0.23540623482857137,0.0907414848575389,0.23118665818300635,0.5624999999999997,0.47175851514246075,0.19133813157615137,0.0,0.0,0.0,0.0,0.00012729709709585757
911,100,100,1.0,feasible,0.734818381647568,0.778684711219542,0.8142949836917657,0.07947660204419771,0.6079396359999999,0.6539163401119998,0.7480581911999999,0.14011855520000005,0.0,0.07079392204016666,0.23658135145238096,0.23658135145238096,0.0907414848575389,0.2344902220639754,0.5624999999999997,0.47175851514246075,0.19123903616637866,0.0,0.0,0.0,0.0,-9.909540977270925e-05
912,100,100,1.0,feasible,0.734818381647568,0.7788124809280867,0.8142949836917657,0.07947660204419771,0.6079396359999999,0.6552109553279999,0.7480581911999999,0.14011855520000005,0.0,0.07107674124390477,0.2576730261071429,0.2576730261071429,0.0907414848575389,0.2337862846876924,0.5624999999999997,0.47175851514246075,0.19130890182189977,0.0,0.0,0.0,0.0,6.98656555211119e-05
913,100,100,1.0,feasible,0.734818381647568,0.7782808165445729,0.8142949836917657,0.07947660204419771,0.6079396359999999,0.6516691635279999,0.7480581911999999,0.14011855520000005,0.0,0.08031585900396189,0.27440439915476195,0.27440439915476195,0.0907414848575389,0.23191555503539787,0.5624999999999997,0.47175851514246075,0.19139143291543415,0.0,0.0,0.0,0.0,8.253109353437149e-05
914,100,100,1.0,feasible,0.734818381647568,0.7774324278251618,0.8142949836917657,0.07947660204419771,0.6079396359999999,0.650014408536,0.7480581911999999,0.14011855520000005,0.0,0.08056297950640476,0.2576730261071429,0.2576730261071429,0.0907414848575389,0.23976722630540756,0.5624999999999997,0.47175851514246075,0.19133094456723077,0.0,0.0,0.0,0.0,-6.048834820338023e-05
915,100,100,1.0,feasible,0.734818381647568,0.775955204304676,0.8142949836917657,0.07947660204419771,0.6079396359999999,0.6476665550959999,0.7480581911999999,0.14011855520000005,0.0,0.07793465727278572,0.2618972796904762,0.2618972796904762,0.0907414848575389,0.24623992126214375,0.5624999999999997,0.47175851514246075,0.19132237031895744,0.0,0.0,0.0,0.0,-8.574248273329754e-06
916,100,100,1.0,feasible,0.734818381647568,0.7778368547956673,0.8142949836917657,0.07947660204419771,0.6079396359999999,0.6519047415199998,0.7480581911999999,0.14011855520000005,0.0,0.07963069564428572,0.2618972796904762,0.2618972796904762,0.0907414848575389,0.23584421583393247,0.5624999999999997,0.47175851514246075,0.19114964555989375,0.0,0.0,0.0,0.0,-0.000172724759063686
917,100,100,1.0,feasible,0.734818381647568,0.7767803112788446,0.8142949836917657,0.07947660204419771,0.6079396359999999,0.6509132044239999,0.7480581911999999,0.14011855520000005,0.0,0.07294828144816667,0.25350611123809524,0.25350611123809524,0.0907414848575389,0.24251038116063273,0.5624999999999997,0.47175851514246075,0.1911010988298932,0.0,0.0,0.0,0.0,-4.854673000054266e-05
918,100,100,1.0,feasible,0.734818381647568,0.7787723690187153,0.8142949836917657,0.07947660204419771,0.6079396359999999,0.6511395398399997,0.7480581911999999,0.14011855520000005,0.0,0.08168819682530952,0.2555548258095238,0.2555548258095238,0.0907414848575389,0.22984787622125288,0.5624999999999997,0.47175851514246075,0.19105670252293386,0.0,0.0,0.0,0.0,-4.439630695934893e-05
919,100,100,1.0,feasible,0.734818381647568,0.7791668507334343,0.8142949836917657,0.07947660204419771,0.6079396359999999,0.6518615593679999,0.7480581911999999,0.14011855520000005,0.0,0.07781464293925787,0.2769833571522142,0.2769833571522142,0.0907414848575389,0.23124607103808295,0.5624999999999997,0.47175851514246075,0.19126083189775572,0.0,0.0,0.0,0.0,0.00020412937482186533
920,100,100,1.0,feasible,0.734818381647568,0.7771701283510368,0.8142949836917657,0.07947660204419771,0.6079396359999999,0.6527430046639998,0.7500484783999999,0.1421088424,0.0,0.06711881543111668,0.2650275177214286,0.2650275177214286,0.0907414848575389,0.24287670122750074,0.5624999999999997,0.47175851514246075,0.19123225516663855,0.0,0.0,0.0,0.0,-2.8576731117169185e-05
921,100,100,1.0,feasible,0.734818381647568,0.777242349334589,0.8142949836917657,0.07947660204419771,0.6079396359999999,0.65021506944,0.7509426463999999,0.14300301039999996,0.0,0.06962684336983334,0.2722616245380952,0.2722616245380952,0.0907414848575389,0.2414192764630016,0.5624999999999997,0.47175851514246075,0.19136313768950342,0.0,0.0,0.0,0.0,0.00013088252286486135
922,100,100,1.0,feasible,0.734818381647568,0.7771227161870128,0.8142949836917657,0.07947660204419771,0.6079396359999999,0.6484373272319998,0.7509426463999999,0.14300301039999996,0.0,0.07530434838547619,0.2722616245380952,0.2722616245380952,0.0907414848575389,0.24401214389785075,0.5624999999999997,0.47175851514246075,0.19137451339274497,0.0,0.0,0.0,0.0,1.1375703241556234e-05
923,100,100,1.0,feasible,0.734818381647568,0.7788384328746096,0.8142949836917657,0.07947660204419771,0.6079396359999999,0.652484675296,0.7509426463999999,0.14300301039999996,0.0,0.0719098458872619,0.24114708936904763,0.24114708936904763,0.0907414848575389,0.22988702501977396,0.5624999999999997,0.47175851514246075,0.19145354412463433,0.0,0.0,0.0,0.0,7.903073188936238e-05
924,100,100,1.0,feasible,0.734818381647568,0.7769765291847626,0.8142949836917657,0.07947660204419771,0.6079396359999999,0.649063883296,0.7509426463999999,0.14300301039999996,0.0,0.07182974857154761,0.24234948880952384,0.24234948880952384,0.0907414848575389,0.23866661223204522,0.5624999999999997,0.47175851514246075,0.1914545257493397,0.0,0.0,0.0,0.0,9.816247053540117e-07
925,100,100,1.0,feasible,0.734818381647568,0.7785627230582736,0.8142949836917657,0.07947660204419771,0.6079396359999999,0.6512838309119999,0.7510230863999998,0.14308345039999992,0.0,0.07120128271045238,0.24234948880952384,0.24234948880952384,0.0907414848575389,0.23316098912081412,0.5624999999999997,0.47175851514246075,0.19150726575501606,0.0,0.0,0.0,0.0,5.2740005676371604e-05
926,100,100,1.0,feasible,0.734818381647568,0.7785683378839411,0.8142949836917657,0.07947660204419771,0.6079396359999999,0.6512069386079999,0.7510230863999998,0.14308345039999992,0.0,0.07446140836947619,0.24566345548809523,0.24566345548809523,0.0907414848575389,0.23185267531521597,0.5624999999999997,0.47175851514246075,0.19155658778511114,0.0,0.0,0.0,0.0,4.9322030095083624e-05
927,100,100,1.0,feasible,0.734818381647568,0.7757815153184029,0.8142949836917657,0.07947660204419771,0.6079396359999999,0.6472018447679999,0.7510230863999998,0.14308345039999992,0.0,0.07364469294169047,0.24750101796428575,0.24750101796428575,0.0907414848575389,0.2443274513640046,0.5624999999999997,0.47175851514246075,0.19152413526485498,0.0,0.0,0.0,0.0,-3.2452520256159856e-05
928,100,100,1.0,feasible,0.734818381647568,0.7753661075637068,0.8142949836917657,0.07947660204419771,0.6079396359999999,0.6451625559599998,0.7510230863999998,0.14308345039999992,0.0,0.07491222267392857,0.24750101796428575,0.24750101796428575,0.0907414848575389,0.25002078905221337,0.5624999999999997,0.47175851514246075,0.19153775408419832,0.0,0.0,0.0,0.0,1.3618819343336197e-05
929,100,100,1.0,feasible,0.734818381647568,0.7780812991470881,0.8142949836917657,0.07947660204419771,0.6079396359999999,0.6488696200879999,0.7510230863999998,0.14308345039999992,0.0,0.07898465180954763,0.24750101796428575,0.24750101796428575,0.0907414848575389,0.23572524878579226,0.5624999999999997,0.47175851514246075,0.19150864905375037,0.0,0.0,0.0,0.0,-2.9105030447951208e-05
930,100,100,1.0,feasible,0.734818381647568,0.7769040133596706,0.8142949836917657,0.07947660204419771,0.6079396359999999,0.64966734976,0.7510230863999998,0.14308345039999992,0.0,0.07198042888502382,0.2461010201785714,0.2461010201785714,0.09074148484281672,0.24626838485456787,0.5624999999999997,0.4717585151571829,0.19150516464857792,0.0,0.0,0.0,1.4722181806980927e-11,-3.48440517244919e-06
931,100,100,1.0,feasible,0.734818381647568,0.7777843267254461,0.8142949836917657,0.07947660204419771,0.6079396359999999,0.6489298139679999,0.7510230863999998,0.14308345039999992,0.0,0.07786821319073811,0.23454484367142858,0.23454484367142858,0.09074148484281672,0.23588120030756213,0.5624999999999997,0.4717585151571829,0.19149646232201267,0.0,0.0,0.0,0.0,-8.702326565246388e-06
932,100,100,1.0,feasible,0.734818381647568,0.7783451380051629,0.8142949836917657,0.07947660204419771,0.6079396359999999,0.651249052976,0.7510230863999998,0.14308345039999992,0.0,0.07098371300592858,0.26407509410714286,0.26407509410714286,0.09074148484281672,0.23893428658777244,0.5624999999999997,0.4717585151571829,0.19155724559742343,0.0,0.0,0.0,0.0,6.078327541075845e-05
933,100,100,1.0,feasible,0.734818381647568,0.7800462504735494,0.8142949836917657,0.07947660204419771,0.6079396359999999,0.6510301755599999,0.7510230863999998,0.14308345039999992,0.0,0.07281138257852379,0.22996966585714282,0.22996966585714282,0.09074148484281672,0.2285785859981885,0.5624999999999997,0.4717585151571829,0.19145754394678322,0.0,0.0,0.0,0.0,-9.970165064021597e-05
934,100,100,1.0,feasible,0.734818381647568,0.7776590842795598,0.8142949836917657,0.07947660204419771,0.6079396359999999,0.6496773558079998,0.7510230863999998,0.14308345039999992,0.0,0.06654856954852381,0.2540799972619048,0.2540799972619048,0.09074148484281672,0.24334055724463116,0.5624999999999997,0.4717585151571829,0.19151168908918154,0.0,0.0,0.0,0.0,5.41451423983208e-05
935,100,100,1.0,feasible,0.734818381647568,0.7794069237402543,0.8142949836917657,0.07947660204419771,0.6079396359999999,0.6553560368079999,0.7510230863999998,0.14308345039999992,0.0,0.067011095401885,0.24774432242857142,0.24774432242857142,0.09074148484281672,0.23557778268579935,0.5624999999999997,0.4717585151571829,0.19147167110370508,0.0,0.0,0.0,0.0,-4.0017985476453743e-05
936,100,100,1.0,feasible,0.734818381647568,0.777882339331624,0.8142949836917657,0.07947660204419771,0.6079396359999999,0.65002616736,0.7510230863999998,0.14308345039999992,0.0,0.07199667563669453,0.24318547795238096,0.24318547795238096,0.09074148484281672,0.2386290124690322,0.5624999999999997,0.4717585151571829,0.19163640919204433,0.0,0.0,0.0,0.0,0.0001647380883392502
937,100,100,1.0,feasible,0.734818381647568,0.7785187591962743,0.8142949836917657,0.07947660204419771,0.6079396359999999,0.652098324232,0.7510230863999998,0.14308345039999992,0.0,0.07092426375385644,0.24318547795238096,0.24318547795238096,0.09074148484281672,0.23817757525570055,0.5624999999999997,0.4717585151571829,0.1915755865233758,0.0,0.0,0.0,0.0,-6.082266866852537e-05
938,100,100,1.0,feasible,0.734818381647568,0.7767872834946715,0.8142949836917657,0.07947660204419771,0.6079396359999999,0.6504460352959999,0.7510230863999998,0.14308345039999992,0.0,0.06673267478890882,0.24318547795238096,0.24318547795238096,0.09074148484281672,0.24505719657699832,0.5624999999999997,0.4717585151571829,0.19162962695361474,0.0,0.0,0.0,0.0,5.404043023893301e-05
939,100,100,1.0,feasible,0.734818381647568,0.7773806493119146,0.8142949836917657,0.07947660204419771,0.6079396359999999,0.6533088035999998,0.7510230863999998,0.14308345039999992,0.0,0.06792261039845238,0.29604772650000005,0.29604772650000005,0.09074148484281672,0.24488132331830414,0.5624999999999997,0.4717585151571829,0.19137685095666068,0.0,0.0,0.0,0.0,-0.0002527759969540577
940,100,100,1.0,feasible,0.734818381647568,0.7783103934941482,0.8142949836917657,0.07947660204419771,0.6079396359999999,0.6553697895119999,0.7510230863999998,0.14308345039999992,0.0,0.06600191091183333,0.22491541395238093,0.22491541395238093,0.09074148484281672,0.23926937908543633,0.5624999999999997,0.4717585151571829,0.19143220853649728,0.0,0.0,0.0,0.0,5.535757983660128e-05
941,100,100,1.0,feasible,0.734818381647568,0.7779941610494829,0.8142949836917657,0.07947660204419771,0.6079396359999999,0.655051061096,0.7510230863999998,0.14308345039999992,0.0,0.07046638331776191,0.253474534297619,0.253474534297619,0.09074148484281672,0.24068590361104808,0.5624999999999997,0.4717585151571829,0.19131000293188877,0.0,0.0,0.0,0.0,-0.00012220560460851626
942,100,100,1.0,feasible,0.734818381647568,0.7775190467924233,0.8142949836917657,0.07947660204419771,0.6079396359999999,0.6501785340239999,0.7510230863999998,0.14308345039999992,0.0,0.07620668754757143,0.253474534297619,0.253474534297619,0.09074148484281672,0.23817517938618413,0.5624999999999997,0.4717585151571829,0.19148629135874762,0.0,0.0,0.0,0.0,0.0001762884268588505
943,100,100,1.0,feasible,0.734818381647568,0.7764767538381038,0.8142949836917657,0.07947660204419771,0.6079396359999999,0.6497182723999999,0.7510230863999998,0.14308345039999992,0.0,0.07658552010495237,0.27353087225,0.27353087225,0.09074148484281672,0.2460424850196194,0.5624999999999997,0.4717585151571829,0.191459802192108,0.0,0.0,0.0,0.0,-2.648916663960943e-05
944,100,100,1.0,feasible,0.734818381647568,0.7787365088038304,0.8142949836917657,0.07947660204419771,0.6079396359999999,0.6515456470399998,0.7510230863999998,0.14308345039999992,0.0,0.08303118860945238,0.2836972855357143,0.2836972855357143,0.09074148484281672,0.23254356060971978,0.5624999999999997,0.4717585151571829,0.19146768490187316,0.0,0.0,0.0,0.0,7.882709765150153e-06
945,100,100,1.0,feasible,0.734818381647568,0.777825247253763,0.8142949836917657,0.07947660204419771,0.6079396359999999,0.6481812302399999,0.7510230863999998,0.14308345039999992,0.0,0.08732449612680954,0.2844514745119048,0.2844514745119048,0.09074148484281672,0.23857484936578255,0.5624999999999997,0.4717585151571829,0.1914648135405248,0.0,0.0,0.0,0.0,-2.871361348355528e-06
946,100,100,1.0,feasible,0.734818381647568,0.7772025301571521,0.8142949836917657,0.07947660204419771,0.6079396359999999,0.6505456928319998,0.7510230863999998,0.14308345039999992,0.0,0.07719928803654762,0.2844514745119048,0.2844514745119048,0.09074148484281672,0.24285771989778202,0.5624999999999997,0.4717585151571829,0.19142876882306076,0.0,0.0,0.0,0.0,-3.604471746404547e-05
947,100,100,1.0,feasible,0.734818381647568,0.7770541818873946,0.8142949836917657,0.07947660204419771,0.6079396359999999,0.6499095235519999,0.7510230863999998,0.14308345039999992,0.0,0.08245422121169048,0.2844514745119048,0.2844514745119048,0.09074148484281672,0.24317270025556809,0.5624999999999997,0.4717585151571829,0.19125589337484816,0.0,0.0,0.0,0.0,-0.00017287544821259493
948,100,100,1.0,feasible,0.734818381647568,0.7786030666204455,0.8142949836917657,0.07947660204419771,0.6079396359999999,0.6496127632159999,0.7510230863999998,0.14308345039999992,0.0,0.0899524059020381,0.2844514745119048,0.2844514745119048,0.09074148484281672,0.2325844026737328,0.5624999999999997,0.4717585151571829,0.19129058874401605,0.0,0.0,0.0,0.0,3.4695369167891954e-05
949,100,100,1.0,feasible,0.734818381647568,0.7773312599802905,0.8142949836917657,0.07947660204419771,0.6079396359999999,0.6510643179519998,0.7510230863999998,0.14308345039999992,0.0,0.07918832280733333,0.2844514745119048,0.2844514745119048,0.09074148484281672,0.24356168556044286,0.5624999999999997,0.4717585151571829,0.19139036164675252,0.0,0.0,0.0,0.0,9.977290273646688e-05
950,100,100,1.0,feasible,0.734818381647568,0.7786012403938395,0.8142949836917657,0.07947660204419771,0.6079396359999999,0.6517913784159998,0.7510230863999998,0.14308345039999992,0.0,0.0781722963419762,0.2791232465238095,0.2791232465238095,0.09074148484281672,0.2350340384669274,0.5624999999999997,0.4717585151571829,0.19141992506845215,0.0,0.0,0.0,0.0,2.9563421699629888e-05
951,100,100,1.0,feasible,0.734818381647568,0.7785421590785411,0.8142949836917657,0.07947660204419771,0.6079396359999999,0.6509357108320001,0.7510230863999998,0.14308345039999992,0.0,0.07606404988695237,0.2791232465238095,0.2791232465238095,0.09074148484281672,0.23489993396536335,0.5624999999999997,0.4717585151571829,0.1913855966836987,0.0,0.0,0.0,0.0,-3.432838475345146e-05
952,100,100,1.0,feasible,0.734818381647568,0.7784014702047686,0.8142949836917657,0.07947660204419771,0.6079396359999999,0.6506280933759997,0.7510230863999998,0.14308345039999992,0.0,0.07643091789795238,0.2489137170238095,0.2489137170238095,0.09074148484281672,0.23546535196581647,0.5624999999999997,0.4717585151571829,0.19141204792545335,0.0,0.0,0.0,0.0,2.6451241754654742e-05
953,100,100,1.0,feasible,0.734818381647568,0.7755793768143999,0.8142949836917657,0.07947660204419771,0.6079396359999999,0.6503764450479999,0.7510230863999998,0.14308345039999992,0.0,0.06438179362430953,0.24845533014285717,0.24845533014285717,0.09074148484281672,0.25574306069394026,0.5624999999999997,0.4717585151571829,0.19147315524695485,0.0,0.0,0.0,0.0,6.110732150149678e-05
954,100,100,1.0,feasible,0.734818381647568,0.7759268121570474,0.8142949836917657,0.07947660204419771,0.6079396359999999,0.6539115371999997,0.7510230863999998,0.14308345039999992,0.0,0.06318671901047619,0.24342696320952376,0.24342696320952376,0.09074148484281672,0.25737670409829194,0.5624999999999997,0.4717585151571829,0.19107478370578537,0.0,0.0,0.0,0.0,-0.0003983715411694788
955,100,100,1.0,feasible,0.734818381647568,0.780499861316345,0.8142949836917657,0.07947660204419771,0.6079396359999999,0.6561198524159999,0.7510230863999998,0.14308345039999992,0.0,0.07559545302735715,0.23599906613333335,0.23599906613333335,0.09074148484281672,0.23112068971416655,0.5624999999999997,0.4717585151571829,0.1911676172086686,0.0,0.0,0.0,0.0,9.283350288322167e-05
956,100,100,1.0,feasible,0.734818381647568,0.7783534511520416,0.8142949836917657,0.07947660204419771,0.6079396359999999,0.6546344623279998,0.7510230863999998,0.14308345039999992,0.0,0.07152420437464285,0.23599906613333335,0.23599906613333335,0.09074148484281672,0.2433319662585842,0.5624999999999997,0.4717585151571829,0.19120461070499142,0.0,0.0,0.0,0.0,3.699349632282911e-05
957,100,100,1.0,feasible,0.734818381647568,0.7758531277423124,0.8142949836917657,0.07947660204419771,0.6079396359999999,0.651198214176,0.7510230863999998,0.14308345039999992,0.0,0.06851662218635714,0.23480538514761903,0.23480538514761903,0.09074148484281672,0.25162418602197384,0.5624999999999997,0.4717585151571829,0.19131387235628317,0.0,0.0,0.0,0.0,0.00010926165129174215
958,100,100,1.0,feasible,0.734818381647568,0.7774268021418729,0.8142949836917657,0.07947660204419771,0.6079396359999999,0.6463924385519999,0.7510230863999998,0.14308345039999992,0.0,0.08124641466159285,0.23579707459285712,0.23579707459285712,0.09074148484281672,0.24044945074103424,0.5624999999999997,0.4717585151571829,0.1914248518892862,0.0,0.0,0.0,0.0,0.00011097953300304164
959,100,100,1.0,feasible,0.734818381647568,0.7787100180428373,0.8142949836917657,0.07947660204419771,0.6079396359999999,0.6522595128959999,0.7510230863999998,0.14308345039999992,0.0,0.07097616378887596,0.24549035916378573,0.24549035916378573,0.09074148484281672,0.23740177167060542,0.5624999999999997,0.4717585151571829,0.19142149073523507,0.0,0.0,0.0,0.0,-3.361154051140236e-06
960,100,100,1.0,feasible,0.734818381647568,0.7769002380731865,0.8142949836917657,0.07947660204419771,0.6079396359999999,0.6520145629359999,0.7510230863999998,0.14308345039999992,0.0,0.07028118008882833,0.24549035916378573,0.24549035916378573,0.09074148484281672,0.25058768502472645,0.5624999999999997,0.4717585151571829,0.19133915650222416,0.0,0.0,0.0,0.0,-8.233423301090559e-05
961,100,100,1.0,feasible,0.734818381647568,0.7770545104599447,0.8142949836917657,0.07947660204419771,0.6079396359999999,0.6489739634639998,0.7510230863999998,0.14308345039999992,0.0,0.07685097306737596,0.24549035916378573,0.24549035916378573,0.09074148484281672,0.24280923251470607,0.5624999999999997,0.4717585151571829,0.19140400099829982,0.0,0.0,0.0,0.0,6.484449607566112e-05
962,100,100,1.0,feasible,0.734818381647568,0.7734442838906038,0.8142949836917657,0.07947660204419771,0.6079396359999999,0.6453399463919999,0.7510230863999998,0.14308345039999992,0.0,0.07274336121958548,0.24549035916378573,0.24549035916378573,0.09074148484281672,0.2654457426684007,0.5624999999999997,0.4717585151571829,0.19136403957779885,0.0,0.0,0.0,0.0,-3.99614205009724e-05
963,100,100,1.0,feasible,0.734818381647568,0.7757356308182024,0.8142949836917657,0.07947660204419771,0.6079396359999999,0.646912742104,0.7510230863999998,0.14308345039999992,0.0,0.0763501600395426,0.24773518529999997,0.24773518529999997,0.09074148484281672,0.2516104093931788,0.5624999999999997,0.4717585151571829,0.1913775027552771,0.0,0.0,0.0,0.0,1.3463177478245658e-05
964,100,100,1.0,feasible,0.734818381647568,0.7774017860359653,0.8142949836917657,0.07947660204419771,0.6079396359999999,0.6464889525439999,0.7510230863999998,0.14308345039999992,0.0,0.08003706154959024,0.24773518529999997,0.24773518529999997,0.09074148484281672,0.24282664038371624,0.5624999999999997,0.4717585151571829,0.19146504956782168,0.0,0.0,0.0,0.0,8.754681254458108e-05
965,100,100,1.0,feasible,0.734818381647568,0.7796615036157187,0.8142949836917657,0.07947660204419771,0.6079396359999999,0.651596513744,0.7510230863999998,0.14308345039999992,0.0,0.07810392263597118,0.2536676364952381,0.2536676364952381,0.09074148484281672,0.23391663451438377,0.5624999999999997,0.4717585151571829,0.19138342736792507,0.0,0.0,0.0,0.0,-8.162219989660269e-05
966,100,100,1.0,feasible,0.734818381647568,0.7774781693361588,0.8142949836917657,0.07947660204419771,0.6079396359999999,0.6498835129679997,0.7510230863999998,0.14308345039999992,0.0,0.07381419954184737,0.2536676364952381,0.2536676364952381,0.09074148484281672,0.2447955229539193,0.5624999999999997,0.4717585151571829,0.19143758537147432,0.0,0.0,0.0,0.0,5.415800354924283e-05
967,100,100,1.0,feasible,0.734818381647568,0.7756071433956012,0.8142949836917657,0.07947660204419771,0.6079396359999999,0.6467589812639999,0.7510230863999998,0.14308345039999992,0.0,0.07223908245754262,0.2536676364952381,0.2536676364952381,0.09074148484281672,0.2546839722657193,0.5624999999999997,0.4717585151571829,0.1914453904021361,0.0,0.0,0.0,0.0,7.80503066177829e-06
968,100,100,1.0,feasible,0.734818381647568,0.778355901750301,0.8142949836917657,0.07947660204419771,0.6079396359999999,0.6483405010719998,0.7510230863999998,0.14308345039999992,0.0,0.07827893993274572,0.25757387210000005,0.25757387210000005,0.09074148484281672,0.23646222478313195,0.5624999999999997,0.4717585151571829,0.1915531623001599,0.0,0.0,0.0,0.0,0.00010777189802380072
969,100,100,1.0,feasible,0.734818381647568,0.7761871977796383,0.8142949836917657,0.07947660204419771,0.6079396359999999,0.6478676955199998,0.7510230863999998,0.14308345039999992,0.0,0.07284777511642929,0.25757387210000005,0.25757387210000005,0.09074148484281672,0.2511292554588441,0.5624999999999997,0.4717585151571829,0.19147564572477305,0.0,0.0,0.0,0.0,-7.751657538684897e-05
970,100,100,1.0,feasible,0.734818381647568,0.7761743743777582,0.8142949836917657,0.07947660204419771,0.6079396359999999,0.6454832345759999,0.7510230863999998,0.14308345039999992,0.0,0.07611170805992452,0.25757387210000005,0.25757387210000005,0.09074148484281672,0.24492998622644,0.5624999999999997,0.4717585151571829,0.19154907730303083,0.0,0.0,0.0,0.0,7.343157825778768e-05
971,100,100,1.0,feasible,0.734818381647568,0.7790932697041844,0.8142949836917657,0.07947660204419771,0.6079396359999999,0.6493465908079998,0.7510230863999998,0.14308345039999992,0.0,0.07750419088563881,0.25757387210000005,0.25757387210000005,0.09074148484281672,0.2354028033206663,0.5624999999999997,0.4717585151571829,0.1914699258724537,0.0,0.0,0.0,0.0,-7.915143057712903e-05
972,100,100,1.0,feasible,0.734818381647568,0.7780821859661974,0.8142949836917657,0.07947660204419771,0.6079396359999999,0.6480688332479998,0.7510230863999998,0.14308345039999992,0.0,0.07583217339650714,0.25757387210000005,0.25757387210000005,0.09074148484281672,0.2369896364067647,0.5624999999999997,0.4717585151571829,0.19154258613095082,0.0,0.0,0.0,0.0,7.266025849711477e-05
973,100,100,1.0,feasible,0.734818381647568,0.7784972224364676,0.8142949836917657,0.07947660204419771,0.6079396359999999,0.6506631470319999,0.7510230863999998,0.14308345039999992,0.0,0.06975479434717856,0.25757387210000005,0.25757387210000005,0.09074148484281672,0.241843767525124,0.5624999999999997,0.4717585151571829,0.19136745346528822,0.0,0.0,0.0,0.0,-0.00017513266566260288
974,100,100,1.0,feasible,0.734818381647568,0.7794573992055185,0.8142949836917657,0.07947660204419771,0.6079396359999999,0.6487417127679999,0.7510230863999998,0.14308345039999992,0.0,0.07548162208778808,0.23677101145452378,0.23677101145452378,0.09074148484281672,0.23139753806170685,0.5624999999999997,0.4717585151571829,0.19151444173478566,0.0,0.0,0.0,0.0,0.00014698826949743893
975,100,100,1.0,feasible,0.734818381647568,0.7781652770751574,0.8142949836917657,0.07947660204419771,0.6079396359999999,0.6519091565119999,0.7510230863999998,0.14308345039999992,0.0,0.0687019779430738,0.23677101145452378,0.23677101145452378,0.09074148484281672,0.2442258081322278,0.5624999999999997,0.4717585151571829,0.19145187327547303,0.0,0.0,0.0,0.0,-6.256845931262855e-05
976,100,100,1.0,feasible,0.734818381647568,0.7783665020232676,0.8142949836917657,0.07947660204419771,0.6079396359999999,0.6486206089919999,0.7496936703999999,0.1417540344,0.0,0.07742210390033095,0.23677101145452378,0.23677101145452378,0.09074148484281672,0.2391685039352186,0.5624999999999997,0.4717585151571829,0.1914905685674167,0.0,0.0,0.0,0.0,3.869529194366894e-05
977,100,100,1.0,feasible,0.734818381647568,0.777177581934488,0.8142949836917657,0.07947660204419771,0.6079396359999999,0.6464585214879998,0.7496936703999999,0.1417540344,0.0,0.07965610792778334,0.23890603098809524,0.23890603098809524,0.09074148484281672,0.24162633538466693,0.5624999999999997,0.4717585151571829,0.19147696778298573,0.0,0.0,0.0,0.0,-1.3600784430967128e-05
978,100,100,1.0,feasible,0.734818381647568,0.7789079944264209,0.8142949836917657,0.07947660204419771,0.6079396359999999,0.6474520524799999,0.7496936703999999,0.1417540344,0.0,0.08494566781233098,0.23890603098809524,0.23890603098809524,0.09074148484281672,0.23074347701658596,0.5624999999999997,0.4717585151571829,0.19149728105743222,0.0,0.0,0.0,0.0,2.031327444648734e-05
979,100,100,1.0,feasible,0.734818381647568,0.7768021148143304,0.8142949836917657,0.07947660204419771,0.6079396359999999,0.6463435099119998,0.7496936703999999,0.1417540344,0.0,0.07789252512008096,0.23677101145452378,0.23677101145452378,0.09074148484281672,0.24668134012631918,0.5624999999999997,0.4717585151571829,0.19146517079329892,0.0,0.0,0.0,0.0,-3.2110264133300426e-05
980,100,100,1.0,feasible,0.734818381647568,0.7761976917830918,0.8142949836917657,0.07947660204419771,0.6079396359999999,0.647967549056,0.7496936703999999,0.1417540344,0.0,0.07495235395184285,0.297392077297619,0.297392077297619,0.09074148484281672,0.24941628546385852,0.5624999999999997,0.4717585151571829,0.19156166032429803,0.0,0.0,0.0,0.0,9.648953099911095e-05
981,100,100,1.0,feasible,0.734818381647568,0.7747601585142937,0.8142949836917657,0.07947660204419771,0.6079396359999999,0.6484486325119998,0.7496936703999999,0.1417540344,0.0,0.07025220318153809,0.32936109470238095,0.32936109470238095,0.09074148484281672,0.2580516413096904,0.5624999999999997,0.4717585151571829,0.19147102339269023,0.0,0.0,0.0,0.0,-9.063693160779596e-05
982,100,100,1.0,feasible,0.734818381647568,0.7776658629436801,0.8142949836917657,0.07947660204419771,0.6079396359999999,0.6524730145999998,0.7507624783999999,0.14282284239999998,0.0,0.07156992526946666,0.32936109470238095,0.32936109470238095,0.09074148484281672,0.24201810042541624,0.5624999999999997,0.4717585151571829,0.19147261454210077,0.0,0.0,0.0,0.0,1.5911494105347312e-06
983,100,100,1.0,feasible,0.734818381647568,0.777610207706731,0.8142949836917657,0.07947660204419771,0.6079396359999999,0.6503199782399999,0.7496936703999999,0.1417540344,0.0,0.07295866653566668,0.23677101145452378,0.23677101145452378,0.09074148484281672,0.24014746512930502,0.5624999999999997,0.4717585151571829,0.19144616413067267,0.0,0.0,0.0,0.0,-2.645041142809723e-05
984,100,100,1.0,feasible,0.734818381647568,0.7766796966746898,0.8142949836917657,0.07947660204419771,0.6079396359999999,0.6502950227919997,0.7496936703999999,0.1417540344,0.0,0.07508939718878095,0.23677101145452378,0.23677101145452378,0.09074148484281672,0.24835412287886302,0.5624999999999997,0.4717585151571829,0.19124163134598587,0.0,0.0,0.0,0.0,-0.00020453278468679503
985,100,100,1.0,feasible,0.734818381647568,0.775878359912267,0.8142949836917657,0.07947660204419771,0.6079396359999999,0.6470341152559999,0.7496936703999999,0.1417540344,0.0,0.07549934855220952,0.23677101145452378,0.23677101145452378,0.09074148484281672,0.24658953381758839,0.5624999999999997,0.4717585151571829,0.19137589353152012,0.0,0.0,0.0,0.0,0.00013426218553425073
986,100,100,1.0,feasible,0.734818381647568,0.7777521931296111,0.8142949836917657,0.07947660204419771,0.6079396359999999,0.65167609,0.7488668271999999,0.14092719119999997,0.0,0.07303392418899522,0.23677101145452378,0.23677101145452378,0.09074148484281672,0.24099336561279125,0.5624999999999997,0.4717585151571829,0.19140041631505766,0.0,0.0,0.0,0.0,2.452278353753945e-05
987,100,100,1.0,feasible,0.734818381647568,0.775019488638306,0.8142949836917657,0.07947660204419771,0.6079396359999999,0.6453505713359998,0.7488668271999999,0.14092719119999997,0.0,0.07568299846354284,0.23677101145452378,0.23677101145452378,0.09074148484281672,0.25403625211605396,0.5624999999999997,0.4717585151571829,0.19136610980983537,0.0,0.0,0.0,0.0,-3.4306505222292394e-05
988,100,100,1.0,feasible,0.734818381647568,0.7781486259327088,0.8142949836917657,0.07947660204419771,0.6079396359999999,0.6508968602319999,0.7488668271999999,0.14092719119999997,0.0,0.07725166439985238,0.23677101145452378,0.23677101145452378,0.09074148484281672,0.23756373966961306,0.5624999999999997,0.4717585151571829,0.19138682785344285,0.0,0.0,0.0,0.0,2.071804360748164e-05
989,100,100,1.0,feasible,0.734818381647568,0.777814687926674,0.8142949836917657,0.07947660204419771,0.6079396359999999,0.6526286552799999,0.7488668271999999,0.14092719119999997,0.0,0.07263295950301905,0.23677101145452378,0.23677101145452378,0.09074148484281672,0.2454940033569938,0.5624999999999997,0.4717585151571829,0.1913416655467864,0.0,0.0,0.0,0.0,-4.516230665646548e-05
990,100,100,1.0,feasible,0.734818381647568,0.7762670623148971,0.8142949836917657,0.07947660204419771,0.6079396359999999,0.649496951448,0.7488668271999999,0.14092719119999997,0.0,0.07440431724609048,0.23677101145452378,0.23677101145452378,0.09074148484281672,0.24985115937729913,0.5624999999999997,0.4717585151571829,0.19140958330497282,0.0,0.0,0.0,0.0,6.791775818643098e-05
991,100,100,1.0,feasible,0.734818381647568,0.7795181201245357,0.8142949836917657,0.07947660204419771,0.6079396359999999,0.65345701344,0.7488668271999999,0.14092719119999997,0.0,0.07812004902723334,0.24304011430714287,0.24304011430714287,0.09074148484281672,0.23184373983820333,0.5624999999999997,0.4717585151571829,0.19135654662321883,0.0,0.0,0.0,0.0,-5.30366817539929e-05
992,100,100,1.0,feasible,0.734818381647568,0.7769218159541625,0.8142949836917657,0.07947660204419771,0.6079396359999999,0.650348433408,0.7484570783999999,0.14051744239999997,0.0,0.07718387563427143,0.24533127022619053,0.24533127022619053,0.09074148484281672,0.2474594474674884,0.5624999999999997,0.4717585151571829,0.1913728951637475,0.0,0.0,0.0,0.0,1.6348540528676736e-05
993,100,100,1.0,feasible,0.734818381647568,0.7781216844138629,0.8142949836917657,0.07947660204419771,0.6079396359999999,0.6521265326,0.7484570783999999,0.14051744239999997,0.0,0.08261590737148093,0.2653192869047619,0.2653192869047619,0.09074148484281672,0.24089445640099644,0.5624999999999997,0.4717585151571829,0.19127802915062309,0.0,0.0,0.0,0.0,-9.486601312441723e-05
994,100,100,1.0,feasible,0.734818381647568,0.777227635517939,0.8142949836917657,0.07947660204419771,0.6079396359999999,0.64917762464,0.7484570783999999,0.14051744239999997,0.0,0.08718271512429049,0.27019132864285716,0.27019132864285716,0.09074148484281672,0.2431984491605315,0.5624999999999997,0.4717585151571829,0.19123014203173663,0.0,0.0,0.0,0.0,-4.7887118886452695e-05
995,100,100,1.0,feasible,0.734818381647568,0.7760057292641234,0.8142949836917657,0.07947660204419771,0.6079396359999999,0.6484753809759998,0.7491367223999998,0.14119708639999995,0.0,0.0847055466503405,0.2653192869047619,0.2653192869047619,0.09074148484281672,0.25334784442017944,0.5624999999999997,0.4717585151571829,0.1911394526202448,0.0,0.0,0.0,0.0,-9.06894114918455e-05
996,100,100,1.0,feasible,0.734818381647568,0.7787106075898695,0.8142949836917657,0.07947660204419771,0.6079396359999999,0.652182846432,0.7492888512,0.1413492152000001,0.0,0.08601411937276429,0.2653192869047619,0.2653192869047619,0.09074148484281672,0.23810275870588124,0.5624999999999997,0.4717585151571829,0.19108091036324987,0.0,0.0,0.0,0.0,-5.8542256994920105e-05
997,100,100,1.0,feasible,0.734818381647568,0.7778046500706399,0.8142949836917657,0.07947660204419771,0.6079396359999999,0.6504732096879998,0.7492888512,0.1413492152000001,0.0,0.08462985891019763,0.2653192869047619,0.2653192869047619,0.09074148484281672,0.24262282731918947,0.5624999999999997,0.4717585151571829,0.19128108039266972,0.0,0.0,0.0,0.0,0.00020017002941985496
998,100,100,1.0,feasible,0.734818381647568,0.7742464710698898,0.8142949836917657,0.07947660204419771,0.6079396359999999,0.6438615817999999,0.7492888512,0.1413492152000001,0.0,0.08869457388972142,0.2653192869047619,0.2653192869047619,0.09074148484281672,0.2532551977132353,0.5624999999999997,0.4717585151571829,0.19123881974438972,0.0,0.0,0.0,0.0,-4.226064828000142e-05
999,100,100,1.0,feasible,0.734818381647568,0.77677445394886,0.8142949836917657,0.07947660204419771,0.6079396359999999,0.6470728022879999,0.7492888512,0.1413492152000001,0.0,0.09234865665365001,0.2653192869047619,0.2653192869047619,0.09074148484281672,0.2446126009705159,0.5624999999999997,0.4717585151571829,0.1911623969712942,0.0,0.0,0.0,0.0,-7.64227730955247e-05
1000,100,100,1.0,feasible,0.734818381647568,0.7777101058081732,0.8142949836917657,0.07947660204419771,0.6079396359999999,0.6481312082239998,0.7492888512,0.1413492152000001,0.0,0.08882812902753096,0.2515506266904761,0.2515506266904761,0.09074148484281672,0.2397252816760894,0.5624999999999997,0.4717585151571829,0.19140352762157847,0.0,0.0,0.0,0.0,0.00024113065028427694
